order_id,operation_seq,machine_id,start,end
ORD_00564,1,MIX_M3,2026-01-01 00:00:00,2026-01-01 00:11:00
ORD_00564,2,CAL_M1,2026-01-01 00:11:00,2026-01-01 00:35:00
ORD_00564,3,EXT_M4,2026-01-01 00:35:00,2026-01-01 01:09:00
ORD_00564,4,BLD_M6,2026-01-01 01:09:00,2026-01-01 01:50:00
ORD_00564,5,CUR_M8,2026-01-01 01:50:00,2026-01-01 02:48:00
ORD_00564,6,FIN_M1,2026-01-01 02:48:00,2026-01-01 03:01:00
ORD_00564,7,INS_M2,2026-01-01 03:01:00,2026-01-01 03:15:00
ORD_00479,1,MIX_M1,2026-01-01 00:00:00,2026-01-01 00:30:00
ORD_00479,2,CAL_M2,2026-01-01 00:30:00,2026-01-01 01:07:00
ORD_00479,3,EXT_M2,2026-01-01 01:07:00,2026-01-01 01:31:00
ORD_00479,4,BLD_M4,2026-01-01 01:31:00,2026-01-01 01:51:00
ORD_00479,5,CUR_M6,2026-01-01 01:51:00,2026-01-01 02:46:00
ORD_00479,6,FIN_M4,2026-01-01 02:46:00,2026-01-01 03:01:00
ORD_00479,7,INS_M3,2026-01-01 03:01:00,2026-01-01 03:13:00
ORD_00328,1,MIX_M2,2026-01-01 00:00:00,2026-01-01 00:28:00
ORD_00328,2,CAL_M3,2026-01-01 00:28:00,2026-01-01 00:44:00
ORD_00328,3,EXT_M1,2026-01-01 00:44:00,2026-01-01 01:18:00
ORD_00328,4,BLD_M4,2026-01-01 01:51:00,2026-01-01 02:22:00
ORD_00328,5,CUR_M6,2026-01-01 02:59:00,2026-01-01 04:06:00
ORD_00328,6,FIN_M1,2026-01-01 04:15:00,2026-01-01 04:37:00
ORD_00328,7,INS_M3,2026-01-01 05:27:00,2026-01-01 05:43:00
ORD_00147,1,MIX_M3,2026-01-02 00:38:00,2026-01-02 00:57:00
ORD_00147,2,CAL_M1,2026-01-02 01:41:00,2026-01-02 02:16:00
ORD_00147,3,EXT_M1,2026-01-02 02:48:00,2026-01-02 03:22:00
ORD_00147,4,BLD_M5,2026-01-02 03:22:00,2026-01-02 03:58:00
ORD_00147,5,CUR_M7,2026-01-02 03:58:00,2026-01-02 05:07:00
ORD_00147,6,FIN_M1,2026-01-02 05:53:00,2026-01-02 06:17:00
ORD_00147,7,INS_M3,2026-01-02 06:31:00,2026-01-02 07:01:00
ORD_00522,1,MIX_M3,2026-01-02 00:57:00,2026-01-02 01:19:00
ORD_00522,2,CAL_M4,2026-01-02 01:19:00,2026-01-02 01:50:00
ORD_00522,3,EXT_M4,2026-01-02 02:12:00,2026-01-02 02:51:00
ORD_00522,4,BLD_M4,2026-01-02 03:06:00,2026-01-02 03:52:00
ORD_00522,5,CUR_M2,2026-01-02 03:52:00,2026-01-02 04:40:00
ORD_00522,6,FIN_M3,2026-01-02 04:40:00,2026-01-02 05:10:00
ORD_00522,7,INS_M1,2026-01-02 05:10:00,2026-01-02 05:34:00
ORD_00908,1,MIX_M2,2026-01-03 00:30:00,2026-01-03 01:00:00
ORD_00908,2,CAL_M4,2026-01-03 01:06:00,2026-01-03 01:24:00
ORD_00908,3,EXT_M1,2026-01-03 02:20:00,2026-01-03 02:53:00
ORD_00908,4,BLD_M3,2026-01-03 02:53:00,2026-01-03 03:28:00
ORD_00908,5,CUR_M8,2026-01-03 04:24:00,2026-01-03 05:32:00
ORD_00908,6,FIN_M3,2026-01-03 05:49:00,2026-01-03 06:04:00
ORD_00908,7,INS_M1,2026-01-03 06:33:00,2026-01-03 06:51:00
ORD_00226,1,MIX_M4,2026-01-03 00:00:00,2026-01-03 00:12:00
ORD_00226,2,CAL_M2,2026-01-03 01:11:00,2026-01-03 01:55:00
ORD_00226,3,EXT_M3,2026-01-03 01:55:00,2026-01-03 02:35:00
ORD_00226,4,BLD_M6,2026-01-03 03:26:00,2026-01-03 04:04:00
ORD_00226,5,CUR_M4,2026-01-03 04:04:00,2026-01-03 05:11:00
ORD_00226,6,FIN_M1,2026-01-03 05:37:00,2026-01-03 06:04:00
ORD_00226,7,INS_M1,2026-01-03 06:51:00,2026-01-03 07:21:00
ORD_00482,1,MIX_M2,2026-01-03 00:05:00,2026-01-03 00:21:00
ORD_00482,2,CAL_M4,2026-01-03 01:24:00,2026-01-03 01:47:00
ORD_00482,3,CAL_M3,2026-01-03 02:37:00,2026-01-03 02:55:00
ORD_00482,4,EXT_M2,2026-01-03 03:03:00,2026-01-03 03:27:00
ORD_00482,5,EXT_M2,2026-01-03 03:27:00,2026-01-03 03:53:00
ORD_00482,6,BLD_M2,2026-01-03 03:53:00,2026-01-03 04:22:00
ORD_00482,7,CUR_M1,2026-01-03 04:22:00,2026-01-03 05:47:00
ORD_00482,8,CUR_M3,2026-01-03 05:47:00,2026-01-03 06:44:00
ORD_00482,9,FIN_M1,2026-01-03 07:20:00,2026-01-03 07:31:00
ORD_00482,10,INS_M3,2026-01-03 08:13:00,2026-01-03 08:32:00
ORD_00628,1,MIX_M2,2026-01-01 00:28:00,2026-01-01 00:58:00
ORD_00628,2,CAL_M1,2026-01-01 01:03:00,2026-01-01 01:42:00
ORD_00628,3,EXT_M5,2026-01-01 01:42:00,2026-01-01 02:20:00
ORD_00628,4,EXT_M3,2026-01-01 02:45:00,2026-01-01 03:04:00
ORD_00628,5,BLD_M1,2026-01-01 03:04:00,2026-01-01 03:35:00
ORD_00628,6,CUR_M6,2026-01-01 04:24:00,2026-01-01 05:45:00
ORD_00628,7,FIN_M2,2026-01-01 05:45:00,2026-01-01 06:09:00
ORD_00628,8,INS_M3,2026-01-01 06:41:00,2026-01-01 07:06:00
ORD_00585,1,MIX_M3,2026-01-02 00:15:00,2026-01-02 00:25:00
ORD_00585,2,CAL_M1,2026-01-02 00:43:00,2026-01-02 01:27:00
ORD_00585,3,EXT_M5,2026-01-02 02:14:00,2026-01-02 02:52:00
ORD_00585,4,EXT_M4,2026-01-02 03:38:00,2026-01-02 04:19:00
ORD_00585,5,BLD_M3,2026-01-02 04:41:00,2026-01-02 05:25:00
ORD_00585,6,CUR_M4,2026-01-02 05:35:00,2026-01-02 06:53:00
ORD_00585,7,FIN_M3,2026-01-02 07:44:00,2026-01-02 08:01:00
ORD_00585,8,INS_M3,2026-01-02 08:58:00,2026-01-02 09:14:00
ORD_00319,1,MIX_M2,2026-01-02 00:35:00,2026-01-02 01:04:00
ORD_00319,2,CAL_M3,2026-01-02 02:03:00,2026-01-02 02:40:00
ORD_00319,3,EXT_M4,2026-01-02 02:54:00,2026-01-02 03:15:00
ORD_00319,4,BLD_M1,2026-01-02 03:30:00,2026-01-02 03:54:00
ORD_00319,5,CUR_M2,2026-01-02 04:40:00,2026-01-02 05:48:00
ORD_00319,6,FIN_M2,2026-01-02 06:08:00,2026-01-02 06:32:00
ORD_00319,7,INS_M1,2026-01-02 06:54:00,2026-01-02 07:14:00
ORD_00244,1,MIX_M4,2026-01-03 00:30:00,2026-01-03 00:54:00
ORD_00244,2,CAL_M3,2026-01-03 01:05:00,2026-01-03 01:45:00
ORD_00244,3,EXT_M3,2026-01-03 02:35:00,2026-01-03 03:08:00
ORD_00244,4,BLD_M1,2026-01-03 03:56:00,2026-01-03 04:27:00
ORD_00244,5,CUR_M2,2026-01-03 04:56:00,2026-01-03 05:55:00
ORD_00244,6,FIN_M4,2026-01-03 06:33:00,2026-01-03 06:57:00
ORD_00244,7,INS_M1,2026-01-03 07:56:00,2026-01-03 08:07:00
ORD_00373,1,MIX_M2,2026-01-01 00:58:00,2026-01-01 01:23:00
ORD_00373,2,CAL_M1,2026-01-01 01:52:00,2026-01-01 02:26:00
ORD_00373,3,EXT_M5,2026-01-01 03:25:00,2026-01-01 03:50:00
ORD_00373,4,BLD_M5,2026-01-01 04:15:00,2026-01-01 04:42:00
ORD_00373,5,CUR_M2,2026-01-01 05:19:00,2026-01-01 06:39:00
ORD_00373,6,FIN_M4,2026-01-01 07:15:00,2026-01-01 07:34:00
ORD_00373,7,INS_M3,2026-01-01 08:08:00,2026-01-01 08:31:00
ORD_00742,1,MIX_M1,2026-01-01 00:30:00,2026-01-01 00:41:00
ORD_00742,2,CAL_M2,2026-01-01 01:07:00,2026-01-01 01:36:00
ORD_00742,3,EXT_M4,2026-01-01 01:58:00,2026-01-01 02:28:00
ORD_00742,4,BLD_M4,2026-01-01 02:56:00,2026-01-01 03:22:00
ORD_00742,5,CUR_M6,2026-01-01 05:45:00,2026-01-01 07:03:00
ORD_00742,6,FIN_M2,2026-01-01 07:32:00,2026-01-01 07:52:00
ORD_00742,7,INS_M3,2026-01-01 08:31:00,2026-01-01 08:51:00
ORD_00483,1,MIX_M3,2026-01-01 00:35:00,2026-01-01 00:58:00
ORD_00483,2,CAL_M4,2026-01-01 01:57:00,2026-01-01 02:26:00
ORD_00483,3,EXT_M1,2026-01-01 02:34:00,2026-01-01 03:10:00
ORD_00483,4,BLD_M6,2026-01-01 03:47:00,2026-01-01 04:27:00
ORD_00483,5,CUR_M2,2026-01-01 06:39:00,2026-01-01 07:22:00
ORD_00483,6,FIN_M4,2026-01-01 07:34:00,2026-01-01 07:54:00
ORD_00483,7,INS_M1,2026-01-01 08:23:00,2026-01-01 08:40:00
ORD_00507,1,MIX_M1,2026-01-01 00:41:00,2026-01-01 00:52:00
ORD_00507,2,CAL_M2,2026-01-01 01:36:00,2026-01-01 02:05:00
ORD_00507,3,EXT_M4,2026-01-01 02:28:00,2026-01-01 02:58:00
ORD_00507,4,BLD_M4,2026-01-01 03:22:00,2026-01-01 03:48:00
ORD_00507,5,CUR_M6,2026-01-01 07:03:00,2026-01-01 08:21:00
ORD_00507,6,FIN_M2,2026-01-01 08:21:00,2026-01-01 08:41:00
ORD_00507,7,INS_M3,2026-01-01 08:51:00,2026-01-01 09:11:00
ORD_00610,1,MIX_M2,2026-01-03 01:00:00,2026-01-03 01:30:00
ORD_00610,2,CAL_M1,2026-01-03 02:27:00,2026-01-03 03:06:00
ORD_00610,3,EXT_M5,2026-01-03 03:39:00,2026-01-03 04:17:00
ORD_00610,4,EXT_M3,2026-01-03 04:37:00,2026-01-03 04:56:00
ORD_00610,5,BLD_M1,2026-01-03 05:54:00,2026-01-03 06:25:00
ORD_00610,6,CUR_M6,2026-01-03 07:07:00,2026-01-03 08:28:00
ORD_00610,7,FIN_M2,2026-01-03 08:35:00,2026-01-03 08:59:00
ORD_00610,8,INS_M3,2026-01-03 09:15:00,2026-01-03 09:40:00
ORD_00813,1,MIX_M1,2026-01-01 00:52:00,2026-01-01 01:16:00
ORD_00813,2,CAL_M1,2026-01-01 02:26:00,2026-01-01 02:45:00
ORD_00813,3,EXT_M2,2026-01-01 03:32:00,2026-01-01 04:14:00
ORD_00813,4,BLD_M6,2026-01-01 04:27:00,2026-01-01 05:10:00
ORD_00813,5,CUR_M7,2026-01-01 05:33:00,2026-01-01 06:48:00
ORD_00813,6,FIN_M3,2026-01-01 07:16:00,2026-01-01 07:28:00
ORD_00813,7,INS_M2,2026-01-01 07:49:00,2026-01-01 07:59:00
ORD_00094,1,MIX_M4,2026-01-02 00:28:00,2026-01-02 00:55:00
ORD_00094,2,CAL_M3,2026-01-02 02:40:00,2026-01-02 03:21:00
ORD_00094,3,EXT_M5,2026-01-02 03:38:00,2026-01-02 04:14:00
ORD_00094,4,BLD_M5,2026-01-02 04:23:00,2026-01-02 04:46:00
ORD_00094,5,CUR_M3,2026-01-02 04:52:00,2026-01-02 05:38:00
ORD_00094,6,FIN_M4,2026-01-02 06:21:00,2026-01-02 06:42:00
ORD_00094,7,INS_M2,2026-01-02 07:23:00,2026-01-02 07:50:00
ORD_00852,1,MIX_M4,2026-01-03 00:54:00,2026-01-03 01:13:00
ORD_00852,2,CAL_M4,2026-01-03 01:47:00,2026-01-03 02:28:00
ORD_00852,3,EXT_M5,2026-01-03 03:11:00,2026-01-03 03:27:00
ORD_00852,4,BLD_M4,2026-01-03 04:21:00,2026-01-03 04:43:00
ORD_00852,5,CUR_M6,2026-01-03 05:12:00,2026-01-03 06:08:00
ORD_00852,6,FIN_M3,2026-01-03 06:26:00,2026-01-03 06:39:00
ORD_00852,7,INS_M2,2026-01-03 07:32:00,2026-01-03 07:58:00
ORD_00216,1,MIX_M2,2026-01-04 00:52:00,2026-01-04 01:17:00
ORD_00216,2,CAL_M1,2026-01-04 01:56:00,2026-01-04 02:30:00
ORD_00216,3,EXT_M5,2026-01-04 02:39:00,2026-01-04 03:04:00
ORD_00216,4,BLD_M5,2026-01-04 03:40:00,2026-01-04 04:07:00
ORD_00216,5,CUR_M2,2026-01-04 04:37:00,2026-01-04 05:57:00
ORD_00216,6,FIN_M4,2026-01-04 06:42:00,2026-01-04 07:01:00
ORD_00216,7,INS_M3,2026-01-04 07:32:00,2026-01-04 07:55:00
ORD_00797,1,MIX_M3,2026-01-01 00:58:00,2026-01-01 01:16:00
ORD_00797,2,CAL_M2,2026-01-01 02:08:00,2026-01-01 02:44:00
ORD_00797,3,EXT_M3,2026-01-01 03:42:00,2026-01-01 04:04:00
ORD_00797,4,BLD_M3,2026-01-01 04:20:00,2026-01-01 04:52:00
ORD_00797,5,CUR_M3,2026-01-01 05:31:00,2026-01-01 06:53:00
ORD_00797,6,FIN_M3,2026-01-01 07:32:00,2026-01-01 07:56:00
ORD_00797,7,INS_M2,2026-01-01 08:47:00,2026-01-01 08:59:00
ORD_00895,1,MIX_M4,2026-01-01 00:15:00,2026-01-01 00:27:00
ORD_00895,2,CAL_M2,2026-01-01 02:44:00,2026-01-01 03:28:00
ORD_00895,3,EXT_M3,2026-01-01 04:11:00,2026-01-01 04:51:00
ORD_00895,4,BLD_M6,2026-01-01 05:37:00,2026-01-01 06:15:00
ORD_00895,5,CUR_M4,2026-01-01 06:41:00,2026-01-01 07:48:00
ORD_00895,6,FIN_M1,2026-01-01 08:05:00,2026-01-01 08:32:00
ORD_00895,7,INS_M1,2026-01-01 08:44:00,2026-01-01 09:14:00
ORD_00892,1,MIX_M1,2026-01-01 01:16:00,2026-01-01 01:43:00
ORD_00892,2,CAL_M2,2026-01-01 03:28:00,2026-01-01 03:51:00
ORD_00892,3,EXT_M3,2026-01-01 04:51:00,2026-01-01 05:25:00
ORD_00892,4,EXT_M2,2026-01-01 05:49:00,2026-01-01 06:26:00
ORD_00892,5,BLD_M3,2026-01-01 06:47:00,2026-01-01 07:13:00
ORD_00892,6,CUR_M5,2026-01-01 07:13:00,2026-01-01 08:25:00
ORD_00892,7,FIN_M4,2026-01-01 09:02:00,2026-01-01 09:20:00
ORD_00892,8,INS_M1,2026-01-01 09:57:00,2026-01-01 10:09:00
ORD_00401,1,MIX_M4,2026-01-01 00:27:00,2026-01-01 00:40:00
ORD_00401,2,CAL_M3,2026-01-01 01:06:00,2026-01-01 01:28:00
ORD_00401,3,EXT_M3,2026-01-01 02:05:00,2026-01-01 02:23:00
ORD_00401,4,BLD_M1,2026-01-01 02:30:00,2026-01-01 02:57:00
ORD_00401,5,CUR_M7,2026-01-01 03:33:00,2026-01-01 04:53:00
ORD_00401,6,FIN_M4,2026-01-01 05:24:00,2026-01-01 05:36:00
ORD_00401,7,INS_M1,2026-01-01 05:59:00,2026-01-01 06:24:00
ORD_00170,1,MIX_M1,2026-01-03 00:00:00,2026-01-03 00:27:00
ORD_00170,2,CAL_M2,2026-01-03 00:27:00,2026-01-03 00:50:00
ORD_00170,3,EXT_M3,2026-01-03 03:08:00,2026-01-03 03:42:00
ORD_00170,4,EXT_M2,2026-01-03 03:53:00,2026-01-03 04:30:00
ORD_00170,5,BLD_M3,2026-01-03 04:30:00,2026-01-03 04:56:00
ORD_00170,6,CUR_M5,2026-01-03 04:56:00,2026-01-03 06:08:00
ORD_00170,7,FIN_M4,2026-01-03 06:57:00,2026-01-03 07:15:00
ORD_00170,8,INS_M1,2026-01-03 07:34:00,2026-01-03 07:46:00
ORD_00750,1,MIX_M1,2026-01-04 00:22:00,2026-01-04 00:46:00
ORD_00750,2,CAL_M1,2026-01-04 01:11:00,2026-01-04 01:28:00
ORD_00750,3,EXT_M5,2026-01-04 01:51:00,2026-01-04 02:12:00
ORD_00750,4,BLD_M5,2026-01-04 02:40:00,2026-01-04 03:08:00
ORD_00750,5,CUR_M3,2026-01-04 04:02:00,2026-01-04 05:04:00
ORD_00750,6,FIN_M1,2026-01-04 05:12:00,2026-01-04 05:29:00
ORD_00750,7,INS_M2,2026-01-04 05:37:00,2026-01-04 05:56:00
ORD_00055,1,MIX_M4,2026-01-05 00:06:00,2026-01-05 00:18:00
ORD_00055,2,CAL_M2,2026-01-05 01:05:00,2026-01-05 01:49:00
ORD_00055,3,EXT_M3,2026-01-05 02:31:00,2026-01-05 03:11:00
ORD_00055,4,BLD_M6,2026-01-05 03:11:00,2026-01-05 03:49:00
ORD_00055,5,CUR_M4,2026-01-05 03:49:00,2026-01-05 04:56:00
ORD_00055,6,FIN_M1,2026-01-05 05:23:00,2026-01-05 05:50:00
ORD_00055,7,INS_M1,2026-01-05 06:32:00,2026-01-05 07:02:00
ORD_00461,1,MIX_M4,2026-01-05 00:53:00,2026-01-05 01:08:00
ORD_00461,2,CAL_M4,2026-01-05 01:19:00,2026-01-05 01:45:00
ORD_00461,3,EXT_M4,2026-01-05 02:10:00,2026-01-05 02:26:00
ORD_00461,4,BLD_M6,2026-01-05 03:49:00,2026-01-05 04:36:00
ORD_00461,5,CUR_M6,2026-01-05 04:48:00,2026-01-05 06:07:00
ORD_00461,6,FIN_M4,2026-01-05 07:03:00,2026-01-05 07:21:00
ORD_00461,7,INS_M3,2026-01-05 08:08:00,2026-01-05 08:19:00
ORD_00228,1,MIX_M4,2026-01-03 01:13:00,2026-01-03 01:41:00
ORD_00228,2,CAL_M1,2026-01-03 03:06:00,2026-01-03 03:23:00
ORD_00228,3,EXT_M4,2026-01-03 04:19:00,2026-01-03 04:38:00
ORD_00228,4,BLD_M4,2026-01-03 05:36:00,2026-01-03 06:01:00
ORD_00228,5,CUR_M1,2026-01-03 06:38:00,2026-01-03 07:34:00
ORD_00228,6,FIN_M4,2026-01-03 08:01:00,2026-01-03 08:21:00
ORD_00228,7,INS_M1,2026-01-03 08:27:00,2026-01-03 08:51:00
ORD_00389,1,MIX_M3,2026-01-05 00:07:00,2026-01-05 00:26:00
ORD_00389,2,CAL_M3,2026-01-05 01:24:00,2026-01-05 01:42:00
ORD_00389,3,EXT_M1,2026-01-05 02:10:00,2026-01-05 02:40:00
ORD_00389,4,BLD_M6,2026-01-05 04:36:00,2026-01-05 05:09:00
ORD_00389,5,CUR_M3,2026-01-05 05:56:00,2026-01-05 06:44:00
ORD_00389,6,FIN_M4,2026-01-05 07:21:00,2026-01-05 07:48:00
ORD_00389,7,INS_M3,2026-01-05 08:19:00,2026-01-05 08:36:00
ORD_00956,1,MIX_M1,2026-01-04 00:50:00,2026-01-04 01:03:00
ORD_00956,2,CAL_M3,2026-01-04 02:01:00,2026-01-04 02:40:00
ORD_00956,3,EXT_M3,2026-01-04 02:52:00,2026-01-04 03:10:00
ORD_00956,4,EXT_M3,2026-01-04 03:10:00,2026-01-04 03:38:00
ORD_00956,5,BLD_M2,2026-01-04 03:51:00,2026-01-04 04:25:00
ORD_00956,6,CUR_M1,2026-01-04 05:09:00,2026-01-04 06:35:00
ORD_00956,7,FIN_M3,2026-01-04 07:07:00,2026-01-04 07:33:00
ORD_00956,8,INS_M1,2026-01-04 08:29:00,2026-01-04 08:55:00
ORD_00690,1,MIX_M3,2026-01-03 00:44:00,2026-01-03 01:12:00
ORD_00690,2,CAL_M4,2026-01-03 02:28:00,2026-01-03 02:59:00
ORD_00690,3,EXT_M3,2026-01-03 03:53:00,2026-01-03 04:09:00
ORD_00690,4,BLD_M2,2026-01-03 05:04:00,2026-01-03 05:36:00
ORD_00690,5,CUR_M1,2026-01-03 07:34:00,2026-01-03 08:14:00
ORD_00690,6,FIN_M2,2026-01-03 09:12:00,2026-01-03 09:31:00
ORD_00690,7,INS_M1,2026-01-03 10:18:00,2026-01-03 10:32:00
ORD_00529,1,MIX_M2,2026-01-01 01:23:00,2026-01-01 01:41:00
ORD_00529,2,CAL_M4,2026-01-01 02:26:00,2026-01-01 03:11:00
ORD_00529,3,EXT_M2,2026-01-01 04:14:00,2026-01-01 04:58:00
ORD_00529,4,EXT_M5,2026-01-01 05:03:00,2026-01-01 05:42:00
ORD_00529,5,BLD_M6,2026-01-01 06:15:00,2026-01-01 06:57:00
ORD_00529,6,CUR_M4,2026-01-01 07:48:00,2026-01-01 09:13:00
ORD_00529,7,FIN_M3,2026-01-01 09:51:00,2026-01-01 10:13:00
ORD_00529,8,INS_M3,2026-01-01 10:28:00,2026-01-01 10:58:00
ORD_00658,1,MIX_M1,2026-01-03 00:27:00,2026-01-03 00:57:00
ORD_00658,2,CAL_M2,2026-01-03 01:55:00,2026-01-03 02:32:00
ORD_00658,3,EXT_M2,2026-01-03 04:30:00,2026-01-03 04:54:00
ORD_00658,4,BLD_M4,2026-01-03 06:01:00,2026-01-03 06:21:00
ORD_00658,5,CUR_M6,2026-01-03 08:28:00,2026-01-03 09:23:00
ORD_00658,6,FIN_M4,2026-01-03 09:35:00,2026-01-03 09:50:00
ORD_00658,7,INS_M3,2026-01-03 10:41:00,2026-01-03 10:53:00
ORD_00655,1,MIX_M1,2026-01-01 01:43:00,2026-01-01 02:13:00
ORD_00655,2,CAL_M1,2026-01-01 02:45:00,2026-01-01 03:07:00
ORD_00655,3,EXT_M1,2026-01-01 03:45:00,2026-01-01 04:28:00
ORD_00655,4,BLD_M1,2026-01-01 04:53:00,2026-01-01 05:40:00
ORD_00655,5,CUR_M6,2026-01-01 08:21:00,2026-01-01 09:05:00
ORD_00655,6,FIN_M2,2026-01-01 10:01:00,2026-01-01 10:19:00
ORD_00655,7,INS_M3,2026-01-01 10:58:00,2026-01-01 11:23:00
ORD_00363,1,MIX_M3,2026-01-01 01:16:00,2026-01-01 01:35:00
ORD_00363,2,CAL_M3,2026-01-01 02:09:00,2026-01-01 02:27:00
ORD_00363,3,EXT_M1,2026-01-01 03:10:00,2026-01-01 03:40:00
ORD_00363,4,BLD_M6,2026-01-01 06:57:00,2026-01-01 07:30:00
ORD_00363,5,CUR_M3,2026-01-01 07:30:00,2026-01-01 08:18:00
ORD_00363,6,FIN_M4,2026-01-01 08:33:00,2026-01-01 09:00:00
ORD_00363,7,INS_M3,2026-01-01 09:11:00,2026-01-01 09:28:00
ORD_00554,1,MIX_M1,2026-01-02 00:42:00,2026-01-02 00:55:00
ORD_00554,2,CAL_M3,2026-01-02 03:21:00,2026-01-02 04:00:00
ORD_00554,3,EXT_M3,2026-01-02 04:41:00,2026-01-02 04:59:00
ORD_00554,4,EXT_M3,2026-01-02 04:59:00,2026-01-02 05:27:00
ORD_00554,5,BLD_M2,2026-01-02 06:06:00,2026-01-02 06:40:00
ORD_00554,6,CUR_M1,2026-01-02 07:37:00,2026-01-02 09:03:00
ORD_00554,7,FIN_M3,2026-01-02 09:23:00,2026-01-02 09:49:00
ORD_00554,8,INS_M1,2026-01-02 09:59:00,2026-01-02 10:25:00
ORD_00996,1,MIX_M3,2026-01-04 00:51:00,2026-01-04 01:09:00
ORD_00996,2,CAL_M2,2026-01-04 01:21:00,2026-01-04 01:57:00
ORD_00996,3,EXT_M3,2026-01-04 03:38:00,2026-01-04 04:00:00
ORD_00996,4,BLD_M3,2026-01-04 04:48:00,2026-01-04 05:20:00
ORD_00996,5,CUR_M3,2026-01-04 05:40:00,2026-01-04 07:02:00
ORD_00996,6,FIN_M3,2026-01-04 07:44:00,2026-01-04 08:08:00
ORD_00996,7,INS_M2,2026-01-04 08:39:00,2026-01-04 08:51:00
ORD_00763,1,MIX_M2,2026-01-05 00:00:00,2026-01-05 00:18:00
ORD_00763,2,CAL_M4,2026-01-05 00:18:00,2026-01-05 01:03:00
ORD_00763,3,EXT_M2,2026-01-05 01:12:00,2026-01-05 01:56:00
ORD_00763,4,EXT_M5,2026-01-05 01:56:00,2026-01-05 02:35:00
ORD_00763,5,BLD_M6,2026-01-05 05:09:00,2026-01-05 05:51:00
ORD_00763,6,CUR_M4,2026-01-05 05:51:00,2026-01-05 07:16:00
ORD_00763,7,FIN_M3,2026-01-05 08:10:00,2026-01-05 08:32:00
ORD_00763,8,INS_M3,2026-01-05 08:47:00,2026-01-05 09:17:00
ORD_00931,1,MIX_M3,2026-01-01 01:35:00,2026-01-01 02:03:00
ORD_00931,2,CAL_M4,2026-01-01 03:11:00,2026-01-01 03:42:00
ORD_00931,3,EXT_M3,2026-01-01 05:25:00,2026-01-01 05:41:00
ORD_00931,4,BLD_M2,2026-01-01 06:36:00,2026-01-01 07:08:00
ORD_00931,5,CUR_M1,2026-01-01 07:44:00,2026-01-01 08:24:00
ORD_00931,6,FIN_M2,2026-01-01 08:44:00,2026-01-01 09:03:00
ORD_00931,7,INS_M1,2026-01-01 10:09:00,2026-01-01 10:23:00
ORD_00049,1,MIX_M4,2026-01-01 00:40:00,2026-01-01 01:02:00
ORD_00049,2,CAL_M4,2026-01-01 03:42:00,2026-01-01 04:25:00
ORD_00049,3,EXT_M4,2026-01-01 04:43:00,2026-01-01 05:08:00
ORD_00049,4,BLD_M2,2026-01-01 05:57:00,2026-01-01 06:32:00
ORD_00049,5,CUR_M8,2026-01-01 07:23:00,2026-01-01 08:26:00
ORD_00049,6,FIN_M3,2026-01-01 08:59:00,2026-01-01 09:11:00
ORD_00049,7,INS_M3,2026-01-01 09:58:00,2026-01-01 10:21:00
ORD_00822,1,MIX_M4,2026-01-02 00:55:00,2026-01-02 01:19:00
ORD_00822,2,CAL_M3,2026-01-02 04:00:00,2026-01-02 04:40:00
ORD_00822,3,EXT_M3,2026-01-02 05:36:00,2026-01-02 06:09:00
ORD_00822,4,BLD_M1,2026-01-02 06:56:00,2026-01-02 07:27:00
ORD_00822,5,CUR_M2,2026-01-02 07:43:00,2026-01-02 08:42:00
ORD_00822,6,FIN_M4,2026-01-02 08:53:00,2026-01-02 09:17:00
ORD_00822,7,INS_M1,2026-01-02 10:25:00,2026-01-02 10:36:00
ORD_00812,1,MIX_M2,2026-01-03 01:30:00,2026-01-03 01:52:00
ORD_00812,2,CAL_M4,2026-01-03 02:59:00,2026-01-03 03:28:00
ORD_00812,3,EXT_M3,2026-01-03 04:09:00,2026-01-03 04:29:00
ORD_00812,4,BLD_M3,2026-01-03 04:56:00,2026-01-03 05:25:00
ORD_00812,5,CUR_M6,2026-01-03 09:23:00,2026-01-03 10:52:00
ORD_00812,6,FIN_M1,2026-01-03 11:36:00,2026-01-03 11:47:00
ORD_00812,7,INS_M1,2026-01-03 12:04:00,2026-01-03 12:19:00
ORD_00181,1,MIX_M1,2026-01-01 02:13:00,2026-01-01 02:29:00
ORD_00181,2,CAL_M4,2026-01-01 04:25:00,2026-01-01 04:52:00
ORD_00181,3,EXT_M5,2026-01-01 05:42:00,2026-01-01 06:27:00
ORD_00181,4,BLD_M6,2026-01-01 07:30:00,2026-01-01 07:50:00
ORD_00181,5,CUR_M7,2026-01-01 08:13:00,2026-01-01 09:23:00
ORD_00181,6,FIN_M1,2026-01-01 10:12:00,2026-01-01 10:33:00
ORD_00181,7,INS_M2,2026-01-01 10:41:00,2026-01-01 11:03:00
ORD_00837,1,MIX_M2,2026-01-03 01:52:00,2026-01-03 02:17:00
ORD_00837,2,CAL_M1,2026-01-03 03:23:00,2026-01-03 03:57:00
ORD_00837,3,EXT_M5,2026-01-03 04:25:00,2026-01-03 04:50:00
ORD_00837,4,BLD_M5,2026-01-03 05:34:00,2026-01-03 06:01:00
ORD_00837,5,CUR_M2,2026-01-03 06:38:00,2026-01-03 07:58:00
ORD_00837,6,FIN_M4,2026-01-03 08:34:00,2026-01-03 08:53:00
ORD_00837,7,INS_M3,2026-01-03 09:45:00,2026-01-03 10:08:00
ORD_00028,1,MIX_M3,2026-01-02 01:19:00,2026-01-02 01:32:00
ORD_00028,2,CAL_M4,2026-01-02 02:15:00,2026-01-02 02:33:00
ORD_00028,3,EXT_M5,2026-01-02 04:14:00,2026-01-02 04:58:00
ORD_00028,4,EXT_M4,2026-01-02 05:47:00,2026-01-02 06:02:00
ORD_00028,5,BLD_M6,2026-01-02 06:49:00,2026-01-02 07:13:00
ORD_00028,6,CUR_M7,2026-01-02 07:36:00,2026-01-02 08:57:00
ORD_00028,7,FIN_M2,2026-01-02 09:55:00,2026-01-02 10:07:00
ORD_00028,8,INS_M2,2026-01-02 11:05:00,2026-01-02 11:23:00
ORD_00190,1,MIX_M2,2026-01-02 00:00:00,2026-01-02 00:25:00
ORD_00190,2,CAL_M1,2026-01-02 02:16:00,2026-01-02 02:50:00
ORD_00190,3,EXT_M5,2026-01-02 04:58:00,2026-01-02 05:23:00
ORD_00190,4,BLD_M5,2026-01-02 05:23:00,2026-01-02 05:50:00
ORD_00190,5,CUR_M2,2026-01-02 05:50:00,2026-01-02 07:10:00
ORD_00190,6,FIN_M4,2026-01-02 07:10:00,2026-01-02 07:29:00
ORD_00190,7,INS_M3,2026-01-02 07:29:00,2026-01-02 07:52:00
ORD_00466,1,MIX_M2,2026-01-01 01:41:00,2026-01-01 01:59:00
ORD_00466,2,CAL_M4,2026-01-01 04:52:00,2026-01-01 05:37:00
ORD_00466,3,EXT_M2,2026-01-01 06:26:00,2026-01-01 07:10:00
ORD_00466,4,EXT_M5,2026-01-01 07:29:00,2026-01-01 08:08:00
ORD_00466,5,BLD_M6,2026-01-01 08:43:00,2026-01-01 09:25:00
ORD_00466,6,CUR_M4,2026-01-01 09:25:00,2026-01-01 10:50:00
ORD_00466,7,FIN_M3,2026-01-01 11:03:00,2026-01-01 11:25:00
ORD_00466,8,INS_M3,2026-01-01 11:46:00,2026-01-01 12:16:00
ORD_00017,1,MIX_M3,2026-01-01 02:03:00,2026-01-01 02:14:00
ORD_00017,2,CAL_M3,2026-01-01 02:55:00,2026-01-01 03:21:00
ORD_00017,3,EXT_M3,2026-01-01 05:41:00,2026-01-01 06:09:00
ORD_00017,4,EXT_M2,2026-01-01 07:10:00,2026-01-01 07:32:00
ORD_00017,5,BLD_M5,2026-01-01 08:19:00,2026-01-01 08:52:00
ORD_00017,6,CUR_M3,2026-01-01 09:08:00,2026-01-01 09:58:00
ORD_00017,7,FIN_M2,2026-01-01 10:19:00,2026-01-01 10:31:00
ORD_00017,8,INS_M3,2026-01-01 11:23:00,2026-01-01 11:45:00
ORD_00898,1,MIX_M4,2026-01-02 01:19:00,2026-01-02 01:31:00
ORD_00898,2,CAL_M2,2026-01-02 02:06:00,2026-01-02 02:50:00
ORD_00898,3,EXT_M3,2026-01-02 03:16:00,2026-01-02 03:56:00
ORD_00898,4,BLD_M6,2026-01-02 04:15:00,2026-01-02 04:53:00
ORD_00898,5,CUR_M4,2026-01-02 06:53:00,2026-01-02 08:00:00
ORD_00898,6,FIN_M1,2026-01-02 08:08:00,2026-01-02 08:35:00
ORD_00898,7,INS_M1,2026-01-02 09:18:00,2026-01-02 09:48:00
ORD_00854,1,MIX_M1,2026-01-01 02:29:00,2026-01-01 02:56:00
ORD_00854,2,CAL_M2,2026-01-01 03:51:00,2026-01-01 04:14:00
ORD_00854,3,EXT_M3,2026-01-01 06:09:00,2026-01-01 06:43:00
ORD_00854,4,EXT_M2,2026-01-01 07:34:00,2026-01-01 08:11:00
ORD_00854,5,BLD_M3,2026-01-01 08:37:00,2026-01-01 09:03:00
ORD_00854,6,CUR_M5,2026-01-01 09:03:00,2026-01-01 10:15:00
ORD_00854,7,FIN_M4,2026-01-01 10:52:00,2026-01-01 11:10:00
ORD_00854,8,INS_M1,2026-01-01 11:47:00,2026-01-01 11:59:00
ORD_00179,1,MIX_M1,2026-01-03 00:57:00,2026-01-03 01:14:00
ORD_00179,2,CAL_M4,2026-01-03 03:28:00,2026-01-03 03:57:00
ORD_00179,3,CAL_M2,2026-01-03 04:23:00,2026-01-03 04:49:00
ORD_00179,4,EXT_M3,2026-01-03 05:03:00,2026-01-03 05:47:00
ORD_00179,5,EXT_M3,2026-01-03 05:47:00,2026-01-03 06:14:00
ORD_00179,6,BLD_M4,2026-01-03 07:05:00,2026-01-03 07:49:00
ORD_00179,7,CUR_M6,2026-01-03 10:52:00,2026-01-03 12:15:00
ORD_00179,8,CUR_M1,2026-01-03 12:46:00,2026-01-03 14:16:00
ORD_00179,9,FIN_M3,2026-01-03 14:40:00,2026-01-03 14:52:00
ORD_00179,10,INS_M2,2026-01-03 14:57:00,2026-01-03 15:10:00
ORD_00551,1,MIX_M3,2026-01-02 01:32:00,2026-01-02 02:00:00
ORD_00551,2,CAL_M4,2026-01-02 02:45:00,2026-01-02 03:16:00
ORD_00551,3,EXT_M3,2026-01-02 03:56:00,2026-01-02 04:12:00
ORD_00551,4,BLD_M2,2026-01-02 04:48:00,2026-01-02 05:20:00
ORD_00551,5,CUR_M1,2026-01-02 05:43:00,2026-01-02 06:23:00
ORD_00551,6,FIN_M2,2026-01-02 06:43:00,2026-01-02 07:02:00
ORD_00551,7,INS_M1,2026-01-02 07:41:00,2026-01-02 07:55:00
ORD_00336,1,MIX_M2,2026-01-04 00:14:00,2026-01-04 00:43:00
ORD_00336,2,CAL_M3,2026-01-04 00:52:00,2026-01-04 01:29:00
ORD_00336,3,EXT_M4,2026-01-04 01:42:00,2026-01-04 02:03:00
ORD_00336,4,BLD_M1,2026-01-04 02:41:00,2026-01-04 03:05:00
ORD_00336,5,CUR_M2,2026-01-04 03:27:00,2026-01-04 04:35:00
ORD_00336,6,FIN_M2,2026-01-04 05:27:00,2026-01-04 05:51:00
ORD_00336,7,INS_M1,2026-01-04 06:27:00,2026-01-04 06:47:00
ORD_00498,1,MIX_M3,2026-01-05 00:52:00,2026-01-05 01:14:00
ORD_00498,2,CAL_M4,2026-01-05 02:06:00,2026-01-05 02:37:00
ORD_00498,3,EXT_M4,2026-01-05 02:46:00,2026-01-05 03:25:00
ORD_00498,4,BLD_M4,2026-01-05 03:56:00,2026-01-05 04:42:00
ORD_00498,5,CUR_M2,2026-01-05 05:05:00,2026-01-05 05:53:00
ORD_00498,6,FIN_M3,2026-01-05 06:04:00,2026-01-05 06:34:00
ORD_00498,7,INS_M1,2026-01-05 07:08:00,2026-01-05 07:32:00
ORD_00998,1,MIX_M3,2026-01-04 01:09:00,2026-01-04 01:27:00
ORD_00998,2,CAL_M2,2026-01-04 01:57:00,2026-01-04 02:33:00
ORD_00998,3,EXT_M3,2026-01-04 04:00:00,2026-01-04 04:22:00
ORD_00998,4,BLD_M3,2026-01-04 05:20:00,2026-01-04 05:52:00
ORD_00998,5,CUR_M3,2026-01-04 07:02:00,2026-01-04 08:24:00
ORD_00998,6,FIN_M3,2026-01-04 08:56:00,2026-01-04 09:20:00
ORD_00998,7,INS_M2,2026-01-04 09:42:00,2026-01-04 09:54:00
ORD_00827,1,MIX_M2,2026-01-01 01:59:00,2026-01-01 02:22:00
ORD_00827,2,CAL_M1,2026-01-01 03:07:00,2026-01-01 03:52:00
ORD_00827,3,EXT_M2,2026-01-01 04:58:00,2026-01-01 05:39:00
ORD_00827,4,EXT_M4,2026-01-01 06:29:00,2026-01-01 07:12:00
ORD_00827,5,BLD_M3,2026-01-01 09:03:00,2026-01-01 09:52:00
ORD_00827,6,CUR_M1,2026-01-01 10:46:00,2026-01-01 11:52:00
ORD_00827,7,FIN_M1,2026-01-01 12:31:00,2026-01-01 12:53:00
ORD_00827,8,INS_M3,2026-01-01 13:35:00,2026-01-01 13:56:00
ORD_00275,1,MIX_M2,2026-01-03 02:17:00,2026-01-03 02:31:00
ORD_00275,2,CAL_M1,2026-01-03 03:57:00,2026-01-03 04:13:00
ORD_00275,3,EXT_M3,2026-01-03 06:14:00,2026-01-03 06:59:00
ORD_00275,4,BLD_M4,2026-01-03 07:49:00,2026-01-03 08:36:00
ORD_00275,5,CUR_M7,2026-01-03 09:27:00,2026-01-03 10:22:00
ORD_00275,6,FIN_M2,2026-01-03 11:10:00,2026-01-03 11:30:00
ORD_00275,7,INS_M3,2026-01-03 12:00:00,2026-01-03 12:20:00
ORD_00959,1,MIX_M1,2026-01-02 00:55:00,2026-01-02 01:06:00
ORD_00959,2,CAL_M2,2026-01-02 01:22:00,2026-01-02 01:51:00
ORD_00959,3,EXT_M4,2026-01-02 04:19:00,2026-01-02 04:49:00
ORD_00959,4,BLD_M4,2026-01-02 05:03:00,2026-01-02 05:29:00
ORD_00959,5,CUR_M6,2026-01-02 06:13:00,2026-01-02 07:31:00
ORD_00959,6,FIN_M2,2026-01-02 07:36:00,2026-01-02 07:56:00
ORD_00959,7,INS_M3,2026-01-02 09:14:00,2026-01-02 09:34:00
ORD_00180,1,MIX_M1,2026-01-01 02:56:00,2026-01-01 03:16:00
ORD_00180,2,CAL_M2,2026-01-01 04:14:00,2026-01-01 04:48:00
ORD_00180,3,EXT_M4,2026-01-01 05:41:00,2026-01-01 06:00:00
ORD_00180,4,EXT_M2,2026-01-01 08:11:00,2026-01-01 08:31:00
ORD_00180,5,BLD_M6,2026-01-01 09:25:00,2026-01-01 10:09:00
ORD_00180,6,CUR_M3,2026-01-01 10:42:00,2026-01-01 12:08:00
ORD_00180,7,FIN_M4,2026-01-01 12:52:00,2026-01-01 13:03:00
ORD_00180,8,INS_M2,2026-01-01 13:16:00,2026-01-01 13:37:00
ORD_00092,1,MIX_M1,2026-01-01 03:16:00,2026-01-01 03:30:00
ORD_00092,2,CAL_M1,2026-01-01 04:11:00,2026-01-01 04:56:00
ORD_00092,3,EXT_M1,2026-01-01 05:06:00,2026-01-01 05:30:00
ORD_00092,4,EXT_M4,2026-01-01 06:00:00,2026-01-01 06:18:00
ORD_00092,5,BLD_M1,2026-01-01 06:45:00,2026-01-01 07:12:00
ORD_00092,6,CUR_M3,2026-01-01 12:08:00,2026-01-01 13:12:00
ORD_00092,7,FIN_M4,2026-01-01 13:52:00,2026-01-01 14:13:00
ORD_00092,8,INS_M3,2026-01-01 14:48:00,2026-01-01 15:15:00
ORD_00480,1,MIX_M4,2026-01-02 01:31:00,2026-01-02 01:57:00
ORD_00480,2,CAL_M1,2026-01-02 02:50:00,2026-01-02 03:17:00
ORD_00480,3,EXT_M3,2026-01-02 06:09:00,2026-01-02 06:47:00
ORD_00480,4,BLD_M3,2026-01-02 07:25:00,2026-01-02 07:52:00
ORD_00480,5,CUR_M6,2026-01-02 08:36:00,2026-01-02 10:05:00
ORD_00480,6,FIN_M2,2026-01-02 10:23:00,2026-01-02 10:35:00
ORD_00480,7,INS_M3,2026-01-02 11:27:00,2026-01-02 11:57:00
ORD_00731,1,MIX_M2,2026-01-06 00:08:00,2026-01-06 00:24:00
ORD_00731,2,CAL_M4,2026-01-06 01:04:00,2026-01-06 01:27:00
ORD_00731,3,CAL_M3,2026-01-06 01:58:00,2026-01-06 02:16:00
ORD_00731,4,EXT_M2,2026-01-06 02:32:00,2026-01-06 02:56:00
ORD_00731,5,EXT_M2,2026-01-06 02:56:00,2026-01-06 03:22:00
ORD_00731,6,BLD_M2,2026-01-06 03:51:00,2026-01-06 04:20:00
ORD_00731,7,CUR_M1,2026-01-06 04:43:00,2026-01-06 06:08:00
ORD_00731,8,CUR_M3,2026-01-06 06:19:00,2026-01-06 07:16:00
ORD_00731,9,FIN_M1,2026-01-06 08:00:00,2026-01-06 08:11:00
ORD_00731,10,INS_M3,2026-01-06 08:28:00,2026-01-06 08:47:00
ORD_00464,1,MIX_M1,2026-01-01 03:30:00,2026-01-01 04:00:00
ORD_00464,2,CAL_M2,2026-01-01 04:48:00,2026-01-01 05:25:00
ORD_00464,3,EXT_M2,2026-01-01 08:31:00,2026-01-01 08:55:00
ORD_00464,4,BLD_M4,2026-01-01 09:35:00,2026-01-01 09:55:00
ORD_00464,5,CUR_M6,2026-01-01 10:44:00,2026-01-01 11:39:00
ORD_00464,6,FIN_M4,2026-01-01 11:57:00,2026-01-01 12:12:00
ORD_00464,7,INS_M3,2026-01-01 12:31:00,2026-01-01 12:43:00
ORD_00137,1,MIX_M1,2026-01-01 04:00:00,2026-01-01 04:15:00
ORD_00137,2,CAL_M4,2026-01-01 05:37:00,2026-01-01 06:06:00
ORD_00137,3,EXT_M5,2026-01-01 06:27:00,2026-01-01 07:06:00
ORD_00137,4,BLD_M5,2026-01-01 07:36:00,2026-01-01 08:10:00
ORD_00137,5,CUR_M6,2026-01-01 09:06:00,2026-01-01 10:26:00
ORD_00137,6,FIN_M3,2026-01-01 11:25:00,2026-01-01 11:39:00
ORD_00137,7,INS_M2,2026-01-01 12:14:00,2026-01-01 12:26:00
ORD_00802,1,MIX_M2,2026-01-01 02:22:00,2026-01-01 02:45:00
ORD_00802,2,CAL_M1,2026-01-01 04:56:00,2026-01-01 05:41:00
ORD_00802,3,EXT_M2,2026-01-01 08:55:00,2026-01-01 09:36:00
ORD_00802,4,EXT_M4,2026-01-01 10:24:00,2026-01-01 11:07:00
ORD_00802,5,BLD_M3,2026-01-01 12:05:00,2026-01-01 12:54:00
ORD_00802,6,CUR_M1,2026-01-01 13:15:00,2026-01-01 14:21:00
ORD_00802,7,FIN_M1,2026-01-01 15:15:00,2026-01-01 15:37:00
ORD_00802,8,INS_M3,2026-01-01 16:04:00,2026-01-01 16:25:00
ORD_00935,1,MIX_M4,2026-01-02 00:00:00,2026-01-02 00:26:00
ORD_00935,2,CAL_M1,2026-01-02 03:17:00,2026-01-02 03:44:00
ORD_00935,3,EXT_M3,2026-01-02 06:47:00,2026-01-02 07:25:00
ORD_00935,4,BLD_M3,2026-01-02 08:03:00,2026-01-02 08:30:00
ORD_00935,5,CUR_M6,2026-01-02 10:05:00,2026-01-02 11:34:00
ORD_00935,6,FIN_M2,2026-01-02 11:34:00,2026-01-02 11:46:00
ORD_00935,7,INS_M3,2026-01-02 12:31:00,2026-01-02 13:01:00
ORD_00794,1,MIX_M4,2026-01-04 00:32:00,2026-01-04 00:59:00
ORD_00794,2,CAL_M3,2026-01-04 02:40:00,2026-01-04 03:21:00
ORD_00794,3,EXT_M5,2026-01-04 03:43:00,2026-01-04 04:19:00
ORD_00794,4,BLD_M5,2026-01-04 05:00:00,2026-01-04 05:23:00
ORD_00794,5,CUR_M3,2026-01-04 08:24:00,2026-01-04 09:10:00
ORD_00794,6,FIN_M4,2026-01-04 09:50:00,2026-01-04 10:11:00
ORD_00794,7,INS_M2,2026-01-04 10:23:00,2026-01-04 10:50:00
ORD_00208,1,MIX_M2,2026-01-04 01:17:00,2026-01-04 01:33:00
ORD_00208,2,CAL_M2,2026-01-04 02:33:00,2026-01-04 02:48:00
ORD_00208,3,EXT_M1,2026-01-04 03:22:00,2026-01-04 03:44:00
ORD_00208,4,BLD_M4,2026-01-04 03:52:00,2026-01-04 04:31:00
ORD_00208,5,CUR_M2,2026-01-04 05:57:00,2026-01-04 07:06:00
ORD_00208,6,FIN_M4,2026-01-04 07:18:00,2026-01-04 07:48:00
ORD_00208,7,INS_M3,2026-01-04 08:43:00,2026-01-04 08:59:00
ORD_00767,1,MIX_M3,2026-01-02 02:00:00,2026-01-02 02:23:00
ORD_00767,2,CAL_M4,2026-01-02 03:16:00,2026-01-02 03:45:00
ORD_00767,3,EXT_M1,2026-01-02 04:36:00,2026-01-02 05:12:00
ORD_00767,4,BLD_M6,2026-01-02 05:41:00,2026-01-02 06:21:00
ORD_00767,5,CUR_M2,2026-01-02 08:42:00,2026-01-02 09:25:00
ORD_00767,6,FIN_M4,2026-01-02 10:10:00,2026-01-02 10:30:00
ORD_00767,7,INS_M1,2026-01-02 11:07:00,2026-01-02 11:24:00
ORD_00791,1,MIX_M2,2026-01-06 00:37:00,2026-01-06 00:55:00
ORD_00791,2,CAL_M4,2026-01-06 01:34:00,2026-01-06 02:19:00
ORD_00791,3,EXT_M2,2026-01-06 03:22:00,2026-01-06 04:06:00
ORD_00791,4,EXT_M5,2026-01-06 04:47:00,2026-01-06 05:26:00
ORD_00791,5,BLD_M6,2026-01-06 05:41:00,2026-01-06 06:23:00
ORD_00791,6,CUR_M4,2026-01-06 07:07:00,2026-01-06 08:32:00
ORD_00791,7,FIN_M3,2026-01-06 08:43:00,2026-01-06 09:05:00
ORD_00791,8,INS_M3,2026-01-06 09:35:00,2026-01-06 10:05:00
ORD_00525,1,MIX_M3,2026-01-03 01:12:00,2026-01-03 01:26:00
ORD_00525,2,CAL_M1,2026-01-03 01:46:00,2026-01-03 02:09:00
ORD_00525,3,EXT_M2,2026-01-03 02:42:00,2026-01-03 03:01:00
ORD_00525,4,BLD_M5,2026-01-03 03:59:00,2026-01-03 04:27:00
ORD_00525,5,CUR_M3,2026-01-03 04:56:00,2026-01-03 05:43:00
ORD_00525,6,FIN_M1,2026-01-03 06:04:00,2026-01-03 06:18:00
ORD_00525,7,INS_M1,2026-01-03 08:51:00,2026-01-03 09:12:00
ORD_00153,1,MIX_M4,2026-01-01 01:02:00,2026-01-01 01:23:00
ORD_00153,2,CAL_M1,2026-01-01 05:41:00,2026-01-01 06:18:00
ORD_00153,3,EXT_M5,2026-01-01 08:08:00,2026-01-01 08:50:00
ORD_00153,4,BLD_M1,2026-01-01 09:26:00,2026-01-01 09:55:00
ORD_00153,5,CUR_M2,2026-01-01 10:42:00,2026-01-01 12:10:00
ORD_00153,6,FIN_M2,2026-01-01 12:28:00,2026-01-01 12:46:00
ORD_00153,7,INS_M2,2026-01-01 13:37:00,2026-01-01 14:03:00
ORD_00102,1,MIX_M1,2026-01-01 04:15:00,2026-01-01 04:30:00
ORD_00102,2,CAL_M4,2026-01-01 06:06:00,2026-01-01 06:35:00
ORD_00102,3,EXT_M5,2026-01-01 08:50:00,2026-01-01 09:29:00
ORD_00102,4,BLD_M5,2026-01-01 09:39:00,2026-01-01 10:13:00
ORD_00102,5,CUR_M6,2026-01-01 11:39:00,2026-01-01 12:59:00
ORD_00102,6,FIN_M3,2026-01-01 13:53:00,2026-01-01 14:07:00
ORD_00102,7,INS_M2,2026-01-01 14:22:00,2026-01-01 14:34:00
ORD_00545,1,MIX_M2,2026-01-02 01:04:00,2026-01-02 01:29:00
ORD_00545,2,CAL_M1,2026-01-02 03:44:00,2026-01-02 04:18:00
ORD_00545,3,EXT_M5,2026-01-02 05:23:00,2026-01-02 05:48:00
ORD_00545,4,BLD_M5,2026-01-02 06:07:00,2026-01-02 06:34:00
ORD_00545,5,CUR_M2,2026-01-02 09:25:00,2026-01-02 10:45:00
ORD_00545,6,FIN_M4,2026-01-02 10:58:00,2026-01-02 11:17:00
ORD_00545,7,INS_M3,2026-01-02 11:57:00,2026-01-02 12:20:00
ORD_00089,1,MIX_M4,2026-01-01 01:23:00,2026-01-01 01:49:00
ORD_00089,2,CAL_M1,2026-01-01 06:18:00,2026-01-01 06:45:00
ORD_00089,3,EXT_M3,2026-01-01 06:45:00,2026-01-01 07:23:00
ORD_00089,4,BLD_M3,2026-01-01 07:23:00,2026-01-01 07:50:00
ORD_00089,5,CUR_M6,2026-01-01 12:59:00,2026-01-01 14:28:00
ORD_00089,6,FIN_M2,2026-01-01 14:54:00,2026-01-01 15:06:00
ORD_00089,7,INS_M3,2026-01-01 15:15:00,2026-01-01 15:45:00
ORD_00513,1,MIX_M4,2026-01-01 01:49:00,2026-01-01 02:14:00
ORD_00513,2,CAL_M4,2026-01-01 06:35:00,2026-01-01 06:57:00
ORD_00513,3,EXT_M2,2026-01-01 09:36:00,2026-01-01 10:11:00
ORD_00513,4,BLD_M6,2026-01-01 10:38:00,2026-01-01 10:58:00
ORD_00513,5,CUR_M2,2026-01-01 12:10:00,2026-01-01 13:39:00
ORD_00513,6,FIN_M4,2026-01-01 14:13:00,2026-01-01 14:30:00
ORD_00513,7,INS_M1,2026-01-01 14:39:00,2026-01-01 15:05:00
ORD_00221,1,MIX_M4,2026-01-04 00:59:00,2026-01-04 01:26:00
ORD_00221,2,CAL_M2,2026-01-04 02:48:00,2026-01-04 03:18:00
ORD_00221,3,CAL_M2,2026-01-04 03:18:00,2026-01-04 03:41:00
ORD_00221,4,EXT_M4,2026-01-04 04:15:00,2026-01-04 04:45:00
ORD_00221,5,EXT_M1,2026-01-04 05:26:00,2026-01-04 05:53:00
ORD_00221,6,BLD_M3,2026-01-04 06:34:00,2026-01-04 07:15:00
ORD_00221,7,CUR_M7,2026-01-04 07:25:00,2026-01-04 08:51:00
ORD_00221,8,CUR_M3,2026-01-04 09:26:00,2026-01-04 10:35:00
ORD_00221,9,FIN_M2,2026-01-04 11:34:00,2026-01-04 12:03:00
ORD_00221,10,INS_M3,2026-01-04 12:23:00,2026-01-04 12:33:00
ORD_00588,1,MIX_M1,2026-01-02 01:06:00,2026-01-02 01:23:00
ORD_00588,2,CAL_M4,2026-01-02 03:45:00,2026-01-02 04:14:00
ORD_00588,3,CAL_M2,2026-01-02 04:27:00,2026-01-02 04:53:00
ORD_00588,4,EXT_M3,2026-01-02 07:25:00,2026-01-02 08:09:00
ORD_00588,5,EXT_M3,2026-01-02 08:09:00,2026-01-02 08:36:00
ORD_00588,6,BLD_M4,2026-01-02 08:55:00,2026-01-02 09:39:00
ORD_00588,7,CUR_M6,2026-01-02 11:34:00,2026-01-02 12:57:00
ORD_00588,8,CUR_M1,2026-01-02 13:53:00,2026-01-02 15:23:00
ORD_00588,9,FIN_M3,2026-01-02 15:36:00,2026-01-02 15:48:00
ORD_00588,10,INS_M2,2026-01-02 16:15:00,2026-01-02 16:28:00
ORD_00172,1,MIX_M1,2026-01-01 04:30:00,2026-01-01 04:45:00
ORD_00172,2,CAL_M4,2026-01-01 06:57:00,2026-01-01 07:26:00
ORD_00172,3,EXT_M5,2026-01-01 09:29:00,2026-01-01 10:08:00
ORD_00172,4,BLD_M5,2026-01-01 10:22:00,2026-01-01 10:56:00
ORD_00172,5,CUR_M6,2026-01-01 14:28:00,2026-01-01 15:48:00
ORD_00172,6,FIN_M3,2026-01-01 16:34:00,2026-01-01 16:48:00
ORD_00172,7,INS_M2,2026-01-01 16:54:00,2026-01-01 17:06:00
ORD_00945,1,MIX_M3,2026-01-04 00:00:00,2026-01-04 00:14:00
ORD_00945,2,CAL_M1,2026-01-04 00:34:00,2026-01-04 00:57:00
ORD_00945,3,EXT_M2,2026-01-04 01:29:00,2026-01-04 01:48:00
ORD_00945,4,BLD_M5,2026-01-04 02:09:00,2026-01-04 02:37:00
ORD_00945,5,CUR_M3,2026-01-04 03:11:00,2026-01-04 03:58:00
ORD_00945,6,FIN_M1,2026-01-04 03:58:00,2026-01-04 04:12:00
ORD_00945,7,INS_M1,2026-01-04 04:54:00,2026-01-04 05:15:00
ORD_00940,1,MIX_M2,2026-01-01 02:45:00,2026-01-01 03:01:00
ORD_00940,2,CAL_M4,2026-01-01 07:26:00,2026-01-01 07:49:00
ORD_00940,3,CAL_M3,2026-01-01 07:55:00,2026-01-01 08:13:00
ORD_00940,4,EXT_M2,2026-01-01 10:11:00,2026-01-01 10:35:00
ORD_00940,5,EXT_M2,2026-01-01 10:35:00,2026-01-01 11:01:00
ORD_00940,6,BLD_M2,2026-01-01 11:01:00,2026-01-01 11:30:00
ORD_00940,7,CUR_M1,2026-01-01 14:21:00,2026-01-01 15:46:00
ORD_00940,8,CUR_M3,2026-01-01 16:35:00,2026-01-01 17:32:00
ORD_00940,9,FIN_M1,2026-01-01 18:10:00,2026-01-01 18:21:00
ORD_00940,10,INS_M3,2026-01-01 18:49:00,2026-01-01 19:08:00
ORD_00173,1,MIX_M4,2026-01-01 02:14:00,2026-01-01 02:40:00
ORD_00173,2,CAL_M1,2026-01-01 06:45:00,2026-01-01 07:12:00
ORD_00173,3,EXT_M3,2026-01-01 07:35:00,2026-01-01 08:13:00
ORD_00173,4,BLD_M3,2026-01-01 09:52:00,2026-01-01 10:19:00
ORD_00173,5,CUR_M6,2026-01-01 15:48:00,2026-01-01 17:17:00
ORD_00173,6,FIN_M2,2026-01-01 17:28:00,2026-01-01 17:40:00
ORD_00173,7,INS_M3,2026-01-01 19:08:00,2026-01-01 19:38:00
ORD_00926,1,MIX_M1,2026-01-01 04:45:00,2026-01-01 05:15:00
ORD_00926,2,CAL_M2,2026-01-01 05:31:00,2026-01-01 06:08:00
ORD_00926,3,EXT_M2,2026-01-01 11:01:00,2026-01-01 11:25:00
ORD_00926,4,BLD_M4,2026-01-01 12:14:00,2026-01-01 12:34:00
ORD_00926,5,CUR_M6,2026-01-01 17:17:00,2026-01-01 18:12:00
ORD_00926,6,FIN_M4,2026-01-01 18:40:00,2026-01-01 18:55:00
ORD_00926,7,INS_M3,2026-01-01 19:38:00,2026-01-01 19:50:00
ORD_00917,1,MIX_M2,2026-01-01 03:01:00,2026-01-01 03:31:00
ORD_00917,2,CAL_M1,2026-01-01 07:12:00,2026-01-01 07:51:00
ORD_00917,3,EXT_M5,2026-01-01 10:08:00,2026-01-01 10:46:00
ORD_00917,4,EXT_M3,2026-01-01 11:16:00,2026-01-01 11:35:00
ORD_00917,5,BLD_M1,2026-01-01 12:08:00,2026-01-01 12:39:00
ORD_00917,6,CUR_M6,2026-01-01 18:12:00,2026-01-01 19:33:00
ORD_00917,7,FIN_M2,2026-01-01 20:13:00,2026-01-01 20:37:00
ORD_00917,8,INS_M3,2026-01-01 21:31:00,2026-01-01 21:56:00
ORD_00907,1,MIX_M1,2026-01-06 00:12:00,2026-01-06 00:27:00
ORD_00907,2,CAL_M4,2026-01-06 02:19:00,2026-01-06 02:48:00
ORD_00907,3,EXT_M5,2026-01-06 03:47:00,2026-01-06 04:26:00
ORD_00907,4,BLD_M5,2026-01-06 04:36:00,2026-01-06 05:10:00
ORD_00907,5,CUR_M6,2026-01-06 05:42:00,2026-01-06 07:02:00
ORD_00907,6,FIN_M3,2026-01-06 07:02:00,2026-01-06 07:16:00
ORD_00907,7,INS_M2,2026-01-06 07:16:00,2026-01-06 07:28:00
ORD_00889,1,MIX_M3,2026-01-01 02:14:00,2026-01-01 02:26:00
ORD_00889,2,CAL_M1,2026-01-01 07:51:00,2026-01-01 08:18:00
ORD_00889,3,EXT_M4,2026-01-01 09:05:00,2026-01-01 09:21:00
ORD_00889,4,BLD_M6,2026-01-01 10:58:00,2026-01-01 11:30:00
ORD_00889,5,CUR_M6,2026-01-01 19:33:00,2026-01-01 20:29:00
ORD_00889,6,FIN_M1,2026-01-01 20:47:00,2026-01-01 21:08:00
ORD_00889,7,INS_M1,2026-01-01 21:57:00,2026-01-01 22:18:00
ORD_00869,1,MIX_M3,2026-01-05 01:14:00,2026-01-05 01:28:00
ORD_00869,2,CAL_M1,2026-01-05 02:13:00,2026-01-05 02:36:00
ORD_00869,3,EXT_M2,2026-01-05 02:57:00,2026-01-05 03:16:00
ORD_00869,4,BLD_M5,2026-01-05 03:37:00,2026-01-05 04:05:00
ORD_00869,5,CUR_M3,2026-01-05 04:12:00,2026-01-05 04:59:00
ORD_00869,6,FIN_M1,2026-01-05 05:50:00,2026-01-05 06:04:00
ORD_00869,7,INS_M1,2026-01-05 07:32:00,2026-01-05 07:53:00
ORD_00145,1,MIX_M3,2026-01-05 00:26:00,2026-01-05 00:40:00
ORD_00145,2,CAL_M1,2026-01-05 00:40:00,2026-01-05 01:03:00
ORD_00145,3,EXT_M2,2026-01-05 01:56:00,2026-01-05 02:15:00
ORD_00145,4,BLD_M5,2026-01-05 02:15:00,2026-01-05 02:43:00
ORD_00145,5,CUR_M3,2026-01-05 02:43:00,2026-01-05 03:30:00
ORD_00145,6,FIN_M1,2026-01-05 03:30:00,2026-01-05 03:44:00
ORD_00145,7,INS_M1,2026-01-05 03:44:00,2026-01-05 04:05:00
ORD_00560,1,MIX_M4,2026-01-02 01:57:00,2026-01-02 02:23:00
ORD_00560,2,CAL_M1,2026-01-02 04:18:00,2026-01-02 04:45:00
ORD_00560,3,EXT_M3,2026-01-02 08:36:00,2026-01-02 09:14:00
ORD_00560,4,BLD_M3,2026-01-02 09:14:00,2026-01-02 09:41:00
ORD_00560,5,CUR_M6,2026-01-02 12:57:00,2026-01-02 14:26:00
ORD_00560,6,FIN_M2,2026-01-02 14:59:00,2026-01-02 15:11:00
ORD_00560,7,INS_M3,2026-01-02 15:31:00,2026-01-02 16:01:00
ORD_00835,1,MIX_M2,2026-01-06 00:55:00,2026-01-06 01:25:00
ORD_00835,2,CAL_M1,2026-01-06 01:33:00,2026-01-06 02:12:00
ORD_00835,3,EXT_M5,2026-01-06 02:44:00,2026-01-06 03:22:00
ORD_00835,4,EXT_M3,2026-01-06 03:52:00,2026-01-06 04:11:00
ORD_00835,5,BLD_M1,2026-01-06 04:11:00,2026-01-06 04:42:00
ORD_00835,6,CUR_M6,2026-01-06 07:02:00,2026-01-06 08:23:00
ORD_00835,7,FIN_M2,2026-01-06 09:03:00,2026-01-06 09:27:00
ORD_00835,8,INS_M3,2026-01-06 10:06:00,2026-01-06 10:31:00
ORD_00850,1,MIX_M1,2026-01-02 01:23:00,2026-01-02 01:49:00
ORD_00850,2,CAL_M2,2026-01-02 02:50:00,2026-01-02 03:33:00
ORD_00850,3,EXT_M3,2026-01-02 04:12:00,2026-01-02 04:38:00
ORD_00850,4,EXT_M2,2026-01-02 04:43:00,2026-01-02 05:05:00
ORD_00850,5,BLD_M1,2026-01-02 05:36:00,2026-01-02 06:00:00
ORD_00850,6,CUR_M5,2026-01-02 06:40:00,2026-01-02 07:32:00
ORD_00850,7,FIN_M2,2026-01-02 07:56:00,2026-01-02 08:25:00
ORD_00850,8,INS_M1,2026-01-02 10:36:00,2026-01-02 11:06:00
ORD_00760,1,MIX_M2,2026-01-03 02:31:00,2026-01-03 02:55:00
ORD_00760,2,CAL_M4,2026-01-03 03:57:00,2026-01-03 04:23:00
ORD_00760,3,EXT_M3,2026-01-03 06:59:00,2026-01-03 07:31:00
ORD_00760,4,BLD_M5,2026-01-03 08:25:00,2026-01-03 08:57:00
ORD_00760,5,CUR_M8,2026-01-03 09:08:00,2026-01-03 10:08:00
ORD_00760,6,FIN_M2,2026-01-03 11:30:00,2026-01-03 11:47:00
ORD_00760,7,INS_M3,2026-01-03 12:20:00,2026-01-03 12:42:00
ORD_00446,1,MIX_M2,2026-01-03 02:55:00,2026-01-03 03:24:00
ORD_00446,2,CAL_M3,2026-01-03 03:57:00,2026-01-03 04:38:00
ORD_00446,3,EXT_M5,2026-01-03 05:24:00,2026-01-03 05:40:00
ORD_00446,4,BLD_M1,2026-01-03 06:25:00,2026-01-03 06:47:00
ORD_00446,5,CUR_M1,2026-01-03 08:14:00,2026-01-03 09:35:00
ORD_00446,6,FIN_M3,2026-01-03 10:26:00,2026-01-03 10:56:00
ORD_00446,7,INS_M1,2026-01-03 11:09:00,2026-01-03 11:37:00
ORD_00611,1,MIX_M4,2026-01-03 01:41:00,2026-01-03 02:02:00
ORD_00611,2,CAL_M1,2026-01-03 04:13:00,2026-01-03 04:50:00
ORD_00611,3,EXT_M5,2026-01-03 05:42:00,2026-01-03 06:24:00
ORD_00611,4,BLD_M1,2026-01-03 06:47:00,2026-01-03 07:16:00
ORD_00611,5,CUR_M2,2026-01-03 08:12:00,2026-01-03 09:40:00
ORD_00611,6,FIN_M2,2026-01-03 10:17:00,2026-01-03 10:35:00
ORD_00611,7,INS_M2,2026-01-03 11:24:00,2026-01-03 11:50:00
ORD_00721,1,MIX_M2,2026-01-02 01:29:00,2026-01-02 01:59:00
ORD_00721,2,CAL_M1,2026-01-02 04:45:00,2026-01-02 05:24:00
ORD_00721,3,EXT_M5,2026-01-02 05:56:00,2026-01-02 06:34:00
ORD_00721,4,EXT_M3,2026-01-02 09:14:00,2026-01-02 09:33:00
ORD_00721,5,BLD_M1,2026-01-02 10:06:00,2026-01-02 10:37:00
ORD_00721,6,CUR_M6,2026-01-02 14:26:00,2026-01-02 15:47:00
ORD_00721,7,FIN_M2,2026-01-02 16:05:00,2026-01-02 16:29:00
ORD_00721,8,INS_M3,2026-01-02 17:28:00,2026-01-02 17:53:00
ORD_00671,1,MIX_M3,2026-01-02 02:23:00,2026-01-02 02:49:00
ORD_00671,2,CAL_M3,2026-01-02 04:40:00,2026-01-02 05:22:00
ORD_00671,3,CAL_M1,2026-01-02 05:39:00,2026-01-02 06:02:00
ORD_00671,4,EXT_M2,2026-01-02 06:10:00,2026-01-02 06:45:00
ORD_00671,5,EXT_M5,2026-01-02 07:20:00,2026-01-02 07:43:00
ORD_00671,6,BLD_M2,2026-01-02 08:30:00,2026-01-02 09:10:00
ORD_00671,7,CUR_M5,2026-01-02 09:48:00,2026-01-02 11:07:00
ORD_00671,8,CUR_M2,2026-01-02 11:17:00,2026-01-02 12:29:00
ORD_00671,9,FIN_M2,2026-01-02 13:07:00,2026-01-02 13:35:00
ORD_00671,10,INS_M3,2026-01-02 14:16:00,2026-01-02 14:30:00
ORD_00778,1,MIX_M3,2026-01-06 00:13:00,2026-01-06 00:27:00
ORD_00778,2,CAL_M1,2026-01-06 00:32:00,2026-01-06 00:55:00
ORD_00778,3,EXT_M2,2026-01-06 01:28:00,2026-01-06 01:47:00
ORD_00778,4,BLD_M5,2026-01-06 02:39:00,2026-01-06 03:07:00
ORD_00778,5,CUR_M3,2026-01-06 03:07:00,2026-01-06 03:54:00
ORD_00778,6,FIN_M1,2026-01-06 03:54:00,2026-01-06 04:08:00
ORD_00778,7,INS_M1,2026-01-06 04:43:00,2026-01-06 05:04:00
ORD_00295,1,MIX_M2,2026-01-03 03:24:00,2026-01-03 03:52:00
ORD_00295,2,CAL_M3,2026-01-03 04:38:00,2026-01-03 04:53:00
ORD_00295,3,EXT_M2,2026-01-03 05:17:00,2026-01-03 05:40:00
ORD_00295,4,EXT_M1,2026-01-03 06:04:00,2026-01-03 06:23:00
ORD_00295,5,BLD_M6,2026-01-03 07:15:00,2026-01-03 07:48:00
ORD_00295,6,CUR_M2,2026-01-03 09:40:00,2026-01-03 11:07:00
ORD_00295,7,FIN_M1,2026-01-03 11:54:00,2026-01-03 12:19:00
ORD_00295,8,INS_M2,2026-01-03 13:14:00,2026-01-03 13:35:00
ORD_00294,1,MIX_M3,2026-01-05 01:28:00,2026-01-05 01:42:00
ORD_00294,2,CAL_M1,2026-01-05 02:37:00,2026-01-05 03:20:00
ORD_00294,3,EXT_M1,2026-01-05 04:04:00,2026-01-05 04:28:00
ORD_00294,4,EXT_M4,2026-01-05 05:04:00,2026-01-05 05:20:00
ORD_00294,5,BLD_M5,2026-01-05 05:25:00,2026-01-05 05:56:00
ORD_00294,6,CUR_M3,2026-01-05 06:44:00,2026-01-05 07:29:00
ORD_00294,7,FIN_M3,2026-01-05 07:45:00,2026-01-05 08:05:00
ORD_00294,8,INS_M3,2026-01-05 09:17:00,2026-01-05 09:40:00
ORD_00194,1,MIX_M3,2026-01-03 01:26:00,2026-01-03 01:47:00
ORD_00194,2,CAL_M4,2026-01-03 04:23:00,2026-01-03 04:46:00
ORD_00194,3,EXT_M3,2026-01-03 07:31:00,2026-01-03 07:54:00
ORD_00194,4,BLD_M2,2026-01-03 08:07:00,2026-01-03 08:30:00
ORD_00194,5,CUR_M4,2026-01-03 09:03:00,2026-01-03 10:03:00
ORD_00194,6,FIN_M1,2026-01-03 10:25:00,2026-01-03 10:52:00
ORD_00194,7,INS_M3,2026-01-03 11:17:00,2026-01-03 11:32:00
ORD_00162,1,MIX_M1,2026-01-02 01:49:00,2026-01-02 02:05:00
ORD_00162,2,CAL_M4,2026-01-02 04:14:00,2026-01-02 04:41:00
ORD_00162,3,EXT_M5,2026-01-02 06:34:00,2026-01-02 07:19:00
ORD_00162,4,BLD_M6,2026-01-02 07:57:00,2026-01-02 08:17:00
ORD_00162,5,CUR_M7,2026-01-02 08:57:00,2026-01-02 10:07:00
ORD_00162,6,FIN_M1,2026-01-02 10:58:00,2026-01-02 11:19:00
ORD_00162,7,INS_M2,2026-01-02 11:26:00,2026-01-02 11:48:00
ORD_00390,1,MIX_M3,2026-01-04 00:14:00,2026-01-04 00:35:00
ORD_00390,2,CAL_M4,2026-01-04 01:04:00,2026-01-04 01:27:00
ORD_00390,3,EXT_M3,2026-01-04 01:27:00,2026-01-04 01:50:00
ORD_00390,4,BLD_M2,2026-01-04 01:50:00,2026-01-04 02:13:00
ORD_00390,5,CUR_M4,2026-01-04 02:13:00,2026-01-04 03:13:00
ORD_00390,6,FIN_M1,2026-01-04 04:12:00,2026-01-04 04:39:00
ORD_00390,7,INS_M3,2026-01-04 04:39:00,2026-01-04 04:54:00
ORD_00281,1,MIX_M2,2026-01-04 01:33:00,2026-01-04 01:56:00
ORD_00281,2,CAL_M1,2026-01-04 02:33:00,2026-01-04 03:18:00
ORD_00281,3,EXT_M2,2026-01-04 03:52:00,2026-01-04 04:33:00
ORD_00281,4,EXT_M4,2026-01-04 05:14:00,2026-01-04 05:57:00
ORD_00281,5,BLD_M3,2026-01-04 07:15:00,2026-01-04 08:04:00
ORD_00281,6,CUR_M1,2026-01-04 08:55:00,2026-01-04 10:01:00
ORD_00281,7,FIN_M1,2026-01-04 10:43:00,2026-01-04 11:05:00
ORD_00281,8,INS_M3,2026-01-04 11:15:00,2026-01-04 11:36:00
ORD_00230,1,MIX_M1,2026-01-04 01:03:00,2026-01-04 01:18:00
ORD_00230,2,CAL_M4,2026-01-04 01:40:00,2026-01-04 02:09:00
ORD_00230,3,EXT_M5,2026-01-04 03:04:00,2026-01-04 03:43:00
ORD_00230,4,BLD_M5,2026-01-04 04:17:00,2026-01-04 04:51:00
ORD_00230,5,CUR_M6,2026-01-04 05:23:00,2026-01-04 06:43:00
ORD_00230,6,FIN_M3,2026-01-04 08:08:00,2026-01-04 08:22:00
ORD_00230,7,INS_M2,2026-01-04 08:52:00,2026-01-04 09:04:00
ORD_00374,1,MIX_M4,2026-01-06 00:32:00,2026-01-06 00:50:00
ORD_00374,2,CAL_M1,2026-01-06 02:12:00,2026-01-06 02:51:00
ORD_00374,3,EXT_M2,2026-01-06 04:06:00,2026-01-06 04:30:00
ORD_00374,4,BLD_M3,2026-01-06 04:47:00,2026-01-06 05:34:00
ORD_00374,5,CUR_M1,2026-01-06 06:08:00,2026-01-06 07:29:00
ORD_00374,6,FIN_M3,2026-01-06 09:05:00,2026-01-06 09:23:00
ORD_00374,7,INS_M1,2026-01-06 10:06:00,2026-01-06 10:27:00
ORD_00140,1,MIX_M3,2026-01-05 01:42:00,2026-01-05 01:56:00
ORD_00140,2,CAL_M1,2026-01-05 03:20:00,2026-01-05 03:43:00
ORD_00140,3,EXT_M2,2026-01-05 04:08:00,2026-01-05 04:27:00
ORD_00140,4,BLD_M5,2026-01-05 04:48:00,2026-01-05 05:16:00
ORD_00140,5,CUR_M3,2026-01-05 07:29:00,2026-01-05 08:16:00
ORD_00140,6,FIN_M1,2026-01-05 08:21:00,2026-01-05 08:35:00
ORD_00140,7,INS_M1,2026-01-05 09:16:00,2026-01-05 09:37:00
ORD_00350,1,MIX_M2,2026-01-03 03:52:00,2026-01-03 04:14:00
ORD_00350,2,CAL_M1,2026-01-03 05:01:00,2026-01-03 05:27:00
ORD_00350,3,EXT_M2,2026-01-03 06:11:00,2026-01-03 06:26:00
ORD_00350,4,EXT_M3,2026-01-03 07:54:00,2026-01-03 08:38:00
ORD_00350,5,BLD_M1,2026-01-03 09:31:00,2026-01-03 10:17:00
ORD_00350,6,CUR_M6,2026-01-03 12:15:00,2026-01-03 13:45:00
ORD_00350,7,FIN_M2,2026-01-03 14:12:00,2026-01-03 14:26:00
ORD_00350,8,INS_M1,2026-01-03 14:49:00,2026-01-03 15:08:00
ORD_00110,1,MIX_M4,2026-01-03 02:02:00,2026-01-03 02:21:00
ORD_00110,2,CAL_M3,2026-01-03 03:00:00,2026-01-03 03:38:00
ORD_00110,3,EXT_M5,2026-01-03 06:24:00,2026-01-03 07:06:00
ORD_00110,4,EXT_M2,2026-01-03 07:29:00,2026-01-03 07:54:00
ORD_00110,5,BLD_M1,2026-01-03 08:47:00,2026-01-03 09:25:00
ORD_00110,6,CUR_M3,2026-01-03 09:34:00,2026-01-03 10:36:00
ORD_00110,7,FIN_M3,2026-01-03 11:03:00,2026-01-03 11:33:00
ORD_00110,8,INS_M3,2026-01-03 12:42:00,2026-01-03 13:04:00
ORD_00575,1,MIX_M1,2026-01-04 01:18:00,2026-01-04 01:37:00
ORD_00575,2,CAL_M4,2026-01-04 02:25:00,2026-01-04 02:52:00
ORD_00575,3,EXT_M2,2026-01-04 03:20:00,2026-01-04 03:37:00
ORD_00575,4,BLD_M5,2026-01-04 05:23:00,2026-01-04 06:05:00
ORD_00575,5,CUR_M4,2026-01-04 06:23:00,2026-01-04 07:09:00
ORD_00575,6,FIN_M3,2026-01-04 08:22:00,2026-01-04 08:51:00
ORD_00575,7,INS_M1,2026-01-04 09:39:00,2026-01-04 10:07:00
ORD_00584,1,MIX_M1,2026-01-05 00:16:00,2026-01-05 00:46:00
ORD_00584,2,CAL_M2,2026-01-05 01:49:00,2026-01-05 02:26:00
ORD_00584,3,EXT_M2,2026-01-05 03:16:00,2026-01-05 03:40:00
ORD_00584,4,BLD_M4,2026-01-05 04:42:00,2026-01-05 05:02:00
ORD_00584,5,CUR_M6,2026-01-05 06:07:00,2026-01-05 07:02:00
ORD_00584,6,FIN_M4,2026-01-05 07:48:00,2026-01-05 08:03:00
ORD_00584,7,INS_M3,2026-01-05 09:40:00,2026-01-05 09:52:00
ORD_00734,1,MIX_M2,2026-01-02 01:59:00,2026-01-02 02:22:00
ORD_00734,2,CAL_M1,2026-01-02 06:02:00,2026-01-02 06:47:00
ORD_00734,3,EXT_M2,2026-01-02 07:25:00,2026-01-02 08:06:00
ORD_00734,4,EXT_M4,2026-01-02 08:06:00,2026-01-02 08:49:00
ORD_00734,5,BLD_M3,2026-01-02 09:41:00,2026-01-02 10:30:00
ORD_00734,6,CUR_M1,2026-01-02 11:10:00,2026-01-02 12:16:00
ORD_00734,7,FIN_M1,2026-01-02 12:48:00,2026-01-02 13:10:00
ORD_00734,8,INS_M3,2026-01-02 13:37:00,2026-01-02 13:58:00
ORD_00764,1,MIX_M2,2026-01-04 01:56:00,2026-01-04 02:11:00
ORD_00764,2,CAL_M4,2026-01-04 02:52:00,2026-01-04 03:23:00
ORD_00764,3,EXT_M4,2026-01-04 05:57:00,2026-01-04 06:27:00
ORD_00764,4,EXT_M3,2026-01-04 07:03:00,2026-01-04 07:33:00
ORD_00764,5,BLD_M1,2026-01-04 07:59:00,2026-01-04 08:21:00
ORD_00764,6,CUR_M7,2026-01-04 09:06:00,2026-01-04 10:18:00
ORD_00764,7,FIN_M4,2026-01-04 10:46:00,2026-01-04 11:03:00
ORD_00764,8,INS_M1,2026-01-04 12:02:00,2026-01-04 12:30:00
ORD_00056,1,MIX_M2,2026-01-07 00:23:00,2026-01-07 00:46:00
ORD_00056,2,CAL_M1,2026-01-07 00:46:00,2026-01-07 01:31:00
ORD_00056,3,EXT_M2,2026-01-07 01:31:00,2026-01-07 02:12:00
ORD_00056,4,EXT_M4,2026-01-07 02:42:00,2026-01-07 03:25:00
ORD_00056,5,BLD_M3,2026-01-07 03:25:00,2026-01-07 04:14:00
ORD_00056,6,CUR_M1,2026-01-07 04:14:00,2026-01-07 05:20:00
ORD_00056,7,FIN_M1,2026-01-07 05:20:00,2026-01-07 05:42:00
ORD_00056,8,INS_M3,2026-01-07 05:42:00,2026-01-07 06:03:00
ORD_00701,1,MIX_M3,2026-01-07 00:54:00,2026-01-07 01:22:00
ORD_00701,2,CAL_M1,2026-01-07 01:54:00,2026-01-07 02:28:00
ORD_00701,3,EXT_M1,2026-01-07 03:21:00,2026-01-07 04:06:00
ORD_00701,4,BLD_M2,2026-01-07 04:46:00,2026-01-07 05:26:00
ORD_00701,5,CUR_M4,2026-01-07 05:51:00,2026-01-07 06:47:00
ORD_00701,6,FIN_M1,2026-01-07 06:59:00,2026-01-07 07:14:00
ORD_00701,7,INS_M1,2026-01-07 07:36:00,2026-01-07 07:51:00
ORD_00782,1,MIX_M3,2026-01-02 02:49:00,2026-01-02 03:16:00
ORD_00782,2,CAL_M2,2026-01-02 03:33:00,2026-01-02 03:54:00
ORD_00782,3,CAL_M4,2026-01-02 04:41:00,2026-01-02 05:17:00
ORD_00782,4,EXT_M4,2026-01-02 06:02:00,2026-01-02 06:38:00
ORD_00782,5,EXT_M2,2026-01-02 08:06:00,2026-01-02 08:40:00
ORD_00782,6,BLD_M5,2026-01-02 08:45:00,2026-01-02 09:14:00
ORD_00782,7,CUR_M7,2026-01-02 10:07:00,2026-01-02 11:22:00
ORD_00782,8,CUR_M1,2026-01-02 12:20:00,2026-01-02 13:19:00
ORD_00782,9,FIN_M3,2026-01-02 13:24:00,2026-01-02 13:40:00
ORD_00782,10,INS_M2,2026-01-02 14:36:00,2026-01-02 15:04:00
ORD_00654,1,MIX_M2,2026-01-04 02:11:00,2026-01-04 02:36:00
ORD_00654,2,CAL_M1,2026-01-04 03:18:00,2026-01-04 03:52:00
ORD_00654,3,EXT_M5,2026-01-04 04:31:00,2026-01-04 04:56:00
ORD_00654,4,BLD_M5,2026-01-04 06:05:00,2026-01-04 06:32:00
ORD_00654,5,CUR_M2,2026-01-04 07:27:00,2026-01-04 08:47:00
ORD_00654,6,FIN_M4,2026-01-04 10:11:00,2026-01-04 10:30:00
ORD_00654,7,INS_M3,2026-01-04 11:36:00,2026-01-04 11:59:00
ORD_00634,1,MIX_M1,2026-01-02 00:12:00,2026-01-02 00:27:00
ORD_00634,2,CAL_M4,2026-01-02 00:32:00,2026-01-02 01:01:00
ORD_00634,3,EXT_M5,2026-01-02 01:13:00,2026-01-02 01:52:00
ORD_00634,4,BLD_M5,2026-01-02 02:06:00,2026-01-02 02:40:00
ORD_00634,5,CUR_M6,2026-01-02 03:36:00,2026-01-02 04:56:00
ORD_00634,6,FIN_M3,2026-01-02 05:31:00,2026-01-02 05:45:00
ORD_00634,7,INS_M2,2026-01-02 06:18:00,2026-01-02 06:30:00
ORD_00853,1,MIX_M1,2026-01-03 01:14:00,2026-01-03 01:34:00
ORD_00853,2,CAL_M2,2026-01-03 02:32:00,2026-01-03 03:06:00
ORD_00853,3,EXT_M4,2026-01-03 03:46:00,2026-01-03 04:05:00
ORD_00853,4,EXT_M2,2026-01-03 04:54:00,2026-01-03 05:14:00
ORD_00853,5,BLD_M6,2026-01-03 05:25:00,2026-01-03 06:09:00
ORD_00853,6,CUR_M3,2026-01-03 06:44:00,2026-01-03 08:10:00
ORD_00853,7,FIN_M4,2026-01-03 08:53:00,2026-01-03 09:04:00
ORD_00853,8,INS_M2,2026-01-03 09:23:00,2026-01-03 09:44:00
ORD_00746,1,MIX_M3,2026-01-06 00:39:00,2026-01-06 01:00:00
ORD_00746,2,CAL_M1,2026-01-06 02:51:00,2026-01-06 03:34:00
ORD_00746,3,EXT_M3,2026-01-06 04:11:00,2026-01-06 04:32:00
ORD_00746,4,BLD_M6,2026-01-06 06:23:00,2026-01-06 06:50:00
ORD_00746,5,CUR_M2,2026-01-06 07:10:00,2026-01-06 08:12:00
ORD_00746,6,FIN_M4,2026-01-06 08:45:00,2026-01-06 09:14:00
ORD_00746,7,INS_M3,2026-01-06 10:31:00,2026-01-06 10:45:00
ORD_00157,1,MIX_M2,2026-01-04 02:36:00,2026-01-04 03:05:00
ORD_00157,2,CAL_M3,2026-01-04 03:21:00,2026-01-04 03:58:00
ORD_00157,3,EXT_M4,2026-01-04 04:45:00,2026-01-04 05:06:00
ORD_00157,4,BLD_M1,2026-01-04 05:26:00,2026-01-04 05:50:00
ORD_00157,5,CUR_M2,2026-01-04 08:47:00,2026-01-04 09:55:00
ORD_00157,6,FIN_M2,2026-01-04 10:30:00,2026-01-04 10:54:00
ORD_00157,7,INS_M1,2026-01-04 12:30:00,2026-01-04 12:50:00
ORD_00048,1,MIX_M4,2026-01-05 01:08:00,2026-01-05 01:20:00
ORD_00048,2,CAL_M2,2026-01-05 02:26:00,2026-01-05 03:10:00
ORD_00048,3,EXT_M3,2026-01-05 04:09:00,2026-01-05 04:49:00
ORD_00048,4,BLD_M6,2026-01-05 05:51:00,2026-01-05 06:29:00
ORD_00048,5,CUR_M4,2026-01-05 07:16:00,2026-01-05 08:23:00
ORD_00048,6,FIN_M1,2026-01-05 08:46:00,2026-01-05 09:13:00
ORD_00048,7,INS_M1,2026-01-05 09:37:00,2026-01-05 10:07:00
ORD_00542,1,MIX_M1,2026-01-05 00:46:00,2026-01-05 01:00:00
ORD_00542,2,CAL_M1,2026-01-05 01:18:00,2026-01-05 02:03:00
ORD_00542,3,EXT_M1,2026-01-05 02:40:00,2026-01-05 03:04:00
ORD_00542,4,EXT_M4,2026-01-05 03:36:00,2026-01-05 03:54:00
ORD_00542,5,BLD_M1,2026-01-05 04:21:00,2026-01-05 04:48:00
ORD_00542,6,CUR_M3,2026-01-05 08:16:00,2026-01-05 09:20:00
ORD_00542,7,FIN_M4,2026-01-05 09:45:00,2026-01-05 10:06:00
ORD_00542,8,INS_M3,2026-01-05 10:59:00,2026-01-05 11:26:00
ORD_00928,1,MIX_M1,2026-01-05 01:00:00,2026-01-05 01:30:00
ORD_00928,2,CAL_M2,2026-01-05 03:10:00,2026-01-05 03:47:00
ORD_00928,3,EXT_M2,2026-01-05 04:27:00,2026-01-05 04:51:00
ORD_00928,4,BLD_M4,2026-01-05 05:02:00,2026-01-05 05:22:00
ORD_00928,5,CUR_M6,2026-01-05 07:02:00,2026-01-05 07:57:00
ORD_00928,6,FIN_M4,2026-01-05 08:15:00,2026-01-05 08:30:00
ORD_00928,7,INS_M3,2026-01-05 09:52:00,2026-01-05 10:04:00
ORD_00490,1,MIX_M2,2026-01-05 00:18:00,2026-01-05 00:47:00
ORD_00490,2,CAL_M3,2026-01-05 00:47:00,2026-01-05 01:24:00
ORD_00490,3,EXT_M4,2026-01-05 03:54:00,2026-01-05 04:15:00
ORD_00490,4,BLD_M1,2026-01-05 04:48:00,2026-01-05 05:12:00
ORD_00490,5,CUR_M2,2026-01-05 05:53:00,2026-01-05 07:01:00
ORD_00490,6,FIN_M2,2026-01-05 07:01:00,2026-01-05 07:25:00
ORD_00490,7,INS_M1,2026-01-05 07:53:00,2026-01-05 08:13:00
ORD_00105,1,MIX_M1,2026-01-07 00:18:00,2026-01-07 00:29:00
ORD_00105,2,CAL_M1,2026-01-07 01:31:00,2026-01-07 01:50:00
ORD_00105,3,EXT_M2,2026-01-07 02:16:00,2026-01-07 02:56:00
ORD_00105,4,EXT_M4,2026-01-07 03:32:00,2026-01-07 04:06:00
ORD_00105,5,BLD_M1,2026-01-07 04:43:00,2026-01-07 05:15:00
ORD_00105,6,CUR_M7,2026-01-07 06:04:00,2026-01-07 07:22:00
ORD_00105,7,FIN_M4,2026-01-07 08:05:00,2026-01-07 08:31:00
ORD_00105,8,INS_M2,2026-01-07 08:42:00,2026-01-07 09:09:00
ORD_00454,1,MIX_M1,2026-01-02 00:00:00,2026-01-02 00:11:00
ORD_00454,2,CAL_M1,2026-01-02 00:11:00,2026-01-02 00:30:00
ORD_00454,3,EXT_M2,2026-01-02 00:30:00,2026-01-02 01:10:00
ORD_00454,4,EXT_M4,2026-01-02 01:10:00,2026-01-02 01:44:00
ORD_00454,5,BLD_M1,2026-01-02 01:44:00,2026-01-02 02:16:00
ORD_00454,6,CUR_M7,2026-01-02 02:16:00,2026-01-02 03:34:00
ORD_00454,7,FIN_M4,2026-01-02 03:34:00,2026-01-02 04:00:00
ORD_00454,8,INS_M2,2026-01-02 04:00:00,2026-01-02 04:27:00
ORD_00451,1,MIX_M4,2026-01-05 01:20:00,2026-01-05 01:47:00
ORD_00451,2,CAL_M2,2026-01-05 03:47:00,2026-01-05 04:17:00
ORD_00451,3,CAL_M2,2026-01-05 04:17:00,2026-01-05 04:40:00
ORD_00451,4,EXT_M4,2026-01-05 05:20:00,2026-01-05 05:50:00
ORD_00451,5,EXT_M1,2026-01-05 06:38:00,2026-01-05 07:05:00
ORD_00451,6,BLD_M3,2026-01-05 07:39:00,2026-01-05 08:20:00
ORD_00451,7,CUR_M7,2026-01-05 08:37:00,2026-01-05 10:03:00
ORD_00451,8,CUR_M3,2026-01-05 10:46:00,2026-01-05 11:55:00
ORD_00451,9,FIN_M2,2026-01-05 12:49:00,2026-01-05 13:18:00
ORD_00451,10,INS_M3,2026-01-05 14:14:00,2026-01-05 14:24:00
ORD_00866,1,MIX_M2,2026-01-03 04:14:00,2026-01-03 04:43:00
ORD_00866,2,CAL_M1,2026-01-03 05:27:00,2026-01-03 05:51:00
ORD_00866,3,EXT_M5,2026-01-03 07:06:00,2026-01-03 07:33:00
ORD_00866,4,EXT_M3,2026-01-03 08:38:00,2026-01-03 09:19:00
ORD_00866,5,BLD_M2,2026-01-03 09:25:00,2026-01-03 10:06:00
ORD_00866,6,CUR_M2,2026-01-03 11:07:00,2026-01-03 12:28:00
ORD_00866,7,FIN_M4,2026-01-03 13:10:00,2026-01-03 13:36:00
ORD_00866,8,INS_M2,2026-01-03 14:18:00,2026-01-03 14:28:00
ORD_00937,1,MIX_M2,2026-01-05 00:47:00,2026-01-05 01:05:00
ORD_00937,2,CAL_M4,2026-01-05 02:37:00,2026-01-05 03:22:00
ORD_00937,3,EXT_M2,2026-01-05 04:51:00,2026-01-05 05:35:00
ORD_00937,4,EXT_M5,2026-01-05 05:42:00,2026-01-05 06:21:00
ORD_00937,5,BLD_M6,2026-01-05 06:56:00,2026-01-05 07:38:00
ORD_00937,6,CUR_M4,2026-01-05 08:23:00,2026-01-05 09:48:00
ORD_00937,7,FIN_M3,2026-01-05 09:59:00,2026-01-05 10:21:00
ORD_00937,8,INS_M3,2026-01-05 11:26:00,2026-01-05 11:56:00
ORD_00825,1,MIX_M2,2026-01-02 02:22:00,2026-01-02 02:52:00
ORD_00825,2,CAL_M1,2026-01-02 06:47:00,2026-01-02 07:26:00
ORD_00825,3,EXT_M5,2026-01-02 07:43:00,2026-01-02 08:21:00
ORD_00825,4,EXT_M3,2026-01-02 09:33:00,2026-01-02 09:52:00
ORD_00825,5,BLD_M1,2026-01-02 10:37:00,2026-01-02 11:08:00
ORD_00825,6,CUR_M6,2026-01-02 15:47:00,2026-01-02 17:08:00
ORD_00825,7,FIN_M2,2026-01-02 18:07:00,2026-01-02 18:31:00
ORD_00825,8,INS_M3,2026-01-02 19:18:00,2026-01-02 19:43:00
ORD_00953,1,MIX_M4,2026-01-05 00:25:00,2026-01-05 00:51:00
ORD_00953,2,CAL_M1,2026-01-05 03:43:00,2026-01-05 04:10:00
ORD_00953,3,EXT_M3,2026-01-05 04:49:00,2026-01-05 05:27:00
ORD_00953,4,BLD_M3,2026-01-05 05:53:00,2026-01-05 06:20:00
ORD_00953,5,CUR_M6,2026-01-05 07:57:00,2026-01-05 09:26:00
ORD_00953,6,FIN_M2,2026-01-05 09:59:00,2026-01-05 10:11:00
ORD_00953,7,INS_M3,2026-01-05 11:56:00,2026-01-05 12:26:00
ORD_00806,1,MIX_M4,2026-01-05 01:47:00,2026-01-05 02:06:00
ORD_00806,2,CAL_M3,2026-01-05 02:31:00,2026-01-05 03:09:00
ORD_00806,3,EXT_M5,2026-01-05 03:57:00,2026-01-05 04:39:00
ORD_00806,4,EXT_M2,2026-01-05 05:35:00,2026-01-05 06:00:00
ORD_00806,5,BLD_M1,2026-01-05 06:58:00,2026-01-05 07:36:00
ORD_00806,6,CUR_M3,2026-01-05 09:20:00,2026-01-05 10:22:00
ORD_00806,7,FIN_M3,2026-01-05 10:38:00,2026-01-05 11:08:00
ORD_00806,8,INS_M3,2026-01-05 12:26:00,2026-01-05 12:48:00
ORD_00771,1,MIX_M3,2026-01-04 01:27:00,2026-01-04 01:40:00
ORD_00771,2,CAL_M4,2026-01-04 03:23:00,2026-01-04 03:41:00
ORD_00771,3,EXT_M5,2026-01-04 04:56:00,2026-01-04 05:40:00
ORD_00771,4,EXT_M4,2026-01-04 06:27:00,2026-01-04 06:42:00
ORD_00771,5,BLD_M6,2026-01-04 06:54:00,2026-01-04 07:18:00
ORD_00771,6,CUR_M7,2026-01-04 10:18:00,2026-01-04 11:39:00
ORD_00771,7,FIN_M2,2026-01-04 12:35:00,2026-01-04 12:47:00
ORD_00771,8,INS_M2,2026-01-04 13:06:00,2026-01-04 13:24:00
ORD_00766,1,MIX_M3,2026-01-06 01:00:00,2026-01-06 01:22:00
ORD_00766,2,CAL_M4,2026-01-06 02:48:00,2026-01-06 03:19:00
ORD_00766,3,EXT_M4,2026-01-06 03:48:00,2026-01-06 04:27:00
ORD_00766,4,BLD_M4,2026-01-06 04:32:00,2026-01-06 05:18:00
ORD_00766,5,CUR_M2,2026-01-06 05:58:00,2026-01-06 06:46:00
ORD_00766,6,FIN_M3,2026-01-06 07:41:00,2026-01-06 08:11:00
ORD_00766,7,INS_M1,2026-01-06 08:45:00,2026-01-06 09:09:00
ORD_00968,1,MIX_M1,2026-01-05 01:30:00,2026-01-05 01:59:00
ORD_00968,2,CAL_M2,2026-01-05 04:40:00,2026-01-05 05:12:00
ORD_00968,3,EXT_M2,2026-01-05 06:00:00,2026-01-05 06:20:00
ORD_00968,4,BLD_M4,2026-01-05 06:44:00,2026-01-05 07:16:00
ORD_00968,5,CUR_M5,2026-01-05 07:30:00,2026-01-05 08:50:00
ORD_00968,6,FIN_M2,2026-01-05 09:06:00,2026-01-05 09:26:00
ORD_00968,7,INS_M1,2026-01-05 10:07:00,2026-01-05 10:24:00
ORD_00989,1,MIX_M2,2026-01-01 03:31:00,2026-01-01 03:45:00
ORD_00989,2,CAL_M1,2026-01-01 08:18:00,2026-01-01 08:34:00
ORD_00989,3,EXT_M3,2026-01-01 09:01:00,2026-01-01 09:46:00
ORD_00989,4,BLD_M4,2026-01-01 10:45:00,2026-01-01 11:32:00
ORD_00989,5,CUR_M7,2026-01-01 12:23:00,2026-01-01 13:18:00
ORD_00989,6,FIN_M2,2026-01-01 14:17:00,2026-01-01 14:37:00
ORD_00989,7,INS_M3,2026-01-01 16:25:00,2026-01-01 16:45:00
ORD_00422,1,MIX_M3,2026-01-04 01:40:00,2026-01-04 02:04:00
ORD_00422,2,CAL_M3,2026-01-04 03:58:00,2026-01-04 04:26:00
ORD_00422,3,EXT_M5,2026-01-04 05:40:00,2026-01-04 06:16:00
ORD_00422,4,BLD_M6,2026-01-04 07:18:00,2026-01-04 07:53:00
ORD_00422,5,CUR_M3,2026-01-04 10:35:00,2026-01-04 11:27:00
ORD_00422,6,FIN_M3,2026-01-04 12:02:00,2026-01-04 12:18:00
ORD_00422,7,INS_M1,2026-01-04 13:05:00,2026-01-04 13:33:00
ORD_00729,1,MIX_M1,2026-01-09 00:45:00,2026-01-09 00:58:00
ORD_00729,2,CAL_M1,2026-01-09 01:06:00,2026-01-09 01:51:00
ORD_00729,3,EXT_M2,2026-01-09 02:12:00,2026-01-09 02:44:00
ORD_00729,4,BLD_M1,2026-01-09 03:23:00,2026-01-09 04:09:00
ORD_00729,5,CUR_M6,2026-01-09 04:59:00,2026-01-09 06:16:00
ORD_00729,6,FIN_M2,2026-01-09 06:53:00,2026-01-09 07:16:00
ORD_00729,7,INS_M1,2026-01-09 08:01:00,2026-01-09 08:12:00
ORD_00730,1,MIX_M1,2026-01-05 01:59:00,2026-01-05 02:12:00
ORD_00730,2,CAL_M3,2026-01-05 03:09:00,2026-01-05 03:48:00
ORD_00730,3,EXT_M3,2026-01-05 05:27:00,2026-01-05 05:45:00
ORD_00730,4,EXT_M3,2026-01-05 05:45:00,2026-01-05 06:13:00
ORD_00730,5,BLD_M2,2026-01-05 06:44:00,2026-01-05 07:18:00
ORD_00730,6,CUR_M1,2026-01-05 07:50:00,2026-01-05 09:16:00
ORD_00730,7,FIN_M3,2026-01-05 11:08:00,2026-01-05 11:34:00
ORD_00730,8,INS_M1,2026-01-05 12:13:00,2026-01-05 12:39:00
ORD_00437,1,MIX_M3,2026-01-01 02:26:00,2026-01-01 02:51:00
ORD_00437,2,CAL_M1,2026-01-01 03:52:00,2026-01-01 04:10:00
ORD_00437,3,CAL_M3,2026-01-01 04:57:00,2026-01-01 05:40:00
ORD_00437,4,EXT_M3,2026-01-01 08:13:00,2026-01-01 08:35:00
ORD_00437,5,EXT_M1,2026-01-01 09:08:00,2026-01-01 09:30:00
ORD_00437,6,BLD_M5,2026-01-01 10:56:00,2026-01-01 11:46:00
ORD_00437,7,CUR_M2,2026-01-01 13:39:00,2026-01-01 14:24:00
ORD_00437,8,CUR_M8,2026-01-01 14:32:00,2026-01-01 15:16:00
ORD_00437,9,FIN_M2,2026-01-01 16:00:00,2026-01-01 16:14:00
ORD_00437,10,INS_M3,2026-01-01 16:57:00,2026-01-01 17:22:00
ORD_00258,1,MIX_M2,2026-01-04 03:05:00,2026-01-04 03:23:00
ORD_00258,2,CAL_M4,2026-01-04 03:41:00,2026-01-04 04:26:00
ORD_00258,3,EXT_M2,2026-01-04 04:44:00,2026-01-04 05:28:00
ORD_00258,4,EXT_M5,2026-01-04 06:16:00,2026-01-04 06:55:00
ORD_00258,5,BLD_M6,2026-01-04 07:53:00,2026-01-04 08:35:00
ORD_00258,6,CUR_M4,2026-01-04 08:35:00,2026-01-04 10:00:00
ORD_00258,7,FIN_M3,2026-01-04 10:38:00,2026-01-04 11:00:00
ORD_00258,8,INS_M3,2026-01-04 12:33:00,2026-01-04 13:03:00
ORD_00695,1,MIX_M2,2026-01-05 01:05:00,2026-01-05 01:28:00
ORD_00695,2,CAL_M1,2026-01-05 04:10:00,2026-01-05 04:55:00
ORD_00695,3,EXT_M2,2026-01-05 06:20:00,2026-01-05 07:01:00
ORD_00695,4,EXT_M4,2026-01-05 07:51:00,2026-01-05 08:34:00
ORD_00695,5,BLD_M3,2026-01-05 09:32:00,2026-01-05 10:21:00
ORD_00695,6,CUR_M1,2026-01-05 11:15:00,2026-01-05 12:21:00
ORD_00695,7,FIN_M1,2026-01-05 13:00:00,2026-01-05 13:22:00
ORD_00695,8,INS_M3,2026-01-05 13:50:00,2026-01-05 14:11:00
ORD_00629,1,MIX_M1,2026-01-05 02:12:00,2026-01-05 02:28:00
ORD_00629,2,CAL_M4,2026-01-05 03:22:00,2026-01-05 03:49:00
ORD_00629,3,EXT_M5,2026-01-05 04:39:00,2026-01-05 05:24:00
ORD_00629,4,BLD_M6,2026-01-05 06:29:00,2026-01-05 06:49:00
ORD_00629,5,CUR_M7,2026-01-05 10:03:00,2026-01-05 11:13:00
ORD_00629,6,FIN_M1,2026-01-05 11:40:00,2026-01-05 12:01:00
ORD_00629,7,INS_M2,2026-01-05 12:39:00,2026-01-05 13:01:00
ORD_00309,1,MIX_M4,2026-01-06 00:00:00,2026-01-06 00:19:00
ORD_00309,2,CAL_M3,2026-01-06 01:17:00,2026-01-06 01:55:00
ORD_00309,3,EXT_M5,2026-01-06 05:26:00,2026-01-06 06:08:00
ORD_00309,4,EXT_M2,2026-01-06 07:01:00,2026-01-06 07:26:00
ORD_00309,5,BLD_M1,2026-01-06 07:37:00,2026-01-06 08:15:00
ORD_00309,6,CUR_M3,2026-01-06 08:41:00,2026-01-06 09:43:00
ORD_00309,7,FIN_M3,2026-01-06 09:59:00,2026-01-06 10:29:00
ORD_00309,8,INS_M3,2026-01-06 11:01:00,2026-01-06 11:23:00
ORD_00552,1,MIX_M2,2026-01-06 01:25:00,2026-01-06 01:54:00
ORD_00552,2,CAL_M3,2026-01-06 02:16:00,2026-01-06 02:53:00
ORD_00552,3,EXT_M4,2026-01-06 04:27:00,2026-01-06 04:48:00
ORD_00552,4,BLD_M1,2026-01-06 05:28:00,2026-01-06 05:52:00
ORD_00552,5,CUR_M2,2026-01-06 08:12:00,2026-01-06 09:20:00
ORD_00552,6,FIN_M2,2026-01-06 09:40:00,2026-01-06 10:04:00
ORD_00552,7,INS_M1,2026-01-06 10:27:00,2026-01-06 10:47:00
ORD_00362,1,MIX_M3,2026-01-07 00:15:00,2026-01-07 00:26:00
ORD_00362,2,CAL_M3,2026-01-07 01:18:00,2026-01-07 01:44:00
ORD_00362,3,EXT_M3,2026-01-07 02:07:00,2026-01-07 02:35:00
ORD_00362,4,EXT_M2,2026-01-07 02:56:00,2026-01-07 03:18:00
ORD_00362,5,BLD_M5,2026-01-07 03:55:00,2026-01-07 04:28:00
ORD_00362,6,CUR_M3,2026-01-07 05:00:00,2026-01-07 05:50:00
ORD_00362,7,FIN_M2,2026-01-07 06:27:00,2026-01-07 06:39:00
ORD_00362,8,INS_M3,2026-01-07 06:48:00,2026-01-07 07:10:00
ORD_00532,1,MIX_M1,2026-01-05 02:28:00,2026-01-05 02:45:00
ORD_00532,2,CAL_M4,2026-01-05 03:49:00,2026-01-05 04:18:00
ORD_00532,3,CAL_M2,2026-01-05 05:12:00,2026-01-05 05:38:00
ORD_00532,4,EXT_M3,2026-01-05 06:13:00,2026-01-05 06:57:00
ORD_00532,5,EXT_M3,2026-01-05 06:57:00,2026-01-05 07:24:00
ORD_00532,6,BLD_M4,2026-01-05 07:50:00,2026-01-05 08:34:00
ORD_00532,7,CUR_M6,2026-01-05 09:26:00,2026-01-05 10:49:00
ORD_00532,8,CUR_M1,2026-01-05 12:21:00,2026-01-05 13:51:00
ORD_00532,9,FIN_M3,2026-01-05 14:25:00,2026-01-05 14:37:00
ORD_00532,10,INS_M2,2026-01-05 14:46:00,2026-01-05 14:59:00
ORD_00516,1,MIX_M4,2026-01-02 02:23:00,2026-01-02 02:47:00
ORD_00516,2,CAL_M3,2026-01-02 05:22:00,2026-01-02 06:02:00
ORD_00516,3,EXT_M3,2026-01-02 09:52:00,2026-01-02 10:25:00
ORD_00516,4,BLD_M1,2026-01-02 11:13:00,2026-01-02 11:44:00
ORD_00516,5,CUR_M2,2026-01-02 12:29:00,2026-01-02 13:28:00
ORD_00516,6,FIN_M4,2026-01-02 14:01:00,2026-01-02 14:25:00
ORD_00516,7,INS_M1,2026-01-02 15:24:00,2026-01-02 15:35:00
ORD_00391,1,MIX_M2,2026-01-03 04:43:00,2026-01-03 05:08:00
ORD_00391,2,CAL_M1,2026-01-03 05:56:00,2026-01-03 06:30:00
ORD_00391,3,EXT_M5,2026-01-03 07:33:00,2026-01-03 07:58:00
ORD_00391,4,BLD_M5,2026-01-03 08:57:00,2026-01-03 09:24:00
ORD_00391,5,CUR_M2,2026-01-03 12:28:00,2026-01-03 13:48:00
ORD_00391,6,FIN_M4,2026-01-03 14:24:00,2026-01-03 14:43:00
ORD_00391,7,INS_M3,2026-01-03 15:15:00,2026-01-03 15:38:00
ORD_00414,1,MIX_M1,2026-01-06 00:53:00,2026-01-06 01:04:00
ORD_00414,2,CAL_M2,2026-01-06 01:53:00,2026-01-06 02:22:00
ORD_00414,3,EXT_M4,2026-01-06 02:44:00,2026-01-06 03:14:00
ORD_00414,4,BLD_M4,2026-01-06 03:30:00,2026-01-06 03:56:00
ORD_00414,5,CUR_M6,2026-01-06 08:23:00,2026-01-06 09:41:00
ORD_00414,6,FIN_M2,2026-01-06 10:04:00,2026-01-06 10:24:00
ORD_00414,7,INS_M3,2026-01-06 11:23:00,2026-01-06 11:43:00
ORD_00223,1,MIX_M1,2026-01-05 02:45:00,2026-01-05 03:02:00
ORD_00223,2,CAL_M4,2026-01-05 04:18:00,2026-01-05 04:36:00
ORD_00223,3,EXT_M5,2026-01-05 06:21:00,2026-01-05 06:43:00
ORD_00223,4,BLD_M5,2026-01-05 07:20:00,2026-01-05 07:59:00
ORD_00223,5,CUR_M1,2026-01-05 09:16:00,2026-01-05 10:35:00
ORD_00223,6,FIN_M1,2026-01-05 12:01:00,2026-01-05 12:24:00
ORD_00223,7,INS_M3,2026-01-05 13:05:00,2026-01-05 13:33:00
ORD_00000,1,MIX_M2,2026-01-07 00:46:00,2026-01-07 01:02:00
ORD_00000,2,CAL_M2,2026-01-07 01:34:00,2026-01-07 01:49:00
ORD_00000,3,EXT_M1,2026-01-07 02:10:00,2026-01-07 02:32:00
ORD_00000,4,BLD_M4,2026-01-07 03:25:00,2026-01-07 04:04:00
ORD_00000,5,CUR_M2,2026-01-07 04:58:00,2026-01-07 06:07:00
ORD_00000,6,FIN_M4,2026-01-07 06:15:00,2026-01-07 06:45:00
ORD_00000,7,INS_M3,2026-01-07 07:10:00,2026-01-07 07:26:00
ORD_00999,1,MIX_M2,2026-01-05 01:28:00,2026-01-05 01:42:00
ORD_00999,2,CAL_M1,2026-01-05 04:55:00,2026-01-05 05:11:00
ORD_00999,3,EXT_M3,2026-01-05 07:24:00,2026-01-05 08:09:00
ORD_00999,4,BLD_M4,2026-01-05 08:34:00,2026-01-05 09:21:00
ORD_00999,5,CUR_M7,2026-01-05 11:13:00,2026-01-05 12:08:00
ORD_00999,6,FIN_M2,2026-01-05 13:18:00,2026-01-05 13:38:00
ORD_00999,7,INS_M3,2026-01-05 14:24:00,2026-01-05 14:44:00
ORD_00081,1,MIX_M1,2026-01-05 03:02:00,2026-01-05 03:13:00
ORD_00081,2,CAL_M2,2026-01-05 05:38:00,2026-01-05 06:07:00
ORD_00081,3,EXT_M4,2026-01-05 06:07:00,2026-01-05 06:37:00
ORD_00081,4,BLD_M4,2026-01-05 07:16:00,2026-01-05 07:42:00
ORD_00081,5,CUR_M6,2026-01-05 10:49:00,2026-01-05 12:07:00
ORD_00081,6,FIN_M2,2026-01-05 12:12:00,2026-01-05 12:32:00
ORD_00081,7,INS_M3,2026-01-05 14:44:00,2026-01-05 15:04:00
ORD_00014,1,MIX_M2,2026-01-04 03:23:00,2026-01-04 03:41:00
ORD_00014,2,CAL_M4,2026-01-04 04:26:00,2026-01-04 05:11:00
ORD_00014,3,EXT_M2,2026-01-04 05:56:00,2026-01-04 06:40:00
ORD_00014,4,EXT_M5,2026-01-04 07:34:00,2026-01-04 08:13:00
ORD_00014,5,BLD_M6,2026-01-04 09:07:00,2026-01-04 09:49:00
ORD_00014,6,CUR_M4,2026-01-04 10:00:00,2026-01-04 11:25:00
ORD_00014,7,FIN_M3,2026-01-04 11:39:00,2026-01-04 12:01:00
ORD_00014,8,INS_M3,2026-01-04 13:03:00,2026-01-04 13:33:00
ORD_00121,1,MIX_M2,2026-01-05 01:42:00,2026-01-05 02:11:00
ORD_00121,2,CAL_M3,2026-01-05 03:48:00,2026-01-05 04:25:00
ORD_00121,3,EXT_M4,2026-01-05 06:37:00,2026-01-05 06:58:00
ORD_00121,4,BLD_M1,2026-01-05 07:36:00,2026-01-05 08:00:00
ORD_00121,5,CUR_M2,2026-01-05 08:59:00,2026-01-05 10:07:00
ORD_00121,6,FIN_M2,2026-01-05 10:40:00,2026-01-05 11:04:00
ORD_00121,7,INS_M1,2026-01-05 11:46:00,2026-01-05 12:06:00
ORD_00106,1,MIX_M1,2026-01-05 03:13:00,2026-01-05 03:33:00
ORD_00106,2,CAL_M2,2026-01-05 06:07:00,2026-01-05 06:41:00
ORD_00106,3,EXT_M4,2026-01-05 07:20:00,2026-01-05 07:39:00
ORD_00106,4,EXT_M2,2026-01-05 08:03:00,2026-01-05 08:23:00
ORD_00106,5,BLD_M6,2026-01-05 08:36:00,2026-01-05 09:20:00
ORD_00106,6,CUR_M3,2026-01-05 11:55:00,2026-01-05 13:21:00
ORD_00106,7,FIN_M4,2026-01-05 13:54:00,2026-01-05 14:05:00
ORD_00106,8,INS_M2,2026-01-05 14:59:00,2026-01-05 15:20:00
ORD_00332,1,MIX_M1,2026-01-07 00:58:00,2026-01-07 01:12:00
ORD_00332,2,CAL_M1,2026-01-07 02:28:00,2026-01-07 02:50:00
ORD_00332,3,EXT_M3,2026-01-07 03:32:00,2026-01-07 03:58:00
ORD_00332,4,BLD_M4,2026-01-07 04:12:00,2026-01-07 05:02:00
ORD_00332,5,CUR_M1,2026-01-07 05:20:00,2026-01-07 06:38:00
ORD_00332,6,FIN_M2,2026-01-07 06:45:00,2026-01-07 07:09:00
ORD_00332,7,INS_M2,2026-01-07 08:00:00,2026-01-07 08:21:00
ORD_00902,1,MIX_M2,2026-01-08 00:48:00,2026-01-08 01:02:00
ORD_00902,2,CAL_M2,2026-01-08 01:48:00,2026-01-08 02:28:00
ORD_00902,3,EXT_M4,2026-01-08 02:42:00,2026-01-08 02:57:00
ORD_00902,4,EXT_M3,2026-01-08 03:13:00,2026-01-08 03:45:00
ORD_00902,5,BLD_M5,2026-01-08 04:22:00,2026-01-08 04:53:00
ORD_00902,6,CUR_M8,2026-01-08 05:18:00,2026-01-08 06:33:00
ORD_00902,7,FIN_M2,2026-01-08 07:12:00,2026-01-08 07:41:00
ORD_00902,8,INS_M1,2026-01-08 07:52:00,2026-01-08 08:04:00
ORD_00405,1,MIX_M1,2026-01-03 01:34:00,2026-01-03 01:50:00
ORD_00405,2,CAL_M4,2026-01-03 04:46:00,2026-01-03 05:13:00
ORD_00405,3,EXT_M5,2026-01-03 07:58:00,2026-01-03 08:43:00
ORD_00405,4,BLD_M6,2026-01-03 08:51:00,2026-01-03 09:11:00
ORD_00405,5,CUR_M7,2026-01-03 10:22:00,2026-01-03 11:32:00
ORD_00405,6,FIN_M1,2026-01-03 12:19:00,2026-01-03 12:40:00
ORD_00405,7,INS_M2,2026-01-03 12:50:00,2026-01-03 13:12:00
ORD_00868,1,MIX_M4,2026-01-05 02:06:00,2026-01-05 02:33:00
ORD_00868,2,CAL_M3,2026-01-05 04:25:00,2026-01-05 05:06:00
ORD_00868,3,EXT_M5,2026-01-05 06:43:00,2026-01-05 07:19:00
ORD_00868,4,BLD_M5,2026-01-05 08:08:00,2026-01-05 08:31:00
ORD_00868,5,CUR_M3,2026-01-05 13:21:00,2026-01-05 14:07:00
ORD_00868,6,FIN_M4,2026-01-05 14:31:00,2026-01-05 14:52:00
ORD_00868,7,INS_M2,2026-01-05 15:29:00,2026-01-05 15:56:00
ORD_00862,1,MIX_M1,2026-01-05 03:33:00,2026-01-05 03:48:00
ORD_00862,2,CAL_M4,2026-01-05 04:36:00,2026-01-05 05:05:00
ORD_00862,3,EXT_M5,2026-01-05 07:19:00,2026-01-05 07:58:00
ORD_00862,4,BLD_M5,2026-01-05 08:31:00,2026-01-05 09:05:00
ORD_00862,5,CUR_M6,2026-01-05 12:07:00,2026-01-05 13:27:00
ORD_00862,6,FIN_M3,2026-01-05 14:37:00,2026-01-05 14:51:00
ORD_00862,7,INS_M2,2026-01-05 15:56:00,2026-01-05 16:08:00
ORD_00840,1,MIX_M1,2026-01-05 00:00:00,2026-01-05 00:15:00
ORD_00840,2,CAL_M4,2026-01-05 05:05:00,2026-01-05 05:34:00
ORD_00840,3,EXT_M5,2026-01-05 07:58:00,2026-01-05 08:37:00
ORD_00840,4,BLD_M5,2026-01-05 09:05:00,2026-01-05 09:39:00
ORD_00840,5,CUR_M6,2026-01-05 13:27:00,2026-01-05 14:47:00
ORD_00840,6,FIN_M3,2026-01-05 14:51:00,2026-01-05 15:05:00
ORD_00840,7,INS_M2,2026-01-05 16:08:00,2026-01-05 16:20:00
ORD_00814,1,MIX_M1,2026-01-06 01:04:00,2026-01-06 01:34:00
ORD_00814,2,CAL_M1,2026-01-06 03:34:00,2026-01-06 03:56:00
ORD_00814,3,EXT_M1,2026-01-06 04:11:00,2026-01-06 04:54:00
ORD_00814,4,BLD_M1,2026-01-06 05:52:00,2026-01-06 06:39:00
ORD_00814,5,CUR_M6,2026-01-06 09:41:00,2026-01-06 10:25:00
ORD_00814,6,FIN_M2,2026-01-06 11:20:00,2026-01-06 11:38:00
ORD_00814,7,INS_M3,2026-01-06 12:34:00,2026-01-06 12:59:00
ORD_00128,1,MIX_M2,2026-01-05 02:11:00,2026-01-05 02:41:00
ORD_00128,2,CAL_M1,2026-01-05 05:11:00,2026-01-05 05:50:00
ORD_00128,3,EXT_M5,2026-01-05 08:37:00,2026-01-05 09:15:00
ORD_00128,4,EXT_M3,2026-01-05 10:05:00,2026-01-05 10:24:00
ORD_00128,5,BLD_M1,2026-01-05 10:39:00,2026-01-05 11:10:00
ORD_00128,6,CUR_M6,2026-01-05 14:47:00,2026-01-05 16:08:00
ORD_00128,7,FIN_M2,2026-01-05 17:04:00,2026-01-05 17:28:00
ORD_00128,8,INS_M3,2026-01-05 17:56:00,2026-01-05 18:21:00
ORD_00790,1,MIX_M4,2026-01-05 02:33:00,2026-01-05 02:55:00
ORD_00790,2,CAL_M4,2026-01-05 05:34:00,2026-01-05 06:12:00
ORD_00790,3,EXT_M1,2026-01-05 07:05:00,2026-01-05 07:30:00
ORD_00790,4,BLD_M4,2026-01-05 09:21:00,2026-01-05 09:51:00
ORD_00790,5,CUR_M5,2026-01-05 10:18:00,2026-01-05 11:21:00
ORD_00790,6,FIN_M2,2026-01-05 13:38:00,2026-01-05 14:03:00
ORD_00790,7,INS_M1,2026-01-05 14:17:00,2026-01-05 14:29:00
ORD_00436,1,MIX_M3,2026-01-09 00:19:00,2026-01-09 00:33:00
ORD_00436,2,CAL_M1,2026-01-09 00:40:00,2026-01-09 01:03:00
ORD_00436,3,EXT_M2,2026-01-09 01:17:00,2026-01-09 01:36:00
ORD_00436,4,BLD_M5,2026-01-09 01:57:00,2026-01-09 02:25:00
ORD_00436,5,CUR_M3,2026-01-09 02:54:00,2026-01-09 03:41:00
ORD_00436,6,FIN_M1,2026-01-09 04:07:00,2026-01-09 04:21:00
ORD_00436,7,INS_M1,2026-01-09 04:45:00,2026-01-09 05:06:00
ORD_00057,1,MIX_M1,2026-01-04 01:37:00,2026-01-04 02:03:00
ORD_00057,2,CAL_M2,2026-01-04 03:41:00,2026-01-04 04:24:00
ORD_00057,3,EXT_M3,2026-01-04 04:36:00,2026-01-04 05:02:00
ORD_00057,4,EXT_M2,2026-01-04 05:28:00,2026-01-04 05:50:00
ORD_00057,5,BLD_M1,2026-01-04 06:21:00,2026-01-04 06:45:00
ORD_00057,6,CUR_M5,2026-01-04 07:33:00,2026-01-04 08:25:00
ORD_00057,7,FIN_M2,2026-01-04 08:44:00,2026-01-04 09:13:00
ORD_00057,8,INS_M1,2026-01-04 10:07:00,2026-01-04 10:37:00
ORD_00718,1,MIX_M1,2026-01-04 02:03:00,2026-01-04 02:23:00
ORD_00718,2,CAL_M2,2026-01-04 04:24:00,2026-01-04 04:58:00
ORD_00718,3,EXT_M4,2026-01-04 06:42:00,2026-01-04 07:01:00
ORD_00718,4,EXT_M2,2026-01-04 07:19:00,2026-01-04 07:39:00
ORD_00718,5,BLD_M6,2026-01-04 09:49:00,2026-01-04 10:33:00
ORD_00718,6,CUR_M3,2026-01-04 11:27:00,2026-01-04 12:53:00
ORD_00718,7,FIN_M4,2026-01-04 13:44:00,2026-01-04 13:55:00
ORD_00718,8,INS_M2,2026-01-04 14:14:00,2026-01-04 14:35:00
ORD_00115,1,MIX_M4,2026-01-05 02:55:00,2026-01-05 03:13:00
ORD_00115,2,CAL_M1,2026-01-05 05:50:00,2026-01-05 06:29:00
ORD_00115,3,EXT_M2,2026-01-05 07:02:00,2026-01-05 07:26:00
ORD_00115,4,BLD_M3,2026-01-05 08:20:00,2026-01-05 09:07:00
ORD_00115,5,CUR_M1,2026-01-05 13:51:00,2026-01-05 15:12:00
ORD_00115,6,FIN_M3,2026-01-05 16:11:00,2026-01-05 16:29:00
ORD_00115,7,INS_M1,2026-01-05 16:51:00,2026-01-05 17:12:00
ORD_00335,1,MIX_M2,2026-01-04 03:41:00,2026-01-04 04:06:00
ORD_00335,2,CAL_M1,2026-01-04 04:19:00,2026-01-04 04:53:00
ORD_00335,3,EXT_M5,2026-01-04 06:55:00,2026-01-04 07:20:00
ORD_00335,4,BLD_M5,2026-01-04 07:45:00,2026-01-04 08:12:00
ORD_00335,5,CUR_M2,2026-01-04 09:55:00,2026-01-04 11:15:00
ORD_00335,6,FIN_M4,2026-01-04 12:14:00,2026-01-04 12:33:00
ORD_00335,7,INS_M3,2026-01-04 13:33:00,2026-01-04 13:56:00
ORD_00714,1,MIX_M2,2026-01-09 00:49:00,2026-01-09 01:07:00
ORD_00714,2,CAL_M4,2026-01-09 01:52:00,2026-01-09 02:37:00
ORD_00714,3,EXT_M2,2026-01-09 03:29:00,2026-01-09 04:13:00
ORD_00714,4,EXT_M5,2026-01-09 04:32:00,2026-01-09 05:11:00
ORD_00714,5,BLD_M6,2026-01-09 06:09:00,2026-01-09 06:51:00
ORD_00714,6,CUR_M4,2026-01-09 06:51:00,2026-01-09 08:16:00
ORD_00714,7,FIN_M3,2026-01-09 09:07:00,2026-01-09 09:29:00
ORD_00714,8,INS_M3,2026-01-09 09:50:00,2026-01-09 10:20:00
ORD_00689,1,MIX_M1,2026-01-06 00:27:00,2026-01-06 00:47:00
ORD_00689,2,CAL_M2,2026-01-06 00:47:00,2026-01-06 01:21:00
ORD_00689,3,EXT_M4,2026-01-06 01:21:00,2026-01-06 01:40:00
ORD_00689,4,EXT_M2,2026-01-06 02:04:00,2026-01-06 02:24:00
ORD_00689,5,BLD_M6,2026-01-06 02:37:00,2026-01-06 03:21:00
ORD_00689,6,CUR_M3,2026-01-06 03:54:00,2026-01-06 05:20:00
ORD_00689,7,FIN_M4,2026-01-06 05:47:00,2026-01-06 05:58:00
ORD_00689,8,INS_M2,2026-01-06 05:58:00,2026-01-06 06:19:00
ORD_00607,1,MIX_M1,2026-01-04 02:23:00,2026-01-04 02:43:00
ORD_00607,2,CAL_M1,2026-01-04 03:52:00,2026-01-04 04:08:00
ORD_00607,3,EXT_M5,2026-01-04 08:13:00,2026-01-04 08:43:00
ORD_00607,4,EXT_M5,2026-01-04 08:43:00,2026-01-04 09:27:00
ORD_00607,5,BLD_M5,2026-01-04 10:05:00,2026-01-04 10:30:00
ORD_00607,6,CUR_M1,2026-01-04 11:08:00,2026-01-04 12:20:00
ORD_00607,7,FIN_M1,2026-01-04 13:03:00,2026-01-04 13:18:00
ORD_00607,8,INS_M1,2026-01-04 14:01:00,2026-01-04 14:30:00
ORD_00606,1,MIX_M4,2026-01-08 00:56:00,2026-01-08 01:23:00
ORD_00606,2,CAL_M3,2026-01-08 01:23:00,2026-01-08 02:04:00
ORD_00606,3,EXT_M5,2026-01-08 02:14:00,2026-01-08 02:50:00
ORD_00606,4,BLD_M5,2026-01-08 03:34:00,2026-01-08 03:57:00
ORD_00606,5,CUR_M3,2026-01-08 04:52:00,2026-01-08 05:38:00
ORD_00606,6,FIN_M4,2026-01-08 06:02:00,2026-01-08 06:23:00
ORD_00606,7,INS_M2,2026-01-08 06:52:00,2026-01-08 07:19:00
ORD_00605,1,MIX_M1,2026-01-04 02:43:00,2026-01-04 03:07:00
ORD_00605,2,CAL_M2,2026-01-04 04:58:00,2026-01-04 05:43:00
ORD_00605,3,EXT_M5,2026-01-04 09:27:00,2026-01-04 09:43:00
ORD_00605,4,EXT_M5,2026-01-04 09:43:00,2026-01-04 10:07:00
ORD_00605,5,BLD_M4,2026-01-04 10:14:00,2026-01-04 10:54:00
ORD_00605,6,CUR_M1,2026-01-04 12:20:00,2026-01-04 13:03:00
ORD_00605,7,FIN_M4,2026-01-04 13:12:00,2026-01-04 13:34:00
ORD_00605,8,INS_M2,2026-01-04 13:47:00,2026-01-04 14:00:00
ORD_00264,1,MIX_M4,2026-01-09 00:07:00,2026-01-09 00:35:00
ORD_00264,2,CAL_M1,2026-01-09 01:51:00,2026-01-09 02:08:00
ORD_00264,3,EXT_M4,2026-01-09 02:24:00,2026-01-09 02:43:00
ORD_00264,4,BLD_M4,2026-01-09 03:23:00,2026-01-09 03:48:00
ORD_00264,5,CUR_M1,2026-01-09 04:03:00,2026-01-09 04:59:00
ORD_00264,6,FIN_M4,2026-01-09 05:12:00,2026-01-09 05:32:00
ORD_00264,7,INS_M1,2026-01-09 05:49:00,2026-01-09 06:13:00
ORD_00586,1,MIX_M3,2026-01-06 01:22:00,2026-01-06 01:43:00
ORD_00586,2,CAL_M2,2026-01-06 02:37:00,2026-01-06 03:11:00
ORD_00586,3,EXT_M5,2026-01-06 06:08:00,2026-01-06 06:53:00
ORD_00586,4,BLD_M6,2026-01-06 07:46:00,2026-01-06 08:28:00
ORD_00586,5,CUR_M2,2026-01-06 09:20:00,2026-01-06 10:49:00
ORD_00586,6,FIN_M2,2026-01-06 11:38:00,2026-01-06 11:57:00
ORD_00586,7,INS_M1,2026-01-06 12:24:00,2026-01-06 12:52:00
ORD_00573,1,MIX_M2,2026-01-05 02:41:00,2026-01-05 02:59:00
ORD_00573,2,CAL_M4,2026-01-05 06:12:00,2026-01-05 06:57:00
ORD_00573,3,EXT_M2,2026-01-05 08:23:00,2026-01-05 09:07:00
ORD_00573,4,EXT_M5,2026-01-05 09:20:00,2026-01-05 09:59:00
ORD_00573,5,BLD_M6,2026-01-05 10:48:00,2026-01-05 11:30:00
ORD_00573,6,CUR_M4,2026-01-05 11:30:00,2026-01-05 12:55:00
ORD_00573,7,FIN_M3,2026-01-05 12:55:00,2026-01-05 13:17:00
ORD_00573,8,INS_M3,2026-01-05 15:04:00,2026-01-05 15:34:00
ORD_00274,1,MIX_M1,2026-01-05 03:48:00,2026-01-05 04:01:00
ORD_00274,2,CAL_M3,2026-01-05 05:06:00,2026-01-05 05:45:00
ORD_00274,3,EXT_M3,2026-01-05 08:09:00,2026-01-05 08:27:00
ORD_00274,4,EXT_M3,2026-01-05 08:27:00,2026-01-05 08:55:00
ORD_00274,5,BLD_M2,2026-01-05 08:55:00,2026-01-05 09:29:00
ORD_00274,6,CUR_M1,2026-01-05 15:12:00,2026-01-05 16:38:00
ORD_00274,7,FIN_M3,2026-01-05 16:58:00,2026-01-05 17:24:00
ORD_00274,8,INS_M1,2026-01-05 18:22:00,2026-01-05 18:48:00
ORD_00563,1,MIX_M4,2026-01-06 00:50:00,2026-01-06 01:06:00
ORD_00563,2,CAL_M2,2026-01-06 03:11:00,2026-01-06 03:53:00
ORD_00563,3,EXT_M1,2026-01-06 04:54:00,2026-01-06 05:17:00
ORD_00563,4,EXT_M4,2026-01-06 06:03:00,2026-01-06 06:28:00
ORD_00563,5,BLD_M5,2026-01-06 07:13:00,2026-01-06 07:41:00
ORD_00563,6,CUR_M1,2026-01-06 08:27:00,2026-01-06 09:25:00
ORD_00563,7,FIN_M3,2026-01-06 10:29:00,2026-01-06 10:57:00
ORD_00563,8,INS_M3,2026-01-06 11:43:00,2026-01-06 12:08:00
ORD_00058,1,MIX_M1,2026-01-06 01:34:00,2026-01-06 01:46:00
ORD_00058,2,CAL_M4,2026-01-06 03:19:00,2026-01-06 03:37:00
ORD_00058,3,EXT_M3,2026-01-06 04:32:00,2026-01-06 05:12:00
ORD_00058,4,BLD_M2,2026-01-06 05:29:00,2026-01-06 06:06:00
ORD_00058,5,CUR_M1,2026-01-06 09:25:00,2026-01-06 10:42:00
ORD_00058,6,FIN_M3,2026-01-06 11:31:00,2026-01-06 11:44:00
ORD_00058,7,INS_M2,2026-01-06 12:34:00,2026-01-06 12:55:00
ORD_00906,1,MIX_M2,2026-01-06 01:54:00,2026-01-06 02:18:00
ORD_00906,2,CAL_M3,2026-01-06 02:53:00,2026-01-06 03:27:00
ORD_00906,3,EXT_M5,2026-01-06 04:26:00,2026-01-06 04:41:00
ORD_00906,4,BLD_M6,2026-01-06 06:50:00,2026-01-06 07:36:00
ORD_00906,5,CUR_M5,2026-01-06 07:42:00,2026-01-06 09:04:00
ORD_00906,6,FIN_M1,2026-01-06 09:55:00,2026-01-06 10:09:00
ORD_00906,7,INS_M2,2026-01-06 10:48:00,2026-01-06 11:01:00
ORD_00519,1,MIX_M3,2026-01-07 00:29:00,2026-01-07 00:39:00
ORD_00519,2,CAL_M1,2026-01-07 02:50:00,2026-01-07 03:34:00
ORD_00519,3,EXT_M5,2026-01-07 04:22:00,2026-01-07 05:00:00
ORD_00519,4,EXT_M4,2026-01-07 05:59:00,2026-01-07 06:40:00
ORD_00519,5,BLD_M3,2026-01-07 06:47:00,2026-01-07 07:31:00
ORD_00519,6,CUR_M4,2026-01-07 07:42:00,2026-01-07 09:00:00
ORD_00519,7,FIN_M3,2026-01-07 09:33:00,2026-01-07 09:50:00
ORD_00519,8,INS_M3,2026-01-07 10:04:00,2026-01-07 10:20:00
ORD_00924,1,MIX_M2,2026-01-06 02:18:00,2026-01-06 02:40:00
ORD_00924,2,CAL_M1,2026-01-06 03:56:00,2026-01-06 04:22:00
ORD_00924,3,EXT_M2,2026-01-06 04:42:00,2026-01-06 04:57:00
ORD_00924,4,EXT_M3,2026-01-06 05:12:00,2026-01-06 05:56:00
ORD_00924,5,BLD_M1,2026-01-06 06:39:00,2026-01-06 07:25:00
ORD_00924,6,CUR_M6,2026-01-06 10:25:00,2026-01-06 11:55:00
ORD_00924,7,FIN_M2,2026-01-06 12:43:00,2026-01-06 12:57:00
ORD_00924,8,INS_M1,2026-01-06 13:48:00,2026-01-06 14:07:00
ORD_00975,1,MIX_M1,2026-01-06 01:46:00,2026-01-06 02:13:00
ORD_00975,2,CAL_M2,2026-01-06 03:53:00,2026-01-06 04:16:00
ORD_00975,3,EXT_M3,2026-01-06 05:56:00,2026-01-06 06:30:00
ORD_00975,4,EXT_M2,2026-01-06 07:26:00,2026-01-06 08:03:00
ORD_00975,5,BLD_M3,2026-01-06 08:27:00,2026-01-06 08:53:00
ORD_00975,6,CUR_M5,2026-01-06 09:48:00,2026-01-06 11:00:00
ORD_00975,7,FIN_M4,2026-01-06 11:05:00,2026-01-06 11:23:00
ORD_00975,8,INS_M1,2026-01-06 12:00:00,2026-01-06 12:12:00
ORD_00146,1,MIX_M2,2026-01-04 04:06:00,2026-01-04 04:31:00
ORD_00146,2,CAL_M1,2026-01-04 04:55:00,2026-01-04 05:29:00
ORD_00146,3,EXT_M5,2026-01-04 10:07:00,2026-01-04 10:32:00
ORD_00146,4,BLD_M5,2026-01-04 11:10:00,2026-01-04 11:37:00
ORD_00146,5,CUR_M2,2026-01-04 11:56:00,2026-01-04 13:16:00
ORD_00146,6,FIN_M4,2026-01-04 13:55:00,2026-01-04 14:14:00
ORD_00146,7,INS_M3,2026-01-04 14:48:00,2026-01-04 15:11:00
ORD_00933,1,MIX_M4,2026-01-04 01:26:00,2026-01-04 01:51:00
ORD_00933,2,CAL_M4,2026-01-04 05:11:00,2026-01-04 05:33:00
ORD_00933,3,EXT_M2,2026-01-04 06:40:00,2026-01-04 07:15:00
ORD_00933,4,BLD_M6,2026-01-04 08:35:00,2026-01-04 08:55:00
ORD_00933,5,CUR_M2,2026-01-04 13:16:00,2026-01-04 14:45:00
ORD_00933,6,FIN_M4,2026-01-04 15:19:00,2026-01-04 15:36:00
ORD_00933,7,INS_M1,2026-01-04 16:10:00,2026-01-04 16:36:00
ORD_00942,1,MIX_M3,2026-01-06 00:00:00,2026-01-06 00:10:00
ORD_00942,2,CAL_M1,2026-01-06 04:22:00,2026-01-06 05:06:00
ORD_00942,3,EXT_M5,2026-01-06 06:53:00,2026-01-06 07:31:00
ORD_00942,4,EXT_M4,2026-01-06 07:31:00,2026-01-06 08:12:00
ORD_00942,5,BLD_M3,2026-01-06 08:53:00,2026-01-06 09:37:00
ORD_00942,6,CUR_M4,2026-01-06 09:37:00,2026-01-06 10:55:00
ORD_00942,7,FIN_M3,2026-01-06 10:57:00,2026-01-06 11:14:00
ORD_00942,8,INS_M3,2026-01-06 12:08:00,2026-01-06 12:24:00
ORD_00920,1,MIX_M2,2026-01-07 01:02:00,2026-01-07 01:27:00
ORD_00920,2,CAL_M2,2026-01-07 01:54:00,2026-01-07 02:16:00
ORD_00920,3,EXT_M4,2026-01-07 04:06:00,2026-01-07 04:41:00
ORD_00920,4,BLD_M3,2026-01-07 05:16:00,2026-01-07 05:50:00
ORD_00920,5,CUR_M5,2026-01-07 06:05:00,2026-01-07 07:27:00
ORD_00920,6,FIN_M1,2026-01-07 08:16:00,2026-01-07 08:40:00
ORD_00920,7,INS_M2,2026-01-07 09:09:00,2026-01-07 09:36:00
ORD_00177,1,MIX_M1,2026-01-05 04:01:00,2026-01-05 04:12:00
ORD_00177,2,CAL_M2,2026-01-05 06:41:00,2026-01-05 07:10:00
ORD_00177,3,EXT_M4,2026-01-05 08:34:00,2026-01-05 09:04:00
ORD_00177,4,BLD_M4,2026-01-05 09:51:00,2026-01-05 10:17:00
ORD_00177,5,CUR_M6,2026-01-05 16:08:00,2026-01-05 17:26:00
ORD_00177,6,FIN_M2,2026-01-05 17:41:00,2026-01-05 18:01:00
ORD_00177,7,INS_M3,2026-01-05 18:21:00,2026-01-05 18:41:00
ORD_00348,1,MIX_M4,2026-01-07 00:54:00,2026-01-07 01:18:00
ORD_00348,2,CAL_M3,2026-01-07 01:50:00,2026-01-07 02:30:00
ORD_00348,3,EXT_M3,2026-01-07 02:50:00,2026-01-07 03:23:00
ORD_00348,4,BLD_M1,2026-01-07 03:42:00,2026-01-07 04:13:00
ORD_00348,5,CUR_M2,2026-01-07 06:07:00,2026-01-07 07:06:00
ORD_00348,6,FIN_M4,2026-01-07 08:31:00,2026-01-07 08:55:00
ORD_00348,7,INS_M1,2026-01-07 09:49:00,2026-01-07 10:00:00
ORD_00824,1,MIX_M4,2026-01-08 00:35:00,2026-01-08 00:46:00
ORD_00824,2,CAL_M3,2026-01-08 02:04:00,2026-01-08 02:38:00
ORD_00824,3,EXT_M3,2026-01-08 03:45:00,2026-01-08 04:11:00
ORD_00824,4,BLD_M1,2026-01-08 04:18:00,2026-01-08 04:56:00
ORD_00824,5,CUR_M4,2026-01-08 05:50:00,2026-01-08 06:39:00
ORD_00824,6,FIN_M4,2026-01-08 07:00:00,2026-01-08 07:17:00
ORD_00824,7,INS_M1,2026-01-08 07:29:00,2026-01-08 07:50:00
ORD_00430,1,MIX_M3,2026-01-05 01:56:00,2026-01-05 02:23:00
ORD_00430,2,CAL_M1,2026-01-05 06:29:00,2026-01-05 06:58:00
ORD_00430,3,EXT_M3,2026-01-05 08:55:00,2026-01-05 09:31:00
ORD_00430,4,BLD_M6,2026-01-05 09:46:00,2026-01-05 10:27:00
ORD_00430,5,CUR_M5,2026-01-05 11:21:00,2026-01-05 12:38:00
ORD_00430,6,FIN_M4,2026-01-05 13:20:00,2026-01-05 13:50:00
ORD_00430,7,INS_M2,2026-01-05 14:31:00,2026-01-05 14:44:00
ORD_00496,1,MIX_M2,2026-01-05 02:59:00,2026-01-05 03:22:00
ORD_00496,2,CAL_M1,2026-01-05 06:58:00,2026-01-05 07:43:00
ORD_00496,3,EXT_M2,2026-01-05 09:07:00,2026-01-05 09:48:00
ORD_00496,4,EXT_M4,2026-01-05 10:42:00,2026-01-05 11:25:00
ORD_00496,5,BLD_M3,2026-01-05 12:12:00,2026-01-05 13:01:00
ORD_00496,6,CUR_M1,2026-01-05 16:38:00,2026-01-05 17:44:00
ORD_00496,7,FIN_M1,2026-01-05 17:55:00,2026-01-05 18:17:00
ORD_00496,8,INS_M3,2026-01-05 19:06:00,2026-01-05 19:27:00
ORD_00063,1,MIX_M1,2026-01-03 01:50:00,2026-01-03 02:09:00
ORD_00063,2,CAL_M4,2026-01-03 05:13:00,2026-01-03 05:40:00
ORD_00063,3,EXT_M2,2026-01-03 06:37:00,2026-01-03 06:54:00
ORD_00063,4,BLD_M5,2026-01-03 07:42:00,2026-01-03 08:24:00
ORD_00063,5,CUR_M4,2026-01-03 10:03:00,2026-01-03 10:49:00
ORD_00063,6,FIN_M3,2026-01-03 11:33:00,2026-01-03 12:02:00
ORD_00063,7,INS_M1,2026-01-03 12:19:00,2026-01-03 12:47:00
ORD_00698,1,MIX_M1,2026-01-07 00:29:00,2026-01-07 00:44:00
ORD_00698,2,CAL_M4,2026-01-07 01:22:00,2026-01-07 01:51:00
ORD_00698,3,EXT_M5,2026-01-07 02:36:00,2026-01-07 03:15:00
ORD_00698,4,BLD_M5,2026-01-07 04:28:00,2026-01-07 05:02:00
ORD_00698,5,CUR_M6,2026-01-07 05:07:00,2026-01-07 06:27:00
ORD_00698,6,FIN_M3,2026-01-07 07:07:00,2026-01-07 07:21:00
ORD_00698,7,INS_M2,2026-01-07 07:47:00,2026-01-07 07:59:00
ORD_00431,1,MIX_M3,2026-01-09 00:49:00,2026-01-09 01:08:00
ORD_00431,2,CAL_M2,2026-01-09 01:28:00,2026-01-09 02:13:00
ORD_00431,3,EXT_M2,2026-01-09 02:47:00,2026-01-09 03:12:00
ORD_00431,4,EXT_M4,2026-01-09 03:45:00,2026-01-09 04:06:00
ORD_00431,5,BLD_M2,2026-01-09 05:05:00,2026-01-09 05:29:00
ORD_00431,6,CUR_M3,2026-01-09 05:48:00,2026-01-09 06:32:00
ORD_00431,7,FIN_M3,2026-01-09 07:19:00,2026-01-09 07:32:00
ORD_00431,8,INS_M3,2026-01-09 08:21:00,2026-01-09 08:48:00
ORD_00322,1,MIX_M1,2026-01-05 04:12:00,2026-01-05 04:29:00
ORD_00322,2,CAL_M4,2026-01-05 06:57:00,2026-01-05 07:15:00
ORD_00322,3,EXT_M5,2026-01-05 09:59:00,2026-01-05 10:21:00
ORD_00322,4,BLD_M5,2026-01-05 11:06:00,2026-01-05 11:45:00
ORD_00322,5,CUR_M1,2026-01-05 17:44:00,2026-01-05 19:03:00
ORD_00322,6,FIN_M1,2026-01-05 19:53:00,2026-01-05 20:16:00
ORD_00322,7,INS_M3,2026-01-05 20:24:00,2026-01-05 20:52:00
ORD_00487,1,MIX_M2,2026-01-06 02:40:00,2026-01-06 03:10:00
ORD_00487,2,CAL_M1,2026-01-06 05:06:00,2026-01-06 05:45:00
ORD_00487,3,EXT_M5,2026-01-06 07:31:00,2026-01-06 08:09:00
ORD_00487,4,EXT_M3,2026-01-06 08:51:00,2026-01-06 09:10:00
ORD_00487,5,BLD_M1,2026-01-06 09:34:00,2026-01-06 10:05:00
ORD_00487,6,CUR_M6,2026-01-06 11:55:00,2026-01-06 13:16:00
ORD_00487,7,FIN_M2,2026-01-06 13:23:00,2026-01-06 13:47:00
ORD_00487,8,INS_M3,2026-01-06 14:31:00,2026-01-06 14:56:00
ORD_00974,1,MIX_M2,2026-01-06 00:24:00,2026-01-06 00:37:00
ORD_00974,2,CAL_M4,2026-01-06 03:37:00,2026-01-06 04:11:00
ORD_00974,3,EXT_M5,2026-01-06 08:09:00,2026-01-06 08:49:00
ORD_00974,4,BLD_M5,2026-01-06 09:07:00,2026-01-06 09:34:00
ORD_00974,5,CUR_M7,2026-01-06 09:47:00,2026-01-06 10:55:00
ORD_00974,6,FIN_M4,2026-01-06 11:23:00,2026-01-06 11:42:00
ORD_00974,7,INS_M3,2026-01-06 12:59:00,2026-01-06 13:22:00
ORD_00828,1,MIX_M1,2026-01-05 04:29:00,2026-01-05 04:48:00
ORD_00828,2,CAL_M4,2026-01-05 07:15:00,2026-01-05 07:42:00
ORD_00828,3,EXT_M2,2026-01-05 09:48:00,2026-01-05 10:05:00
ORD_00828,4,BLD_M5,2026-01-05 10:14:00,2026-01-05 10:56:00
ORD_00828,5,CUR_M4,2026-01-05 12:55:00,2026-01-05 13:41:00
ORD_00828,6,FIN_M3,2026-01-05 15:05:00,2026-01-05 15:34:00
ORD_00828,7,INS_M1,2026-01-05 15:34:00,2026-01-05 16:02:00
ORD_00043,1,MIX_M2,2026-01-06 03:10:00,2026-01-06 03:26:00
ORD_00043,2,CAL_M4,2026-01-06 04:11:00,2026-01-06 04:34:00
ORD_00043,3,CAL_M3,2026-01-06 04:42:00,2026-01-06 05:00:00
ORD_00043,4,EXT_M2,2026-01-06 05:14:00,2026-01-06 05:38:00
ORD_00043,5,EXT_M2,2026-01-06 05:38:00,2026-01-06 06:04:00
ORD_00043,6,BLD_M2,2026-01-06 06:34:00,2026-01-06 07:03:00
ORD_00043,7,CUR_M1,2026-01-06 10:42:00,2026-01-06 12:07:00
ORD_00043,8,CUR_M3,2026-01-06 12:35:00,2026-01-06 13:32:00
ORD_00043,9,FIN_M1,2026-01-06 14:27:00,2026-01-06 14:38:00
ORD_00043,10,INS_M3,2026-01-06 15:11:00,2026-01-06 15:30:00
ORD_00448,1,MIX_M3,2026-01-06 01:43:00,2026-01-06 02:03:00
ORD_00448,2,CAL_M4,2026-01-06 04:34:00,2026-01-06 04:57:00
ORD_00448,3,EXT_M4,2026-01-06 05:37:00,2026-01-06 06:00:00
ORD_00448,4,EXT_M1,2026-01-06 06:49:00,2026-01-06 07:19:00
ORD_00448,5,BLD_M1,2026-01-06 08:15:00,2026-01-06 08:58:00
ORD_00448,6,CUR_M1,2026-01-06 12:07:00,2026-01-06 13:09:00
ORD_00448,7,FIN_M2,2026-01-06 13:47:00,2026-01-06 14:17:00
ORD_00448,8,INS_M1,2026-01-06 14:44:00,2026-01-06 15:14:00
ORD_00620,1,MIX_M1,2026-01-05 04:48:00,2026-01-05 05:07:00
ORD_00620,2,CAL_M4,2026-01-05 07:42:00,2026-01-05 08:09:00
ORD_00620,3,EXT_M2,2026-01-05 10:05:00,2026-01-05 10:22:00
ORD_00620,4,BLD_M5,2026-01-05 11:45:00,2026-01-05 12:27:00
ORD_00620,5,CUR_M4,2026-01-05 13:41:00,2026-01-05 14:27:00
ORD_00620,6,FIN_M3,2026-01-05 15:34:00,2026-01-05 16:03:00
ORD_00620,7,INS_M1,2026-01-05 17:12:00,2026-01-05 17:40:00
ORD_00237,1,MIX_M1,2026-01-05 05:07:00,2026-01-05 05:34:00
ORD_00237,2,CAL_M3,2026-01-05 06:30:00,2026-01-05 07:11:00
ORD_00237,3,EXT_M5,2026-01-05 10:21:00,2026-01-05 11:04:00
ORD_00237,4,BLD_M3,2026-01-05 11:20:00,2026-01-05 11:58:00
ORD_00237,5,CUR_M4,2026-01-05 14:27:00,2026-01-05 15:52:00
ORD_00237,6,FIN_M1,2026-01-05 16:46:00,2026-01-05 16:57:00
ORD_00237,7,INS_M3,2026-01-05 17:37:00,2026-01-05 17:54:00
ORD_00952,1,MIX_M3,2026-01-08 00:46:00,2026-01-08 01:08:00
ORD_00952,2,CAL_M4,2026-01-08 01:57:00,2026-01-08 02:28:00
ORD_00952,3,EXT_M4,2026-01-08 03:15:00,2026-01-08 03:54:00
ORD_00952,4,BLD_M4,2026-01-08 04:52:00,2026-01-08 05:38:00
ORD_00952,5,CUR_M2,2026-01-08 06:01:00,2026-01-08 06:49:00
ORD_00952,6,FIN_M3,2026-01-08 07:19:00,2026-01-08 07:49:00
ORD_00952,7,INS_M1,2026-01-08 08:33:00,2026-01-08 08:57:00
ORD_00711,1,MIX_M1,2026-01-04 03:07:00,2026-01-04 03:31:00
ORD_00711,2,CAL_M2,2026-01-04 05:43:00,2026-01-04 06:28:00
ORD_00711,3,EXT_M5,2026-01-04 10:32:00,2026-01-04 10:48:00
ORD_00711,4,EXT_M5,2026-01-04 10:48:00,2026-01-04 11:12:00
ORD_00711,5,BLD_M4,2026-01-04 11:30:00,2026-01-04 12:10:00
ORD_00711,6,CUR_M1,2026-01-04 13:03:00,2026-01-04 13:46:00
ORD_00711,7,FIN_M4,2026-01-04 14:15:00,2026-01-04 14:37:00
ORD_00711,8,INS_M2,2026-01-04 15:18:00,2026-01-04 15:31:00
ORD_00912,1,MIX_M4,2026-01-10 00:06:00,2026-01-10 00:32:00
ORD_00912,2,CAL_M1,2026-01-10 00:43:00,2026-01-10 01:10:00
ORD_00912,3,EXT_M3,2026-01-10 01:23:00,2026-01-10 02:01:00
ORD_00912,4,BLD_M3,2026-01-10 02:40:00,2026-01-10 03:07:00
ORD_00912,5,CUR_M6,2026-01-10 03:37:00,2026-01-10 05:06:00
ORD_00912,6,FIN_M2,2026-01-10 05:42:00,2026-01-10 05:54:00
ORD_00912,7,INS_M3,2026-01-10 06:43:00,2026-01-10 07:13:00
ORD_00286,1,MIX_M2,2026-01-07 01:27:00,2026-01-07 01:57:00
ORD_00286,2,CAL_M1,2026-01-07 03:34:00,2026-01-07 04:13:00
ORD_00286,3,EXT_M5,2026-01-07 05:00:00,2026-01-07 05:38:00
ORD_00286,4,EXT_M3,2026-01-07 06:08:00,2026-01-07 06:27:00
ORD_00286,5,BLD_M1,2026-01-07 06:36:00,2026-01-07 07:07:00
ORD_00286,6,CUR_M6,2026-01-07 07:32:00,2026-01-07 08:53:00
ORD_00286,7,FIN_M2,2026-01-07 09:33:00,2026-01-07 09:57:00
ORD_00286,8,INS_M3,2026-01-07 10:36:00,2026-01-07 11:01:00
ORD_00883,1,MIX_M2,2026-01-07 01:57:00,2026-01-07 02:22:00
ORD_00883,2,CAL_M1,2026-01-07 04:13:00,2026-01-07 04:47:00
ORD_00883,3,EXT_M5,2026-01-07 05:38:00,2026-01-07 06:03:00
ORD_00883,4,BLD_M5,2026-01-07 06:41:00,2026-01-07 07:08:00
ORD_00883,5,CUR_M2,2026-01-07 07:21:00,2026-01-07 08:41:00
ORD_00883,6,FIN_M4,2026-01-07 08:55:00,2026-01-07 09:14:00
ORD_00883,7,INS_M3,2026-01-07 11:01:00,2026-01-07 11:24:00
ORD_00884,1,MIX_M2,2026-01-08 00:12:00,2026-01-08 00:28:00
ORD_00884,2,CAL_M4,2026-01-08 01:08:00,2026-01-08 01:31:00
ORD_00884,3,CAL_M3,2026-01-08 02:38:00,2026-01-08 02:56:00
ORD_00884,4,EXT_M2,2026-01-08 03:10:00,2026-01-08 03:34:00
ORD_00884,5,EXT_M2,2026-01-08 03:34:00,2026-01-08 04:00:00
ORD_00884,6,BLD_M2,2026-01-08 04:00:00,2026-01-08 04:29:00
ORD_00884,7,CUR_M1,2026-01-08 05:28:00,2026-01-08 06:53:00
ORD_00884,8,CUR_M3,2026-01-08 06:53:00,2026-01-08 07:50:00
ORD_00884,9,FIN_M1,2026-01-08 08:10:00,2026-01-08 08:21:00
ORD_00884,10,INS_M3,2026-01-08 09:19:00,2026-01-08 09:38:00
ORD_00320,1,MIX_M1,2026-01-05 05:34:00,2026-01-05 05:54:00
ORD_00320,2,CAL_M2,2026-01-05 07:10:00,2026-01-05 07:44:00
ORD_00320,3,EXT_M4,2026-01-05 09:04:00,2026-01-05 09:23:00
ORD_00320,4,EXT_M2,2026-01-05 10:22:00,2026-01-05 10:42:00
ORD_00320,5,BLD_M6,2026-01-05 11:30:00,2026-01-05 12:14:00
ORD_00320,6,CUR_M3,2026-01-05 14:07:00,2026-01-05 15:33:00
ORD_00320,7,FIN_M4,2026-01-05 16:00:00,2026-01-05 16:11:00
ORD_00320,8,INS_M2,2026-01-05 16:38:00,2026-01-05 16:59:00
ORD_00549,1,MIX_M2,2026-01-06 03:26:00,2026-01-06 03:40:00
ORD_00549,2,CAL_M1,2026-01-06 05:45:00,2026-01-06 06:01:00
ORD_00549,3,EXT_M3,2026-01-06 06:34:00,2026-01-06 07:19:00
ORD_00549,4,BLD_M4,2026-01-06 07:29:00,2026-01-06 08:16:00
ORD_00549,5,CUR_M7,2026-01-06 08:45:00,2026-01-06 09:40:00
ORD_00549,6,FIN_M2,2026-01-06 10:24:00,2026-01-06 10:44:00
ORD_00549,7,INS_M3,2026-01-06 13:22:00,2026-01-06 13:42:00
ORD_00337,1,MIX_M1,2026-01-06 02:13:00,2026-01-06 02:26:00
ORD_00337,2,CAL_M3,2026-01-06 03:27:00,2026-01-06 04:06:00
ORD_00337,3,EXT_M3,2026-01-06 07:19:00,2026-01-06 07:37:00
ORD_00337,4,EXT_M3,2026-01-06 07:37:00,2026-01-06 08:05:00
ORD_00337,5,BLD_M2,2026-01-06 08:18:00,2026-01-06 08:52:00
ORD_00337,6,CUR_M1,2026-01-06 13:09:00,2026-01-06 14:35:00
ORD_00337,7,FIN_M3,2026-01-06 14:55:00,2026-01-06 15:21:00
ORD_00337,8,INS_M1,2026-01-06 15:59:00,2026-01-06 16:25:00
ORD_00207,1,MIX_M1,2026-01-07 01:12:00,2026-01-07 01:27:00
ORD_00207,2,CAL_M4,2026-01-07 02:10:00,2026-01-07 02:39:00
ORD_00207,3,EXT_M5,2026-01-07 03:15:00,2026-01-07 03:54:00
ORD_00207,4,BLD_M5,2026-01-07 05:02:00,2026-01-07 05:36:00
ORD_00207,5,CUR_M6,2026-01-07 08:53:00,2026-01-07 10:13:00
ORD_00207,6,FIN_M3,2026-01-07 11:07:00,2026-01-07 11:21:00
ORD_00207,7,INS_M2,2026-01-07 11:56:00,2026-01-07 12:08:00
ORD_00397,1,MIX_M2,2026-01-09 01:07:00,2026-01-09 01:37:00
ORD_00397,2,CAL_M1,2026-01-09 02:08:00,2026-01-09 02:47:00
ORD_00397,3,EXT_M5,2026-01-09 03:19:00,2026-01-09 03:57:00
ORD_00397,4,EXT_M3,2026-01-09 04:39:00,2026-01-09 04:58:00
ORD_00397,5,BLD_M1,2026-01-09 04:58:00,2026-01-09 05:29:00
ORD_00397,6,CUR_M6,2026-01-09 06:16:00,2026-01-09 07:37:00
ORD_00397,7,FIN_M2,2026-01-09 07:47:00,2026-01-09 08:11:00
ORD_00397,8,INS_M3,2026-01-09 08:49:00,2026-01-09 09:14:00
ORD_00939,1,MIX_M2,2026-01-10 00:08:00,2026-01-10 00:21:00
ORD_00939,2,CAL_M4,2026-01-10 00:43:00,2026-01-10 01:17:00
ORD_00939,3,EXT_M5,2026-01-10 01:24:00,2026-01-10 02:04:00
ORD_00939,4,BLD_M5,2026-01-10 02:57:00,2026-01-10 03:24:00
ORD_00939,5,CUR_M7,2026-01-10 03:45:00,2026-01-10 04:53:00
ORD_00939,6,FIN_M4,2026-01-10 05:00:00,2026-01-10 05:19:00
ORD_00939,7,INS_M3,2026-01-10 05:30:00,2026-01-10 05:53:00
ORD_00832,1,MIX_M1,2026-01-11 00:53:00,2026-01-11 01:23:00
ORD_00832,2,CAL_M1,2026-01-11 02:07:00,2026-01-11 02:29:00
ORD_00832,3,EXT_M1,2026-01-11 03:14:00,2026-01-11 03:57:00
ORD_00832,4,BLD_M1,2026-01-11 04:16:00,2026-01-11 05:03:00
ORD_00832,5,CUR_M6,2026-01-11 05:58:00,2026-01-11 06:42:00
ORD_00832,6,FIN_M2,2026-01-11 07:20:00,2026-01-11 07:38:00
ORD_00832,7,INS_M3,2026-01-11 07:57:00,2026-01-11 08:22:00
ORD_00238,1,MIX_M2,2026-01-12 00:55:00,2026-01-12 01:25:00
ORD_00238,2,CAL_M1,2026-01-12 02:16:00,2026-01-12 02:55:00
ORD_00238,3,EXT_M5,2026-01-12 03:32:00,2026-01-12 04:10:00
ORD_00238,4,EXT_M3,2026-01-12 04:10:00,2026-01-12 04:29:00
ORD_00238,5,BLD_M1,2026-01-12 04:44:00,2026-01-12 05:15:00
ORD_00238,6,CUR_M6,2026-01-12 05:46:00,2026-01-12 07:07:00
ORD_00238,7,FIN_M2,2026-01-12 08:03:00,2026-01-12 08:27:00
ORD_00238,8,INS_M3,2026-01-12 08:55:00,2026-01-12 09:20:00
ORD_00376,1,MIX_M4,2026-01-06 01:06:00,2026-01-06 01:34:00
ORD_00376,2,CAL_M2,2026-01-06 04:16:00,2026-01-06 04:59:00
ORD_00376,3,EXT_M4,2026-01-06 06:28:00,2026-01-06 07:03:00
ORD_00376,4,EXT_M1,2026-01-06 07:56:00,2026-01-06 08:37:00
ORD_00376,5,BLD_M4,2026-01-06 09:01:00,2026-01-06 09:40:00
ORD_00376,6,CUR_M7,2026-01-06 10:55:00,2026-01-06 11:52:00
ORD_00376,7,FIN_M1,2026-01-06 12:05:00,2026-01-06 12:26:00
ORD_00376,8,INS_M1,2026-01-06 12:52:00,2026-01-06 13:16:00
ORD_00679,1,MIX_M4,2026-01-03 02:21:00,2026-01-03 02:37:00
ORD_00679,2,CAL_M2,2026-01-03 03:19:00,2026-01-03 04:01:00
ORD_00679,3,EXT_M1,2026-01-03 04:50:00,2026-01-03 05:13:00
ORD_00679,4,EXT_M4,2026-01-03 06:06:00,2026-01-03 06:31:00
ORD_00679,5,BLD_M5,2026-01-03 07:11:00,2026-01-03 07:39:00
ORD_00679,6,CUR_M1,2026-01-03 09:35:00,2026-01-03 10:33:00
ORD_00679,7,FIN_M3,2026-01-03 12:02:00,2026-01-03 12:30:00
ORD_00679,8,INS_M3,2026-01-03 13:04:00,2026-01-03 13:29:00
ORD_00911,1,MIX_M3,2026-01-08 01:08:00,2026-01-08 01:29:00
ORD_00911,2,CAL_M4,2026-01-08 02:28:00,2026-01-08 02:51:00
ORD_00911,3,EXT_M3,2026-01-08 04:11:00,2026-01-08 04:34:00
ORD_00911,4,BLD_M2,2026-01-08 04:42:00,2026-01-08 05:05:00
ORD_00911,5,CUR_M4,2026-01-08 06:39:00,2026-01-08 07:39:00
ORD_00911,6,FIN_M1,2026-01-08 08:21:00,2026-01-08 08:48:00
ORD_00911,7,INS_M3,2026-01-08 09:38:00,2026-01-08 09:53:00
ORD_00627,1,MIX_M1,2026-01-06 02:26:00,2026-01-06 02:39:00
ORD_00627,2,CAL_M3,2026-01-06 05:00:00,2026-01-06 05:39:00
ORD_00627,3,EXT_M3,2026-01-06 08:05:00,2026-01-06 08:23:00
ORD_00627,4,EXT_M3,2026-01-06 08:23:00,2026-01-06 08:51:00
ORD_00627,5,BLD_M2,2026-01-06 09:22:00,2026-01-06 09:56:00
ORD_00627,6,CUR_M1,2026-01-06 14:35:00,2026-01-06 16:01:00
ORD_00627,7,FIN_M3,2026-01-06 16:58:00,2026-01-06 17:24:00
ORD_00627,8,INS_M1,2026-01-06 18:04:00,2026-01-06 18:30:00
ORD_00740,1,MIX_M4,2026-01-05 03:13:00,2026-01-05 03:37:00
ORD_00740,2,CAL_M3,2026-01-05 05:45:00,2026-01-05 06:25:00
ORD_00740,3,EXT_M3,2026-01-05 09:31:00,2026-01-05 10:04:00
ORD_00740,4,BLD_M1,2026-01-05 11:10:00,2026-01-05 11:41:00
ORD_00740,5,CUR_M2,2026-01-05 11:57:00,2026-01-05 12:56:00
ORD_00740,6,FIN_M4,2026-01-05 14:05:00,2026-01-05 14:29:00
ORD_00740,7,INS_M1,2026-01-05 14:45:00,2026-01-05 14:56:00
ORD_00678,1,MIX_M3,2026-01-07 01:22:00,2026-01-07 01:50:00
ORD_00678,2,CAL_M4,2026-01-07 02:39:00,2026-01-07 03:10:00
ORD_00678,3,EXT_M3,2026-01-07 03:58:00,2026-01-07 04:14:00
ORD_00678,4,BLD_M2,2026-01-07 05:26:00,2026-01-07 05:58:00
ORD_00678,5,CUR_M1,2026-01-07 06:38:00,2026-01-07 07:18:00
ORD_00678,6,FIN_M2,2026-01-07 08:16:00,2026-01-07 08:35:00
ORD_00678,7,INS_M1,2026-01-07 09:17:00,2026-01-07 09:31:00
ORD_00592,1,MIX_M4,2026-01-11 00:43:00,2026-01-11 01:10:00
ORD_00592,2,CAL_M2,2026-01-11 01:51:00,2026-01-11 02:21:00
ORD_00592,3,CAL_M2,2026-01-11 02:21:00,2026-01-11 02:44:00
ORD_00592,4,EXT_M4,2026-01-11 03:32:00,2026-01-11 04:02:00
ORD_00592,5,EXT_M1,2026-01-11 04:38:00,2026-01-11 05:05:00
ORD_00592,6,BLD_M3,2026-01-11 05:46:00,2026-01-11 06:27:00
ORD_00592,7,CUR_M7,2026-01-11 07:06:00,2026-01-11 08:32:00
ORD_00592,8,CUR_M3,2026-01-11 09:22:00,2026-01-11 10:31:00
ORD_00592,9,FIN_M2,2026-01-11 10:51:00,2026-01-11 11:20:00
ORD_00592,10,INS_M3,2026-01-11 11:27:00,2026-01-11 11:37:00
ORD_00747,1,MIX_M2,2026-01-06 03:40:00,2026-01-06 04:09:00
ORD_00747,2,CAL_M3,2026-01-06 05:39:00,2026-01-06 06:16:00
ORD_00747,3,EXT_M4,2026-01-06 07:03:00,2026-01-06 07:24:00
ORD_00747,4,BLD_M1,2026-01-06 08:58:00,2026-01-06 09:22:00
ORD_00747,5,CUR_M2,2026-01-06 10:49:00,2026-01-06 11:57:00
ORD_00747,6,FIN_M2,2026-01-06 12:57:00,2026-01-06 13:21:00
ORD_00747,7,INS_M1,2026-01-06 14:07:00,2026-01-06 14:27:00
ORD_00964,1,MIX_M2,2026-01-04 04:31:00,2026-01-04 04:47:00
ORD_00964,2,CAL_M4,2026-01-04 05:33:00,2026-01-04 05:56:00
ORD_00964,3,CAL_M3,2026-01-04 06:27:00,2026-01-04 06:45:00
ORD_00964,4,EXT_M2,2026-01-04 07:39:00,2026-01-04 08:03:00
ORD_00964,5,EXT_M2,2026-01-04 08:03:00,2026-01-04 08:29:00
ORD_00964,6,BLD_M2,2026-01-04 08:58:00,2026-01-04 09:27:00
ORD_00964,7,CUR_M1,2026-01-04 13:46:00,2026-01-04 15:11:00
ORD_00964,8,CUR_M3,2026-01-04 15:46:00,2026-01-04 16:43:00
ORD_00964,9,FIN_M1,2026-01-04 16:54:00,2026-01-04 17:05:00
ORD_00964,10,INS_M3,2026-01-04 17:33:00,2026-01-04 17:52:00
ORD_00773,1,MIX_M4,2026-01-06 01:34:00,2026-01-06 01:58:00
ORD_00773,2,CAL_M3,2026-01-06 06:16:00,2026-01-06 06:55:00
ORD_00773,3,EXT_M4,2026-01-06 08:12:00,2026-01-06 08:43:00
ORD_00773,4,EXT_M5,2026-01-06 09:19:00,2026-01-06 09:47:00
ORD_00773,5,BLD_M2,2026-01-06 10:01:00,2026-01-06 10:47:00
ORD_00773,6,CUR_M4,2026-01-06 11:37:00,2026-01-06 12:55:00
ORD_00773,7,FIN_M2,2026-01-06 14:17:00,2026-01-06 14:35:00
ORD_00773,8,INS_M1,2026-01-06 15:14:00,2026-01-06 15:44:00
ORD_00966,1,MIX_M4,2026-01-11 00:17:00,2026-01-11 00:36:00
ORD_00966,2,CAL_M3,2026-01-11 00:54:00,2026-01-11 01:32:00
ORD_00966,3,EXT_M5,2026-01-11 02:17:00,2026-01-11 02:59:00
ORD_00966,4,EXT_M2,2026-01-11 03:39:00,2026-01-11 04:04:00
ORD_00966,5,BLD_M1,2026-01-11 05:03:00,2026-01-11 05:41:00
ORD_00966,6,CUR_M3,2026-01-11 06:37:00,2026-01-11 07:39:00
ORD_00966,7,FIN_M3,2026-01-11 08:13:00,2026-01-11 08:43:00
ORD_00966,8,INS_M3,2026-01-11 08:55:00,2026-01-11 09:17:00
ORD_00198,1,MIX_M1,2026-01-08 00:36:00,2026-01-08 00:53:00
ORD_00198,2,CAL_M4,2026-01-08 02:51:00,2026-01-08 03:20:00
ORD_00198,3,CAL_M2,2026-01-08 03:33:00,2026-01-08 03:59:00
ORD_00198,4,EXT_M3,2026-01-08 04:41:00,2026-01-08 05:25:00
ORD_00198,5,EXT_M3,2026-01-08 05:25:00,2026-01-08 05:52:00
ORD_00198,6,BLD_M4,2026-01-08 06:23:00,2026-01-08 07:07:00
ORD_00198,7,CUR_M6,2026-01-08 07:34:00,2026-01-08 08:57:00
ORD_00198,8,CUR_M1,2026-01-08 09:43:00,2026-01-08 11:13:00
ORD_00198,9,FIN_M3,2026-01-08 11:47:00,2026-01-08 11:59:00
ORD_00198,10,INS_M2,2026-01-08 12:26:00,2026-01-08 12:39:00
ORD_00505,1,MIX_M3,2026-01-09 01:08:00,2026-01-09 01:38:00
ORD_00505,2,CAL_M4,2026-01-09 02:37:00,2026-01-09 03:14:00
ORD_00505,3,CAL_M2,2026-01-09 03:31:00,2026-01-09 03:59:00
ORD_00505,4,EXT_M2,2026-01-09 04:14:00,2026-01-09 04:52:00
ORD_00505,5,EXT_M5,2026-01-09 05:30:00,2026-01-09 06:15:00
ORD_00505,6,BLD_M6,2026-01-09 07:03:00,2026-01-09 07:31:00
ORD_00505,7,CUR_M8,2026-01-09 08:00:00,2026-01-09 09:09:00
ORD_00505,8,CUR_M7,2026-01-09 09:37:00,2026-01-09 11:03:00
ORD_00505,9,FIN_M3,2026-01-09 11:44:00,2026-01-09 12:04:00
ORD_00505,10,INS_M1,2026-01-09 12:10:00,2026-01-09 12:22:00
ORD_00409,1,MIX_M4,2026-01-11 01:10:00,2026-01-11 01:31:00
ORD_00409,2,CAL_M1,2026-01-11 02:29:00,2026-01-11 03:06:00
ORD_00409,3,EXT_M5,2026-01-11 03:20:00,2026-01-11 04:02:00
ORD_00409,4,BLD_M1,2026-01-11 05:41:00,2026-01-11 06:10:00
ORD_00409,5,CUR_M2,2026-01-11 06:43:00,2026-01-11 08:11:00
ORD_00409,6,FIN_M2,2026-01-11 09:10:00,2026-01-11 09:28:00
ORD_00409,7,INS_M2,2026-01-11 09:33:00,2026-01-11 09:59:00
ORD_00303,1,MIX_M1,2026-01-09 00:58:00,2026-01-09 01:14:00
ORD_00303,2,CAL_M4,2026-01-09 03:14:00,2026-01-09 03:41:00
ORD_00303,3,EXT_M5,2026-01-09 06:15:00,2026-01-09 07:00:00
ORD_00303,4,BLD_M6,2026-01-09 07:58:00,2026-01-09 08:18:00
ORD_00303,5,CUR_M7,2026-01-09 08:27:00,2026-01-09 09:37:00
ORD_00303,6,FIN_M1,2026-01-09 09:46:00,2026-01-09 10:07:00
ORD_00303,7,INS_M2,2026-01-09 10:32:00,2026-01-09 10:54:00
ORD_00855,1,MIX_M3,2026-01-08 00:10:00,2026-01-08 00:24:00
ORD_00855,2,CAL_M1,2026-01-08 01:10:00,2026-01-08 01:33:00
ORD_00855,3,EXT_M2,2026-01-08 02:30:00,2026-01-08 02:49:00
ORD_00855,4,BLD_M5,2026-01-08 04:53:00,2026-01-08 05:21:00
ORD_00855,5,CUR_M3,2026-01-08 05:39:00,2026-01-08 06:26:00
ORD_00855,6,FIN_M1,2026-01-08 06:52:00,2026-01-08 07:06:00
ORD_00855,7,INS_M1,2026-01-08 08:04:00,2026-01-08 08:25:00
ORD_00050,1,MIX_M4,2026-01-08 01:23:00,2026-01-08 01:47:00
ORD_00050,2,CAL_M3,2026-01-08 02:56:00,2026-01-08 03:35:00
ORD_00050,3,EXT_M4,2026-01-08 03:54:00,2026-01-08 04:25:00
ORD_00050,4,EXT_M5,2026-01-08 05:00:00,2026-01-08 05:28:00
ORD_00050,5,BLD_M2,2026-01-08 05:28:00,2026-01-08 06:14:00
ORD_00050,6,CUR_M4,2026-01-08 07:39:00,2026-01-08 08:57:00
ORD_00050,7,FIN_M2,2026-01-08 09:44:00,2026-01-08 10:02:00
ORD_00050,8,INS_M1,2026-01-08 10:45:00,2026-01-08 11:15:00
ORD_00981,1,MIX_M1,2026-01-11 01:23:00,2026-01-11 01:42:00
ORD_00981,2,CAL_M4,2026-01-11 01:59:00,2026-01-11 02:26:00
ORD_00981,3,EXT_M2,2026-01-11 02:42:00,2026-01-11 02:59:00
ORD_00981,4,BLD_M5,2026-01-11 03:13:00,2026-01-11 03:55:00
ORD_00981,5,CUR_M4,2026-01-11 04:09:00,2026-01-11 04:55:00
ORD_00981,6,FIN_M3,2026-01-11 05:26:00,2026-01-11 05:55:00
ORD_00981,7,INS_M1,2026-01-11 06:24:00,2026-01-11 06:52:00
ORD_00976,1,MIX_M2,2026-01-08 01:02:00,2026-01-08 01:16:00
ORD_00976,2,CAL_M2,2026-01-08 02:28:00,2026-01-08 03:08:00
ORD_00976,3,EXT_M4,2026-01-08 04:25:00,2026-01-08 04:40:00
ORD_00976,4,EXT_M3,2026-01-08 05:52:00,2026-01-08 06:24:00
ORD_00976,5,BLD_M5,2026-01-08 06:43:00,2026-01-08 07:14:00
ORD_00976,6,CUR_M8,2026-01-08 07:55:00,2026-01-08 09:10:00
ORD_00976,7,FIN_M2,2026-01-08 10:02:00,2026-01-08 10:31:00
ORD_00976,8,INS_M1,2026-01-08 11:15:00,2026-01-08 11:27:00
ORD_00548,1,MIX_M2,2026-01-07 02:22:00,2026-01-07 02:45:00
ORD_00548,2,CAL_M1,2026-01-07 04:47:00,2026-01-07 05:32:00
ORD_00548,3,EXT_M2,2026-01-07 06:24:00,2026-01-07 07:05:00
ORD_00548,4,EXT_M4,2026-01-07 07:41:00,2026-01-07 08:24:00
ORD_00548,5,BLD_M3,2026-01-07 08:36:00,2026-01-07 09:25:00
ORD_00548,6,CUR_M1,2026-01-07 09:51:00,2026-01-07 10:57:00
ORD_00548,7,FIN_M1,2026-01-07 11:29:00,2026-01-07 11:51:00
ORD_00548,8,INS_M3,2026-01-07 12:03:00,2026-01-07 12:24:00
ORD_00265,1,MIX_M2,2026-01-07 00:08:00,2026-01-07 00:22:00
ORD_00265,2,CAL_M1,2026-01-07 05:32:00,2026-01-07 05:48:00
ORD_00265,3,EXT_M3,2026-01-07 06:37:00,2026-01-07 07:22:00
ORD_00265,4,BLD_M4,2026-01-07 07:27:00,2026-01-07 08:14:00
ORD_00265,5,CUR_M7,2026-01-07 09:04:00,2026-01-07 09:59:00
ORD_00265,6,FIN_M2,2026-01-07 10:56:00,2026-01-07 11:16:00
ORD_00265,7,INS_M3,2026-01-07 12:24:00,2026-01-07 12:44:00
ORD_00591,1,MIX_M2,2026-01-11 00:52:00,2026-01-11 01:21:00
ORD_00591,2,CAL_M3,2026-01-11 01:32:00,2026-01-11 02:09:00
ORD_00591,3,EXT_M4,2026-01-11 03:06:00,2026-01-11 03:27:00
ORD_00591,4,BLD_M1,2026-01-11 06:10:00,2026-01-11 06:34:00
ORD_00591,5,CUR_M2,2026-01-11 08:11:00,2026-01-11 09:19:00
ORD_00591,6,FIN_M2,2026-01-11 09:29:00,2026-01-11 09:53:00
ORD_00591,7,INS_M1,2026-01-11 10:35:00,2026-01-11 10:55:00
ORD_00511,1,MIX_M3,2026-01-04 02:04:00,2026-01-04 02:32:00
ORD_00511,2,CAL_M4,2026-01-04 05:56:00,2026-01-04 06:27:00
ORD_00511,3,EXT_M3,2026-01-04 07:33:00,2026-01-04 07:49:00
ORD_00511,4,BLD_M2,2026-01-04 09:27:00,2026-01-04 09:59:00
ORD_00511,5,CUR_M1,2026-01-04 15:11:00,2026-01-04 15:51:00
ORD_00511,6,FIN_M2,2026-01-04 16:06:00,2026-01-04 16:25:00
ORD_00511,7,INS_M1,2026-01-04 16:36:00,2026-01-04 16:50:00
ORD_00515,1,MIX_M1,2026-01-08 00:53:00,2026-01-08 01:13:00
ORD_00515,2,CAL_M2,2026-01-08 03:59:00,2026-01-08 04:33:00
ORD_00515,3,EXT_M4,2026-01-08 05:12:00,2026-01-08 05:31:00
ORD_00515,4,EXT_M2,2026-01-08 06:19:00,2026-01-08 06:39:00
ORD_00515,5,BLD_M6,2026-01-08 06:50:00,2026-01-08 07:34:00
ORD_00515,6,CUR_M3,2026-01-08 07:50:00,2026-01-08 09:16:00
ORD_00515,7,FIN_M4,2026-01-08 09:33:00,2026-01-08 09:44:00
ORD_00515,8,INS_M2,2026-01-08 09:53:00,2026-01-08 10:14:00
ORD_00493,1,MIX_M1,2026-01-03 02:09:00,2026-01-03 02:22:00
ORD_00493,2,CAL_M3,2026-01-03 04:53:00,2026-01-03 05:32:00
ORD_00493,3,EXT_M3,2026-01-03 09:19:00,2026-01-03 09:37:00
ORD_00493,4,EXT_M3,2026-01-03 09:37:00,2026-01-03 10:05:00
ORD_00493,5,BLD_M2,2026-01-03 10:44:00,2026-01-03 11:18:00
ORD_00493,6,CUR_M1,2026-01-03 14:16:00,2026-01-03 15:42:00
ORD_00493,7,FIN_M3,2026-01-03 16:22:00,2026-01-03 16:48:00
ORD_00493,8,INS_M1,2026-01-03 16:58:00,2026-01-03 17:24:00
ORD_00630,1,MIX_M4,2026-01-09 00:35:00,2026-01-09 01:02:00
ORD_00630,2,CAL_M2,2026-01-09 02:13:00,2026-01-09 02:43:00
ORD_00630,3,CAL_M2,2026-01-09 02:43:00,2026-01-09 03:06:00
ORD_00630,4,EXT_M4,2026-01-09 04:06:00,2026-01-09 04:36:00
ORD_00630,5,EXT_M1,2026-01-09 04:36:00,2026-01-09 05:03:00
ORD_00630,6,BLD_M3,2026-01-09 05:37:00,2026-01-09 06:18:00
ORD_00630,7,CUR_M7,2026-01-09 06:28:00,2026-01-09 07:54:00
ORD_00630,8,CUR_M3,2026-01-09 08:44:00,2026-01-09 09:53:00
ORD_00630,9,FIN_M2,2026-01-09 10:13:00,2026-01-09 10:42:00
ORD_00630,10,INS_M3,2026-01-09 11:32:00,2026-01-09 11:42:00
ORD_00327,1,MIX_M2,2026-01-13 00:07:00,2026-01-13 00:36:00
ORD_00327,2,CAL_M1,2026-01-13 00:43:00,2026-01-13 01:07:00
ORD_00327,3,EXT_M5,2026-01-13 01:35:00,2026-01-13 02:02:00
ORD_00327,4,EXT_M3,2026-01-13 02:39:00,2026-01-13 03:20:00
ORD_00327,5,BLD_M2,2026-01-13 03:36:00,2026-01-13 04:17:00
ORD_00327,6,CUR_M2,2026-01-13 05:02:00,2026-01-13 06:23:00
ORD_00327,7,FIN_M4,2026-01-13 07:03:00,2026-01-13 07:29:00
ORD_00327,8,INS_M2,2026-01-13 07:34:00,2026-01-13 07:44:00
ORD_00993,1,MIX_M1,2026-01-11 01:42:00,2026-01-11 01:53:00
ORD_00993,2,CAL_M2,2026-01-11 02:44:00,2026-01-11 03:13:00
ORD_00993,3,EXT_M4,2026-01-11 04:02:00,2026-01-11 04:32:00
ORD_00993,4,BLD_M4,2026-01-11 04:46:00,2026-01-11 05:12:00
ORD_00993,5,CUR_M6,2026-01-11 06:42:00,2026-01-11 08:00:00
ORD_00993,6,FIN_M2,2026-01-11 08:43:00,2026-01-11 09:03:00
ORD_00993,7,INS_M3,2026-01-11 09:17:00,2026-01-11 09:37:00
ORD_00649,1,MIX_M3,2026-01-11 00:52:00,2026-01-11 01:14:00
ORD_00649,2,CAL_M4,2026-01-11 02:26:00,2026-01-11 02:57:00
ORD_00649,3,EXT_M4,2026-01-11 04:32:00,2026-01-11 05:11:00
ORD_00649,4,BLD_M4,2026-01-11 06:09:00,2026-01-11 06:55:00
ORD_00649,5,CUR_M2,2026-01-11 09:19:00,2026-01-11 10:07:00
ORD_00649,6,FIN_M3,2026-01-11 10:24:00,2026-01-11 10:54:00
ORD_00649,7,INS_M1,2026-01-11 11:11:00,2026-01-11 11:35:00
ORD_00739,1,MIX_M1,2026-01-06 02:39:00,2026-01-06 02:52:00
ORD_00739,2,CAL_M3,2026-01-06 06:55:00,2026-01-06 07:34:00
ORD_00739,3,EXT_M3,2026-01-06 09:10:00,2026-01-06 09:28:00
ORD_00739,4,EXT_M3,2026-01-06 09:28:00,2026-01-06 09:56:00
ORD_00739,5,BLD_M2,2026-01-06 10:47:00,2026-01-06 11:21:00
ORD_00739,6,CUR_M1,2026-01-06 16:01:00,2026-01-06 17:27:00
ORD_00739,7,FIN_M3,2026-01-06 17:47:00,2026-01-06 18:13:00
ORD_00739,8,INS_M1,2026-01-06 18:51:00,2026-01-06 19:17:00
ORD_00697,1,MIX_M1,2026-01-10 00:36:00,2026-01-10 00:53:00
ORD_00697,2,CAL_M4,2026-01-10 01:17:00,2026-01-10 01:46:00
ORD_00697,3,CAL_M2,2026-01-10 01:58:00,2026-01-10 02:24:00
ORD_00697,4,EXT_M3,2026-01-10 02:55:00,2026-01-10 03:39:00
ORD_00697,5,EXT_M3,2026-01-10 03:39:00,2026-01-10 04:06:00
ORD_00697,6,BLD_M4,2026-01-10 04:59:00,2026-01-10 05:43:00
ORD_00697,7,CUR_M6,2026-01-10 06:10:00,2026-01-10 07:33:00
ORD_00697,8,CUR_M1,2026-01-10 08:19:00,2026-01-10 09:49:00
ORD_00697,9,FIN_M3,2026-01-10 10:11:00,2026-01-10 10:23:00
ORD_00697,10,INS_M2,2026-01-10 11:00:00,2026-01-10 11:13:00
ORD_00313,1,MIX_M3,2026-01-08 00:24:00,2026-01-08 00:46:00
ORD_00313,2,CAL_M4,2026-01-08 03:20:00,2026-01-08 03:51:00
ORD_00313,3,EXT_M4,2026-01-08 05:31:00,2026-01-08 06:10:00
ORD_00313,4,BLD_M4,2026-01-08 07:07:00,2026-01-08 07:53:00
ORD_00313,5,CUR_M2,2026-01-08 07:53:00,2026-01-08 08:41:00
ORD_00313,6,FIN_M3,2026-01-08 08:52:00,2026-01-08 09:22:00
ORD_00313,7,INS_M1,2026-01-08 09:39:00,2026-01-08 10:03:00
ORD_00018,1,MIX_M3,2026-01-08 01:29:00,2026-01-08 01:43:00
ORD_00018,2,CAL_M1,2026-01-08 02:06:00,2026-01-08 02:49:00
ORD_00018,3,EXT_M1,2026-01-08 02:54:00,2026-01-08 03:18:00
ORD_00018,4,EXT_M4,2026-01-08 04:40:00,2026-01-08 04:56:00
ORD_00018,5,BLD_M5,2026-01-08 05:21:00,2026-01-08 05:52:00
ORD_00018,6,CUR_M3,2026-01-08 09:16:00,2026-01-08 10:01:00
ORD_00018,7,FIN_M3,2026-01-08 10:58:00,2026-01-08 11:18:00
ORD_00018,8,INS_M3,2026-01-08 11:39:00,2026-01-08 12:02:00
ORD_00888,1,MIX_M1,2026-01-06 02:52:00,2026-01-06 03:22:00
ORD_00888,2,CAL_M2,2026-01-06 04:59:00,2026-01-06 05:36:00
ORD_00888,3,EXT_M2,2026-01-06 06:08:00,2026-01-06 06:32:00
ORD_00888,4,BLD_M4,2026-01-06 08:16:00,2026-01-06 08:36:00
ORD_00888,5,CUR_M6,2026-01-06 13:16:00,2026-01-06 14:11:00
ORD_00888,6,FIN_M4,2026-01-06 14:46:00,2026-01-06 15:01:00
ORD_00888,7,INS_M3,2026-01-06 15:30:00,2026-01-06 15:42:00
ORD_00881,1,MIX_M1,2026-01-08 01:13:00,2026-01-08 01:33:00
ORD_00881,2,CAL_M2,2026-01-08 04:33:00,2026-01-08 05:07:00
ORD_00881,3,EXT_M4,2026-01-08 06:10:00,2026-01-08 06:29:00
ORD_00881,4,EXT_M2,2026-01-08 07:13:00,2026-01-08 07:33:00
ORD_00881,5,BLD_M6,2026-01-08 07:34:00,2026-01-08 08:18:00
ORD_00881,6,CUR_M3,2026-01-08 10:01:00,2026-01-08 11:27:00
ORD_00881,7,FIN_M4,2026-01-08 11:55:00,2026-01-08 12:06:00
ORD_00881,8,INS_M2,2026-01-08 12:59:00,2026-01-08 13:20:00
ORD_00878,1,MIX_M1,2026-01-10 00:53:00,2026-01-10 01:10:00
ORD_00878,2,CAL_M1,2026-01-10 01:37:00,2026-01-10 02:16:00
ORD_00878,3,EXT_M3,2026-01-10 04:06:00,2026-01-10 04:39:00
ORD_00878,4,BLD_M1,2026-01-10 04:56:00,2026-01-10 05:40:00
ORD_00878,5,CUR_M3,2026-01-10 05:52:00,2026-01-10 07:02:00
ORD_00878,6,FIN_M4,2026-01-10 07:53:00,2026-01-10 08:11:00
ORD_00878,7,INS_M1,2026-01-10 09:09:00,2026-01-10 09:37:00
ORD_00861,1,MIX_M4,2026-01-09 01:02:00,2026-01-09 01:26:00
ORD_00861,2,CAL_M3,2026-01-09 01:38:00,2026-01-09 02:18:00
ORD_00861,3,EXT_M3,2026-01-09 02:49:00,2026-01-09 03:22:00
ORD_00861,4,BLD_M1,2026-01-09 04:09:00,2026-01-09 04:40:00
ORD_00861,5,CUR_M2,2026-01-09 04:54:00,2026-01-09 05:53:00
ORD_00861,6,FIN_M4,2026-01-09 06:17:00,2026-01-09 06:41:00
ORD_00861,7,INS_M1,2026-01-09 07:29:00,2026-01-09 07:40:00
ORD_00683,1,MIX_M1,2026-01-11 00:26:00,2026-01-11 00:40:00
ORD_00683,2,CAL_M1,2026-01-11 00:48:00,2026-01-11 01:33:00
ORD_00683,3,EXT_M1,2026-01-11 02:29:00,2026-01-11 02:53:00
ORD_00683,4,EXT_M4,2026-01-11 05:11:00,2026-01-11 05:29:00
ORD_00683,5,BLD_M1,2026-01-11 06:34:00,2026-01-11 07:01:00
ORD_00683,6,CUR_M3,2026-01-11 07:55:00,2026-01-11 08:59:00
ORD_00683,7,FIN_M4,2026-01-11 09:13:00,2026-01-11 09:34:00
ORD_00683,8,INS_M3,2026-01-11 10:00:00,2026-01-11 10:27:00
ORD_00213,1,MIX_M2,2026-01-11 00:17:00,2026-01-11 00:42:00
ORD_00213,2,CAL_M1,2026-01-11 01:33:00,2026-01-11 02:07:00
ORD_00213,3,EXT_M5,2026-01-11 04:02:00,2026-01-11 04:27:00
ORD_00213,4,BLD_M5,2026-01-11 04:59:00,2026-01-11 05:26:00
ORD_00213,5,CUR_M2,2026-01-11 10:07:00,2026-01-11 11:27:00
ORD_00213,6,FIN_M4,2026-01-11 12:20:00,2026-01-11 12:39:00
ORD_00213,7,INS_M3,2026-01-11 13:22:00,2026-01-11 13:45:00
ORD_00823,1,MIX_M2,2026-01-13 00:42:00,2026-01-13 01:11:00
ORD_00823,2,CAL_M3,2026-01-13 01:42:00,2026-01-13 02:19:00
ORD_00823,3,EXT_M4,2026-01-13 03:15:00,2026-01-13 03:36:00
ORD_00823,4,BLD_M1,2026-01-13 03:43:00,2026-01-13 04:07:00
ORD_00823,5,CUR_M2,2026-01-13 06:23:00,2026-01-13 07:31:00
ORD_00823,6,FIN_M2,2026-01-13 08:04:00,2026-01-13 08:28:00
ORD_00823,7,INS_M1,2026-01-13 09:10:00,2026-01-13 09:30:00
ORD_00111,1,MIX_M1,2026-01-12 00:10:00,2026-01-12 00:30:00
ORD_00111,2,CAL_M2,2026-01-12 00:30:00,2026-01-12 01:04:00
ORD_00111,3,EXT_M4,2026-01-12 01:43:00,2026-01-12 02:02:00
ORD_00111,4,EXT_M2,2026-01-12 02:02:00,2026-01-12 02:22:00
ORD_00111,5,BLD_M6,2026-01-12 02:22:00,2026-01-12 03:06:00
ORD_00111,6,CUR_M3,2026-01-12 03:33:00,2026-01-12 04:59:00
ORD_00111,7,FIN_M4,2026-01-12 05:26:00,2026-01-12 05:37:00
ORD_00111,8,INS_M2,2026-01-12 05:37:00,2026-01-12 05:58:00
ORD_00811,1,MIX_M3,2026-01-11 01:14:00,2026-01-11 01:42:00
ORD_00811,2,CAL_M4,2026-01-11 02:57:00,2026-01-11 03:28:00
ORD_00811,3,EXT_M3,2026-01-11 04:03:00,2026-01-11 04:19:00
ORD_00811,4,BLD_M2,2026-01-11 05:14:00,2026-01-11 05:46:00
ORD_00811,5,CUR_M1,2026-01-11 06:09:00,2026-01-11 06:49:00
ORD_00811,6,FIN_M2,2026-01-11 07:38:00,2026-01-11 07:57:00
ORD_00811,7,INS_M1,2026-01-11 08:04:00,2026-01-11 08:18:00
ORD_00805,1,MIX_M1,2026-01-06 03:22:00,2026-01-06 03:36:00
ORD_00805,2,CAL_M1,2026-01-06 06:01:00,2026-01-06 06:46:00
ORD_00805,3,EXT_M1,2026-01-06 07:19:00,2026-01-06 07:43:00
ORD_00805,4,EXT_M4,2026-01-06 08:43:00,2026-01-06 09:01:00
ORD_00805,5,BLD_M1,2026-01-06 10:05:00,2026-01-06 10:32:00
ORD_00805,6,CUR_M3,2026-01-06 10:58:00,2026-01-06 12:02:00
ORD_00805,7,FIN_M4,2026-01-06 12:42:00,2026-01-06 13:03:00
ORD_00805,8,INS_M3,2026-01-06 13:53:00,2026-01-06 14:20:00
ORD_00224,1,MIX_M4,2026-01-09 01:26:00,2026-01-09 01:45:00
ORD_00224,2,CAL_M3,2026-01-09 02:18:00,2026-01-09 02:56:00
ORD_00224,3,EXT_M5,2026-01-09 07:00:00,2026-01-09 07:42:00
ORD_00224,4,EXT_M2,2026-01-09 07:54:00,2026-01-09 08:19:00
ORD_00224,5,BLD_M1,2026-01-09 09:12:00,2026-01-09 09:50:00
ORD_00224,6,CUR_M3,2026-01-09 10:01:00,2026-01-09 11:03:00
ORD_00224,7,FIN_M3,2026-01-09 12:04:00,2026-01-09 12:34:00
ORD_00224,8,INS_M3,2026-01-09 13:31:00,2026-01-09 13:53:00
ORD_00785,1,MIX_M2,2026-01-08 01:16:00,2026-01-08 01:39:00
ORD_00785,2,CAL_M1,2026-01-08 02:49:00,2026-01-08 03:34:00
ORD_00785,3,EXT_M2,2026-01-08 04:00:00,2026-01-08 04:41:00
ORD_00785,4,EXT_M4,2026-01-08 06:29:00,2026-01-08 07:12:00
ORD_00785,5,BLD_M3,2026-01-08 07:24:00,2026-01-08 08:13:00
ORD_00785,6,CUR_M1,2026-01-08 11:13:00,2026-01-08 12:19:00
ORD_00785,7,FIN_M1,2026-01-08 12:19:00,2026-01-08 12:41:00
ORD_00785,8,INS_M3,2026-01-08 12:53:00,2026-01-08 13:14:00
ORD_00245,1,MIX_M1,2026-01-09 01:14:00,2026-01-09 01:41:00
ORD_00245,2,CAL_M2,2026-01-09 03:06:00,2026-01-09 03:29:00
ORD_00245,3,EXT_M3,2026-01-09 04:58:00,2026-01-09 05:32:00
ORD_00245,4,EXT_M2,2026-01-09 05:58:00,2026-01-09 06:35:00
ORD_00245,5,BLD_M3,2026-01-09 07:10:00,2026-01-09 07:36:00
ORD_00245,6,CUR_M5,2026-01-09 07:49:00,2026-01-09 09:01:00
ORD_00245,7,FIN_M4,2026-01-09 09:39:00,2026-01-09 09:57:00
ORD_00245,8,INS_M1,2026-01-09 10:34:00,2026-01-09 10:46:00
ORD_00726,1,MIX_M4,2026-01-12 00:37:00,2026-01-12 00:58:00
ORD_00726,2,CAL_M1,2026-01-12 02:55:00,2026-01-12 03:32:00
ORD_00726,3,EXT_M5,2026-01-12 04:10:00,2026-01-12 04:52:00
ORD_00726,4,BLD_M1,2026-01-12 05:19:00,2026-01-12 05:48:00
ORD_00726,5,CUR_M2,2026-01-12 06:21:00,2026-01-12 07:49:00
ORD_00726,6,FIN_M2,2026-01-12 08:38:00,2026-01-12 08:56:00
ORD_00726,7,INS_M2,2026-01-12 09:01:00,2026-01-12 09:27:00
ORD_00233,1,MIX_M3,2026-01-07 00:42:00,2026-01-07 00:53:00
ORD_00233,2,CAL_M1,2026-01-07 05:48:00,2026-01-07 06:12:00
ORD_00233,3,EXT_M4,2026-01-07 07:03:00,2026-01-07 07:37:00
ORD_00233,4,BLD_M6,2026-01-07 07:58:00,2026-01-07 08:39:00
ORD_00233,5,CUR_M8,2026-01-07 09:13:00,2026-01-07 10:11:00
ORD_00233,6,FIN_M1,2026-01-07 10:40:00,2026-01-07 10:53:00
ORD_00233,7,INS_M2,2026-01-07 11:04:00,2026-01-07 11:18:00
ORD_00099,1,MIX_M4,2026-01-08 00:00:00,2026-01-08 00:21:00
ORD_00099,2,CAL_M1,2026-01-08 00:33:00,2026-01-08 01:10:00
ORD_00099,3,EXT_M5,2026-01-08 01:10:00,2026-01-08 01:52:00
ORD_00099,4,BLD_M1,2026-01-08 01:52:00,2026-01-08 02:21:00
ORD_00099,5,CUR_M2,2026-01-08 02:21:00,2026-01-08 03:49:00
ORD_00099,6,FIN_M2,2026-01-08 03:49:00,2026-01-08 04:07:00
ORD_00099,7,INS_M2,2026-01-08 04:49:00,2026-01-08 05:15:00
ORD_00936,1,MIX_M2,2026-01-10 00:45:00,2026-01-10 01:12:00
ORD_00936,2,CAL_M2,2026-01-10 02:24:00,2026-01-10 03:02:00
ORD_00936,3,EXT_M5,2026-01-10 03:33:00,2026-01-10 04:06:00
ORD_00936,4,BLD_M4,2026-01-10 04:24:00,2026-01-10 04:51:00
ORD_00936,5,CUR_M8,2026-01-10 05:06:00,2026-01-10 06:12:00
ORD_00936,6,FIN_M2,2026-01-10 06:54:00,2026-01-10 07:07:00
ORD_00936,7,INS_M1,2026-01-10 08:05:00,2026-01-10 08:28:00
ORD_00518,1,MIX_M2,2026-01-08 00:28:00,2026-01-08 00:42:00
ORD_00518,2,CAL_M1,2026-01-08 01:33:00,2026-01-08 01:49:00
ORD_00518,3,EXT_M3,2026-01-08 01:54:00,2026-01-08 02:39:00
ORD_00518,4,BLD_M4,2026-01-08 03:22:00,2026-01-08 04:09:00
ORD_00518,5,CUR_M7,2026-01-08 05:06:00,2026-01-08 06:01:00
ORD_00518,6,FIN_M2,2026-01-08 06:39:00,2026-01-08 06:59:00
ORD_00518,7,INS_M3,2026-01-08 07:29:00,2026-01-08 07:49:00
ORD_00315,1,MIX_M4,2026-01-09 01:45:00,2026-01-09 02:12:00
ORD_00315,2,CAL_M2,2026-01-09 03:59:00,2026-01-09 04:29:00
ORD_00315,3,CAL_M2,2026-01-09 04:29:00,2026-01-09 04:52:00
ORD_00315,4,EXT_M4,2026-01-09 05:49:00,2026-01-09 06:19:00
ORD_00315,5,EXT_M1,2026-01-09 07:07:00,2026-01-09 07:34:00
ORD_00315,6,BLD_M3,2026-01-09 07:39:00,2026-01-09 08:20:00
ORD_00315,7,CUR_M7,2026-01-09 11:03:00,2026-01-09 12:29:00
ORD_00315,8,CUR_M3,2026-01-09 13:07:00,2026-01-09 14:16:00
ORD_00315,9,FIN_M2,2026-01-09 15:09:00,2026-01-09 15:38:00
ORD_00315,10,INS_M3,2026-01-09 16:28:00,2026-01-09 16:38:00
ORD_00455,1,MIX_M2,2026-01-10 00:21:00,2026-01-10 00:37:00
ORD_00455,2,CAL_M4,2026-01-10 01:46:00,2026-01-10 02:09:00
ORD_00455,3,CAL_M3,2026-01-10 03:03:00,2026-01-10 03:21:00
ORD_00455,4,EXT_M2,2026-01-10 03:26:00,2026-01-10 03:50:00
ORD_00455,5,EXT_M2,2026-01-10 03:50:00,2026-01-10 04:16:00
ORD_00455,6,BLD_M2,2026-01-10 04:45:00,2026-01-10 05:14:00
ORD_00455,7,CUR_M1,2026-01-10 05:37:00,2026-01-10 07:02:00
ORD_00455,8,CUR_M3,2026-01-10 07:37:00,2026-01-10 08:34:00
ORD_00455,9,FIN_M1,2026-01-10 09:31:00,2026-01-10 09:42:00
ORD_00455,10,INS_M3,2026-01-10 10:10:00,2026-01-10 10:29:00
ORD_00364,1,MIX_M1,2026-01-03 02:22:00,2026-01-03 02:36:00
ORD_00364,2,CAL_M1,2026-01-03 06:30:00,2026-01-03 07:15:00
ORD_00364,3,EXT_M1,2026-01-03 07:32:00,2026-01-03 07:56:00
ORD_00364,4,EXT_M4,2026-01-03 08:16:00,2026-01-03 08:34:00
ORD_00364,5,BLD_M1,2026-01-03 10:17:00,2026-01-03 10:44:00
ORD_00364,6,CUR_M3,2026-01-03 11:21:00,2026-01-03 12:25:00
ORD_00364,7,FIN_M4,2026-01-03 12:32:00,2026-01-03 12:53:00
ORD_00364,8,INS_M3,2026-01-03 13:29:00,2026-01-03 13:56:00
ORD_00310,1,MIX_M1,2026-01-07 01:27:00,2026-01-07 01:40:00
ORD_00310,2,CAL_M3,2026-01-07 02:35:00,2026-01-07 03:14:00
ORD_00310,3,EXT_M3,2026-01-07 04:14:00,2026-01-07 04:32:00
ORD_00310,4,EXT_M3,2026-01-07 04:32:00,2026-01-07 05:00:00
ORD_00310,5,BLD_M2,2026-01-07 05:58:00,2026-01-07 06:32:00
ORD_00310,6,CUR_M1,2026-01-07 07:31:00,2026-01-07 08:57:00
ORD_00310,7,FIN_M3,2026-01-07 09:50:00,2026-01-07 10:16:00
ORD_00310,8,INS_M1,2026-01-07 10:43:00,2026-01-07 11:09:00
ORD_00510,1,MIX_M4,2026-01-13 00:19:00,2026-01-13 00:43:00
ORD_00510,2,CAL_M3,2026-01-13 02:19:00,2026-01-13 02:58:00
ORD_00510,3,EXT_M4,2026-01-13 03:56:00,2026-01-13 04:27:00
ORD_00510,4,EXT_M5,2026-01-13 05:14:00,2026-01-13 05:42:00
ORD_00510,5,BLD_M2,2026-01-13 06:04:00,2026-01-13 06:50:00
ORD_00510,6,CUR_M4,2026-01-13 07:41:00,2026-01-13 08:59:00
ORD_00510,7,FIN_M2,2026-01-13 09:30:00,2026-01-13 09:48:00
ORD_00510,8,INS_M1,2026-01-13 10:10:00,2026-01-13 10:40:00
ORD_00411,1,MIX_M4,2026-01-10 00:32:00,2026-01-10 00:46:00
ORD_00411,2,CAL_M4,2026-01-10 02:09:00,2026-01-10 02:38:00
ORD_00411,3,EXT_M5,2026-01-10 02:50:00,2026-01-10 03:05:00
ORD_00411,4,BLD_M1,2026-01-10 03:26:00,2026-01-10 03:46:00
ORD_00411,5,CUR_M5,2026-01-10 03:55:00,2026-01-10 04:48:00
ORD_00411,6,FIN_M2,2026-01-10 05:54:00,2026-01-10 06:21:00
ORD_00411,7,INS_M3,2026-01-10 07:13:00,2026-01-10 07:42:00
ORD_00413,1,MIX_M3,2026-01-08 01:43:00,2026-01-08 01:53:00
ORD_00413,2,CAL_M1,2026-01-08 03:34:00,2026-01-08 04:18:00
ORD_00413,3,EXT_M5,2026-01-08 05:28:00,2026-01-08 06:06:00
ORD_00413,4,EXT_M4,2026-01-08 07:12:00,2026-01-08 07:53:00
ORD_00413,5,BLD_M3,2026-01-08 08:44:00,2026-01-08 09:28:00
ORD_00413,6,CUR_M4,2026-01-08 10:22:00,2026-01-08 11:40:00
ORD_00413,7,FIN_M3,2026-01-08 12:09:00,2026-01-08 12:26:00
ORD_00413,8,INS_M3,2026-01-08 13:24:00,2026-01-08 13:40:00
ORD_00361,1,MIX_M4,2026-01-09 02:12:00,2026-01-09 02:38:00
ORD_00361,2,CAL_M1,2026-01-09 03:37:00,2026-01-09 04:04:00
ORD_00361,3,EXT_M3,2026-01-09 05:32:00,2026-01-09 06:10:00
ORD_00361,4,BLD_M3,2026-01-09 06:21:00,2026-01-09 06:48:00
ORD_00361,5,CUR_M6,2026-01-09 07:37:00,2026-01-09 09:06:00
ORD_00361,6,FIN_M2,2026-01-09 09:58:00,2026-01-09 10:10:00
ORD_00361,7,INS_M3,2026-01-09 11:01:00,2026-01-09 11:31:00
ORD_00343,1,MIX_M1,2026-01-07 01:40:00,2026-01-07 02:10:00
ORD_00343,2,CAL_M4,2026-01-07 03:10:00,2026-01-07 03:36:00
ORD_00343,3,EXT_M5,2026-01-07 06:03:00,2026-01-07 06:43:00
ORD_00343,4,BLD_M6,2026-01-07 06:56:00,2026-01-07 07:37:00
ORD_00343,5,CUR_M3,2026-01-07 07:55:00,2026-01-07 08:36:00
ORD_00343,6,FIN_M2,2026-01-07 08:42:00,2026-01-07 09:11:00
ORD_00343,7,INS_M3,2026-01-07 09:26:00,2026-01-07 09:50:00
ORD_00419,1,MIX_M4,2026-01-08 01:47:00,2026-01-08 02:05:00
ORD_00419,2,CAL_M4,2026-01-08 03:51:00,2026-01-08 04:20:00
ORD_00419,3,EXT_M1,2026-01-08 05:19:00,2026-01-08 05:53:00
ORD_00419,4,BLD_M1,2026-01-08 06:23:00,2026-01-08 07:11:00
ORD_00419,5,CUR_M7,2026-01-08 07:21:00,2026-01-08 08:48:00
ORD_00419,6,FIN_M3,2026-01-08 09:31:00,2026-01-08 10:00:00
ORD_00419,7,INS_M2,2026-01-08 10:14:00,2026-01-08 10:24:00
ORD_00499,1,MIX_M2,2026-01-10 01:12:00,2026-01-10 01:28:00
ORD_00499,2,CAL_M4,2026-01-10 02:38:00,2026-01-10 03:01:00
ORD_00499,3,CAL_M3,2026-01-10 03:30:00,2026-01-10 03:48:00
ORD_00499,4,EXT_M2,2026-01-10 04:16:00,2026-01-10 04:40:00
ORD_00499,5,EXT_M2,2026-01-10 04:40:00,2026-01-10 05:06:00
ORD_00499,6,BLD_M2,2026-01-10 06:04:00,2026-01-10 06:33:00
ORD_00499,7,CUR_M1,2026-01-10 09:49:00,2026-01-10 11:14:00
ORD_00499,8,CUR_M3,2026-01-10 12:11:00,2026-01-10 13:08:00
ORD_00499,9,FIN_M1,2026-01-10 13:08:00,2026-01-10 13:19:00
ORD_00499,10,INS_M3,2026-01-10 13:52:00,2026-01-10 14:11:00
ORD_00276,1,MIX_M1,2026-01-12 00:30:00,2026-01-12 00:47:00
ORD_00276,2,CAL_M4,2026-01-12 01:22:00,2026-01-12 01:51:00
ORD_00276,3,CAL_M2,2026-01-12 02:04:00,2026-01-12 02:30:00
ORD_00276,4,EXT_M3,2026-01-12 02:52:00,2026-01-12 03:36:00
ORD_00276,5,EXT_M3,2026-01-12 03:36:00,2026-01-12 04:03:00
ORD_00276,6,BLD_M4,2026-01-12 04:29:00,2026-01-12 05:13:00
ORD_00276,7,CUR_M6,2026-01-12 07:07:00,2026-01-12 08:30:00
ORD_00276,8,CUR_M1,2026-01-12 09:16:00,2026-01-12 10:46:00
ORD_00276,9,FIN_M3,2026-01-12 11:34:00,2026-01-12 11:46:00
ORD_00276,10,INS_M2,2026-01-12 12:14:00,2026-01-12 12:27:00
ORD_00885,1,MIX_M4,2026-01-14 00:17:00,2026-01-14 00:35:00
ORD_00885,2,CAL_M1,2026-01-14 00:46:00,2026-01-14 01:01:00
ORD_00885,3,EXT_M3,2026-01-14 01:35:00,2026-01-14 02:14:00
ORD_00885,4,BLD_M2,2026-01-14 02:35:00,2026-01-14 03:15:00
ORD_00885,5,CUR_M5,2026-01-14 04:11:00,2026-01-14 05:01:00
ORD_00885,6,FIN_M4,2026-01-14 05:20:00,2026-01-14 05:47:00
ORD_00885,7,INS_M3,2026-01-14 06:30:00,2026-01-14 06:53:00
ORD_00875,1,MIX_M1,2026-01-04 03:31:00,2026-01-04 03:51:00
ORD_00875,2,CAL_M2,2026-01-04 06:28:00,2026-01-04 07:02:00
ORD_00875,3,EXT_M4,2026-01-04 07:23:00,2026-01-04 07:42:00
ORD_00875,4,EXT_M2,2026-01-04 08:29:00,2026-01-04 08:49:00
ORD_00875,5,BLD_M6,2026-01-04 10:33:00,2026-01-04 11:17:00
ORD_00875,6,CUR_M3,2026-01-04 12:53:00,2026-01-04 14:19:00
ORD_00875,7,FIN_M4,2026-01-04 14:40:00,2026-01-04 14:51:00
ORD_00875,8,INS_M2,2026-01-04 15:44:00,2026-01-04 16:05:00
ORD_00872,1,MIX_M2,2026-01-14 00:00:00,2026-01-14 00:16:00
ORD_00872,2,CAL_M4,2026-01-14 00:55:00,2026-01-14 01:18:00
ORD_00872,3,CAL_M3,2026-01-14 01:18:00,2026-01-14 01:36:00
ORD_00872,4,EXT_M2,2026-01-14 01:52:00,2026-01-14 02:16:00
ORD_00872,5,EXT_M2,2026-01-14 02:16:00,2026-01-14 02:42:00
ORD_00872,6,BLD_M2,2026-01-14 03:15:00,2026-01-14 03:44:00
ORD_00872,7,CUR_M1,2026-01-14 03:56:00,2026-01-14 05:21:00
ORD_00872,8,CUR_M3,2026-01-14 05:47:00,2026-01-14 06:44:00
ORD_00872,9,FIN_M1,2026-01-14 06:44:00,2026-01-14 06:55:00
ORD_00872,10,INS_M3,2026-01-14 07:13:00,2026-01-14 07:32:00
ORD_00201,1,MIX_M2,2026-01-10 01:28:00,2026-01-10 01:57:00
ORD_00201,2,CAL_M3,2026-01-10 03:48:00,2026-01-10 04:25:00
ORD_00201,3,EXT_M4,2026-01-10 04:50:00,2026-01-10 05:11:00
ORD_00201,4,BLD_M1,2026-01-10 06:05:00,2026-01-10 06:29:00
ORD_00201,5,CUR_M2,2026-01-10 06:53:00,2026-01-10 08:01:00
ORD_00201,6,FIN_M2,2026-01-10 08:15:00,2026-01-10 08:39:00
ORD_00201,7,INS_M1,2026-01-10 09:37:00,2026-01-10 09:57:00
ORD_00183,1,MIX_M3,2026-01-10 00:30:00,2026-01-10 00:44:00
ORD_00183,2,CAL_M1,2026-01-10 01:13:00,2026-01-10 01:36:00
ORD_00183,3,EXT_M2,2026-01-10 02:19:00,2026-01-10 02:38:00
ORD_00183,4,BLD_M5,2026-01-10 03:24:00,2026-01-10 03:52:00
ORD_00183,5,CUR_M3,2026-01-10 03:59:00,2026-01-10 04:46:00
ORD_00183,6,FIN_M1,2026-01-10 04:52:00,2026-01-10 05:06:00
ORD_00183,7,INS_M1,2026-01-10 06:03:00,2026-01-10 06:24:00
ORD_00206,1,MIX_M4,2026-01-09 02:38:00,2026-01-09 02:56:00
ORD_00206,2,CAL_M1,2026-01-09 04:04:00,2026-01-09 04:19:00
ORD_00206,3,EXT_M3,2026-01-09 06:10:00,2026-01-09 06:49:00
ORD_00206,4,BLD_M2,2026-01-09 07:10:00,2026-01-09 07:50:00
ORD_00206,5,CUR_M5,2026-01-09 09:01:00,2026-01-09 09:51:00
ORD_00206,6,FIN_M4,2026-01-09 10:05:00,2026-01-09 10:32:00
ORD_00206,7,INS_M3,2026-01-09 11:42:00,2026-01-09 12:05:00
ORD_00848,1,MIX_M3,2026-01-11 00:00:00,2026-01-11 00:14:00
ORD_00848,2,CAL_M1,2026-01-11 03:06:00,2026-01-11 03:29:00
ORD_00848,3,EXT_M2,2026-01-11 04:04:00,2026-01-11 04:23:00
ORD_00848,4,BLD_M5,2026-01-11 04:23:00,2026-01-11 04:51:00
ORD_00848,5,CUR_M3,2026-01-11 04:51:00,2026-01-11 05:38:00
ORD_00848,6,FIN_M1,2026-01-11 05:38:00,2026-01-11 05:52:00
ORD_00848,7,INS_M1,2026-01-11 05:52:00,2026-01-11 06:13:00
ORD_00820,1,MIX_M1,2026-01-10 01:10:00,2026-01-10 01:40:00
ORD_00820,2,CAL_M2,2026-01-10 03:02:00,2026-01-10 03:39:00
ORD_00820,3,EXT_M2,2026-01-10 05:06:00,2026-01-10 05:30:00
ORD_00820,4,BLD_M4,2026-01-10 06:19:00,2026-01-10 06:39:00
ORD_00820,5,CUR_M6,2026-01-10 07:33:00,2026-01-10 08:28:00
ORD_00820,6,FIN_M4,2026-01-10 08:43:00,2026-01-10 08:58:00
ORD_00820,7,INS_M3,2026-01-10 09:28:00,2026-01-10 09:40:00
ORD_00817,1,MIX_M2,2026-01-10 01:57:00,2026-01-10 02:26:00
ORD_00817,2,CAL_M3,2026-01-10 02:26:00,2026-01-10 03:03:00
ORD_00817,3,EXT_M4,2026-01-10 03:03:00,2026-01-10 03:24:00
ORD_00817,4,BLD_M1,2026-01-10 03:46:00,2026-01-10 04:10:00
ORD_00817,5,CUR_M2,2026-01-10 04:10:00,2026-01-10 05:18:00
ORD_00817,6,FIN_M2,2026-01-10 05:18:00,2026-01-10 05:42:00
ORD_00817,7,INS_M1,2026-01-10 06:33:00,2026-01-10 06:53:00
ORD_00136,1,MIX_M3,2026-01-04 02:32:00,2026-01-04 02:44:00
ORD_00136,2,CAL_M1,2026-01-04 05:29:00,2026-01-04 05:56:00
ORD_00136,3,EXT_M4,2026-01-04 07:01:00,2026-01-04 07:17:00
ORD_00136,4,BLD_M6,2026-01-04 11:17:00,2026-01-04 11:49:00
ORD_00136,5,CUR_M6,2026-01-04 12:06:00,2026-01-04 13:02:00
ORD_00136,6,FIN_M1,2026-01-04 13:18:00,2026-01-04 13:39:00
ORD_00136,7,INS_M1,2026-01-04 14:30:00,2026-01-04 14:51:00
ORD_00901,1,MIX_M3,2026-01-08 01:53:00,2026-01-08 02:07:00
ORD_00901,2,CAL_M1,2026-01-08 04:18:00,2026-01-08 04:41:00
ORD_00901,3,EXT_M2,2026-01-08 05:02:00,2026-01-08 05:21:00
ORD_00901,4,BLD_M5,2026-01-08 05:52:00,2026-01-08 06:20:00
ORD_00901,5,CUR_M3,2026-01-08 11:27:00,2026-01-08 12:14:00
ORD_00901,6,FIN_M1,2026-01-08 12:56:00,2026-01-08 13:10:00
ORD_00901,7,INS_M1,2026-01-08 13:49:00,2026-01-08 14:10:00
ORD_00922,1,MIX_M1,2026-01-04 03:51:00,2026-01-04 04:02:00
ORD_00922,2,CAL_M2,2026-01-04 07:02:00,2026-01-04 07:31:00
ORD_00922,3,EXT_M4,2026-01-04 07:50:00,2026-01-04 08:20:00
ORD_00922,4,BLD_M4,2026-01-04 09:19:00,2026-01-04 09:45:00
ORD_00922,5,CUR_M6,2026-01-04 10:14:00,2026-01-04 11:32:00
ORD_00922,6,FIN_M2,2026-01-04 12:03:00,2026-01-04 12:23:00
ORD_00922,7,INS_M3,2026-01-04 13:56:00,2026-01-04 14:16:00
ORD_00904,1,MIX_M1,2026-01-07 02:10:00,2026-01-07 02:29:00
ORD_00904,2,CAL_M4,2026-01-07 03:36:00,2026-01-07 04:03:00
ORD_00904,3,EXT_M2,2026-01-07 04:19:00,2026-01-07 04:36:00
ORD_00904,4,BLD_M5,2026-01-07 05:36:00,2026-01-07 06:18:00
ORD_00904,5,CUR_M4,2026-01-07 06:50:00,2026-01-07 07:36:00
ORD_00904,6,FIN_M3,2026-01-07 08:25:00,2026-01-07 08:54:00
ORD_00904,7,INS_M1,2026-01-07 10:00:00,2026-01-07 10:28:00
ORD_00012,1,MIX_M1,2026-01-07 02:29:00,2026-01-07 02:42:00
ORD_00012,2,CAL_M3,2026-01-07 03:19:00,2026-01-07 03:58:00
ORD_00012,3,EXT_M3,2026-01-07 05:00:00,2026-01-07 05:18:00
ORD_00012,4,EXT_M3,2026-01-07 05:18:00,2026-01-07 05:46:00
ORD_00012,5,BLD_M2,2026-01-07 06:41:00,2026-01-07 07:15:00
ORD_00012,6,CUR_M1,2026-01-07 10:57:00,2026-01-07 12:23:00
ORD_00012,7,FIN_M3,2026-01-07 13:03:00,2026-01-07 13:29:00
ORD_00012,8,INS_M1,2026-01-07 14:11:00,2026-01-07 14:37:00
ORD_00576,1,MIX_M1,2026-01-10 00:09:00,2026-01-10 00:36:00
ORD_00576,2,CAL_M4,2026-01-10 03:01:00,2026-01-10 03:29:00
ORD_00576,3,EXT_M1,2026-01-10 03:37:00,2026-01-10 03:58:00
ORD_00576,4,EXT_M5,2026-01-10 04:53:00,2026-01-10 05:19:00
ORD_00576,5,BLD_M5,2026-01-10 05:56:00,2026-01-10 06:40:00
ORD_00576,6,CUR_M8,2026-01-10 07:21:00,2026-01-10 08:41:00
ORD_00576,7,FIN_M4,2026-01-10 08:58:00,2026-01-10 09:09:00
ORD_00576,8,INS_M1,2026-01-10 09:57:00,2026-01-10 10:15:00
ORD_00991,1,MIX_M2,2026-01-08 01:39:00,2026-01-08 02:09:00
ORD_00991,2,CAL_M1,2026-01-08 04:41:00,2026-01-08 05:20:00
ORD_00991,3,EXT_M5,2026-01-08 06:06:00,2026-01-08 06:44:00
ORD_00991,4,EXT_M3,2026-01-08 07:26:00,2026-01-08 07:45:00
ORD_00991,5,BLD_M1,2026-01-08 08:11:00,2026-01-08 08:42:00
ORD_00991,6,CUR_M6,2026-01-08 09:24:00,2026-01-08 10:45:00
ORD_00991,7,FIN_M2,2026-01-08 10:52:00,2026-01-08 11:16:00
ORD_00991,8,INS_M3,2026-01-08 12:02:00,2026-01-08 12:27:00
ORD_00002,1,MIX_M1,2026-01-10 01:40:00,2026-01-10 02:10:00
ORD_00002,2,CAL_M4,2026-01-10 03:29:00,2026-01-10 03:55:00
ORD_00002,3,EXT_M5,2026-01-10 05:19:00,2026-01-10 05:59:00
ORD_00002,4,BLD_M6,2026-01-10 06:27:00,2026-01-10 07:08:00
ORD_00002,5,CUR_M3,2026-01-10 08:34:00,2026-01-10 09:15:00
ORD_00002,6,FIN_M2,2026-01-10 10:02:00,2026-01-10 10:31:00
ORD_00002,7,INS_M3,2026-01-10 11:21:00,2026-01-10 11:45:00
ORD_00604,1,MIX_M4,2026-01-08 02:05:00,2026-01-08 02:31:00
ORD_00604,2,CAL_M1,2026-01-08 05:20:00,2026-01-08 05:47:00
ORD_00604,3,EXT_M3,2026-01-08 06:24:00,2026-01-08 07:02:00
ORD_00604,4,BLD_M3,2026-01-08 08:13:00,2026-01-08 08:40:00
ORD_00604,5,CUR_M6,2026-01-08 10:45:00,2026-01-08 12:14:00
ORD_00604,6,FIN_M2,2026-01-08 12:53:00,2026-01-08 13:05:00
ORD_00604,7,INS_M3,2026-01-08 13:40:00,2026-01-08 14:10:00
ORD_00982,1,MIX_M3,2026-01-12 00:38:00,2026-01-12 00:52:00
ORD_00982,2,CAL_M1,2026-01-12 03:32:00,2026-01-12 04:15:00
ORD_00982,3,EXT_M1,2026-01-12 04:53:00,2026-01-12 05:17:00
ORD_00982,4,EXT_M4,2026-01-12 05:45:00,2026-01-12 06:01:00
ORD_00982,5,BLD_M5,2026-01-12 06:07:00,2026-01-12 06:38:00
ORD_00982,6,CUR_M3,2026-01-12 06:49:00,2026-01-12 07:34:00
ORD_00982,7,FIN_M3,2026-01-12 08:11:00,2026-01-12 08:31:00
ORD_00982,8,INS_M3,2026-01-12 09:25:00,2026-01-12 09:48:00
ORD_00176,1,MIX_M1,2026-01-11 00:40:00,2026-01-11 00:51:00
ORD_00176,2,CAL_M2,2026-01-11 00:51:00,2026-01-11 01:20:00
ORD_00176,3,EXT_M4,2026-01-11 01:27:00,2026-01-11 01:57:00
ORD_00176,4,BLD_M4,2026-01-11 01:57:00,2026-01-11 02:23:00
ORD_00176,5,CUR_M6,2026-01-11 02:33:00,2026-01-11 03:51:00
ORD_00176,6,FIN_M2,2026-01-11 04:17:00,2026-01-11 04:37:00
ORD_00176,7,INS_M3,2026-01-11 05:06:00,2026-01-11 05:26:00
ORD_00957,1,MIX_M4,2026-01-12 00:58:00,2026-01-12 01:10:00
ORD_00957,2,CAL_M2,2026-01-12 02:30:00,2026-01-12 03:14:00
ORD_00957,3,EXT_M3,2026-01-12 04:29:00,2026-01-12 05:09:00
ORD_00957,4,BLD_M6,2026-01-12 05:44:00,2026-01-12 06:22:00
ORD_00957,5,CUR_M4,2026-01-12 06:28:00,2026-01-12 07:35:00
ORD_00957,6,FIN_M1,2026-01-12 08:19:00,2026-01-12 08:46:00
ORD_00957,7,INS_M1,2026-01-12 09:44:00,2026-01-12 10:14:00
ORD_00149,1,MIX_M4,2026-01-10 00:46:00,2026-01-10 01:10:00
ORD_00149,2,CAL_M3,2026-01-10 01:22:00,2026-01-10 02:02:00
ORD_00149,3,EXT_M3,2026-01-10 04:39:00,2026-01-10 05:12:00
ORD_00149,4,BLD_M1,2026-01-10 06:29:00,2026-01-10 07:00:00
ORD_00149,5,CUR_M2,2026-01-10 08:01:00,2026-01-10 09:00:00
ORD_00149,6,FIN_M4,2026-01-10 09:09:00,2026-01-10 09:33:00
ORD_00149,7,INS_M1,2026-01-10 10:15:00,2026-01-10 10:26:00
ORD_00065,1,MIX_M1,2026-01-08 01:33:00,2026-01-08 01:49:00
ORD_00065,2,CAL_M4,2026-01-08 04:20:00,2026-01-08 04:47:00
ORD_00065,3,EXT_M5,2026-01-08 06:44:00,2026-01-08 07:29:00
ORD_00065,4,BLD_M6,2026-01-08 08:18:00,2026-01-08 08:38:00
ORD_00065,5,CUR_M7,2026-01-08 08:48:00,2026-01-08 09:58:00
ORD_00065,6,FIN_M1,2026-01-08 10:11:00,2026-01-08 10:32:00
ORD_00065,7,INS_M2,2026-01-08 10:54:00,2026-01-08 11:16:00
ORD_00005,1,MIX_M1,2026-01-03 02:36:00,2026-01-03 02:50:00
ORD_00005,2,CAL_M1,2026-01-03 07:15:00,2026-01-03 08:00:00
ORD_00005,3,EXT_M1,2026-01-03 08:56:00,2026-01-03 09:20:00
ORD_00005,4,EXT_M4,2026-01-03 09:43:00,2026-01-03 10:01:00
ORD_00005,5,BLD_M1,2026-01-03 10:51:00,2026-01-03 11:18:00
ORD_00005,6,CUR_M3,2026-01-03 12:25:00,2026-01-03 13:29:00
ORD_00005,7,FIN_M4,2026-01-03 13:43:00,2026-01-03 14:04:00
ORD_00005,8,INS_M3,2026-01-03 14:39:00,2026-01-03 15:06:00
ORD_00387,1,MIX_M4,2026-01-11 01:31:00,2026-01-11 01:43:00
ORD_00387,2,CAL_M2,2026-01-11 03:13:00,2026-01-11 03:44:00
ORD_00387,3,CAL_M3,2026-01-11 04:21:00,2026-01-11 04:48:00
ORD_00387,4,EXT_M3,2026-01-11 05:15:00,2026-01-11 05:50:00
ORD_00387,5,EXT_M3,2026-01-11 05:50:00,2026-01-11 06:12:00
ORD_00387,6,BLD_M1,2026-01-11 07:11:00,2026-01-11 07:31:00
ORD_00387,7,CUR_M3,2026-01-11 10:31:00,2026-01-11 11:42:00
ORD_00387,8,CUR_M7,2026-01-11 11:51:00,2026-01-11 13:06:00
ORD_00387,9,FIN_M1,2026-01-11 13:14:00,2026-01-11 13:32:00
ORD_00387,10,INS_M2,2026-01-11 14:21:00,2026-01-11 14:45:00
ORD_00352,1,MIX_M1,2026-01-13 00:10:00,2026-01-13 00:30:00
ORD_00352,2,CAL_M2,2026-01-13 00:55:00,2026-01-13 01:29:00
ORD_00352,3,EXT_M4,2026-01-13 01:50:00,2026-01-13 02:09:00
ORD_00352,4,EXT_M2,2026-01-13 02:29:00,2026-01-13 02:49:00
ORD_00352,5,BLD_M6,2026-01-13 03:00:00,2026-01-13 03:44:00
ORD_00352,6,CUR_M3,2026-01-13 04:05:00,2026-01-13 05:31:00
ORD_00352,7,FIN_M4,2026-01-13 06:02:00,2026-01-13 06:13:00
ORD_00352,8,INS_M2,2026-01-13 06:41:00,2026-01-13 07:02:00
ORD_00378,1,MIX_M2,2026-01-12 00:31:00,2026-01-12 00:49:00
ORD_00378,2,CAL_M4,2026-01-12 01:51:00,2026-01-12 02:36:00
ORD_00378,3,EXT_M2,2026-01-12 03:30:00,2026-01-12 04:14:00
ORD_00378,4,EXT_M5,2026-01-12 05:11:00,2026-01-12 05:50:00
ORD_00378,5,BLD_M6,2026-01-12 06:48:00,2026-01-12 07:30:00
ORD_00378,6,CUR_M4,2026-01-12 08:14:00,2026-01-12 09:39:00
ORD_00378,7,FIN_M3,2026-01-12 09:52:00,2026-01-12 10:14:00
ORD_00378,8,INS_M3,2026-01-12 10:34:00,2026-01-12 11:04:00
ORD_00915,1,MIX_M1,2026-01-15 00:27:00,2026-01-15 00:41:00
ORD_00915,2,CAL_M1,2026-01-15 00:41:00,2026-01-15 01:26:00
ORD_00915,3,EXT_M1,2026-01-15 01:26:00,2026-01-15 01:50:00
ORD_00915,4,EXT_M4,2026-01-15 02:03:00,2026-01-15 02:21:00
ORD_00915,5,BLD_M1,2026-01-15 03:14:00,2026-01-15 03:41:00
ORD_00915,6,CUR_M3,2026-01-15 04:07:00,2026-01-15 05:11:00
ORD_00915,7,FIN_M4,2026-01-15 05:51:00,2026-01-15 06:12:00
ORD_00915,8,INS_M3,2026-01-15 06:32:00,2026-01-15 06:59:00
ORD_00122,1,MIX_M1,2026-01-15 00:41:00,2026-01-15 01:11:00
ORD_00122,2,CAL_M1,2026-01-15 01:56:00,2026-01-15 02:18:00
ORD_00122,3,EXT_M1,2026-01-15 02:50:00,2026-01-15 03:33:00
ORD_00122,4,BLD_M1,2026-01-15 04:10:00,2026-01-15 04:57:00
ORD_00122,5,CUR_M6,2026-01-15 05:44:00,2026-01-15 06:28:00
ORD_00122,6,FIN_M2,2026-01-15 06:54:00,2026-01-15 07:12:00
ORD_00122,7,INS_M3,2026-01-15 07:30:00,2026-01-15 07:55:00
ORD_00365,1,MIX_M4,2026-01-13 00:43:00,2026-01-13 01:04:00
ORD_00365,2,CAL_M1,2026-01-13 01:31:00,2026-01-13 02:08:00
ORD_00365,3,EXT_M5,2026-01-13 03:05:00,2026-01-13 03:47:00
ORD_00365,4,BLD_M1,2026-01-13 04:07:00,2026-01-13 04:36:00
ORD_00365,5,CUR_M2,2026-01-13 07:31:00,2026-01-13 08:59:00
ORD_00365,6,FIN_M2,2026-01-13 09:58:00,2026-01-13 10:16:00
ORD_00365,7,INS_M2,2026-01-13 10:21:00,2026-01-13 10:47:00
ORD_00849,1,MIX_M4,2026-01-09 02:56:00,2026-01-09 03:23:00
ORD_00849,2,CAL_M2,2026-01-09 04:52:00,2026-01-09 05:22:00
ORD_00849,3,CAL_M2,2026-01-09 05:22:00,2026-01-09 05:45:00
ORD_00849,4,EXT_M4,2026-01-09 06:19:00,2026-01-09 06:49:00
ORD_00849,5,EXT_M1,2026-01-09 07:35:00,2026-01-09 08:02:00
ORD_00849,6,BLD_M3,2026-01-09 08:43:00,2026-01-09 09:24:00
ORD_00849,7,CUR_M7,2026-01-09 12:29:00,2026-01-09 13:55:00
ORD_00849,8,CUR_M3,2026-01-09 14:38:00,2026-01-09 15:47:00
ORD_00849,9,FIN_M2,2026-01-09 16:38:00,2026-01-09 17:07:00
ORD_00849,10,INS_M3,2026-01-09 17:45:00,2026-01-09 17:55:00
ORD_00800,1,MIX_M1,2026-01-12 00:47:00,2026-01-12 01:17:00
ORD_00800,2,CAL_M2,2026-01-12 03:14:00,2026-01-12 03:51:00
ORD_00800,3,EXT_M2,2026-01-12 04:31:00,2026-01-12 04:55:00
ORD_00800,4,BLD_M4,2026-01-12 05:35:00,2026-01-12 05:55:00
ORD_00800,5,CUR_M6,2026-01-12 08:30:00,2026-01-12 09:25:00
ORD_00800,6,FIN_M4,2026-01-12 09:43:00,2026-01-12 09:58:00
ORD_00800,7,INS_M3,2026-01-12 10:08:00,2026-01-12 10:20:00
ORD_00570,1,MIX_M3,2026-01-10 00:44:00,2026-01-10 00:54:00
ORD_00570,2,CAL_M1,2026-01-10 02:16:00,2026-01-10 03:00:00
ORD_00570,3,EXT_M5,2026-01-10 04:06:00,2026-01-10 04:44:00
ORD_00570,4,EXT_M4,2026-01-10 05:11:00,2026-01-10 05:52:00
ORD_00570,5,BLD_M3,2026-01-10 06:43:00,2026-01-10 07:27:00
ORD_00570,6,CUR_M4,2026-01-10 07:38:00,2026-01-10 08:56:00
ORD_00570,7,FIN_M3,2026-01-10 09:42:00,2026-01-10 09:59:00
ORD_00570,8,INS_M3,2026-01-10 10:29:00,2026-01-10 10:45:00
ORD_00579,1,MIX_M1,2026-01-10 02:10:00,2026-01-10 02:40:00
ORD_00579,2,CAL_M2,2026-01-10 03:39:00,2026-01-10 04:16:00
ORD_00579,3,EXT_M2,2026-01-10 05:30:00,2026-01-10 05:54:00
ORD_00579,4,BLD_M4,2026-01-10 05:54:00,2026-01-10 06:14:00
ORD_00579,5,CUR_M6,2026-01-10 08:28:00,2026-01-10 09:23:00
ORD_00579,6,FIN_M4,2026-01-10 09:33:00,2026-01-10 09:48:00
ORD_00579,7,INS_M3,2026-01-10 10:45:00,2026-01-10 10:57:00
ORD_00601,1,MIX_M1,2026-01-11 01:53:00,2026-01-11 02:20:00
ORD_00601,2,CAL_M2,2026-01-11 03:44:00,2026-01-11 04:07:00
ORD_00601,3,EXT_M3,2026-01-11 06:12:00,2026-01-11 06:46:00
ORD_00601,4,EXT_M2,2026-01-11 07:07:00,2026-01-11 07:44:00
ORD_00601,5,BLD_M3,2026-01-11 08:08:00,2026-01-11 08:34:00
ORD_00601,6,CUR_M5,2026-01-11 09:28:00,2026-01-11 10:40:00
ORD_00601,7,FIN_M4,2026-01-11 11:34:00,2026-01-11 11:52:00
ORD_00601,8,INS_M1,2026-01-11 12:47:00,2026-01-11 12:59:00
ORD_00638,1,MIX_M4,2026-01-13 01:04:00,2026-01-13 01:25:00
ORD_00638,2,CAL_M1,2026-01-13 02:08:00,2026-01-13 02:45:00
ORD_00638,3,EXT_M5,2026-01-13 03:47:00,2026-01-13 04:29:00
ORD_00638,4,BLD_M1,2026-01-13 04:36:00,2026-01-13 05:05:00
ORD_00638,5,CUR_M2,2026-01-13 08:59:00,2026-01-13 10:27:00
ORD_00638,6,FIN_M2,2026-01-13 10:36:00,2026-01-13 10:54:00
ORD_00638,7,INS_M2,2026-01-13 10:54:00,2026-01-13 11:20:00
ORD_00492,1,MIX_M2,2026-01-06 04:09:00,2026-01-06 04:34:00
ORD_00492,2,CAL_M1,2026-01-06 06:46:00,2026-01-06 07:20:00
ORD_00492,3,EXT_M5,2026-01-06 08:49:00,2026-01-06 09:14:00
ORD_00492,4,BLD_M5,2026-01-06 09:46:00,2026-01-06 10:13:00
ORD_00492,5,CUR_M2,2026-01-06 11:57:00,2026-01-06 13:17:00
ORD_00492,6,FIN_M4,2026-01-06 13:39:00,2026-01-06 13:58:00
ORD_00492,7,INS_M3,2026-01-06 15:42:00,2026-01-06 16:05:00
ORD_00481,1,MIX_M4,2026-01-09 03:23:00,2026-01-09 03:47:00
ORD_00481,2,CAL_M3,2026-01-09 04:43:00,2026-01-09 05:23:00
ORD_00481,3,EXT_M3,2026-01-09 06:49:00,2026-01-09 07:22:00
ORD_00481,4,BLD_M1,2026-01-09 07:30:00,2026-01-09 08:01:00
ORD_00481,5,CUR_M2,2026-01-09 08:17:00,2026-01-09 09:16:00
ORD_00481,6,FIN_M4,2026-01-09 10:32:00,2026-01-09 10:56:00
ORD_00481,7,INS_M1,2026-01-09 11:50:00,2026-01-09 12:01:00
ORD_00528,1,MIX_M2,2026-01-12 01:25:00,2026-01-12 01:55:00
ORD_00528,2,CAL_M1,2026-01-12 04:15:00,2026-01-12 04:54:00
ORD_00528,3,EXT_M5,2026-01-12 05:50:00,2026-01-12 06:28:00
ORD_00528,4,EXT_M3,2026-01-12 06:48:00,2026-01-12 07:07:00
ORD_00528,5,BLD_M1,2026-01-12 08:05:00,2026-01-12 08:36:00
ORD_00528,6,CUR_M6,2026-01-12 09:25:00,2026-01-12 10:46:00
ORD_00528,7,FIN_M2,2026-01-12 11:04:00,2026-01-12 11:28:00
ORD_00528,8,INS_M3,2026-01-12 12:08:00,2026-01-12 12:33:00
ORD_00059,1,MIX_M1,2026-01-13 00:47:00,2026-01-13 01:09:00
ORD_00059,2,CAL_M1,2026-01-13 02:45:00,2026-01-13 03:27:00
ORD_00059,3,EXT_M4,2026-01-13 04:27:00,2026-01-13 04:49:00
ORD_00059,4,EXT_M2,2026-01-13 04:55:00,2026-01-13 05:36:00
ORD_00059,5,BLD_M4,2026-01-13 05:52:00,2026-01-13 06:23:00
ORD_00059,6,CUR_M5,2026-01-13 06:59:00,2026-01-13 08:29:00
ORD_00059,7,FIN_M2,2026-01-13 08:53:00,2026-01-13 09:10:00
ORD_00059,8,INS_M1,2026-01-13 09:30:00,2026-01-13 09:46:00
ORD_00054,1,MIX_M4,2026-01-12 01:10:00,2026-01-12 01:37:00
ORD_00054,2,CAL_M2,2026-01-12 03:51:00,2026-01-12 04:21:00
ORD_00054,3,CAL_M2,2026-01-12 04:21:00,2026-01-12 04:44:00
ORD_00054,4,EXT_M4,2026-01-12 06:01:00,2026-01-12 06:31:00
ORD_00054,5,EXT_M1,2026-01-12 06:31:00,2026-01-12 06:58:00
ORD_00054,6,BLD_M3,2026-01-12 07:03:00,2026-01-12 07:44:00
ORD_00054,7,CUR_M7,2026-01-12 07:44:00,2026-01-12 09:10:00
ORD_00054,8,CUR_M3,2026-01-12 09:10:00,2026-01-12 10:19:00
ORD_00054,9,FIN_M2,2026-01-12 11:28:00,2026-01-12 11:57:00
ORD_00054,10,INS_M3,2026-01-12 12:50:00,2026-01-12 13:00:00
ORD_00053,1,MIX_M3,2026-01-12 00:52:00,2026-01-12 01:06:00
ORD_00053,2,CAL_M1,2026-01-12 01:40:00,2026-01-12 02:03:00
ORD_00053,3,EXT_M2,2026-01-12 02:22:00,2026-01-12 02:41:00
ORD_00053,4,BLD_M5,2026-01-12 03:22:00,2026-01-12 03:50:00
ORD_00053,5,CUR_M3,2026-01-12 04:59:00,2026-01-12 05:46:00
ORD_00053,6,FIN_M1,2026-01-12 06:39:00,2026-01-12 06:53:00
ORD_00053,7,INS_M1,2026-01-12 07:14:00,2026-01-12 07:35:00
ORD_00758,1,MIX_M1,2026-01-09 00:07:00,2026-01-09 00:22:00
ORD_00758,2,CAL_M1,2026-01-09 02:47:00,2026-01-09 03:15:00
ORD_00758,3,EXT_M4,2026-01-09 04:36:00,2026-01-09 05:13:00
ORD_00758,4,BLD_M5,2026-01-09 05:23:00,2026-01-09 05:58:00
ORD_00758,5,CUR_M5,2026-01-09 06:36:00,2026-01-09 07:18:00
ORD_00758,6,FIN_M2,2026-01-09 08:11:00,2026-01-09 08:30:00
ORD_00758,7,INS_M3,2026-01-09 09:23:00,2026-01-09 09:42:00
ORD_00444,1,MIX_M2,2026-01-13 01:11:00,2026-01-13 01:41:00
ORD_00444,2,CAL_M1,2026-01-13 03:27:00,2026-01-13 04:06:00
ORD_00444,3,EXT_M5,2026-01-13 04:29:00,2026-01-13 05:07:00
ORD_00444,4,EXT_M3,2026-01-13 05:07:00,2026-01-13 05:26:00
ORD_00444,5,BLD_M1,2026-01-13 05:26:00,2026-01-13 05:57:00
ORD_00444,6,CUR_M6,2026-01-13 05:57:00,2026-01-13 07:18:00
ORD_00444,7,FIN_M2,2026-01-13 07:31:00,2026-01-13 07:55:00
ORD_00444,8,INS_M3,2026-01-13 08:20:00,2026-01-13 08:45:00
ORD_00789,1,MIX_M1,2026-01-12 01:17:00,2026-01-12 01:28:00
ORD_00789,2,CAL_M1,2026-01-12 04:54:00,2026-01-12 05:13:00
ORD_00789,3,EXT_M2,2026-01-12 05:35:00,2026-01-12 06:15:00
ORD_00789,4,EXT_M4,2026-01-12 06:57:00,2026-01-12 07:31:00
ORD_00789,5,BLD_M1,2026-01-12 08:36:00,2026-01-12 09:08:00
ORD_00789,6,CUR_M7,2026-01-12 09:25:00,2026-01-12 10:43:00
ORD_00789,7,FIN_M4,2026-01-12 11:24:00,2026-01-12 11:50:00
ORD_00789,8,INS_M2,2026-01-12 12:27:00,2026-01-12 12:54:00
ORD_00432,1,MIX_M1,2026-01-04 04:02:00,2026-01-04 04:32:00
ORD_00432,2,CAL_M1,2026-01-04 05:56:00,2026-01-04 06:18:00
ORD_00432,3,EXT_M1,2026-01-04 06:56:00,2026-01-04 07:39:00
ORD_00432,4,BLD_M1,2026-01-04 08:21:00,2026-01-04 09:08:00
ORD_00432,5,CUR_M6,2026-01-04 13:02:00,2026-01-04 13:46:00
ORD_00432,6,FIN_M2,2026-01-04 14:24:00,2026-01-04 14:42:00
ORD_00432,7,INS_M3,2026-01-04 15:11:00,2026-01-04 15:36:00
ORD_00470,1,MIX_M2,2026-01-11 01:21:00,2026-01-11 01:50:00
ORD_00470,2,CAL_M1,2026-01-11 03:29:00,2026-01-11 03:53:00
ORD_00470,3,EXT_M5,2026-01-11 04:30:00,2026-01-11 04:57:00
ORD_00470,4,EXT_M3,2026-01-11 06:46:00,2026-01-11 07:27:00
ORD_00470,5,BLD_M2,2026-01-11 07:43:00,2026-01-11 08:24:00
ORD_00470,6,CUR_M2,2026-01-11 11:27:00,2026-01-11 12:48:00
ORD_00470,7,FIN_M4,2026-01-11 13:30:00,2026-01-11 13:56:00
ORD_00470,8,INS_M2,2026-01-11 14:45:00,2026-01-11 14:55:00
ORD_00715,1,MIX_M1,2026-01-13 01:09:00,2026-01-13 01:38:00
ORD_00715,2,CAL_M2,2026-01-13 01:45:00,2026-01-13 02:17:00
ORD_00715,3,EXT_M2,2026-01-13 02:53:00,2026-01-13 03:13:00
ORD_00715,4,BLD_M4,2026-01-13 04:07:00,2026-01-13 04:39:00
ORD_00715,5,CUR_M5,2026-01-13 05:24:00,2026-01-13 06:44:00
ORD_00715,6,FIN_M2,2026-01-13 08:28:00,2026-01-13 08:48:00
ORD_00715,7,INS_M1,2026-01-13 09:46:00,2026-01-13 10:03:00
ORD_00155,1,MIX_M2,2026-01-05 03:22:00,2026-01-05 03:38:00
ORD_00155,2,CAL_M4,2026-01-05 08:09:00,2026-01-05 08:32:00
ORD_00155,3,CAL_M3,2026-01-05 09:00:00,2026-01-05 09:18:00
ORD_00155,4,EXT_M2,2026-01-05 10:42:00,2026-01-05 11:06:00
ORD_00155,5,EXT_M2,2026-01-05 11:06:00,2026-01-05 11:32:00
ORD_00155,6,BLD_M2,2026-01-05 11:56:00,2026-01-05 12:25:00
ORD_00155,7,CUR_M1,2026-01-05 19:03:00,2026-01-05 20:28:00
ORD_00155,8,CUR_M3,2026-01-05 21:17:00,2026-01-05 22:14:00
ORD_00155,9,FIN_M1,2026-01-05 22:52:00,2026-01-05 23:03:00
ORD_00155,10,INS_M3,2026-01-05 23:37:00,2026-01-05 23:56:00
ORD_00298,1,MIX_M1,2026-01-11 02:20:00,2026-01-11 02:33:00
ORD_00298,2,CAL_M3,2026-01-11 03:28:00,2026-01-11 04:07:00
ORD_00298,3,EXT_M3,2026-01-11 04:22:00,2026-01-11 04:40:00
ORD_00298,4,EXT_M3,2026-01-11 04:40:00,2026-01-11 05:08:00
ORD_00298,5,BLD_M2,2026-01-11 05:46:00,2026-01-11 06:20:00
ORD_00298,6,CUR_M1,2026-01-11 07:19:00,2026-01-11 08:45:00
ORD_00298,7,FIN_M3,2026-01-11 09:22:00,2026-01-11 09:48:00
ORD_00298,8,INS_M1,2026-01-11 11:35:00,2026-01-11 12:01:00
ORD_00302,1,MIX_M2,2026-01-12 01:55:00,2026-01-12 02:18:00
ORD_00302,2,CAL_M1,2026-01-12 05:13:00,2026-01-12 05:58:00
ORD_00302,3,EXT_M2,2026-01-12 06:15:00,2026-01-12 06:56:00
ORD_00302,4,EXT_M4,2026-01-12 07:43:00,2026-01-12 08:26:00
ORD_00302,5,BLD_M3,2026-01-12 08:38:00,2026-01-12 09:27:00
ORD_00302,6,CUR_M1,2026-01-12 10:46:00,2026-01-12 11:52:00
ORD_00302,7,FIN_M1,2026-01-12 12:46:00,2026-01-12 13:08:00
ORD_00302,8,INS_M3,2026-01-12 13:58:00,2026-01-12 14:19:00
ORD_00325,1,MIX_M2,2026-01-08 02:09:00,2026-01-08 02:38:00
ORD_00325,2,CAL_M3,2026-01-08 03:35:00,2026-01-08 04:12:00
ORD_00325,3,EXT_M4,2026-01-08 07:53:00,2026-01-08 08:14:00
ORD_00325,4,BLD_M1,2026-01-08 08:42:00,2026-01-08 09:06:00
ORD_00325,5,CUR_M2,2026-01-08 09:31:00,2026-01-08 10:39:00
ORD_00325,6,FIN_M2,2026-01-08 11:16:00,2026-01-08 11:40:00
ORD_00325,7,INS_M1,2026-01-08 11:50:00,2026-01-08 12:10:00
ORD_00184,1,MIX_M2,2026-01-11 01:50:00,2026-01-11 02:04:00
ORD_00184,2,CAL_M1,2026-01-11 03:53:00,2026-01-11 04:09:00
ORD_00184,3,EXT_M3,2026-01-11 07:27:00,2026-01-11 08:12:00
ORD_00184,4,BLD_M4,2026-01-11 09:11:00,2026-01-11 09:58:00
ORD_00184,5,CUR_M7,2026-01-11 10:36:00,2026-01-11 11:31:00
ORD_00184,6,FIN_M2,2026-01-11 12:19:00,2026-01-11 12:39:00
ORD_00184,7,INS_M3,2026-01-11 13:45:00,2026-01-11 14:05:00
ORD_00204,1,MIX_M1,2026-01-02 02:05:00,2026-01-02 02:35:00
ORD_00204,2,CAL_M2,2026-01-02 04:53:00,2026-01-02 05:30:00
ORD_00204,3,EXT_M2,2026-01-02 06:45:00,2026-01-02 07:09:00
ORD_00204,4,BLD_M4,2026-01-02 07:20:00,2026-01-02 07:40:00
ORD_00204,5,CUR_M6,2026-01-02 17:08:00,2026-01-02 18:03:00
ORD_00204,6,FIN_M4,2026-01-02 18:38:00,2026-01-02 18:53:00
ORD_00204,7,INS_M3,2026-01-02 19:43:00,2026-01-02 19:55:00
ORD_00143,1,MIX_M4,2026-01-10 01:10:00,2026-01-10 01:24:00
ORD_00143,2,CAL_M4,2026-01-10 03:55:00,2026-01-10 04:24:00
ORD_00143,3,EXT_M5,2026-01-10 05:59:00,2026-01-10 06:14:00
ORD_00143,4,BLD_M1,2026-01-10 07:00:00,2026-01-10 07:20:00
ORD_00143,5,CUR_M5,2026-01-10 08:07:00,2026-01-10 09:00:00
ORD_00143,6,FIN_M2,2026-01-10 10:31:00,2026-01-10 10:58:00
ORD_00143,7,INS_M3,2026-01-10 11:49:00,2026-01-10 12:18:00
ORD_00972,1,MIX_M4,2026-01-10 01:24:00,2026-01-10 01:36:00
ORD_00972,2,CAL_M2,2026-01-10 04:16:00,2026-01-10 05:00:00
ORD_00972,3,EXT_M3,2026-01-10 05:52:00,2026-01-10 06:32:00
ORD_00972,4,BLD_M6,2026-01-10 07:08:00,2026-01-10 07:46:00
ORD_00972,5,CUR_M4,2026-01-10 08:56:00,2026-01-10 10:03:00
ORD_00972,6,FIN_M1,2026-01-10 10:25:00,2026-01-10 10:52:00
ORD_00972,7,INS_M1,2026-01-10 11:13:00,2026-01-10 11:43:00
ORD_00705,1,MIX_M2,2026-01-12 02:18:00,2026-01-12 02:41:00
ORD_00705,2,CAL_M1,2026-01-12 05:58:00,2026-01-12 06:43:00
ORD_00705,3,EXT_M2,2026-01-12 07:21:00,2026-01-12 08:02:00
ORD_00705,4,EXT_M4,2026-01-12 08:26:00,2026-01-12 09:09:00
ORD_00705,5,BLD_M3,2026-01-12 09:27:00,2026-01-12 10:16:00
ORD_00705,6,CUR_M1,2026-01-12 11:52:00,2026-01-12 12:58:00
ORD_00705,7,FIN_M1,2026-01-12 13:37:00,2026-01-12 13:59:00
ORD_00705,8,INS_M3,2026-01-12 14:19:00,2026-01-12 14:40:00
ORD_00546,1,MIX_M2,2026-01-11 02:04:00,2026-01-11 02:34:00
ORD_00546,2,CAL_M1,2026-01-11 04:09:00,2026-01-11 04:48:00
ORD_00546,3,EXT_M5,2026-01-11 04:57:00,2026-01-11 05:35:00
ORD_00546,4,EXT_M3,2026-01-11 08:12:00,2026-01-11 08:31:00
ORD_00546,5,BLD_M1,2026-01-11 09:11:00,2026-01-11 09:42:00
ORD_00546,6,CUR_M6,2026-01-11 10:08:00,2026-01-11 11:29:00
ORD_00546,7,FIN_M2,2026-01-11 11:36:00,2026-01-11 12:00:00
ORD_00546,8,INS_M3,2026-01-11 12:42:00,2026-01-11 13:07:00
ORD_00712,1,MIX_M3,2026-01-10 00:54:00,2026-01-10 01:07:00
ORD_00712,2,CAL_M3,2026-01-10 04:25:00,2026-01-10 04:58:00
ORD_00712,3,EXT_M2,2026-01-10 05:54:00,2026-01-10 06:34:00
ORD_00712,4,BLD_M4,2026-01-10 07:28:00,2026-01-10 08:15:00
ORD_00712,5,CUR_M1,2026-01-10 11:14:00,2026-01-10 12:32:00
ORD_00712,6,FIN_M3,2026-01-10 12:47:00,2026-01-10 12:57:00
ORD_00712,7,INS_M1,2026-01-10 13:19:00,2026-01-10 13:37:00
ORD_00958,1,MIX_M1,2026-01-13 01:38:00,2026-01-13 02:08:00
ORD_00958,2,CAL_M2,2026-01-13 02:53:00,2026-01-13 03:30:00
ORD_00958,3,EXT_M2,2026-01-13 03:40:00,2026-01-13 04:04:00
ORD_00958,4,BLD_M4,2026-01-13 04:43:00,2026-01-13 05:03:00
ORD_00958,5,CUR_M6,2026-01-13 07:18:00,2026-01-13 08:13:00
ORD_00958,6,FIN_M4,2026-01-13 08:13:00,2026-01-13 08:28:00
ORD_00958,7,INS_M3,2026-01-13 08:51:00,2026-01-13 09:03:00
ORD_00829,1,MIX_M4,2026-01-09 03:47:00,2026-01-09 04:04:00
ORD_00829,2,CAL_M3,2026-01-09 04:10:00,2026-01-09 04:28:00
ORD_00829,3,EXT_M3,2026-01-09 07:22:00,2026-01-09 07:54:00
ORD_00829,4,EXT_M3,2026-01-09 07:54:00,2026-01-09 08:10:00
ORD_00829,5,BLD_M4,2026-01-09 08:43:00,2026-01-09 09:11:00
ORD_00829,6,CUR_M4,2026-01-09 10:00:00,2026-01-09 10:47:00
ORD_00829,7,FIN_M4,2026-01-09 10:59:00,2026-01-09 11:11:00
ORD_00829,8,INS_M3,2026-01-09 12:05:00,2026-01-09 12:21:00
ORD_00500,1,MIX_M3,2026-01-10 01:07:00,2026-01-10 01:21:00
ORD_00500,2,CAL_M1,2026-01-10 03:00:00,2026-01-10 03:23:00
ORD_00500,3,EXT_M2,2026-01-10 06:34:00,2026-01-10 06:53:00
ORD_00500,4,BLD_M5,2026-01-10 07:11:00,2026-01-10 07:39:00
ORD_00500,5,CUR_M3,2026-01-10 09:15:00,2026-01-10 10:02:00
ORD_00500,6,FIN_M1,2026-01-10 10:07:00,2026-01-10 10:21:00
ORD_00500,7,INS_M1,2026-01-10 11:43:00,2026-01-10 12:04:00
ORD_00222,1,MIX_M1,2026-01-10 02:40:00,2026-01-10 02:52:00
ORD_00222,2,CAL_M3,2026-01-10 04:58:00,2026-01-10 05:27:00
ORD_00222,3,EXT_M4,2026-01-10 05:53:00,2026-01-10 06:23:00
ORD_00222,4,EXT_M5,2026-01-10 06:49:00,2026-01-10 07:18:00
ORD_00222,5,BLD_M4,2026-01-10 08:16:00,2026-01-10 08:44:00
ORD_00222,6,CUR_M4,2026-01-10 10:03:00,2026-01-10 11:31:00
ORD_00222,7,FIN_M1,2026-01-10 11:58:00,2026-01-10 12:19:00
ORD_00222,8,INS_M2,2026-01-10 12:58:00,2026-01-10 13:11:00
ORD_00314,1,MIX_M1,2026-01-10 02:52:00,2026-01-10 03:12:00
ORD_00314,2,CAL_M2,2026-01-10 05:00:00,2026-01-10 05:34:00
ORD_00314,3,EXT_M4,2026-01-10 06:23:00,2026-01-10 06:42:00
ORD_00314,4,EXT_M2,2026-01-10 07:20:00,2026-01-10 07:40:00
ORD_00314,5,BLD_M6,2026-01-10 08:12:00,2026-01-10 08:56:00
ORD_00314,6,CUR_M3,2026-01-10 10:02:00,2026-01-10 11:28:00
ORD_00314,7,FIN_M4,2026-01-10 11:57:00,2026-01-10 12:08:00
ORD_00314,8,INS_M2,2026-01-10 12:28:00,2026-01-10 12:49:00
ORD_00241,1,MIX_M4,2026-01-13 01:25:00,2026-01-13 01:49:00
ORD_00241,2,CAL_M3,2026-01-13 02:58:00,2026-01-13 03:37:00
ORD_00241,3,EXT_M4,2026-01-13 04:49:00,2026-01-13 05:20:00
ORD_00241,4,EXT_M5,2026-01-13 05:55:00,2026-01-13 06:23:00
ORD_00241,5,BLD_M2,2026-01-13 06:50:00,2026-01-13 07:36:00
ORD_00241,6,CUR_M4,2026-01-13 08:59:00,2026-01-13 10:17:00
ORD_00241,7,FIN_M2,2026-01-13 10:54:00,2026-01-13 11:12:00
ORD_00241,8,INS_M1,2026-01-13 11:55:00,2026-01-13 12:25:00
ORD_00752,1,MIX_M1,2026-01-11 00:00:00,2026-01-11 00:20:00
ORD_00752,2,CAL_M2,2026-01-11 04:07:00,2026-01-11 04:41:00
ORD_00752,3,EXT_M4,2026-01-11 05:29:00,2026-01-11 05:48:00
ORD_00752,4,EXT_M2,2026-01-11 05:48:00,2026-01-11 06:08:00
ORD_00752,5,BLD_M6,2026-01-11 06:08:00,2026-01-11 06:52:00
ORD_00752,6,CUR_M3,2026-01-11 11:42:00,2026-01-11 13:08:00
ORD_00752,7,FIN_M4,2026-01-11 13:08:00,2026-01-11 13:19:00
ORD_00752,8,INS_M2,2026-01-11 13:19:00,2026-01-11 13:40:00
ORD_00946,1,MIX_M4,2026-01-13 01:49:00,2026-01-13 02:08:00
ORD_00946,2,CAL_M3,2026-01-13 03:37:00,2026-01-13 04:15:00
ORD_00946,3,EXT_M5,2026-01-13 06:23:00,2026-01-13 07:05:00
ORD_00946,4,EXT_M2,2026-01-13 07:17:00,2026-01-13 07:42:00
ORD_00946,5,BLD_M1,2026-01-13 08:40:00,2026-01-13 09:18:00
ORD_00946,6,CUR_M3,2026-01-13 09:50:00,2026-01-13 10:52:00
ORD_00946,7,FIN_M3,2026-01-13 10:57:00,2026-01-13 11:27:00
ORD_00946,8,INS_M3,2026-01-13 11:54:00,2026-01-13 12:16:00
ORD_00784,1,MIX_M4,2026-01-11 01:43:00,2026-01-11 02:07:00
ORD_00784,2,CAL_M3,2026-01-11 04:48:00,2026-01-11 05:27:00
ORD_00784,3,EXT_M4,2026-01-11 05:52:00,2026-01-11 06:23:00
ORD_00784,4,EXT_M5,2026-01-11 07:06:00,2026-01-11 07:34:00
ORD_00784,5,BLD_M2,2026-01-11 08:24:00,2026-01-11 09:10:00
ORD_00784,6,CUR_M4,2026-01-11 09:10:00,2026-01-11 10:28:00
ORD_00784,7,FIN_M2,2026-01-11 10:28:00,2026-01-11 10:46:00
ORD_00784,8,INS_M1,2026-01-11 12:01:00,2026-01-11 12:31:00
ORD_00380,1,MIX_M3,2026-01-13 00:48:00,2026-01-13 01:00:00
ORD_00380,2,CAL_M1,2026-01-13 04:06:00,2026-01-13 04:33:00
ORD_00380,3,EXT_M4,2026-01-13 05:27:00,2026-01-13 05:43:00
ORD_00380,4,BLD_M6,2026-01-13 05:50:00,2026-01-13 06:22:00
ORD_00380,5,CUR_M6,2026-01-13 08:13:00,2026-01-13 09:09:00
ORD_00380,6,FIN_M1,2026-01-13 09:29:00,2026-01-13 09:50:00
ORD_00380,7,INS_M1,2026-01-13 10:40:00,2026-01-13 11:01:00
ORD_00251,1,MIX_M1,2026-01-16 00:55:00,2026-01-16 01:19:00
ORD_00251,2,CAL_M1,2026-01-16 01:58:00,2026-01-16 02:15:00
ORD_00251,3,EXT_M5,2026-01-16 02:24:00,2026-01-16 02:45:00
ORD_00251,4,BLD_M5,2026-01-16 03:31:00,2026-01-16 03:59:00
ORD_00251,5,CUR_M3,2026-01-16 04:41:00,2026-01-16 05:43:00
ORD_00251,6,FIN_M1,2026-01-16 05:49:00,2026-01-16 06:06:00
ORD_00251,7,INS_M2,2026-01-16 06:14:00,2026-01-16 06:33:00
ORD_00978,1,MIX_M3,2026-01-15 00:27:00,2026-01-15 00:38:00
ORD_00978,2,CAL_M1,2026-01-15 01:26:00,2026-01-15 01:50:00
ORD_00978,3,EXT_M4,2026-01-15 02:21:00,2026-01-15 02:55:00
ORD_00978,4,BLD_M6,2026-01-15 03:20:00,2026-01-15 04:01:00
ORD_00978,5,CUR_M8,2026-01-15 04:24:00,2026-01-15 05:22:00
ORD_00978,6,FIN_M1,2026-01-15 05:48:00,2026-01-15 06:01:00
ORD_00978,7,INS_M2,2026-01-15 06:57:00,2026-01-15 07:11:00
ORD_00680,1,MIX_M1,2026-01-15 01:11:00,2026-01-15 01:41:00
ORD_00680,2,CAL_M1,2026-01-15 02:18:00,2026-01-15 02:40:00
ORD_00680,3,EXT_M1,2026-01-15 03:33:00,2026-01-15 04:16:00
ORD_00680,4,BLD_M1,2026-01-15 04:57:00,2026-01-15 05:44:00
ORD_00680,5,CUR_M6,2026-01-15 06:28:00,2026-01-15 07:12:00
ORD_00680,6,FIN_M2,2026-01-15 07:36:00,2026-01-15 07:54:00
ORD_00680,7,INS_M3,2026-01-15 08:34:00,2026-01-15 08:59:00
ORD_00042,1,MIX_M2,2026-01-10 02:26:00,2026-01-10 02:53:00
ORD_00042,2,CAL_M2,2026-01-10 05:34:00,2026-01-10 06:12:00
ORD_00042,3,EXT_M5,2026-01-10 07:18:00,2026-01-10 07:51:00
ORD_00042,4,BLD_M4,2026-01-10 08:44:00,2026-01-10 09:11:00
ORD_00042,5,CUR_M8,2026-01-10 09:26:00,2026-01-10 10:32:00
ORD_00042,6,FIN_M2,2026-01-10 11:23:00,2026-01-10 11:36:00
ORD_00042,7,INS_M1,2026-01-10 12:04:00,2026-01-10 12:27:00
ORD_00623,1,MIX_M4,2026-01-10 01:36:00,2026-01-10 01:48:00
ORD_00623,2,CAL_M2,2026-01-10 06:12:00,2026-01-10 06:56:00
ORD_00623,3,EXT_M3,2026-01-10 07:04:00,2026-01-10 07:44:00
ORD_00623,4,BLD_M6,2026-01-10 08:56:00,2026-01-10 09:34:00
ORD_00623,5,CUR_M4,2026-01-10 11:31:00,2026-01-10 12:38:00
ORD_00623,6,FIN_M1,2026-01-10 13:19:00,2026-01-10 13:46:00
ORD_00623,7,INS_M1,2026-01-10 14:16:00,2026-01-10 14:46:00
ORD_00424,1,MIX_M2,2026-01-08 02:38:00,2026-01-08 03:07:00
ORD_00424,2,CAL_M3,2026-01-08 04:12:00,2026-01-08 04:49:00
ORD_00424,3,EXT_M4,2026-01-08 08:14:00,2026-01-08 08:35:00
ORD_00424,4,BLD_M1,2026-01-08 09:06:00,2026-01-08 09:30:00
ORD_00424,5,CUR_M2,2026-01-08 10:39:00,2026-01-08 11:47:00
ORD_00424,6,FIN_M2,2026-01-08 13:05:00,2026-01-08 13:29:00
ORD_00424,7,INS_M1,2026-01-08 14:10:00,2026-01-08 14:30:00
ORD_00027,1,MIX_M1,2026-01-02 02:35:00,2026-01-02 02:54:00
ORD_00027,2,CAL_M4,2026-01-02 05:17:00,2026-01-02 05:44:00
ORD_00027,3,EXT_M2,2026-01-02 08:40:00,2026-01-02 08:57:00
ORD_00027,4,BLD_M5,2026-01-02 09:27:00,2026-01-02 10:09:00
ORD_00027,5,CUR_M4,2026-01-02 10:48:00,2026-01-02 11:34:00
ORD_00027,6,FIN_M3,2026-01-02 12:10:00,2026-01-02 12:39:00
ORD_00027,7,INS_M1,2026-01-02 13:10:00,2026-01-02 13:38:00
ORD_00261,1,MIX_M2,2026-01-09 00:24:00,2026-01-09 00:49:00
ORD_00261,2,CAL_M2,2026-01-09 05:45:00,2026-01-09 06:07:00
ORD_00261,3,EXT_M4,2026-01-09 06:49:00,2026-01-09 07:24:00
ORD_00261,4,BLD_M3,2026-01-09 09:24:00,2026-01-09 09:58:00
ORD_00261,5,CUR_M5,2026-01-09 10:37:00,2026-01-09 11:59:00
ORD_00261,6,FIN_M1,2026-01-09 12:34:00,2026-01-09 12:58:00
ORD_00261,7,INS_M2,2026-01-09 13:19:00,2026-01-09 13:46:00
ORD_00412,1,MIX_M4,2026-01-16 00:27:00,2026-01-16 00:48:00
ORD_00412,2,CAL_M1,2026-01-16 01:15:00,2026-01-16 01:52:00
ORD_00412,3,EXT_M5,2026-01-16 02:45:00,2026-01-16 03:27:00
ORD_00412,4,BLD_M1,2026-01-16 03:49:00,2026-01-16 04:18:00
ORD_00412,5,CUR_M2,2026-01-16 04:51:00,2026-01-16 06:19:00
ORD_00412,6,FIN_M2,2026-01-16 06:57:00,2026-01-16 07:15:00
ORD_00412,7,INS_M2,2026-01-16 07:36:00,2026-01-16 08:02:00
ORD_00636,1,MIX_M1,2026-01-14 00:44:00,2026-01-14 01:04:00
ORD_00636,2,CAL_M2,2026-01-14 01:42:00,2026-01-14 02:16:00
ORD_00636,3,EXT_M4,2026-01-14 03:13:00,2026-01-14 03:32:00
ORD_00636,4,EXT_M2,2026-01-14 03:52:00,2026-01-14 04:12:00
ORD_00636,5,BLD_M6,2026-01-14 04:44:00,2026-01-14 05:28:00
ORD_00636,6,CUR_M3,2026-01-14 06:44:00,2026-01-14 08:10:00
ORD_00636,7,FIN_M4,2026-01-14 08:10:00,2026-01-14 08:21:00
ORD_00636,8,INS_M2,2026-01-14 08:44:00,2026-01-14 09:05:00
ORD_00351,1,MIX_M3,2026-01-13 01:00:00,2026-01-13 01:22:00
ORD_00351,2,CAL_M4,2026-01-13 02:11:00,2026-01-13 02:42:00
ORD_00351,3,EXT_M4,2026-01-13 05:43:00,2026-01-13 06:22:00
ORD_00351,4,BLD_M4,2026-01-13 06:34:00,2026-01-13 07:20:00
ORD_00351,5,CUR_M2,2026-01-13 10:27:00,2026-01-13 11:15:00
ORD_00351,6,FIN_M3,2026-01-13 11:45:00,2026-01-13 12:15:00
ORD_00351,7,INS_M1,2026-01-13 12:59:00,2026-01-13 13:23:00
ORD_00460,1,MIX_M1,2026-01-13 02:08:00,2026-01-13 02:25:00
ORD_00460,2,CAL_M3,2026-01-13 04:15:00,2026-01-13 04:37:00
ORD_00460,3,EXT_M1,2026-01-13 05:07:00,2026-01-13 05:35:00
ORD_00460,4,EXT_M1,2026-01-13 05:35:00,2026-01-13 06:14:00
ORD_00460,5,BLD_M6,2026-01-13 06:48:00,2026-01-13 07:30:00
ORD_00460,6,CUR_M2,2026-01-13 11:15:00,2026-01-13 12:23:00
ORD_00460,7,FIN_M2,2026-01-13 12:39:00,2026-01-13 12:58:00
ORD_00460,8,INS_M1,2026-01-13 13:23:00,2026-01-13 13:34:00
ORD_00831,1,MIX_M2,2026-01-09 01:37:00,2026-01-09 01:51:00
ORD_00831,2,CAL_M1,2026-01-09 03:15:00,2026-01-09 03:31:00
ORD_00831,3,EXT_M3,2026-01-09 03:40:00,2026-01-09 04:25:00
ORD_00831,4,BLD_M4,2026-01-09 04:45:00,2026-01-09 05:32:00
ORD_00831,5,CUR_M7,2026-01-09 05:32:00,2026-01-09 06:27:00
ORD_00831,6,FIN_M2,2026-01-09 07:16:00,2026-01-09 07:36:00
ORD_00831,7,INS_M3,2026-01-09 07:51:00,2026-01-09 08:11:00
ORD_00299,1,MIX_M1,2026-01-11 02:33:00,2026-01-11 02:52:00
ORD_00299,2,CAL_M4,2026-01-11 03:50:00,2026-01-11 04:17:00
ORD_00299,3,EXT_M2,2026-01-11 05:10:00,2026-01-11 05:27:00
ORD_00299,4,BLD_M5,2026-01-11 05:27:00,2026-01-11 06:09:00
ORD_00299,5,CUR_M4,2026-01-11 06:09:00,2026-01-11 06:55:00
ORD_00299,6,FIN_M3,2026-01-11 07:34:00,2026-01-11 08:03:00
ORD_00299,7,INS_M1,2026-01-11 08:28:00,2026-01-11 08:56:00
ORD_00306,1,MIX_M3,2026-01-12 00:16:00,2026-01-12 00:27:00
ORD_00306,2,CAL_M1,2026-01-12 01:06:00,2026-01-12 01:30:00
ORD_00306,3,EXT_M4,2026-01-12 02:02:00,2026-01-12 02:36:00
ORD_00306,4,BLD_M6,2026-01-12 03:06:00,2026-01-12 03:47:00
ORD_00306,5,CUR_M8,2026-01-12 04:33:00,2026-01-12 05:31:00
ORD_00306,6,FIN_M1,2026-01-12 05:50:00,2026-01-12 06:03:00
ORD_00306,7,INS_M2,2026-01-12 06:09:00,2026-01-12 06:23:00
ORD_00891,1,MIX_M4,2026-01-15 00:48:00,2026-01-15 01:01:00
ORD_00891,2,CAL_M3,2026-01-15 01:31:00,2026-01-15 01:53:00
ORD_00891,3,EXT_M3,2026-01-15 02:21:00,2026-01-15 02:39:00
ORD_00891,4,BLD_M1,2026-01-15 03:41:00,2026-01-15 04:08:00
ORD_00891,5,CUR_M7,2026-01-15 04:47:00,2026-01-15 06:07:00
ORD_00891,6,FIN_M4,2026-01-15 06:13:00,2026-01-15 06:25:00
ORD_00891,7,INS_M1,2026-01-15 06:58:00,2026-01-15 07:23:00
ORD_00440,1,MIX_M4,2026-01-13 02:08:00,2026-01-13 02:32:00
ORD_00440,2,CAL_M3,2026-01-13 04:37:00,2026-01-13 05:16:00
ORD_00440,3,EXT_M4,2026-01-13 06:22:00,2026-01-13 06:53:00
ORD_00440,4,EXT_M5,2026-01-13 07:08:00,2026-01-13 07:36:00
ORD_00440,5,BLD_M2,2026-01-13 07:36:00,2026-01-13 08:22:00
ORD_00440,6,CUR_M4,2026-01-13 10:17:00,2026-01-13 11:35:00
ORD_00440,7,FIN_M2,2026-01-13 12:13:00,2026-01-13 12:31:00
ORD_00440,8,INS_M1,2026-01-13 13:34:00,2026-01-13 14:04:00
ORD_00009,1,MIX_M1,2026-01-13 00:30:00,2026-01-13 00:45:00
ORD_00009,2,CAL_M4,2026-01-13 01:23:00,2026-01-13 01:52:00
ORD_00009,3,EXT_M5,2026-01-13 02:18:00,2026-01-13 02:57:00
ORD_00009,4,BLD_M5,2026-01-13 03:51:00,2026-01-13 04:25:00
ORD_00009,5,CUR_M6,2026-01-13 09:09:00,2026-01-13 10:29:00
ORD_00009,6,FIN_M3,2026-01-13 11:27:00,2026-01-13 11:41:00
ORD_00009,7,INS_M2,2026-01-13 12:20:00,2026-01-13 12:32:00
ORD_00187,1,MIX_M2,2026-01-13 01:41:00,2026-01-13 02:09:00
ORD_00187,2,CAL_M3,2026-01-13 05:16:00,2026-01-13 05:32:00
ORD_00187,3,EXT_M1,2026-01-13 06:14:00,2026-01-13 06:48:00
ORD_00187,4,BLD_M4,2026-01-13 07:25:00,2026-01-13 07:56:00
ORD_00187,5,CUR_M6,2026-01-13 10:29:00,2026-01-13 11:36:00
ORD_00187,6,FIN_M1,2026-01-13 11:45:00,2026-01-13 12:07:00
ORD_00187,7,INS_M3,2026-01-13 12:16:00,2026-01-13 12:32:00
ORD_00478,1,MIX_M1,2026-01-13 02:25:00,2026-01-13 02:37:00
ORD_00478,2,CAL_M2,2026-01-13 03:30:00,2026-01-13 03:50:00
ORD_00478,3,EXT_M4,2026-01-13 06:53:00,2026-01-13 07:23:00
ORD_00478,4,BLD_M4,2026-01-13 07:56:00,2026-01-13 08:22:00
ORD_00478,5,CUR_M7,2026-01-13 09:19:00,2026-01-13 10:02:00
ORD_00478,6,FIN_M2,2026-01-13 11:12:00,2026-01-13 11:34:00
ORD_00478,7,INS_M1,2026-01-13 12:31:00,2026-01-13 12:53:00
ORD_00185,1,MIX_M3,2026-01-12 01:06:00,2026-01-12 01:35:00
ORD_00185,2,CAL_M4,2026-01-12 02:36:00,2026-01-12 03:11:00
ORD_00185,3,EXT_M1,2026-01-12 03:24:00,2026-01-12 04:06:00
ORD_00185,4,EXT_M3,2026-01-12 05:09:00,2026-01-12 05:51:00
ORD_00185,5,BLD_M6,2026-01-12 07:30:00,2026-01-12 08:17:00
ORD_00185,6,CUR_M7,2026-01-12 10:43:00,2026-01-12 11:43:00
ORD_00185,7,FIN_M4,2026-01-12 11:54:00,2026-01-12 12:21:00
ORD_00185,8,INS_M1,2026-01-12 12:57:00,2026-01-12 13:26:00
ORD_00491,1,MIX_M4,2026-01-05 03:37:00,2026-01-05 03:58:00
ORD_00491,2,CAL_M1,2026-01-05 07:43:00,2026-01-05 08:20:00
ORD_00491,3,EXT_M5,2026-01-05 11:04:00,2026-01-05 11:46:00
ORD_00491,4,BLD_M1,2026-01-05 12:07:00,2026-01-05 12:36:00
ORD_00491,5,CUR_M2,2026-01-05 13:02:00,2026-01-05 14:30:00
ORD_00491,6,FIN_M2,2026-01-05 14:58:00,2026-01-05 15:16:00
ORD_00491,7,INS_M2,2026-01-05 16:59:00,2026-01-05 17:25:00
ORD_00312,1,MIX_M1,2026-01-13 02:37:00,2026-01-13 03:07:00
ORD_00312,2,CAL_M2,2026-01-13 04:03:00,2026-01-13 04:40:00
ORD_00312,3,EXT_M2,2026-01-13 05:36:00,2026-01-13 06:00:00
ORD_00312,4,BLD_M4,2026-01-13 08:22:00,2026-01-13 08:42:00
ORD_00312,5,CUR_M6,2026-01-13 11:36:00,2026-01-13 12:31:00
ORD_00312,6,FIN_M4,2026-01-13 13:10:00,2026-01-13 13:25:00
ORD_00312,7,INS_M3,2026-01-13 14:01:00,2026-01-13 14:13:00
ORD_00489,1,MIX_M2,2026-01-17 00:19:00,2026-01-17 00:33:00
ORD_00489,2,CAL_M1,2026-01-17 01:11:00,2026-01-17 01:27:00
ORD_00489,3,EXT_M3,2026-01-17 02:01:00,2026-01-17 02:46:00
ORD_00489,4,BLD_M4,2026-01-17 03:12:00,2026-01-17 03:59:00
ORD_00489,5,CUR_M7,2026-01-17 04:05:00,2026-01-17 05:00:00
ORD_00489,6,FIN_M2,2026-01-17 05:29:00,2026-01-17 05:49:00
ORD_00489,7,INS_M3,2026-01-17 06:19:00,2026-01-17 06:39:00
ORD_00400,1,MIX_M1,2026-01-15 00:07:00,2026-01-15 00:24:00
ORD_00400,2,CAL_M3,2026-01-15 00:54:00,2026-01-15 01:16:00
ORD_00400,3,EXT_M1,2026-01-15 01:50:00,2026-01-15 02:18:00
ORD_00400,4,EXT_M1,2026-01-15 04:16:00,2026-01-15 04:55:00
ORD_00400,5,BLD_M6,2026-01-15 05:46:00,2026-01-15 06:28:00
ORD_00400,6,CUR_M2,2026-01-15 07:26:00,2026-01-15 08:34:00
ORD_00400,7,FIN_M2,2026-01-15 08:52:00,2026-01-15 09:11:00
ORD_00400,8,INS_M1,2026-01-15 10:09:00,2026-01-15 10:20:00
ORD_00100,1,MIX_M4,2026-01-13 02:32:00,2026-01-13 02:44:00
ORD_00100,2,CAL_M2,2026-01-13 04:40:00,2026-01-13 05:24:00
ORD_00100,3,EXT_M3,2026-01-13 06:16:00,2026-01-13 06:56:00
ORD_00100,4,BLD_M6,2026-01-13 07:45:00,2026-01-13 08:23:00
ORD_00100,5,CUR_M4,2026-01-13 11:35:00,2026-01-13 12:42:00
ORD_00100,6,FIN_M1,2026-01-13 12:59:00,2026-01-13 13:26:00
ORD_00100,7,INS_M1,2026-01-13 14:09:00,2026-01-13 14:39:00
ORD_00843,1,MIX_M2,2026-01-12 00:00:00,2026-01-12 00:14:00
ORD_00843,2,CAL_M1,2026-01-12 00:14:00,2026-01-12 00:30:00
ORD_00843,3,EXT_M3,2026-01-12 00:39:00,2026-01-12 01:24:00
ORD_00843,4,BLD_M4,2026-01-12 01:24:00,2026-01-12 02:11:00
ORD_00843,5,CUR_M7,2026-01-12 02:11:00,2026-01-12 03:06:00
ORD_00843,6,FIN_M2,2026-01-12 03:15:00,2026-01-12 03:35:00
ORD_00843,7,INS_M3,2026-01-12 03:35:00,2026-01-12 03:55:00
ORD_00287,1,MIX_M1,2026-01-13 03:07:00,2026-01-13 03:27:00
ORD_00287,2,CAL_M2,2026-01-13 05:24:00,2026-01-13 05:58:00
ORD_00287,3,EXT_M4,2026-01-13 07:23:00,2026-01-13 07:42:00
ORD_00287,4,EXT_M2,2026-01-13 08:26:00,2026-01-13 08:46:00
ORD_00287,5,BLD_M6,2026-01-13 09:18:00,2026-01-13 10:02:00
ORD_00287,6,CUR_M3,2026-01-13 10:52:00,2026-01-13 12:18:00
ORD_00287,7,FIN_M4,2026-01-13 12:46:00,2026-01-13 12:57:00
ORD_00287,8,INS_M2,2026-01-13 13:20:00,2026-01-13 13:41:00
ORD_00877,1,MIX_M2,2026-01-13 02:09:00,2026-01-13 02:25:00
ORD_00877,2,CAL_M4,2026-01-13 03:06:00,2026-01-13 03:29:00
ORD_00877,3,CAL_M3,2026-01-13 05:32:00,2026-01-13 05:50:00
ORD_00877,4,EXT_M2,2026-01-13 06:06:00,2026-01-13 06:30:00
ORD_00877,5,EXT_M2,2026-01-13 06:30:00,2026-01-13 06:56:00
ORD_00877,6,BLD_M2,2026-01-13 08:22:00,2026-01-13 08:51:00
ORD_00877,7,CUR_M1,2026-01-13 09:15:00,2026-01-13 10:40:00
ORD_00877,8,CUR_M3,2026-01-13 12:18:00,2026-01-13 13:15:00
ORD_00877,9,FIN_M1,2026-01-13 13:51:00,2026-01-13 14:02:00
ORD_00877,10,INS_M3,2026-01-13 14:53:00,2026-01-13 15:12:00
ORD_00801,1,MIX_M4,2026-01-15 00:12:00,2026-01-15 00:38:00
ORD_00801,2,CAL_M1,2026-01-15 02:40:00,2026-01-15 03:07:00
ORD_00801,3,EXT_M3,2026-01-15 03:26:00,2026-01-15 04:04:00
ORD_00801,4,BLD_M3,2026-01-15 04:49:00,2026-01-15 05:16:00
ORD_00801,5,CUR_M6,2026-01-15 07:12:00,2026-01-15 08:41:00
ORD_00801,6,FIN_M2,2026-01-15 09:18:00,2026-01-15 09:30:00
ORD_00801,7,INS_M3,2026-01-15 10:11:00,2026-01-15 10:41:00
ORD_00944,1,MIX_M4,2026-01-15 01:01:00,2026-01-15 01:23:00
ORD_00944,2,CAL_M4,2026-01-15 02:01:00,2026-01-15 02:44:00
ORD_00944,3,EXT_M4,2026-01-15 03:38:00,2026-01-15 04:03:00
ORD_00944,4,BLD_M2,2026-01-15 04:47:00,2026-01-15 05:22:00
ORD_00944,5,CUR_M8,2026-01-15 05:38:00,2026-01-15 06:41:00
ORD_00944,6,FIN_M3,2026-01-15 07:17:00,2026-01-15 07:29:00
ORD_00944,7,INS_M3,2026-01-15 07:55:00,2026-01-15 08:18:00
ORD_00087,1,MIX_M2,2026-01-12 02:41:00,2026-01-12 03:04:00
ORD_00087,2,CAL_M1,2026-01-12 06:43:00,2026-01-12 07:28:00
ORD_00087,3,EXT_M2,2026-01-12 08:02:00,2026-01-12 08:43:00
ORD_00087,4,EXT_M4,2026-01-12 09:18:00,2026-01-12 10:01:00
ORD_00087,5,BLD_M3,2026-01-12 10:59:00,2026-01-12 11:48:00
ORD_00087,6,CUR_M1,2026-01-12 12:58:00,2026-01-12 14:04:00
ORD_00087,7,FIN_M1,2026-01-12 14:58:00,2026-01-12 15:20:00
ORD_00087,8,INS_M3,2026-01-12 15:35:00,2026-01-12 15:56:00
ORD_00263,1,MIX_M1,2026-01-12 01:28:00,2026-01-12 01:40:00
ORD_00263,2,CAL_M3,2026-01-12 02:20:00,2026-01-12 02:49:00
ORD_00263,3,EXT_M4,2026-01-12 03:15:00,2026-01-12 03:45:00
ORD_00263,4,EXT_M5,2026-01-12 06:28:00,2026-01-12 06:57:00
ORD_00263,5,BLD_M4,2026-01-12 07:18:00,2026-01-12 07:46:00
ORD_00263,6,CUR_M4,2026-01-12 09:39:00,2026-01-12 11:07:00
ORD_00263,7,FIN_M1,2026-01-12 11:23:00,2026-01-12 11:44:00
ORD_00263,8,INS_M2,2026-01-12 12:54:00,2026-01-12 13:07:00
ORD_00341,1,MIX_M4,2026-01-12 00:14:00,2026-01-12 00:35:00
ORD_00341,2,CAL_M1,2026-01-12 07:28:00,2026-01-12 08:05:00
ORD_00341,3,EXT_M5,2026-01-12 08:32:00,2026-01-12 09:14:00
ORD_00341,4,BLD_M1,2026-01-12 09:14:00,2026-01-12 09:43:00
ORD_00341,5,CUR_M2,2026-01-12 10:09:00,2026-01-12 11:37:00
ORD_00341,6,FIN_M2,2026-01-12 11:57:00,2026-01-12 12:15:00
ORD_00341,7,INS_M2,2026-01-12 13:07:00,2026-01-12 13:33:00
ORD_00267,1,MIX_M1,2026-01-14 01:04:00,2026-01-14 01:19:00
ORD_00267,2,CAL_M4,2026-01-14 02:11:00,2026-01-14 02:40:00
ORD_00267,3,EXT_M5,2026-01-14 03:23:00,2026-01-14 04:02:00
ORD_00267,4,BLD_M5,2026-01-14 04:02:00,2026-01-14 04:36:00
ORD_00267,5,CUR_M6,2026-01-14 05:18:00,2026-01-14 06:38:00
ORD_00267,6,FIN_M3,2026-01-14 06:52:00,2026-01-14 07:06:00
ORD_00267,7,INS_M2,2026-01-14 07:21:00,2026-01-14 07:33:00
ORD_00345,1,MIX_M4,2026-01-10 01:48:00,2026-01-10 02:00:00
ORD_00345,2,CAL_M2,2026-01-10 06:56:00,2026-01-10 07:27:00
ORD_00345,3,CAL_M3,2026-01-10 07:34:00,2026-01-10 08:01:00
ORD_00345,4,EXT_M3,2026-01-10 08:10:00,2026-01-10 08:45:00
ORD_00345,5,EXT_M3,2026-01-10 08:45:00,2026-01-10 09:07:00
ORD_00345,6,BLD_M1,2026-01-10 09:57:00,2026-01-10 10:17:00
ORD_00345,7,CUR_M3,2026-01-10 13:08:00,2026-01-10 14:19:00
ORD_00345,8,CUR_M7,2026-01-10 14:32:00,2026-01-10 15:47:00
ORD_00345,9,FIN_M1,2026-01-10 16:26:00,2026-01-10 16:44:00
ORD_00345,10,INS_M2,2026-01-10 17:26:00,2026-01-10 17:50:00
ORD_00589,1,MIX_M2,2026-01-13 02:25:00,2026-01-13 02:49:00
ORD_00589,2,CAL_M4,2026-01-13 03:29:00,2026-01-13 03:55:00
ORD_00589,3,EXT_M3,2026-01-13 04:30:00,2026-01-13 05:02:00
ORD_00589,4,BLD_M5,2026-01-13 05:33:00,2026-01-13 06:05:00
ORD_00589,5,CUR_M8,2026-01-13 06:16:00,2026-01-13 07:16:00
ORD_00589,6,FIN_M2,2026-01-13 09:10:00,2026-01-13 09:27:00
ORD_00589,7,INS_M3,2026-01-13 10:19:00,2026-01-13 10:41:00
ORD_00985,1,MIX_M4,2026-01-08 00:21:00,2026-01-08 00:35:00
ORD_00985,2,CAL_M4,2026-01-08 04:47:00,2026-01-08 05:16:00
ORD_00985,3,EXT_M5,2026-01-08 07:29:00,2026-01-08 07:44:00
ORD_00985,4,BLD_M1,2026-01-08 09:30:00,2026-01-08 09:50:00
ORD_00985,5,CUR_M5,2026-01-08 10:13:00,2026-01-08 11:06:00
ORD_00985,6,FIN_M2,2026-01-08 11:46:00,2026-01-08 12:13:00
ORD_00985,7,INS_M3,2026-01-08 14:10:00,2026-01-08 14:39:00
ORD_00254,1,MIX_M1,2026-01-13 03:27:00,2026-01-13 03:47:00
ORD_00254,2,CAL_M2,2026-01-13 05:58:00,2026-01-13 06:32:00
ORD_00254,3,EXT_M4,2026-01-13 07:42:00,2026-01-13 08:01:00
ORD_00254,4,EXT_M2,2026-01-13 08:49:00,2026-01-13 09:09:00
ORD_00254,5,BLD_M6,2026-01-13 10:02:00,2026-01-13 10:46:00
ORD_00254,6,CUR_M3,2026-01-13 13:15:00,2026-01-13 14:41:00
ORD_00254,7,FIN_M4,2026-01-13 14:41:00,2026-01-13 14:52:00
ORD_00254,8,INS_M2,2026-01-13 15:20:00,2026-01-13 15:41:00
ORD_00665,1,MIX_M1,2026-01-14 01:19:00,2026-01-14 01:32:00
ORD_00665,2,CAL_M3,2026-01-14 02:29:00,2026-01-14 03:08:00
ORD_00665,3,EXT_M3,2026-01-14 03:36:00,2026-01-14 03:54:00
ORD_00665,4,EXT_M3,2026-01-14 03:54:00,2026-01-14 04:22:00
ORD_00665,5,BLD_M2,2026-01-14 04:59:00,2026-01-14 05:33:00
ORD_00665,6,CUR_M1,2026-01-14 05:46:00,2026-01-14 07:12:00
ORD_00665,7,FIN_M3,2026-01-14 08:09:00,2026-01-14 08:35:00
ORD_00665,8,INS_M1,2026-01-14 09:21:00,2026-01-14 09:47:00
ORD_00046,1,MIX_M4,2026-01-11 02:07:00,2026-01-11 02:29:00
ORD_00046,2,CAL_M4,2026-01-11 04:17:00,2026-01-11 04:55:00
ORD_00046,3,EXT_M1,2026-01-11 05:08:00,2026-01-11 05:33:00
ORD_00046,4,BLD_M4,2026-01-11 05:38:00,2026-01-11 06:08:00
ORD_00046,5,CUR_M5,2026-01-11 06:37:00,2026-01-11 07:40:00
ORD_00046,6,FIN_M2,2026-01-11 09:53:00,2026-01-11 10:18:00
ORD_00046,7,INS_M1,2026-01-11 10:55:00,2026-01-11 11:07:00
ORD_00557,1,MIX_M4,2026-01-15 01:23:00,2026-01-15 01:47:00
ORD_00557,2,CAL_M3,2026-01-15 01:59:00,2026-01-15 02:39:00
ORD_00557,3,EXT_M3,2026-01-15 04:04:00,2026-01-15 04:37:00
ORD_00557,4,BLD_M1,2026-01-15 05:44:00,2026-01-15 06:15:00
ORD_00557,5,CUR_M2,2026-01-15 08:34:00,2026-01-15 09:33:00
ORD_00557,6,FIN_M4,2026-01-15 09:41:00,2026-01-15 10:05:00
ORD_00557,7,INS_M1,2026-01-15 10:50:00,2026-01-15 11:01:00
ORD_00684,1,MIX_M1,2026-01-15 01:41:00,2026-01-15 02:00:00
ORD_00684,2,CAL_M4,2026-01-15 02:44:00,2026-01-15 03:11:00
ORD_00684,3,EXT_M2,2026-01-15 04:04:00,2026-01-15 04:21:00
ORD_00684,4,BLD_M5,2026-01-15 04:43:00,2026-01-15 05:25:00
ORD_00684,5,CUR_M4,2026-01-15 06:09:00,2026-01-15 06:55:00
ORD_00684,6,FIN_M3,2026-01-15 07:29:00,2026-01-15 07:58:00
ORD_00684,7,INS_M1,2026-01-15 08:14:00,2026-01-15 08:42:00
ORD_00539,1,MIX_M4,2026-01-15 01:47:00,2026-01-15 02:14:00
ORD_00539,2,CAL_M3,2026-01-15 02:53:00,2026-01-15 03:34:00
ORD_00539,3,EXT_M5,2026-01-15 04:09:00,2026-01-15 04:45:00
ORD_00539,4,BLD_M5,2026-01-15 05:25:00,2026-01-15 05:48:00
ORD_00539,5,CUR_M3,2026-01-15 06:43:00,2026-01-15 07:29:00
ORD_00539,6,FIN_M4,2026-01-15 07:45:00,2026-01-15 08:06:00
ORD_00539,7,INS_M2,2026-01-15 08:35:00,2026-01-15 09:02:00
ORD_00379,1,MIX_M2,2026-01-13 02:49:00,2026-01-13 03:12:00
ORD_00379,2,CAL_M1,2026-01-13 04:33:00,2026-01-13 05:18:00
ORD_00379,3,EXT_M2,2026-01-13 07:42:00,2026-01-13 08:23:00
ORD_00379,4,EXT_M4,2026-01-13 09:18:00,2026-01-13 10:01:00
ORD_00379,5,BLD_M3,2026-01-13 10:01:00,2026-01-13 10:50:00
ORD_00379,6,CUR_M1,2026-01-13 11:44:00,2026-01-13 12:50:00
ORD_00379,7,FIN_M1,2026-01-13 14:02:00,2026-01-13 14:24:00
ORD_00379,8,INS_M3,2026-01-13 15:12:00,2026-01-13 15:33:00
ORD_00723,1,MIX_M2,2026-01-08 03:07:00,2026-01-08 03:23:00
ORD_00723,2,CAL_M4,2026-01-08 05:16:00,2026-01-08 05:39:00
ORD_00723,3,CAL_M3,2026-01-08 05:45:00,2026-01-08 06:03:00
ORD_00723,4,EXT_M2,2026-01-08 07:33:00,2026-01-08 07:57:00
ORD_00723,5,EXT_M2,2026-01-08 07:57:00,2026-01-08 08:23:00
ORD_00723,6,BLD_M2,2026-01-08 09:07:00,2026-01-08 09:36:00
ORD_00723,7,CUR_M1,2026-01-08 12:19:00,2026-01-08 13:44:00
ORD_00723,8,CUR_M3,2026-01-08 14:42:00,2026-01-08 15:39:00
ORD_00723,9,FIN_M1,2026-01-08 16:23:00,2026-01-08 16:34:00
ORD_00723,10,INS_M3,2026-01-08 17:11:00,2026-01-08 17:30:00
ORD_00722,1,MIX_M2,2026-01-15 00:33:00,2026-01-15 00:47:00
ORD_00722,2,CAL_M1,2026-01-15 03:07:00,2026-01-15 03:23:00
ORD_00722,3,EXT_M3,2026-01-15 04:37:00,2026-01-15 05:22:00
ORD_00722,4,BLD_M4,2026-01-15 06:18:00,2026-01-15 07:05:00
ORD_00722,5,CUR_M7,2026-01-15 07:53:00,2026-01-15 08:48:00
ORD_00722,6,FIN_M2,2026-01-15 09:30:00,2026-01-15 09:50:00
ORD_00722,7,INS_M3,2026-01-15 10:41:00,2026-01-15 11:01:00
ORD_00713,1,MIX_M1,2026-01-03 02:50:00,2026-01-03 03:17:00
ORD_00713,2,CAL_M2,2026-01-03 04:49:00,2026-01-03 05:12:00
ORD_00713,3,EXT_M3,2026-01-03 10:05:00,2026-01-03 10:39:00
ORD_00713,4,EXT_M2,2026-01-03 11:16:00,2026-01-03 11:53:00
ORD_00713,5,BLD_M3,2026-01-03 12:28:00,2026-01-03 12:54:00
ORD_00713,6,CUR_M5,2026-01-03 13:12:00,2026-01-03 14:24:00
ORD_00713,7,FIN_M4,2026-01-03 14:53:00,2026-01-03 15:11:00
ORD_00713,8,INS_M1,2026-01-03 16:00:00,2026-01-03 16:12:00
ORD_00896,1,MIX_M1,2026-01-15 02:00:00,2026-01-15 02:30:00
ORD_00896,2,CAL_M2,2026-01-15 03:23:00,2026-01-15 04:00:00
ORD_00896,3,EXT_M2,2026-01-15 04:40:00,2026-01-15 05:04:00
ORD_00896,4,BLD_M4,2026-01-15 05:15:00,2026-01-15 05:35:00
ORD_00896,5,CUR_M6,2026-01-15 08:41:00,2026-01-15 09:36:00
ORD_00896,6,FIN_M4,2026-01-15 10:05:00,2026-01-15 10:20:00
ORD_00896,7,INS_M3,2026-01-15 11:01:00,2026-01-15 11:13:00
ORD_00544,1,MIX_M2,2026-01-14 00:54:00,2026-01-14 01:11:00
ORD_00544,2,CAL_M1,2026-01-14 01:48:00,2026-01-14 02:20:00
ORD_00544,3,CAL_M2,2026-01-14 02:58:00,2026-01-14 03:35:00
ORD_00544,4,EXT_M5,2026-01-14 04:13:00,2026-01-14 04:41:00
ORD_00544,5,EXT_M2,2026-01-14 05:15:00,2026-01-14 05:44:00
ORD_00544,6,BLD_M5,2026-01-14 06:03:00,2026-01-14 06:31:00
ORD_00544,7,CUR_M1,2026-01-14 07:12:00,2026-01-14 08:40:00
ORD_00544,8,CUR_M3,2026-01-14 09:21:00,2026-01-14 10:45:00
ORD_00544,9,FIN_M4,2026-01-14 10:53:00,2026-01-14 11:13:00
ORD_00544,10,INS_M2,2026-01-14 11:26:00,2026-01-14 11:40:00
ORD_00821,1,MIX_M3,2026-01-12 01:35:00,2026-01-12 01:59:00
ORD_00821,2,CAL_M3,2026-01-12 02:49:00,2026-01-12 03:17:00
ORD_00821,3,EXT_M5,2026-01-12 06:57:00,2026-01-12 07:33:00
ORD_00821,4,BLD_M6,2026-01-12 08:17:00,2026-01-12 08:52:00
ORD_00821,5,CUR_M3,2026-01-12 10:19:00,2026-01-12 11:11:00
ORD_00821,6,FIN_M3,2026-01-12 12:04:00,2026-01-12 12:20:00
ORD_00821,7,INS_M1,2026-01-12 13:26:00,2026-01-12 13:54:00
ORD_00435,1,MIX_M2,2026-01-17 00:51:00,2026-01-17 01:14:00
ORD_00435,2,CAL_M1,2026-01-17 01:28:00,2026-01-17 02:13:00
ORD_00435,3,EXT_M2,2026-01-17 02:41:00,2026-01-17 03:22:00
ORD_00435,4,EXT_M4,2026-01-17 03:22:00,2026-01-17 04:05:00
ORD_00435,5,BLD_M3,2026-01-17 04:33:00,2026-01-17 05:22:00
ORD_00435,6,CUR_M1,2026-01-17 05:46:00,2026-01-17 06:52:00
ORD_00435,7,FIN_M1,2026-01-17 07:46:00,2026-01-17 08:08:00
ORD_00435,8,INS_M3,2026-01-17 08:35:00,2026-01-17 08:56:00
ORD_00631,1,MIX_M1,2026-01-12 01:40:00,2026-01-12 02:10:00
ORD_00631,2,CAL_M2,2026-01-12 04:44:00,2026-01-12 05:21:00
ORD_00631,3,EXT_M2,2026-01-12 06:56:00,2026-01-12 07:20:00
ORD_00631,4,BLD_M4,2026-01-12 07:46:00,2026-01-12 08:06:00
ORD_00631,5,CUR_M6,2026-01-12 10:46:00,2026-01-12 11:41:00
ORD_00631,6,FIN_M4,2026-01-12 12:21:00,2026-01-12 12:36:00
ORD_00631,7,INS_M3,2026-01-12 13:21:00,2026-01-12 13:33:00
ORD_00068,1,MIX_M1,2026-01-13 03:47:00,2026-01-13 04:14:00
ORD_00068,2,CAL_M2,2026-01-13 06:32:00,2026-01-13 06:55:00
ORD_00068,3,EXT_M3,2026-01-13 06:56:00,2026-01-13 07:30:00
ORD_00068,4,EXT_M2,2026-01-13 09:09:00,2026-01-13 09:46:00
ORD_00068,5,BLD_M3,2026-01-13 10:50:00,2026-01-13 11:16:00
ORD_00068,6,CUR_M5,2026-01-13 11:16:00,2026-01-13 12:28:00
ORD_00068,7,FIN_M4,2026-01-13 13:25:00,2026-01-13 13:43:00
ORD_00068,8,INS_M1,2026-01-13 14:39:00,2026-01-13 14:51:00
ORD_00509,1,MIX_M4,2026-01-13 02:44:00,2026-01-13 03:08:00
ORD_00509,2,CAL_M1,2026-01-13 05:18:00,2026-01-13 06:01:00
ORD_00509,3,EXT_M1,2026-01-13 06:48:00,2026-01-13 07:13:00
ORD_00509,4,BLD_M5,2026-01-13 08:06:00,2026-01-13 08:30:00
ORD_00509,5,CUR_M2,2026-01-13 12:23:00,2026-01-13 13:11:00
ORD_00509,6,FIN_M3,2026-01-13 13:44:00,2026-01-13 14:13:00
ORD_00509,7,INS_M3,2026-01-13 14:21:00,2026-01-13 14:49:00
ORD_00553,1,MIX_M2,2026-01-18 00:18:00,2026-01-18 00:43:00
ORD_00553,2,CAL_M1,2026-01-18 00:48:00,2026-01-18 01:22:00
ORD_00553,3,EXT_M5,2026-01-18 01:43:00,2026-01-18 02:08:00
ORD_00553,4,BLD_M5,2026-01-18 02:20:00,2026-01-18 02:47:00
ORD_00553,5,CUR_M2,2026-01-18 02:52:00,2026-01-18 04:12:00
ORD_00553,6,FIN_M4,2026-01-18 04:34:00,2026-01-18 04:53:00
ORD_00553,7,INS_M3,2026-01-18 05:23:00,2026-01-18 05:46:00
ORD_00882,1,MIX_M1,2026-01-08 01:49:00,2026-01-08 02:03:00
ORD_00882,2,CAL_M1,2026-01-08 05:47:00,2026-01-08 06:32:00
ORD_00882,3,EXT_M1,2026-01-08 07:16:00,2026-01-08 07:40:00
ORD_00882,4,EXT_M4,2026-01-08 08:35:00,2026-01-08 08:53:00
ORD_00882,5,BLD_M1,2026-01-08 09:50:00,2026-01-08 10:17:00
ORD_00882,6,CUR_M3,2026-01-08 12:14:00,2026-01-08 13:18:00
ORD_00882,7,FIN_M4,2026-01-08 13:43:00,2026-01-08 14:04:00
ORD_00882,8,INS_M3,2026-01-08 14:54:00,2026-01-08 15:21:00
ORD_00594,1,MIX_M2,2026-01-11 02:34:00,2026-01-11 02:48:00
ORD_00594,2,CAL_M1,2026-01-11 04:48:00,2026-01-11 05:04:00
ORD_00594,3,EXT_M3,2026-01-11 08:31:00,2026-01-11 09:16:00
ORD_00594,4,BLD_M4,2026-01-11 09:58:00,2026-01-11 10:45:00
ORD_00594,5,CUR_M7,2026-01-11 13:06:00,2026-01-11 14:01:00
ORD_00594,6,FIN_M2,2026-01-11 14:01:00,2026-01-11 14:21:00
ORD_00594,7,INS_M3,2026-01-11 15:14:00,2026-01-11 15:34:00
ORD_00809,1,MIX_M4,2026-01-04 01:51:00,2026-01-04 02:10:00
ORD_00809,2,CAL_M3,2026-01-04 04:26:00,2026-01-04 05:04:00
ORD_00809,3,EXT_M5,2026-01-04 11:12:00,2026-01-04 11:54:00
ORD_00809,4,EXT_M2,2026-01-04 12:51:00,2026-01-04 13:16:00
ORD_00809,5,BLD_M1,2026-01-04 14:09:00,2026-01-04 14:47:00
ORD_00809,6,CUR_M3,2026-01-04 16:43:00,2026-01-04 17:45:00
ORD_00809,7,FIN_M3,2026-01-04 17:54:00,2026-01-04 18:24:00
ORD_00809,8,INS_M3,2026-01-04 18:52:00,2026-01-04 19:14:00
ORD_00646,1,MIX_M2,2026-01-15 00:47:00,2026-01-15 01:17:00
ORD_00646,2,CAL_M1,2026-01-15 03:23:00,2026-01-15 04:02:00
ORD_00646,3,EXT_M5,2026-01-15 04:52:00,2026-01-15 05:30:00
ORD_00646,4,EXT_M3,2026-01-15 05:54:00,2026-01-15 06:13:00
ORD_00646,5,BLD_M1,2026-01-15 07:01:00,2026-01-15 07:32:00
ORD_00646,6,CUR_M6,2026-01-15 09:36:00,2026-01-15 10:57:00
ORD_00646,7,FIN_M2,2026-01-15 11:07:00,2026-01-15 11:31:00
ORD_00646,8,INS_M3,2026-01-15 11:38:00,2026-01-15 12:03:00
ORD_00788,1,MIX_M4,2026-01-13 03:08:00,2026-01-13 03:35:00
ORD_00788,2,CAL_M3,2026-01-13 05:50:00,2026-01-13 06:31:00
ORD_00788,3,EXT_M5,2026-01-13 07:36:00,2026-01-13 08:12:00
ORD_00788,4,BLD_M5,2026-01-13 08:30:00,2026-01-13 08:53:00
ORD_00788,5,CUR_M3,2026-01-13 14:41:00,2026-01-13 15:27:00
ORD_00788,6,FIN_M4,2026-01-13 15:40:00,2026-01-13 16:01:00
ORD_00788,7,INS_M2,2026-01-13 16:08:00,2026-01-13 16:35:00
ORD_00656,1,MIX_M2,2026-01-08 03:23:00,2026-01-08 03:37:00
ORD_00656,2,CAL_M2,2026-01-08 05:07:00,2026-01-08 05:47:00
ORD_00656,3,EXT_M4,2026-01-08 08:53:00,2026-01-08 09:08:00
ORD_00656,4,EXT_M3,2026-01-08 09:33:00,2026-01-08 10:05:00
ORD_00656,5,BLD_M5,2026-01-08 10:43:00,2026-01-08 11:14:00
ORD_00656,6,CUR_M8,2026-01-08 11:36:00,2026-01-08 12:51:00
ORD_00656,7,FIN_M2,2026-01-08 13:29:00,2026-01-08 13:58:00
ORD_00656,8,INS_M1,2026-01-08 14:30:00,2026-01-08 14:42:00
ORD_00135,1,MIX_M2,2026-01-07 02:45:00,2026-01-07 03:14:00
ORD_00135,2,CAL_M3,2026-01-07 03:58:00,2026-01-07 04:35:00
ORD_00135,3,EXT_M4,2026-01-07 05:25:00,2026-01-07 05:46:00
ORD_00135,4,BLD_M1,2026-01-07 06:01:00,2026-01-07 06:25:00
ORD_00135,5,CUR_M2,2026-01-07 08:41:00,2026-01-07 09:49:00
ORD_00135,6,FIN_M2,2026-01-07 11:16:00,2026-01-07 11:40:00
ORD_00135,7,INS_M1,2026-01-07 12:22:00,2026-01-07 12:42:00
ORD_00657,1,MIX_M2,2026-01-17 01:14:00,2026-01-17 01:43:00
ORD_00657,2,CAL_M3,2026-01-17 02:19:00,2026-01-17 03:00:00
ORD_00657,3,EXT_M5,2026-01-17 03:57:00,2026-01-17 04:13:00
ORD_00657,4,BLD_M1,2026-01-17 04:19:00,2026-01-17 04:41:00
ORD_00657,5,CUR_M1,2026-01-17 06:52:00,2026-01-17 08:13:00
ORD_00657,6,FIN_M3,2026-01-17 08:40:00,2026-01-17 09:10:00
ORD_00657,7,INS_M1,2026-01-17 09:35:00,2026-01-17 10:03:00
ORD_00708,1,MIX_M2,2026-01-13 03:12:00,2026-01-13 03:28:00
ORD_00708,2,CAL_M4,2026-01-13 03:55:00,2026-01-13 04:18:00
ORD_00708,3,CAL_M3,2026-01-13 06:31:00,2026-01-13 06:49:00
ORD_00708,4,EXT_M2,2026-01-13 09:46:00,2026-01-13 10:10:00
ORD_00708,5,EXT_M2,2026-01-13 10:10:00,2026-01-13 10:36:00
ORD_00708,6,BLD_M2,2026-01-13 10:36:00,2026-01-13 11:05:00
ORD_00708,7,CUR_M1,2026-01-13 12:50:00,2026-01-13 14:15:00
ORD_00708,8,CUR_M3,2026-01-13 15:27:00,2026-01-13 16:24:00
ORD_00708,9,FIN_M1,2026-01-13 17:08:00,2026-01-13 17:19:00
ORD_00708,10,INS_M3,2026-01-13 17:40:00,2026-01-13 17:59:00
ORD_00662,1,MIX_M1,2026-01-15 02:30:00,2026-01-15 02:43:00
ORD_00662,2,CAL_M3,2026-01-15 03:38:00,2026-01-15 04:17:00
ORD_00662,3,EXT_M3,2026-01-15 05:22:00,2026-01-15 05:40:00
ORD_00662,4,EXT_M3,2026-01-15 06:13:00,2026-01-15 06:41:00
ORD_00662,5,BLD_M2,2026-01-15 06:54:00,2026-01-15 07:28:00
ORD_00662,6,CUR_M1,2026-01-15 08:27:00,2026-01-15 09:53:00
ORD_00662,7,FIN_M3,2026-01-15 10:15:00,2026-01-15 10:41:00
ORD_00662,8,INS_M1,2026-01-15 11:01:00,2026-01-15 11:27:00
ORD_00467,1,MIX_M2,2026-01-18 00:50:00,2026-01-18 01:19:00
ORD_00467,2,CAL_M3,2026-01-18 01:29:00,2026-01-18 02:06:00
ORD_00467,3,EXT_M4,2026-01-18 02:06:00,2026-01-18 02:27:00
ORD_00467,4,BLD_M1,2026-01-18 02:53:00,2026-01-18 03:17:00
ORD_00467,5,CUR_M2,2026-01-18 04:12:00,2026-01-18 05:20:00
ORD_00467,6,FIN_M2,2026-01-18 05:20:00,2026-01-18 05:44:00
ORD_00467,7,INS_M1,2026-01-18 05:54:00,2026-01-18 06:14:00
ORD_00815,1,MIX_M3,2026-01-18 00:26:00,2026-01-18 00:37:00
ORD_00815,2,CAL_M1,2026-01-18 01:28:00,2026-01-18 01:52:00
ORD_00815,3,EXT_M4,2026-01-18 02:27:00,2026-01-18 03:01:00
ORD_00815,4,BLD_M6,2026-01-18 03:10:00,2026-01-18 03:51:00
ORD_00815,5,CUR_M8,2026-01-18 04:25:00,2026-01-18 05:23:00
ORD_00815,6,FIN_M1,2026-01-18 05:52:00,2026-01-18 06:05:00
ORD_00815,7,INS_M2,2026-01-18 06:36:00,2026-01-18 06:50:00
ORD_00672,1,MIX_M1,2026-01-13 04:14:00,2026-01-13 04:27:00
ORD_00672,2,CAL_M3,2026-01-13 06:49:00,2026-01-13 07:28:00
ORD_00672,3,EXT_M3,2026-01-13 07:30:00,2026-01-13 07:48:00
ORD_00672,4,EXT_M3,2026-01-13 07:48:00,2026-01-13 08:16:00
ORD_00672,5,BLD_M2,2026-01-13 08:51:00,2026-01-13 09:25:00
ORD_00672,6,CUR_M1,2026-01-13 14:15:00,2026-01-13 15:41:00
ORD_00672,7,FIN_M3,2026-01-13 15:41:00,2026-01-13 16:07:00
ORD_00672,8,INS_M1,2026-01-13 16:15:00,2026-01-13 16:41:00
ORD_00674,1,MIX_M4,2026-01-14 00:35:00,2026-01-14 00:56:00
ORD_00674,2,CAL_M1,2026-01-14 01:08:00,2026-01-14 01:45:00
ORD_00674,3,EXT_M5,2026-01-14 02:37:00,2026-01-14 03:19:00
ORD_00674,4,BLD_M1,2026-01-14 03:41:00,2026-01-14 04:10:00
ORD_00674,5,CUR_M2,2026-01-14 04:43:00,2026-01-14 06:11:00
ORD_00674,6,FIN_M2,2026-01-14 06:49:00,2026-01-14 07:07:00
ORD_00674,7,INS_M2,2026-01-14 07:49:00,2026-01-14 08:15:00
ORD_00093,1,MIX_M2,2026-01-15 01:17:00,2026-01-15 01:31:00
ORD_00093,2,CAL_M1,2026-01-15 04:02:00,2026-01-15 04:18:00
ORD_00093,3,EXT_M3,2026-01-15 06:41:00,2026-01-15 07:26:00
ORD_00093,4,BLD_M4,2026-01-15 07:26:00,2026-01-15 08:13:00
ORD_00093,5,CUR_M7,2026-01-15 08:48:00,2026-01-15 09:43:00
ORD_00093,6,FIN_M2,2026-01-15 10:12:00,2026-01-15 10:32:00
ORD_00093,7,INS_M3,2026-01-15 11:13:00,2026-01-15 11:33:00
ORD_00211,1,MIX_M1,2026-01-18 00:54:00,2026-01-18 01:10:00
ORD_00211,2,CAL_M4,2026-01-18 02:01:00,2026-01-18 02:28:00
ORD_00211,3,EXT_M5,2026-01-18 02:45:00,2026-01-18 03:30:00
ORD_00211,4,BLD_M6,2026-01-18 04:06:00,2026-01-18 04:26:00
ORD_00211,5,CUR_M7,2026-01-18 05:17:00,2026-01-18 06:27:00
ORD_00211,6,FIN_M1,2026-01-18 06:44:00,2026-01-18 07:05:00
ORD_00211,7,INS_M2,2026-01-18 07:30:00,2026-01-18 07:52:00
ORD_00129,1,MIX_M2,2026-01-12 03:04:00,2026-01-12 03:22:00
ORD_00129,2,CAL_M4,2026-01-12 03:39:00,2026-01-12 04:24:00
ORD_00129,3,EXT_M2,2026-01-12 08:43:00,2026-01-12 09:27:00
ORD_00129,4,EXT_M5,2026-01-12 10:24:00,2026-01-12 11:03:00
ORD_00129,5,BLD_M6,2026-01-12 11:57:00,2026-01-12 12:39:00
ORD_00129,6,CUR_M4,2026-01-12 12:49:00,2026-01-12 14:14:00
ORD_00129,7,FIN_M3,2026-01-12 14:52:00,2026-01-12 15:14:00
ORD_00129,8,INS_M3,2026-01-12 16:07:00,2026-01-12 16:37:00
ORD_00818,1,MIX_M2,2026-01-05 03:38:00,2026-01-05 03:56:00
ORD_00818,2,CAL_M4,2026-01-05 08:32:00,2026-01-05 09:17:00
ORD_00818,3,EXT_M2,2026-01-05 11:32:00,2026-01-05 12:16:00
ORD_00818,4,EXT_M5,2026-01-05 12:16:00,2026-01-05 12:55:00
ORD_00818,5,BLD_M6,2026-01-05 12:55:00,2026-01-05 13:37:00
ORD_00818,6,CUR_M4,2026-01-05 15:52:00,2026-01-05 17:17:00
ORD_00818,7,FIN_M3,2026-01-05 17:24:00,2026-01-05 17:46:00
ORD_00818,8,INS_M3,2026-01-05 19:27:00,2026-01-05 19:57:00
ORD_00247,1,MIX_M2,2026-01-17 00:33:00,2026-01-17 00:51:00
ORD_00247,2,CAL_M2,2026-01-17 01:10:00,2026-01-17 01:27:00
ORD_00247,3,EXT_M1,2026-01-17 01:48:00,2026-01-17 02:08:00
ORD_00247,4,EXT_M3,2026-01-17 02:46:00,2026-01-17 03:20:00
ORD_00247,5,BLD_M6,2026-01-17 03:49:00,2026-01-17 04:35:00
ORD_00247,6,CUR_M5,2026-01-17 04:52:00,2026-01-17 06:00:00
ORD_00247,7,FIN_M1,2026-01-17 06:37:00,2026-01-17 07:01:00
ORD_00247,8,INS_M3,2026-01-17 07:18:00,2026-01-17 07:37:00
ORD_00334,1,MIX_M1,2026-01-13 04:27:00,2026-01-13 04:43:00
ORD_00334,2,CAL_M4,2026-01-13 05:04:00,2026-01-13 05:31:00
ORD_00334,3,EXT_M5,2026-01-13 08:12:00,2026-01-13 08:57:00
ORD_00334,4,BLD_M6,2026-01-13 10:46:00,2026-01-13 11:06:00
ORD_00334,5,CUR_M7,2026-01-13 11:06:00,2026-01-13 12:16:00
ORD_00334,6,FIN_M1,2026-01-13 13:26:00,2026-01-13 13:47:00
ORD_00334,7,INS_M2,2026-01-13 13:47:00,2026-01-13 14:09:00
ORD_00415,1,MIX_M3,2026-01-12 00:27:00,2026-01-12 00:38:00
ORD_00415,2,CAL_M4,2026-01-12 03:11:00,2026-01-12 03:26:00
ORD_00415,3,CAL_M2,2026-01-12 05:21:00,2026-01-12 05:47:00
ORD_00415,4,EXT_M4,2026-01-12 06:34:00,2026-01-12 06:51:00
ORD_00415,5,EXT_M3,2026-01-12 07:25:00,2026-01-12 07:59:00
ORD_00415,6,BLD_M3,2026-01-12 10:16:00,2026-01-12 10:57:00
ORD_00415,7,CUR_M2,2026-01-12 11:37:00,2026-01-12 13:03:00
ORD_00415,8,CUR_M5,2026-01-12 13:37:00,2026-01-12 14:49:00
ORD_00415,9,FIN_M3,2026-01-12 15:15:00,2026-01-12 15:38:00
ORD_00415,10,INS_M2,2026-01-12 16:18:00,2026-01-12 16:40:00
ORD_00990,1,MIX_M1,2026-01-15 02:43:00,2026-01-15 02:57:00
ORD_00990,2,CAL_M1,2026-01-15 04:18:00,2026-01-15 05:03:00
ORD_00990,3,EXT_M1,2026-01-15 05:43:00,2026-01-15 06:07:00
ORD_00990,4,EXT_M4,2026-01-15 06:39:00,2026-01-15 06:57:00
ORD_00990,5,BLD_M1,2026-01-15 07:32:00,2026-01-15 07:59:00
ORD_00990,6,CUR_M3,2026-01-15 08:36:00,2026-01-15 09:40:00
ORD_00990,7,FIN_M4,2026-01-15 10:25:00,2026-01-15 10:46:00
ORD_00990,8,INS_M3,2026-01-15 12:03:00,2026-01-15 12:30:00
ORD_00178,1,MIX_M1,2026-01-12 02:10:00,2026-01-12 02:40:00
ORD_00178,2,CAL_M3,2026-01-12 03:17:00,2026-01-12 03:58:00
ORD_00178,3,EXT_M5,2026-01-12 07:33:00,2026-01-12 08:07:00
ORD_00178,4,BLD_M2,2026-01-12 08:37:00,2026-01-12 09:01:00
ORD_00178,5,CUR_M6,2026-01-12 11:41:00,2026-01-12 13:09:00
ORD_00178,6,FIN_M2,2026-01-12 13:48:00,2026-01-12 14:15:00
ORD_00178,7,INS_M3,2026-01-12 14:55:00,2026-01-12 15:05:00
ORD_00158,1,MIX_M1,2026-01-16 00:21:00,2026-01-16 00:33:00
ORD_00158,2,CAL_M3,2026-01-16 00:58:00,2026-01-16 01:27:00
ORD_00158,3,EXT_M4,2026-01-16 02:23:00,2026-01-16 02:53:00
ORD_00158,4,EXT_M5,2026-01-16 03:32:00,2026-01-16 04:01:00
ORD_00158,5,BLD_M4,2026-01-16 04:22:00,2026-01-16 04:50:00
ORD_00158,6,CUR_M4,2026-01-16 05:37:00,2026-01-16 07:05:00
ORD_00158,7,FIN_M1,2026-01-16 07:50:00,2026-01-16 08:11:00
ORD_00158,8,INS_M2,2026-01-16 08:21:00,2026-01-16 08:34:00
ORD_00316,1,MIX_M1,2026-01-18 00:23:00,2026-01-18 00:37:00
ORD_00316,2,CAL_M1,2026-01-18 01:52:00,2026-01-18 02:37:00
ORD_00316,3,EXT_M1,2026-01-18 02:37:00,2026-01-18 03:01:00
ORD_00316,4,EXT_M4,2026-01-18 03:22:00,2026-01-18 03:40:00
ORD_00316,5,BLD_M1,2026-01-18 03:40:00,2026-01-18 04:07:00
ORD_00316,6,CUR_M3,2026-01-18 04:07:00,2026-01-18 05:11:00
ORD_00316,7,FIN_M4,2026-01-18 05:11:00,2026-01-18 05:32:00
ORD_00316,8,INS_M3,2026-01-18 06:01:00,2026-01-18 06:28:00
ORD_00980,1,MIX_M4,2026-01-14 00:59:00,2026-01-14 01:23:00
ORD_00980,2,CAL_M3,2026-01-14 03:08:00,2026-01-14 03:48:00
ORD_00980,3,EXT_M3,2026-01-14 04:22:00,2026-01-14 04:55:00
ORD_00980,4,BLD_M1,2026-01-14 05:06:00,2026-01-14 05:37:00
ORD_00980,5,CUR_M2,2026-01-14 06:11:00,2026-01-14 07:10:00
ORD_00980,6,FIN_M4,2026-01-14 07:23:00,2026-01-14 07:47:00
ORD_00980,7,INS_M1,2026-01-14 08:03:00,2026-01-14 08:14:00
ORD_00995,1,MIX_M1,2026-01-12 02:40:00,2026-01-12 02:55:00
ORD_00995,2,CAL_M4,2026-01-12 04:24:00,2026-01-12 04:53:00
ORD_00995,3,EXT_M5,2026-01-12 09:14:00,2026-01-12 09:53:00
ORD_00995,4,BLD_M5,2026-01-12 10:00:00,2026-01-12 10:34:00
ORD_00995,5,CUR_M6,2026-01-12 13:09:00,2026-01-12 14:29:00
ORD_00995,6,FIN_M3,2026-01-12 15:38:00,2026-01-12 15:52:00
ORD_00995,7,INS_M2,2026-01-12 15:58:00,2026-01-12 16:10:00
ORD_00168,1,MIX_M2,2026-01-12 03:22:00,2026-01-12 03:51:00
ORD_00168,2,CAL_M3,2026-01-12 04:22:00,2026-01-12 04:59:00
ORD_00168,3,EXT_M4,2026-01-12 10:01:00,2026-01-12 10:22:00
ORD_00168,4,BLD_M1,2026-01-12 11:00:00,2026-01-12 11:24:00
ORD_00168,5,CUR_M2,2026-01-12 13:03:00,2026-01-12 14:11:00
ORD_00168,6,FIN_M2,2026-01-12 14:35:00,2026-01-12 14:59:00
ORD_00168,7,INS_M1,2026-01-12 15:41:00,2026-01-12 16:01:00
ORD_00399,1,MIX_M2,2026-01-14 00:16:00,2026-01-14 00:39:00
ORD_00399,2,CAL_M1,2026-01-14 02:20:00,2026-01-14 03:05:00
ORD_00399,3,EXT_M2,2026-01-14 04:12:00,2026-01-14 04:53:00
ORD_00399,4,EXT_M4,2026-01-14 05:16:00,2026-01-14 05:59:00
ORD_00399,5,BLD_M3,2026-01-14 06:34:00,2026-01-14 07:23:00
ORD_00399,6,CUR_M1,2026-01-14 08:40:00,2026-01-14 09:46:00
ORD_00399,7,FIN_M1,2026-01-14 10:05:00,2026-01-14 10:27:00
ORD_00399,8,INS_M3,2026-01-14 10:50:00,2026-01-14 11:11:00
ORD_00963,1,MIX_M3,2026-01-04 00:36:00,2026-01-04 00:48:00
ORD_00963,2,CAL_M3,2026-01-04 05:04:00,2026-01-04 05:47:00
ORD_00963,3,EXT_M3,2026-01-04 07:49:00,2026-01-04 08:31:00
ORD_00963,4,BLD_M2,2026-01-04 09:59:00,2026-01-04 10:41:00
ORD_00963,5,CUR_M3,2026-01-04 17:45:00,2026-01-04 19:15:00
ORD_00963,6,FIN_M3,2026-01-04 19:36:00,2026-01-04 20:02:00
ORD_00963,7,INS_M1,2026-01-04 20:12:00,2026-01-04 20:25:00
ORD_00717,1,MIX_M3,2026-01-15 00:38:00,2026-01-15 00:52:00
ORD_00717,2,CAL_M1,2026-01-15 05:03:00,2026-01-15 05:26:00
ORD_00717,3,EXT_M2,2026-01-15 06:12:00,2026-01-15 06:31:00
ORD_00717,4,BLD_M5,2026-01-15 06:52:00,2026-01-15 07:20:00
ORD_00717,5,CUR_M3,2026-01-15 09:40:00,2026-01-15 10:27:00
ORD_00717,6,FIN_M1,2026-01-15 10:32:00,2026-01-15 10:46:00
ORD_00717,7,INS_M1,2026-01-15 11:27:00,2026-01-15 11:48:00
ORD_00686,1,MIX_M2,2026-01-13 03:28:00,2026-01-13 03:53:00
ORD_00686,2,CAL_M1,2026-01-13 06:01:00,2026-01-13 06:35:00
ORD_00686,3,EXT_M5,2026-01-13 08:57:00,2026-01-13 09:22:00
ORD_00686,4,BLD_M5,2026-01-13 09:47:00,2026-01-13 10:14:00
ORD_00686,5,CUR_M2,2026-01-13 13:11:00,2026-01-13 14:31:00
ORD_00686,6,FIN_M4,2026-01-13 15:07:00,2026-01-13 15:26:00
ORD_00686,7,INS_M3,2026-01-13 16:01:00,2026-01-13 16:24:00
ORD_00156,1,MIX_M2,2026-01-13 03:53:00,2026-01-13 04:11:00
ORD_00156,2,CAL_M4,2026-01-13 05:31:00,2026-01-13 06:16:00
ORD_00156,3,EXT_M2,2026-01-13 10:36:00,2026-01-13 11:20:00
ORD_00156,4,EXT_M5,2026-01-13 11:39:00,2026-01-13 12:18:00
ORD_00156,5,BLD_M6,2026-01-13 13:12:00,2026-01-13 13:54:00
ORD_00156,6,CUR_M4,2026-01-13 14:14:00,2026-01-13 15:39:00
ORD_00156,7,FIN_M3,2026-01-13 16:07:00,2026-01-13 16:29:00
ORD_00156,8,INS_M3,2026-01-13 16:50:00,2026-01-13 17:20:00
ORD_00468,1,MIX_M3,2026-01-15 00:52:00,2026-01-15 01:19:00
ORD_00468,2,CAL_M1,2026-01-15 05:26:00,2026-01-15 05:55:00
ORD_00468,3,EXT_M3,2026-01-15 07:26:00,2026-01-15 08:02:00
ORD_00468,4,BLD_M6,2026-01-15 08:08:00,2026-01-15 08:49:00
ORD_00468,5,CUR_M5,2026-01-15 09:08:00,2026-01-15 10:25:00
ORD_00468,6,FIN_M4,2026-01-15 11:23:00,2026-01-15 11:53:00
ORD_00468,7,INS_M2,2026-01-15 12:36:00,2026-01-15 12:49:00
ORD_00125,1,MIX_M1,2026-01-14 01:32:00,2026-01-14 02:02:00
ORD_00125,2,CAL_M1,2026-01-14 03:05:00,2026-01-14 03:27:00
ORD_00125,3,EXT_M1,2026-01-14 03:59:00,2026-01-14 04:42:00
ORD_00125,4,BLD_M1,2026-01-14 05:37:00,2026-01-14 06:24:00
ORD_00125,5,CUR_M6,2026-01-14 06:58:00,2026-01-14 07:42:00
ORD_00125,6,FIN_M2,2026-01-14 07:58:00,2026-01-14 08:16:00
ORD_00125,7,INS_M3,2026-01-14 09:12:00,2026-01-14 09:37:00
ORD_00640,1,MIX_M2,2026-01-09 01:51:00,2026-01-09 02:07:00
ORD_00640,2,CAL_M4,2026-01-09 03:41:00,2026-01-09 04:04:00
ORD_00640,3,CAL_M3,2026-01-09 05:23:00,2026-01-09 05:41:00
ORD_00640,4,EXT_M2,2026-01-09 06:38:00,2026-01-09 07:02:00
ORD_00640,5,EXT_M2,2026-01-09 07:02:00,2026-01-09 07:28:00
ORD_00640,6,BLD_M2,2026-01-09 07:50:00,2026-01-09 08:19:00
ORD_00640,7,CUR_M1,2026-01-09 08:42:00,2026-01-09 10:07:00
ORD_00640,8,CUR_M3,2026-01-09 11:03:00,2026-01-09 12:00:00
ORD_00640,9,FIN_M1,2026-01-09 12:58:00,2026-01-09 13:09:00
ORD_00640,10,INS_M3,2026-01-09 13:53:00,2026-01-09 14:12:00
ORD_00643,1,MIX_M2,2026-01-15 01:31:00,2026-01-15 01:53:00
ORD_00643,2,CAL_M1,2026-01-15 05:55:00,2026-01-15 06:21:00
ORD_00643,3,EXT_M2,2026-01-15 07:07:00,2026-01-15 07:22:00
ORD_00643,4,EXT_M3,2026-01-15 08:02:00,2026-01-15 08:46:00
ORD_00643,5,BLD_M1,2026-01-15 09:20:00,2026-01-15 10:06:00
ORD_00643,6,CUR_M6,2026-01-15 10:57:00,2026-01-15 12:27:00
ORD_00643,7,FIN_M2,2026-01-15 13:12:00,2026-01-15 13:26:00
ORD_00643,8,INS_M1,2026-01-15 13:49:00,2026-01-15 14:08:00
ORD_00504,1,MIX_M2,2026-01-14 01:11:00,2026-01-14 01:36:00
ORD_00504,2,CAL_M1,2026-01-14 03:27:00,2026-01-14 04:01:00
ORD_00504,3,EXT_M5,2026-01-14 04:54:00,2026-01-14 05:19:00
ORD_00504,4,BLD_M5,2026-01-14 05:19:00,2026-01-14 05:46:00
ORD_00504,5,CUR_M2,2026-01-14 07:10:00,2026-01-14 08:30:00
ORD_00504,6,FIN_M4,2026-01-14 08:49:00,2026-01-14 09:08:00
ORD_00504,7,INS_M3,2026-01-14 09:37:00,2026-01-14 10:00:00
ORD_00984,1,MIX_M2,2026-01-13 04:11:00,2026-01-13 04:26:00
ORD_00984,2,CAL_M4,2026-01-13 06:16:00,2026-01-13 06:47:00
ORD_00984,3,EXT_M4,2026-01-13 08:01:00,2026-01-13 08:31:00
ORD_00984,4,EXT_M3,2026-01-13 09:07:00,2026-01-13 09:37:00
ORD_00984,5,BLD_M1,2026-01-13 09:51:00,2026-01-13 10:13:00
ORD_00984,6,CUR_M7,2026-01-13 12:16:00,2026-01-13 13:28:00
ORD_00984,7,FIN_M4,2026-01-13 13:49:00,2026-01-13 14:06:00
ORD_00984,8,INS_M1,2026-01-13 14:51:00,2026-01-13 15:19:00
ORD_00074,1,MIX_M2,2026-01-17 01:43:00,2026-01-17 02:12:00
ORD_00074,2,CAL_M3,2026-01-17 03:11:00,2026-01-17 03:48:00
ORD_00074,3,EXT_M4,2026-01-17 04:05:00,2026-01-17 04:26:00
ORD_00074,4,BLD_M1,2026-01-17 04:46:00,2026-01-17 05:10:00
ORD_00074,5,CUR_M2,2026-01-17 05:32:00,2026-01-17 06:40:00
ORD_00074,6,FIN_M2,2026-01-17 07:15:00,2026-01-17 07:39:00
ORD_00074,7,INS_M1,2026-01-17 08:32:00,2026-01-17 08:52:00
ORD_00067,1,MIX_M2,2026-01-16 00:27:00,2026-01-16 00:41:00
ORD_00067,2,CAL_M1,2026-01-16 00:57:00,2026-01-16 01:13:00
ORD_00067,3,EXT_M3,2026-01-16 01:31:00,2026-01-16 02:16:00
ORD_00067,4,BLD_M4,2026-01-16 03:12:00,2026-01-16 03:59:00
ORD_00067,5,CUR_M7,2026-01-16 04:34:00,2026-01-16 05:29:00
ORD_00067,6,FIN_M2,2026-01-16 06:17:00,2026-01-16 06:37:00
ORD_00067,7,INS_M3,2026-01-16 07:08:00,2026-01-16 07:28:00
ORD_00652,1,MIX_M2,2026-01-17 02:12:00,2026-01-17 02:41:00
ORD_00652,2,CAL_M3,2026-01-17 03:48:00,2026-01-17 04:29:00
ORD_00652,3,EXT_M5,2026-01-17 05:04:00,2026-01-17 05:20:00
ORD_00652,4,BLD_M1,2026-01-17 05:26:00,2026-01-17 05:48:00
ORD_00652,5,CUR_M1,2026-01-17 08:13:00,2026-01-17 09:34:00
ORD_00652,6,FIN_M3,2026-01-17 09:55:00,2026-01-17 10:25:00
ORD_00652,7,INS_M1,2026-01-17 10:50:00,2026-01-17 11:18:00
ORD_00406,1,MIX_M2,2026-01-16 00:42:00,2026-01-16 00:58:00
ORD_00406,2,CAL_M4,2026-01-16 01:38:00,2026-01-16 02:01:00
ORD_00406,3,CAL_M3,2026-01-16 02:37:00,2026-01-16 02:55:00
ORD_00406,4,EXT_M2,2026-01-16 03:23:00,2026-01-16 03:47:00
ORD_00406,5,EXT_M2,2026-01-16 03:47:00,2026-01-16 04:13:00
ORD_00406,6,BLD_M2,2026-01-16 04:13:00,2026-01-16 04:42:00
ORD_00406,7,CUR_M1,2026-01-16 05:22:00,2026-01-16 06:47:00
ORD_00406,8,CUR_M3,2026-01-16 06:47:00,2026-01-16 07:44:00
ORD_00406,9,FIN_M1,2026-01-16 08:11:00,2026-01-16 08:22:00
ORD_00406,10,INS_M3,2026-01-16 09:13:00,2026-01-16 09:32:00
ORD_00973,1,MIX_M2,2026-01-08 03:37:00,2026-01-08 04:07:00
ORD_00973,2,CAL_M1,2026-01-08 06:32:00,2026-01-08 07:11:00
ORD_00973,3,EXT_M5,2026-01-08 08:00:00,2026-01-08 08:38:00
ORD_00973,4,EXT_M3,2026-01-08 09:02:00,2026-01-08 09:21:00
ORD_00973,5,BLD_M1,2026-01-08 10:17:00,2026-01-08 10:48:00
ORD_00973,6,CUR_M6,2026-01-08 12:14:00,2026-01-08 13:35:00
ORD_00973,7,FIN_M2,2026-01-08 13:58:00,2026-01-08 14:22:00
ORD_00973,8,INS_M3,2026-01-08 15:21:00,2026-01-08 15:46:00
ORD_00692,1,MIX_M3,2026-01-15 01:19:00,2026-01-15 01:33:00
ORD_00692,2,CAL_M1,2026-01-15 06:21:00,2026-01-15 06:44:00
ORD_00692,3,EXT_M2,2026-01-15 07:27:00,2026-01-15 07:46:00
ORD_00692,4,BLD_M5,2026-01-15 08:27:00,2026-01-15 08:55:00
ORD_00692,5,CUR_M3,2026-01-15 10:27:00,2026-01-15 11:14:00
ORD_00692,6,FIN_M1,2026-01-15 11:20:00,2026-01-15 11:34:00
ORD_00692,7,INS_M1,2026-01-15 12:09:00,2026-01-15 12:30:00
ORD_00808,1,MIX_M1,2026-01-11 02:52:00,2026-01-11 03:22:00
ORD_00808,2,CAL_M2,2026-01-11 04:41:00,2026-01-11 05:18:00
ORD_00808,3,EXT_M2,2026-01-11 06:08:00,2026-01-11 06:32:00
ORD_00808,4,BLD_M4,2026-01-11 06:55:00,2026-01-11 07:15:00
ORD_00808,5,CUR_M6,2026-01-11 08:00:00,2026-01-11 08:55:00
ORD_00808,6,FIN_M4,2026-01-11 09:42:00,2026-01-11 09:57:00
ORD_00808,7,INS_M3,2026-01-11 10:27:00,2026-01-11 10:39:00
ORD_00810,1,MIX_M2,2026-01-13 04:26:00,2026-01-13 04:42:00
ORD_00810,2,CAL_M4,2026-01-13 06:47:00,2026-01-13 07:10:00
ORD_00810,3,CAL_M3,2026-01-13 07:28:00,2026-01-13 07:46:00
ORD_00810,4,EXT_M2,2026-01-13 11:20:00,2026-01-13 11:44:00
ORD_00810,5,EXT_M2,2026-01-13 11:44:00,2026-01-13 12:10:00
ORD_00810,6,BLD_M2,2026-01-13 12:10:00,2026-01-13 12:39:00
ORD_00810,7,CUR_M1,2026-01-13 15:41:00,2026-01-13 17:06:00
ORD_00810,8,CUR_M3,2026-01-13 17:55:00,2026-01-13 18:52:00
ORD_00810,9,FIN_M1,2026-01-13 19:30:00,2026-01-13 19:41:00
ORD_00810,10,INS_M3,2026-01-13 19:55:00,2026-01-13 20:14:00
ORD_00772,1,MIX_M1,2026-01-15 02:57:00,2026-01-15 03:10:00
ORD_00772,2,CAL_M3,2026-01-15 04:17:00,2026-01-15 04:56:00
ORD_00772,3,EXT_M3,2026-01-15 08:46:00,2026-01-15 09:04:00
ORD_00772,4,EXT_M3,2026-01-15 09:04:00,2026-01-15 09:32:00
ORD_00772,5,BLD_M2,2026-01-15 09:45:00,2026-01-15 10:19:00
ORD_00772,6,CUR_M1,2026-01-15 11:18:00,2026-01-15 12:44:00
ORD_00772,7,FIN_M3,2026-01-15 13:06:00,2026-01-15 13:32:00
ORD_00772,8,INS_M1,2026-01-15 14:08:00,2026-01-15 14:34:00
ORD_00762,1,MIX_M3,2026-01-08 02:07:00,2026-01-08 02:18:00
ORD_00762,2,CAL_M1,2026-01-08 07:11:00,2026-01-08 07:35:00
ORD_00762,3,EXT_M4,2026-01-08 09:08:00,2026-01-08 09:42:00
ORD_00762,4,BLD_M6,2026-01-08 10:39:00,2026-01-08 11:20:00
ORD_00762,5,CUR_M8,2026-01-08 12:51:00,2026-01-08 13:49:00
ORD_00762,6,FIN_M1,2026-01-08 14:18:00,2026-01-08 14:31:00
ORD_00762,7,INS_M2,2026-01-08 14:40:00,2026-01-08 14:54:00
ORD_00291,1,MIX_M4,2026-01-07 00:18:00,2026-01-07 00:42:00
ORD_00291,2,CAL_M1,2026-01-07 06:12:00,2026-01-07 06:55:00
ORD_00291,3,EXT_M1,2026-01-07 07:00:00,2026-01-07 07:25:00
ORD_00291,4,BLD_M5,2026-01-07 07:58:00,2026-01-07 08:22:00
ORD_00291,5,CUR_M2,2026-01-07 09:49:00,2026-01-07 10:37:00
ORD_00291,6,FIN_M3,2026-01-07 11:21:00,2026-01-07 11:50:00
ORD_00291,7,INS_M3,2026-01-07 12:44:00,2026-01-07 13:12:00
ORD_00669,1,MIX_M4,2026-01-14 01:23:00,2026-01-14 01:49:00
ORD_00669,2,CAL_M1,2026-01-14 04:01:00,2026-01-14 04:28:00
ORD_00669,3,EXT_M3,2026-01-14 04:55:00,2026-01-14 05:33:00
ORD_00669,4,BLD_M3,2026-01-14 07:23:00,2026-01-14 07:50:00
ORD_00669,5,CUR_M6,2026-01-14 08:32:00,2026-01-14 10:01:00
ORD_00669,6,FIN_M2,2026-01-14 10:34:00,2026-01-14 10:46:00
ORD_00669,7,INS_M3,2026-01-14 11:17:00,2026-01-14 11:47:00
ORD_00323,1,MIX_M1,2026-01-06 03:36:00,2026-01-06 03:56:00
ORD_00323,2,CAL_M2,2026-01-06 05:36:00,2026-01-06 06:10:00
ORD_00323,3,EXT_M4,2026-01-06 09:01:00,2026-01-06 09:20:00
ORD_00323,4,EXT_M2,2026-01-06 09:54:00,2026-01-06 10:14:00
ORD_00323,5,BLD_M6,2026-01-06 10:30:00,2026-01-06 11:14:00
ORD_00323,6,CUR_M3,2026-01-06 13:32:00,2026-01-06 14:58:00
ORD_00323,7,FIN_M4,2026-01-06 15:26:00,2026-01-06 15:37:00
ORD_00323,8,INS_M2,2026-01-06 16:24:00,2026-01-06 16:45:00
ORD_00863,1,MIX_M4,2026-01-14 01:49:00,2026-01-14 02:13:00
ORD_00863,2,CAL_M3,2026-01-14 03:48:00,2026-01-14 04:28:00
ORD_00863,3,EXT_M3,2026-01-14 05:33:00,2026-01-14 06:06:00
ORD_00863,4,BLD_M1,2026-01-14 06:46:00,2026-01-14 07:17:00
ORD_00863,5,CUR_M2,2026-01-14 08:30:00,2026-01-14 09:29:00
ORD_00863,6,FIN_M4,2026-01-14 09:37:00,2026-01-14 10:01:00
ORD_00863,7,INS_M1,2026-01-14 10:17:00,2026-01-14 10:28:00
ORD_00537,1,MIX_M1,2026-01-17 00:14:00,2026-01-17 00:30:00
ORD_00537,2,CAL_M4,2026-01-17 01:21:00,2026-01-17 01:48:00
ORD_00537,3,EXT_M5,2026-01-17 01:55:00,2026-01-17 02:40:00
ORD_00537,4,BLD_M6,2026-01-17 02:48:00,2026-01-17 03:08:00
ORD_00537,5,CUR_M7,2026-01-17 05:00:00,2026-01-17 06:10:00
ORD_00537,6,FIN_M1,2026-01-17 07:01:00,2026-01-17 07:22:00
ORD_00537,7,INS_M2,2026-01-17 07:44:00,2026-01-17 08:06:00
ORD_00021,1,MIX_M1,2026-01-14 02:02:00,2026-01-14 02:21:00
ORD_00021,2,CAL_M4,2026-01-14 02:40:00,2026-01-14 03:07:00
ORD_00021,3,EXT_M2,2026-01-14 04:53:00,2026-01-14 05:10:00
ORD_00021,4,BLD_M5,2026-01-14 06:31:00,2026-01-14 07:13:00
ORD_00021,5,CUR_M4,2026-01-14 07:45:00,2026-01-14 08:31:00
ORD_00021,6,FIN_M3,2026-01-14 09:20:00,2026-01-14 09:49:00
ORD_00021,7,INS_M1,2026-01-14 10:28:00,2026-01-14 10:56:00
ORD_00738,1,MIX_M1,2026-01-13 04:43:00,2026-01-13 05:03:00
ORD_00738,2,CAL_M2,2026-01-13 06:55:00,2026-01-13 07:29:00
ORD_00738,3,EXT_M4,2026-01-13 08:31:00,2026-01-13 08:50:00
ORD_00738,4,EXT_M2,2026-01-13 12:10:00,2026-01-13 12:30:00
ORD_00738,5,BLD_M6,2026-01-13 13:54:00,2026-01-13 14:38:00
ORD_00738,6,CUR_M3,2026-01-13 16:24:00,2026-01-13 17:50:00
ORD_00738,7,FIN_M4,2026-01-13 18:07:00,2026-01-13 18:18:00
ORD_00738,8,INS_M2,2026-01-13 18:27:00,2026-01-13 18:48:00
ORD_00452,1,MIX_M4,2026-01-15 02:14:00,2026-01-15 02:40:00
ORD_00452,2,CAL_M1,2026-01-15 06:44:00,2026-01-15 07:11:00
ORD_00452,3,EXT_M3,2026-01-15 09:32:00,2026-01-15 10:10:00
ORD_00452,4,BLD_M3,2026-01-15 10:10:00,2026-01-15 10:37:00
ORD_00452,5,CUR_M6,2026-01-15 12:27:00,2026-01-15 13:56:00
ORD_00452,6,FIN_M2,2026-01-15 13:56:00,2026-01-15 14:08:00
ORD_00452,7,INS_M3,2026-01-15 14:08:00,2026-01-15 14:38:00
ORD_00445,1,MIX_M4,2026-01-14 02:13:00,2026-01-14 02:28:00
ORD_00445,2,CAL_M4,2026-01-14 03:07:00,2026-01-14 03:33:00
ORD_00445,3,EXT_M4,2026-01-14 04:16:00,2026-01-14 04:32:00
ORD_00445,4,BLD_M6,2026-01-14 05:28:00,2026-01-14 06:15:00
ORD_00445,5,CUR_M6,2026-01-14 10:01:00,2026-01-14 11:20:00
ORD_00445,6,FIN_M4,2026-01-14 11:51:00,2026-01-14 12:09:00
ORD_00445,7,INS_M3,2026-01-14 12:45:00,2026-01-14 12:56:00
ORD_00257,1,MIX_M2,2026-01-17 02:41:00,2026-01-17 03:04:00
ORD_00257,2,CAL_M1,2026-01-17 03:13:00,2026-01-17 03:58:00
ORD_00257,3,EXT_M2,2026-01-17 04:32:00,2026-01-17 05:13:00
ORD_00257,4,EXT_M4,2026-01-17 05:47:00,2026-01-17 06:30:00
ORD_00257,5,BLD_M3,2026-01-17 07:28:00,2026-01-17 08:17:00
ORD_00257,6,CUR_M1,2026-01-17 09:34:00,2026-01-17 10:40:00
ORD_00257,7,FIN_M1,2026-01-17 10:55:00,2026-01-17 11:17:00
ORD_00257,8,INS_M3,2026-01-17 11:22:00,2026-01-17 11:43:00
ORD_00196,1,MIX_M2,2026-01-17 03:04:00,2026-01-17 03:22:00
ORD_00196,2,CAL_M4,2026-01-17 03:52:00,2026-01-17 04:37:00
ORD_00196,3,EXT_M2,2026-01-17 05:13:00,2026-01-17 05:57:00
ORD_00196,4,EXT_M5,2026-01-17 06:54:00,2026-01-17 07:33:00
ORD_00196,5,BLD_M6,2026-01-17 07:43:00,2026-01-17 08:25:00
ORD_00196,6,CUR_M4,2026-01-17 08:35:00,2026-01-17 10:00:00
ORD_00196,7,FIN_M3,2026-01-17 10:25:00,2026-01-17 10:47:00
ORD_00196,8,INS_M3,2026-01-17 11:43:00,2026-01-17 12:13:00
ORD_00292,1,MIX_M1,2026-01-14 00:26:00,2026-01-14 00:38:00
ORD_00292,2,CAL_M3,2026-01-14 00:49:00,2026-01-14 01:18:00
ORD_00292,3,EXT_M4,2026-01-14 01:44:00,2026-01-14 02:14:00
ORD_00292,4,EXT_M5,2026-01-14 05:19:00,2026-01-14 05:48:00
ORD_00292,5,BLD_M4,2026-01-14 06:26:00,2026-01-14 06:54:00
ORD_00292,6,CUR_M4,2026-01-14 08:31:00,2026-01-14 09:59:00
ORD_00292,7,FIN_M1,2026-01-14 10:27:00,2026-01-14 10:48:00
ORD_00292,8,INS_M2,2026-01-14 11:40:00,2026-01-14 11:53:00
ORD_00071,1,MIX_M3,2026-01-10 01:21:00,2026-01-10 01:31:00
ORD_00071,2,CAL_M1,2026-01-10 03:23:00,2026-01-10 04:07:00
ORD_00071,3,EXT_M5,2026-01-10 07:51:00,2026-01-10 08:29:00
ORD_00071,4,EXT_M4,2026-01-10 09:16:00,2026-01-10 09:57:00
ORD_00071,5,BLD_M3,2026-01-10 10:21:00,2026-01-10 11:05:00
ORD_00071,6,CUR_M4,2026-01-10 12:38:00,2026-01-10 13:56:00
ORD_00071,7,FIN_M3,2026-01-10 14:42:00,2026-01-10 14:59:00
ORD_00071,8,INS_M3,2026-01-10 15:15:00,2026-01-10 15:31:00
ORD_00719,1,MIX_M2,2026-01-15 01:53:00,2026-01-15 02:17:00
ORD_00719,2,CAL_M4,2026-01-15 03:16:00,2026-01-15 03:42:00
ORD_00719,3,EXT_M3,2026-01-15 10:10:00,2026-01-15 10:42:00
ORD_00719,4,BLD_M5,2026-01-15 10:50:00,2026-01-15 11:22:00
ORD_00719,5,CUR_M8,2026-01-15 11:44:00,2026-01-15 12:44:00
ORD_00719,6,FIN_M2,2026-01-15 13:26:00,2026-01-15 13:43:00
ORD_00719,7,INS_M3,2026-01-15 14:38:00,2026-01-15 15:00:00
ORD_00396,1,MIX_M1,2026-01-15 03:10:00,2026-01-15 03:26:00
ORD_00396,2,CAL_M4,2026-01-15 03:47:00,2026-01-15 04:14:00
ORD_00396,3,EXT_M5,2026-01-15 05:30:00,2026-01-15 06:15:00
ORD_00396,4,BLD_M6,2026-01-15 06:57:00,2026-01-15 07:17:00
ORD_00396,5,CUR_M7,2026-01-15 09:43:00,2026-01-15 10:53:00
ORD_00396,6,FIN_M1,2026-01-15 11:34:00,2026-01-15 11:55:00
ORD_00396,7,INS_M2,2026-01-15 12:49:00,2026-01-15 13:11:00
ORD_00062,1,MIX_M3,2026-01-15 01:33:00,2026-01-15 02:01:00
ORD_00062,2,CAL_M4,2026-01-15 04:14:00,2026-01-15 04:45:00
ORD_00062,3,EXT_M3,2026-01-15 10:42:00,2026-01-15 10:58:00
ORD_00062,4,BLD_M2,2026-01-15 11:53:00,2026-01-15 12:25:00
ORD_00062,5,CUR_M1,2026-01-15 13:09:00,2026-01-15 13:49:00
ORD_00062,6,FIN_M2,2026-01-15 14:20:00,2026-01-15 14:39:00
ORD_00062,7,INS_M1,2026-01-15 15:24:00,2026-01-15 15:38:00
ORD_00119,1,MIX_M2,2026-01-14 01:36:00,2026-01-14 02:05:00
ORD_00119,2,CAL_M3,2026-01-14 04:28:00,2026-01-14 05:05:00
ORD_00119,3,EXT_M4,2026-01-14 05:59:00,2026-01-14 06:20:00
ORD_00119,4,BLD_M1,2026-01-14 07:17:00,2026-01-14 07:41:00
ORD_00119,5,CUR_M2,2026-01-14 09:29:00,2026-01-14 10:37:00
ORD_00119,6,FIN_M2,2026-01-14 11:29:00,2026-01-14 11:53:00
ORD_00119,7,INS_M1,2026-01-14 12:29:00,2026-01-14 12:49:00
ORD_00660,1,MIX_M1,2026-01-20 00:06:00,2026-01-20 00:20:00
ORD_00660,2,CAL_M1,2026-01-20 00:46:00,2026-01-20 01:31:00
ORD_00660,3,EXT_M1,2026-01-20 02:15:00,2026-01-20 02:39:00
ORD_00660,4,EXT_M4,2026-01-20 03:11:00,2026-01-20 03:29:00
ORD_00660,5,BLD_M1,2026-01-20 03:56:00,2026-01-20 04:23:00
ORD_00660,6,CUR_M3,2026-01-20 04:49:00,2026-01-20 05:53:00
ORD_00660,7,FIN_M4,2026-01-20 06:22:00,2026-01-20 06:43:00
ORD_00660,8,INS_M3,2026-01-20 06:48:00,2026-01-20 07:15:00
ORD_00749,1,MIX_M1,2026-01-16 01:19:00,2026-01-16 01:49:00
ORD_00749,2,CAL_M2,2026-01-16 02:10:00,2026-01-16 02:47:00
ORD_00749,3,EXT_M2,2026-01-16 04:13:00,2026-01-16 04:37:00
ORD_00749,4,BLD_M4,2026-01-16 05:03:00,2026-01-16 05:23:00
ORD_00749,5,CUR_M6,2026-01-16 05:48:00,2026-01-16 06:43:00
ORD_00749,6,FIN_M4,2026-01-16 07:01:00,2026-01-16 07:16:00
ORD_00749,7,INS_M3,2026-01-16 07:59:00,2026-01-16 08:11:00
ORD_00359,1,MIX_M4,2026-01-08 02:31:00,2026-01-08 02:55:00
ORD_00359,2,CAL_M3,2026-01-08 04:49:00,2026-01-08 05:28:00
ORD_00359,3,EXT_M4,2026-01-08 09:42:00,2026-01-08 10:13:00
ORD_00359,4,EXT_M5,2026-01-08 10:48:00,2026-01-08 11:16:00
ORD_00359,5,BLD_M2,2026-01-08 11:49:00,2026-01-08 12:35:00
ORD_00359,6,CUR_M4,2026-01-08 12:52:00,2026-01-08 14:10:00
ORD_00359,7,FIN_M2,2026-01-08 14:22:00,2026-01-08 14:40:00
ORD_00359,8,INS_M1,2026-01-08 14:48:00,2026-01-08 15:18:00
ORD_00578,1,MIX_M2,2026-01-17 03:22:00,2026-01-17 03:52:00
ORD_00578,2,CAL_M1,2026-01-17 04:08:00,2026-01-17 04:47:00
ORD_00578,3,EXT_M5,2026-01-17 05:45:00,2026-01-17 06:23:00
ORD_00578,4,EXT_M3,2026-01-17 06:49:00,2026-01-17 07:08:00
ORD_00578,5,BLD_M1,2026-01-17 07:45:00,2026-01-17 08:16:00
ORD_00578,6,CUR_M6,2026-01-17 08:42:00,2026-01-17 10:03:00
ORD_00578,7,FIN_M2,2026-01-17 10:10:00,2026-01-17 10:34:00
ORD_00578,8,INS_M3,2026-01-17 12:13:00,2026-01-17 12:38:00
ORD_00151,1,MIX_M4,2026-01-19 00:39:00,2026-01-19 01:00:00
ORD_00151,2,CAL_M1,2026-01-19 01:07:00,2026-01-19 01:44:00
ORD_00151,3,EXT_M5,2026-01-19 02:39:00,2026-01-19 03:21:00
ORD_00151,4,BLD_M1,2026-01-19 03:42:00,2026-01-19 04:11:00
ORD_00151,5,CUR_M2,2026-01-19 04:44:00,2026-01-19 06:12:00
ORD_00151,6,FIN_M2,2026-01-19 06:46:00,2026-01-19 07:04:00
ORD_00151,7,INS_M2,2026-01-19 07:45:00,2026-01-19 08:11:00
ORD_00707,1,MIX_M2,2026-01-17 03:52:00,2026-01-17 04:08:00
ORD_00707,2,CAL_M2,2026-01-17 05:03:00,2026-01-17 05:18:00
ORD_00707,3,EXT_M1,2026-01-17 05:52:00,2026-01-17 06:14:00
ORD_00707,4,BLD_M4,2026-01-17 06:22:00,2026-01-17 07:01:00
ORD_00707,5,CUR_M2,2026-01-17 07:42:00,2026-01-17 08:51:00
ORD_00707,6,FIN_M4,2026-01-17 09:34:00,2026-01-17 10:04:00
ORD_00707,7,INS_M3,2026-01-17 10:53:00,2026-01-17 11:09:00
ORD_00661,1,MIX_M2,2026-01-15 02:17:00,2026-01-15 02:46:00
ORD_00661,2,CAL_M3,2026-01-15 04:56:00,2026-01-15 05:33:00
ORD_00661,3,EXT_M4,2026-01-15 05:45:00,2026-01-15 06:06:00
ORD_00661,4,BLD_M1,2026-01-15 06:32:00,2026-01-15 06:56:00
ORD_00661,5,CUR_M2,2026-01-15 09:33:00,2026-01-15 10:41:00
ORD_00661,6,FIN_M2,2026-01-15 11:31:00,2026-01-15 11:55:00
ORD_00661,7,INS_M1,2026-01-15 12:33:00,2026-01-15 12:53:00
ORD_00961,1,MIX_M4,2026-01-19 00:20:00,2026-01-19 00:36:00
ORD_00961,2,CAL_M2,2026-01-19 00:43:00,2026-01-19 01:25:00
ORD_00961,3,EXT_M1,2026-01-19 02:03:00,2026-01-19 02:26:00
ORD_00961,4,EXT_M4,2026-01-19 02:47:00,2026-01-19 03:12:00
ORD_00961,5,BLD_M5,2026-01-19 03:47:00,2026-01-19 04:15:00
ORD_00961,6,CUR_M1,2026-01-19 04:59:00,2026-01-19 05:57:00
ORD_00961,7,FIN_M3,2026-01-19 06:35:00,2026-01-19 07:03:00
ORD_00961,8,INS_M3,2026-01-19 07:59:00,2026-01-19 08:24:00
ORD_00943,1,MIX_M4,2026-01-13 03:35:00,2026-01-13 04:01:00
ORD_00943,2,CAL_M1,2026-01-13 06:35:00,2026-01-13 07:02:00
ORD_00943,3,EXT_M3,2026-01-13 08:16:00,2026-01-13 08:54:00
ORD_00943,4,BLD_M3,2026-01-13 09:05:00,2026-01-13 09:32:00
ORD_00943,5,CUR_M6,2026-01-13 12:31:00,2026-01-13 14:00:00
ORD_00943,6,FIN_M2,2026-01-13 14:44:00,2026-01-13 14:56:00
ORD_00943,7,INS_M3,2026-01-13 17:59:00,2026-01-13 18:29:00
ORD_00775,1,MIX_M4,2026-01-17 00:46:00,2026-01-17 01:10:00
ORD_00775,2,CAL_M3,2026-01-17 01:21:00,2026-01-17 02:01:00
ORD_00775,3,EXT_M3,2026-01-17 03:20:00,2026-01-17 03:53:00
ORD_00775,4,BLD_M1,2026-01-17 05:48:00,2026-01-17 06:19:00
ORD_00775,5,CUR_M2,2026-01-17 08:51:00,2026-01-17 09:50:00
ORD_00775,6,FIN_M4,2026-01-17 10:04:00,2026-01-17 10:28:00
ORD_00775,7,INS_M1,2026-01-17 11:27:00,2026-01-17 11:38:00
ORD_00382,1,MIX_M1,2026-01-15 03:26:00,2026-01-15 03:46:00
ORD_00382,2,CAL_M2,2026-01-15 04:00:00,2026-01-15 04:34:00
ORD_00382,3,EXT_M4,2026-01-15 05:02:00,2026-01-15 05:21:00
ORD_00382,4,EXT_M2,2026-01-15 06:31:00,2026-01-15 06:51:00
ORD_00382,5,BLD_M6,2026-01-15 07:17:00,2026-01-15 08:01:00
ORD_00382,6,CUR_M3,2026-01-15 11:14:00,2026-01-15 12:40:00
ORD_00382,7,FIN_M4,2026-01-15 12:57:00,2026-01-15 13:08:00
ORD_00382,8,INS_M2,2026-01-15 13:31:00,2026-01-15 13:52:00
ORD_00232,1,MIX_M1,2026-01-17 00:30:00,2026-01-17 00:47:00
ORD_00232,2,CAL_M4,2026-01-17 01:48:00,2026-01-17 02:17:00
ORD_00232,3,CAL_M2,2026-01-17 02:25:00,2026-01-17 02:51:00
ORD_00232,4,EXT_M3,2026-01-17 03:53:00,2026-01-17 04:37:00
ORD_00232,5,EXT_M3,2026-01-17 04:37:00,2026-01-17 05:04:00
ORD_00232,6,BLD_M4,2026-01-17 05:23:00,2026-01-17 06:07:00
ORD_00232,7,CUR_M6,2026-01-17 06:24:00,2026-01-17 07:47:00
ORD_00232,8,CUR_M1,2026-01-17 10:40:00,2026-01-17 12:10:00
ORD_00232,9,FIN_M3,2026-01-17 12:35:00,2026-01-17 12:47:00
ORD_00232,10,INS_M2,2026-01-17 12:57:00,2026-01-17 13:10:00
ORD_00514,1,MIX_M1,2026-01-17 00:53:00,2026-01-17 01:04:00
ORD_00514,2,CAL_M2,2026-01-17 01:53:00,2026-01-17 02:22:00
ORD_00514,3,EXT_M4,2026-01-17 02:34:00,2026-01-17 03:04:00
ORD_00514,4,BLD_M4,2026-01-17 03:59:00,2026-01-17 04:25:00
ORD_00514,5,CUR_M6,2026-01-17 10:03:00,2026-01-17 11:21:00
ORD_00514,6,FIN_M2,2026-01-17 11:47:00,2026-01-17 12:07:00
ORD_00514,7,INS_M3,2026-01-17 13:00:00,2026-01-17 13:20:00
ORD_00248,1,MIX_M1,2026-01-17 01:04:00,2026-01-17 01:34:00
ORD_00248,2,CAL_M1,2026-01-17 02:13:00,2026-01-17 02:35:00
ORD_00248,3,EXT_M1,2026-01-17 03:32:00,2026-01-17 04:15:00
ORD_00248,4,BLD_M1,2026-01-17 06:19:00,2026-01-17 07:06:00
ORD_00248,5,CUR_M6,2026-01-17 07:53:00,2026-01-17 08:37:00
ORD_00248,6,FIN_M2,2026-01-17 09:03:00,2026-01-17 09:21:00
ORD_00248,7,INS_M3,2026-01-17 10:06:00,2026-01-17 10:31:00
ORD_00398,1,MIX_M1,2026-01-17 01:34:00,2026-01-17 01:56:00
ORD_00398,2,CAL_M1,2026-01-17 04:47:00,2026-01-17 05:29:00
ORD_00398,3,EXT_M4,2026-01-17 06:30:00,2026-01-17 06:52:00
ORD_00398,4,EXT_M2,2026-01-17 07:11:00,2026-01-17 07:52:00
ORD_00398,5,BLD_M4,2026-01-17 08:29:00,2026-01-17 09:00:00
ORD_00398,6,CUR_M5,2026-01-17 09:15:00,2026-01-17 10:45:00
ORD_00398,7,FIN_M2,2026-01-17 12:07:00,2026-01-17 12:24:00
ORD_00398,8,INS_M1,2026-01-17 12:35:00,2026-01-17 12:51:00
ORD_00130,1,MIX_M4,2026-01-16 00:53:00,2026-01-16 01:12:00
ORD_00130,2,CAL_M3,2026-01-16 02:55:00,2026-01-16 03:33:00
ORD_00130,3,EXT_M5,2026-01-16 04:11:00,2026-01-16 04:53:00
ORD_00130,4,EXT_M2,2026-01-16 04:58:00,2026-01-16 05:23:00
ORD_00130,5,BLD_M1,2026-01-16 05:47:00,2026-01-16 06:25:00
ORD_00130,6,CUR_M3,2026-01-16 07:44:00,2026-01-16 08:46:00
ORD_00130,7,FIN_M3,2026-01-16 09:03:00,2026-01-16 09:33:00
ORD_00130,8,INS_M3,2026-01-16 09:43:00,2026-01-16 10:05:00
ORD_00189,1,MIX_M2,2026-01-14 02:05:00,2026-01-14 02:30:00
ORD_00189,2,CAL_M1,2026-01-14 04:28:00,2026-01-14 05:02:00
ORD_00189,3,EXT_M5,2026-01-14 05:48:00,2026-01-14 06:13:00
ORD_00189,4,BLD_M5,2026-01-14 07:13:00,2026-01-14 07:40:00
ORD_00189,5,CUR_M2,2026-01-14 10:37:00,2026-01-14 11:57:00
ORD_00189,6,FIN_M4,2026-01-14 12:56:00,2026-01-14 13:15:00
ORD_00189,7,INS_M3,2026-01-14 14:11:00,2026-01-14 14:34:00
ORD_00859,1,MIX_M4,2026-01-08 02:55:00,2026-01-08 03:19:00
ORD_00859,2,CAL_M3,2026-01-08 06:03:00,2026-01-08 06:42:00
ORD_00859,3,EXT_M4,2026-01-08 10:13:00,2026-01-08 10:44:00
ORD_00859,4,EXT_M5,2026-01-08 11:16:00,2026-01-08 11:44:00
ORD_00859,5,BLD_M2,2026-01-08 12:35:00,2026-01-08 13:21:00
ORD_00859,6,CUR_M4,2026-01-08 14:10:00,2026-01-08 15:28:00
ORD_00859,7,FIN_M2,2026-01-08 15:36:00,2026-01-08 15:54:00
ORD_00859,8,INS_M1,2026-01-08 16:16:00,2026-01-08 16:46:00
ORD_00844,1,MIX_M4,2026-01-18 00:36:00,2026-01-18 00:48:00
ORD_00844,2,CAL_M2,2026-01-18 01:45:00,2026-01-18 02:29:00
ORD_00844,3,EXT_M3,2026-01-18 03:26:00,2026-01-18 04:06:00
ORD_00844,4,BLD_M6,2026-01-18 04:46:00,2026-01-18 05:24:00
ORD_00844,5,CUR_M4,2026-01-18 05:57:00,2026-01-18 07:04:00
ORD_00844,6,FIN_M1,2026-01-18 07:12:00,2026-01-18 07:39:00
ORD_00844,7,INS_M1,2026-01-18 08:36:00,2026-01-18 09:06:00
ORD_00833,1,MIX_M4,2026-01-15 00:00:00,2026-01-15 00:12:00
ORD_00833,2,CAL_M2,2026-01-15 00:12:00,2026-01-15 00:56:00
ORD_00833,3,EXT_M3,2026-01-15 00:56:00,2026-01-15 01:36:00
ORD_00833,4,BLD_M6,2026-01-15 01:36:00,2026-01-15 02:14:00
ORD_00833,5,CUR_M4,2026-01-15 02:14:00,2026-01-15 03:21:00
ORD_00833,6,FIN_M1,2026-01-15 03:21:00,2026-01-15 03:48:00
ORD_00833,7,INS_M1,2026-01-15 03:48:00,2026-01-15 04:18:00
ORD_00596,1,MIX_M2,2026-01-15 02:46:00,2026-01-15 03:10:00
ORD_00596,2,CAL_M3,2026-01-15 05:33:00,2026-01-15 06:07:00
ORD_00596,3,EXT_M5,2026-01-15 06:44:00,2026-01-15 06:59:00
ORD_00596,4,BLD_M6,2026-01-15 08:49:00,2026-01-15 09:35:00
ORD_00596,5,CUR_M5,2026-01-15 10:25:00,2026-01-15 11:47:00
ORD_00596,6,FIN_M1,2026-01-15 12:20:00,2026-01-15 12:34:00
ORD_00596,7,INS_M2,2026-01-15 13:11:00,2026-01-15 13:24:00
ORD_00886,1,MIX_M2,2026-01-19 00:43:00,2026-01-19 01:12:00
ORD_00886,2,CAL_M1,2026-01-19 01:44:00,2026-01-19 02:08:00
ORD_00886,3,EXT_M5,2026-01-19 03:21:00,2026-01-19 03:48:00
ORD_00886,4,EXT_M3,2026-01-19 03:57:00,2026-01-19 04:38:00
ORD_00886,5,BLD_M2,2026-01-19 05:18:00,2026-01-19 05:59:00
ORD_00886,6,CUR_M2,2026-01-19 06:27:00,2026-01-19 07:48:00
ORD_00886,7,FIN_M4,2026-01-19 08:08:00,2026-01-19 08:34:00
ORD_00886,8,INS_M2,2026-01-19 08:56:00,2026-01-19 09:06:00
ORD_00103,1,MIX_M2,2026-01-16 00:58:00,2026-01-16 01:27:00
ORD_00103,2,CAL_M3,2026-01-16 01:51:00,2026-01-16 02:28:00
ORD_00103,3,EXT_M4,2026-01-16 02:53:00,2026-01-16 03:14:00
ORD_00103,4,BLD_M1,2026-01-16 04:18:00,2026-01-16 04:42:00
ORD_00103,5,CUR_M2,2026-01-16 06:19:00,2026-01-16 07:27:00
ORD_00103,6,FIN_M2,2026-01-16 08:15:00,2026-01-16 08:39:00
ORD_00103,7,INS_M1,2026-01-16 09:01:00,2026-01-16 09:21:00
ORD_00909,1,MIX_M1,2026-01-07 02:42:00,2026-01-07 02:57:00
ORD_00909,2,CAL_M4,2026-01-07 04:03:00,2026-01-07 04:32:00
ORD_00909,3,EXT_M5,2026-01-07 06:43:00,2026-01-07 07:22:00
ORD_00909,4,BLD_M5,2026-01-07 08:22:00,2026-01-07 08:56:00
ORD_00909,5,CUR_M6,2026-01-07 10:13:00,2026-01-07 11:33:00
ORD_00909,6,FIN_M3,2026-01-07 12:04:00,2026-01-07 12:18:00
ORD_00909,7,INS_M2,2026-01-07 12:53:00,2026-01-07 13:05:00
ORD_00899,1,MIX_M1,2026-01-14 02:21:00,2026-01-14 02:35:00
ORD_00899,2,CAL_M1,2026-01-14 05:02:00,2026-01-14 05:47:00
ORD_00899,3,EXT_M1,2026-01-14 06:30:00,2026-01-14 06:54:00
ORD_00899,4,EXT_M4,2026-01-14 07:26:00,2026-01-14 07:44:00
ORD_00899,5,BLD_M1,2026-01-14 08:11:00,2026-01-14 08:38:00
ORD_00899,6,CUR_M3,2026-01-14 10:45:00,2026-01-14 11:49:00
ORD_00899,7,FIN_M4,2026-01-14 12:21:00,2026-01-14 12:42:00
ORD_00899,8,INS_M3,2026-01-14 13:32:00,2026-01-14 13:59:00
ORD_00633,1,MIX_M1,2026-01-14 02:35:00,2026-01-14 02:46:00
ORD_00633,2,CAL_M2,2026-01-14 03:35:00,2026-01-14 04:04:00
ORD_00633,3,EXT_M4,2026-01-14 06:20:00,2026-01-14 06:50:00
ORD_00633,4,BLD_M4,2026-01-14 07:29:00,2026-01-14 07:55:00
ORD_00633,5,CUR_M6,2026-01-14 11:20:00,2026-01-14 12:38:00
ORD_00633,6,FIN_M2,2026-01-14 13:07:00,2026-01-14 13:27:00
ORD_00633,7,INS_M3,2026-01-14 14:34:00,2026-01-14 14:54:00
ORD_00617,1,MIX_M3,2026-01-19 00:32:00,2026-01-19 00:46:00
ORD_00617,2,CAL_M1,2026-01-19 02:08:00,2026-01-19 02:31:00
ORD_00617,3,EXT_M2,2026-01-19 02:43:00,2026-01-19 03:02:00
ORD_00617,4,BLD_M5,2026-01-19 04:15:00,2026-01-19 04:43:00
ORD_00617,5,CUR_M3,2026-01-19 04:48:00,2026-01-19 05:35:00
ORD_00617,6,FIN_M1,2026-01-19 05:57:00,2026-01-19 06:11:00
ORD_00617,7,INS_M1,2026-01-19 07:08:00,2026-01-19 07:29:00
ORD_00311,1,MIX_M1,2026-01-14 02:46:00,2026-01-14 03:02:00
ORD_00311,2,CAL_M4,2026-01-14 03:48:00,2026-01-14 04:15:00
ORD_00311,3,EXT_M5,2026-01-14 06:13:00,2026-01-14 06:58:00
ORD_00311,4,BLD_M6,2026-01-14 07:34:00,2026-01-14 07:54:00
ORD_00311,5,CUR_M7,2026-01-14 07:54:00,2026-01-14 09:04:00
ORD_00311,6,FIN_M1,2026-01-14 09:29:00,2026-01-14 09:50:00
ORD_00311,7,INS_M2,2026-01-14 10:14:00,2026-01-14 10:36:00
ORD_00019,1,MIX_M2,2026-01-14 02:30:00,2026-01-14 02:46:00
ORD_00019,2,CAL_M4,2026-01-14 04:15:00,2026-01-14 04:38:00
ORD_00019,3,CAL_M3,2026-01-14 05:09:00,2026-01-14 05:27:00
ORD_00019,4,EXT_M2,2026-01-14 05:44:00,2026-01-14 06:08:00
ORD_00019,5,EXT_M2,2026-01-14 06:08:00,2026-01-14 06:34:00
ORD_00019,6,BLD_M2,2026-01-14 06:58:00,2026-01-14 07:27:00
ORD_00019,7,CUR_M1,2026-01-14 09:46:00,2026-01-14 11:11:00
ORD_00019,8,CUR_M3,2026-01-14 12:00:00,2026-01-14 12:57:00
ORD_00019,9,FIN_M1,2026-01-14 13:40:00,2026-01-14 13:51:00
ORD_00019,10,INS_M3,2026-01-14 14:54:00,2026-01-14 15:13:00
ORD_00913,1,MIX_M2,2026-01-20 00:20:00,2026-01-20 00:49:00
ORD_00913,2,CAL_M3,2026-01-20 01:22:00,2026-01-20 02:03:00
ORD_00913,3,EXT_M5,2026-01-20 02:13:00,2026-01-20 02:29:00
ORD_00913,4,BLD_M1,2026-01-20 02:57:00,2026-01-20 03:19:00
ORD_00913,5,CUR_M1,2026-01-20 03:33:00,2026-01-20 04:54:00
ORD_00913,6,FIN_M3,2026-01-20 05:45:00,2026-01-20 06:15:00
ORD_00913,7,INS_M1,2026-01-20 06:39:00,2026-01-20 07:07:00
ORD_00650,1,MIX_M2,2026-01-16 01:27:00,2026-01-16 01:41:00
ORD_00650,2,CAL_M1,2026-01-16 02:40:00,2026-01-16 02:56:00
ORD_00650,3,EXT_M3,2026-01-16 03:11:00,2026-01-16 03:56:00
ORD_00650,4,BLD_M4,2026-01-16 05:23:00,2026-01-16 06:10:00
ORD_00650,5,CUR_M7,2026-01-16 07:00:00,2026-01-16 07:55:00
ORD_00650,6,FIN_M2,2026-01-16 08:39:00,2026-01-16 08:59:00
ORD_00650,7,INS_M3,2026-01-16 10:05:00,2026-01-16 10:25:00
ORD_00595,1,MIX_M2,2026-01-19 01:12:00,2026-01-19 01:30:00
ORD_00595,2,CAL_M4,2026-01-19 02:21:00,2026-01-19 03:06:00
ORD_00595,3,EXT_M2,2026-01-19 03:40:00,2026-01-19 04:24:00
ORD_00595,4,EXT_M5,2026-01-19 05:18:00,2026-01-19 05:57:00
ORD_00595,5,BLD_M6,2026-01-19 06:51:00,2026-01-19 07:33:00
ORD_00595,6,CUR_M4,2026-01-19 08:17:00,2026-01-19 09:42:00
ORD_00595,7,FIN_M3,2026-01-19 09:50:00,2026-01-19 10:12:00
ORD_00595,8,INS_M3,2026-01-19 11:05:00,2026-01-19 11:35:00
ORD_00880,1,MIX_M4,2026-01-18 00:48:00,2026-01-18 01:07:00
ORD_00880,2,CAL_M3,2026-01-18 02:06:00,2026-01-18 02:44:00
ORD_00880,3,EXT_M5,2026-01-18 03:32:00,2026-01-18 04:14:00
ORD_00880,4,EXT_M2,2026-01-18 05:03:00,2026-01-18 05:28:00
ORD_00880,5,BLD_M1,2026-01-18 06:25:00,2026-01-18 07:03:00
ORD_00880,6,CUR_M3,2026-01-18 07:59:00,2026-01-18 09:01:00
ORD_00880,7,FIN_M3,2026-01-18 09:17:00,2026-01-18 09:47:00
ORD_00880,8,INS_M3,2026-01-18 10:37:00,2026-01-18 10:59:00
ORD_00023,1,MIX_M3,2026-01-19 00:46:00,2026-01-19 01:10:00
ORD_00023,2,CAL_M4,2026-01-19 01:39:00,2026-01-19 02:08:00
ORD_00023,3,EXT_M2,2026-01-19 03:02:00,2026-01-19 03:33:00
ORD_00023,4,EXT_M4,2026-01-19 03:42:00,2026-01-19 04:22:00
ORD_00023,5,BLD_M6,2026-01-19 04:33:00,2026-01-19 04:58:00
ORD_00023,6,CUR_M2,2026-01-19 07:48:00,2026-01-19 08:46:00
ORD_00023,7,FIN_M3,2026-01-19 08:57:00,2026-01-19 09:09:00
ORD_00023,8,INS_M1,2026-01-19 09:38:00,2026-01-19 09:57:00
ORD_00239,1,MIX_M1,2026-01-17 01:56:00,2026-01-17 02:22:00
ORD_00239,2,CAL_M2,2026-01-17 02:51:00,2026-01-17 03:34:00
ORD_00239,3,EXT_M3,2026-01-17 05:04:00,2026-01-17 05:30:00
ORD_00239,4,EXT_M2,2026-01-17 06:11:00,2026-01-17 06:33:00
ORD_00239,5,BLD_M1,2026-01-17 08:16:00,2026-01-17 08:40:00
ORD_00239,6,CUR_M5,2026-01-17 10:45:00,2026-01-17 11:37:00
ORD_00239,7,FIN_M2,2026-01-17 12:24:00,2026-01-17 12:53:00
ORD_00239,8,INS_M1,2026-01-17 13:00:00,2026-01-17 13:30:00
ORD_00728,1,MIX_M4,2026-01-10 02:00:00,2026-01-10 02:21:00
ORD_00728,2,CAL_M1,2026-01-10 04:07:00,2026-01-10 04:44:00
ORD_00728,3,EXT_M5,2026-01-10 08:29:00,2026-01-10 09:11:00
ORD_00728,4,BLD_M1,2026-01-10 09:23:00,2026-01-10 09:52:00
ORD_00728,5,CUR_M2,2026-01-10 10:31:00,2026-01-10 11:59:00
ORD_00728,6,FIN_M2,2026-01-10 12:57:00,2026-01-10 13:15:00
ORD_00728,7,INS_M2,2026-01-10 13:56:00,2026-01-10 14:22:00
ORD_00485,1,MIX_M2,2026-01-16 01:41:00,2026-01-16 02:06:00
ORD_00485,2,CAL_M2,2026-01-16 02:47:00,2026-01-16 03:09:00
ORD_00485,3,EXT_M4,2026-01-16 03:16:00,2026-01-16 03:51:00
ORD_00485,4,BLD_M3,2026-01-16 03:57:00,2026-01-16 04:31:00
ORD_00485,5,CUR_M5,2026-01-16 04:56:00,2026-01-16 06:18:00
ORD_00485,6,FIN_M1,2026-01-16 06:25:00,2026-01-16 06:49:00
ORD_00485,7,INS_M2,2026-01-16 08:34:00,2026-01-16 09:01:00
ORD_00724,1,MIX_M4,2026-01-08 03:19:00,2026-01-08 03:31:00
ORD_00724,2,CAL_M2,2026-01-08 05:47:00,2026-01-08 06:18:00
ORD_00724,3,CAL_M3,2026-01-08 06:53:00,2026-01-08 07:20:00
ORD_00724,4,EXT_M3,2026-01-08 08:14:00,2026-01-08 08:49:00
ORD_00724,5,EXT_M3,2026-01-08 10:05:00,2026-01-08 10:27:00
ORD_00724,6,BLD_M1,2026-01-08 11:17:00,2026-01-08 11:37:00
ORD_00724,7,CUR_M3,2026-01-08 13:18:00,2026-01-08 14:29:00
ORD_00724,8,CUR_M7,2026-01-08 14:42:00,2026-01-08 15:57:00
ORD_00724,9,FIN_M1,2026-01-08 16:03:00,2026-01-08 16:21:00
ORD_00724,10,INS_M2,2026-01-08 17:18:00,2026-01-08 17:42:00
ORD_00375,1,MIX_M1,2026-01-21 00:07:00,2026-01-21 00:24:00
ORD_00375,2,CAL_M4,2026-01-21 00:34:00,2026-01-21 01:03:00
ORD_00375,3,CAL_M2,2026-01-21 01:30:00,2026-01-21 01:56:00
ORD_00375,4,EXT_M3,2026-01-21 02:29:00,2026-01-21 03:13:00
ORD_00375,5,EXT_M3,2026-01-21 03:13:00,2026-01-21 03:40:00
ORD_00375,6,BLD_M4,2026-01-21 04:06:00,2026-01-21 04:50:00
ORD_00375,7,CUR_M6,2026-01-21 05:17:00,2026-01-21 06:40:00
ORD_00375,8,CUR_M1,2026-01-21 07:13:00,2026-01-21 08:43:00
ORD_00375,9,FIN_M3,2026-01-21 09:15:00,2026-01-21 09:27:00
ORD_00375,10,INS_M2,2026-01-21 09:52:00,2026-01-21 10:05:00
ORD_00006,1,MIX_M4,2026-01-18 01:07:00,2026-01-18 01:33:00
ORD_00006,2,CAL_M1,2026-01-18 02:37:00,2026-01-18 03:04:00
ORD_00006,3,EXT_M3,2026-01-18 04:06:00,2026-01-18 04:44:00
ORD_00006,4,BLD_M3,2026-01-18 05:29:00,2026-01-18 05:56:00
ORD_00006,5,CUR_M6,2026-01-18 06:40:00,2026-01-18 08:09:00
ORD_00006,6,FIN_M2,2026-01-18 08:35:00,2026-01-18 08:47:00
ORD_00006,7,INS_M3,2026-01-18 09:38:00,2026-01-18 10:08:00
ORD_00716,1,MIX_M2,2026-01-18 01:19:00,2026-01-18 01:48:00
ORD_00716,2,CAL_M3,2026-01-18 02:44:00,2026-01-18 03:21:00
ORD_00716,3,EXT_M4,2026-01-18 04:18:00,2026-01-18 04:39:00
ORD_00716,4,BLD_M1,2026-01-18 04:56:00,2026-01-18 05:20:00
ORD_00716,5,CUR_M2,2026-01-18 05:44:00,2026-01-18 06:52:00
ORD_00716,6,FIN_M2,2026-01-18 07:23:00,2026-01-18 07:47:00
ORD_00716,7,INS_M1,2026-01-18 08:12:00,2026-01-18 08:32:00
ORD_00370,1,MIX_M3,2026-01-17 00:50:00,2026-01-17 01:08:00
ORD_00370,2,CAL_M2,2026-01-17 03:34:00,2026-01-17 04:10:00
ORD_00370,3,EXT_M3,2026-01-17 05:30:00,2026-01-17 05:52:00
ORD_00370,4,BLD_M3,2026-01-17 06:33:00,2026-01-17 07:05:00
ORD_00370,5,CUR_M3,2026-01-17 08:02:00,2026-01-17 09:24:00
ORD_00370,6,FIN_M3,2026-01-17 10:47:00,2026-01-17 11:11:00
ORD_00370,7,INS_M2,2026-01-17 11:33:00,2026-01-17 11:45:00
ORD_00020,1,MIX_M4,2026-01-16 01:12:00,2026-01-16 01:37:00
ORD_00020,2,CAL_M4,2026-01-16 02:29:00,2026-01-16 02:51:00
ORD_00020,3,EXT_M2,2026-01-16 05:23:00,2026-01-16 05:58:00
ORD_00020,4,BLD_M6,2026-01-16 06:19:00,2026-01-16 06:39:00
ORD_00020,5,CUR_M2,2026-01-16 07:27:00,2026-01-16 08:56:00
ORD_00020,6,FIN_M4,2026-01-16 09:22:00,2026-01-16 09:39:00
ORD_00020,7,INS_M1,2026-01-16 10:30:00,2026-01-16 10:56:00
ORD_00427,1,MIX_M1,2026-01-18 01:10:00,2026-01-18 01:30:00
ORD_00427,2,CAL_M2,2026-01-18 02:29:00,2026-01-18 03:03:00
ORD_00427,3,EXT_M4,2026-01-18 03:42:00,2026-01-18 04:01:00
ORD_00427,4,EXT_M2,2026-01-18 04:30:00,2026-01-18 04:50:00
ORD_00427,5,BLD_M6,2026-01-18 05:24:00,2026-01-18 06:08:00
ORD_00427,6,CUR_M3,2026-01-18 09:01:00,2026-01-18 10:27:00
ORD_00427,7,FIN_M4,2026-01-18 11:10:00,2026-01-18 11:21:00
ORD_00427,8,INS_M2,2026-01-18 11:34:00,2026-01-18 11:55:00
ORD_00970,1,MIX_M4,2026-01-11 02:29:00,2026-01-11 02:56:00
ORD_00970,2,CAL_M2,2026-01-11 05:18:00,2026-01-11 05:48:00
ORD_00970,3,CAL_M2,2026-01-11 05:48:00,2026-01-11 06:11:00
ORD_00970,4,EXT_M4,2026-01-11 07:01:00,2026-01-11 07:31:00
ORD_00970,5,EXT_M1,2026-01-11 08:19:00,2026-01-11 08:46:00
ORD_00970,6,BLD_M3,2026-01-11 08:53:00,2026-01-11 09:34:00
ORD_00970,7,CUR_M7,2026-01-11 14:01:00,2026-01-11 15:27:00
ORD_00970,8,CUR_M3,2026-01-11 16:17:00,2026-01-11 17:26:00
ORD_00970,9,FIN_M2,2026-01-11 18:20:00,2026-01-11 18:49:00
ORD_00970,10,INS_M3,2026-01-11 19:09:00,2026-01-11 19:19:00
ORD_00905,1,MIX_M3,2026-01-19 00:05:00,2026-01-19 00:16:00
ORD_00905,2,CAL_M4,2026-01-19 01:08:00,2026-01-19 01:23:00
ORD_00905,3,CAL_M2,2026-01-19 02:03:00,2026-01-19 02:29:00
ORD_00905,4,EXT_M4,2026-01-19 03:12:00,2026-01-19 03:29:00
ORD_00905,5,EXT_M3,2026-01-19 04:38:00,2026-01-19 05:12:00
ORD_00905,6,BLD_M3,2026-01-19 06:08:00,2026-01-19 06:49:00
ORD_00905,7,CUR_M2,2026-01-19 08:46:00,2026-01-19 10:12:00
ORD_00905,8,CUR_M5,2026-01-19 10:48:00,2026-01-19 12:00:00
ORD_00905,9,FIN_M3,2026-01-19 12:20:00,2026-01-19 12:43:00
ORD_00905,10,INS_M2,2026-01-19 13:19:00,2026-01-19 13:41:00
ORD_00439,1,MIX_M4,2026-01-20 00:19:00,2026-01-20 00:40:00
ORD_00439,2,CAL_M1,2026-01-20 01:31:00,2026-01-20 02:08:00
ORD_00439,3,EXT_M5,2026-01-20 02:29:00,2026-01-20 03:11:00
ORD_00439,4,BLD_M1,2026-01-20 04:23:00,2026-01-20 04:52:00
ORD_00439,5,CUR_M2,2026-01-20 05:10:00,2026-01-20 06:38:00
ORD_00439,6,FIN_M2,2026-01-20 06:47:00,2026-01-20 07:05:00
ORD_00439,7,INS_M2,2026-01-20 07:53:00,2026-01-20 08:19:00
ORD_00262,1,MIX_M1,2026-01-19 00:24:00,2026-01-19 00:48:00
ORD_00262,2,CAL_M1,2026-01-19 02:31:00,2026-01-19 02:50:00
ORD_00262,3,EXT_M2,2026-01-19 04:24:00,2026-01-19 05:06:00
ORD_00262,4,BLD_M6,2026-01-19 05:49:00,2026-01-19 06:32:00
ORD_00262,5,CUR_M7,2026-01-19 07:11:00,2026-01-19 08:26:00
ORD_00262,6,FIN_M3,2026-01-19 09:09:00,2026-01-19 09:21:00
ORD_00262,7,INS_M2,2026-01-19 09:26:00,2026-01-19 09:36:00
ORD_00229,1,MIX_M2,2026-01-16 02:06:00,2026-01-16 02:20:00
ORD_00229,2,CAL_M2,2026-01-16 03:09:00,2026-01-16 03:36:00
ORD_00229,3,EXT_M2,2026-01-16 05:58:00,2026-01-16 06:35:00
ORD_00229,4,BLD_M2,2026-01-16 06:44:00,2026-01-16 07:06:00
ORD_00229,5,CUR_M7,2026-01-16 07:55:00,2026-01-16 09:01:00
ORD_00229,6,FIN_M3,2026-01-16 09:50:00,2026-01-16 10:17:00
ORD_00229,7,INS_M2,2026-01-16 11:04:00,2026-01-16 11:27:00
ORD_00796,1,MIX_M1,2026-01-20 00:53:00,2026-01-20 01:07:00
ORD_00796,2,CAL_M1,2026-01-20 02:08:00,2026-01-20 02:30:00
ORD_00796,3,EXT_M3,2026-01-20 02:45:00,2026-01-20 03:11:00
ORD_00796,4,BLD_M4,2026-01-20 04:01:00,2026-01-20 04:51:00
ORD_00796,5,CUR_M1,2026-01-20 05:25:00,2026-01-20 06:43:00
ORD_00796,6,FIN_M2,2026-01-20 07:05:00,2026-01-20 07:29:00
ORD_00796,7,INS_M2,2026-01-20 08:19:00,2026-01-20 08:40:00
ORD_00582,1,MIX_M2,2026-01-20 00:49:00,2026-01-20 01:03:00
ORD_00582,2,CAL_M1,2026-01-20 02:30:00,2026-01-20 02:46:00
ORD_00582,3,EXT_M3,2026-01-20 03:44:00,2026-01-20 04:29:00
ORD_00582,4,BLD_M4,2026-01-20 04:51:00,2026-01-20 05:38:00
ORD_00582,5,CUR_M7,2026-01-20 06:19:00,2026-01-20 07:14:00
ORD_00582,6,FIN_M2,2026-01-20 07:57:00,2026-01-20 08:17:00
ORD_00582,7,INS_M3,2026-01-20 08:41:00,2026-01-20 09:01:00
ORD_00182,1,MIX_M1,2026-01-08 00:06:00,2026-01-08 00:17:00
ORD_00182,2,CAL_M3,2026-01-08 07:20:00,2026-01-08 07:42:00
ORD_00182,3,EXT_M2,2026-01-08 08:23:00,2026-01-08 09:03:00
ORD_00182,4,BLD_M5,2026-01-08 09:45:00,2026-01-08 10:11:00
ORD_00182,5,CUR_M2,2026-01-08 11:47:00,2026-01-08 13:15:00
ORD_00182,6,FIN_M2,2026-01-08 14:40:00,2026-01-08 15:08:00
ORD_00182,7,INS_M1,2026-01-08 15:18:00,2026-01-08 15:35:00
ORD_00506,1,MIX_M4,2026-01-14 02:28:00,2026-01-14 02:55:00
ORD_00506,2,CAL_M2,2026-01-14 04:04:00,2026-01-14 04:34:00
ORD_00506,3,CAL_M2,2026-01-14 04:34:00,2026-01-14 04:57:00
ORD_00506,4,EXT_M4,2026-01-14 06:50:00,2026-01-14 07:20:00
ORD_00506,5,EXT_M1,2026-01-14 07:20:00,2026-01-14 07:47:00
ORD_00506,6,BLD_M3,2026-01-14 08:34:00,2026-01-14 09:15:00
ORD_00506,7,CUR_M7,2026-01-14 09:25:00,2026-01-14 10:51:00
ORD_00506,8,CUR_M3,2026-01-14 12:57:00,2026-01-14 14:06:00
ORD_00506,9,FIN_M2,2026-01-14 14:58:00,2026-01-14 15:27:00
ORD_00506,10,INS_M3,2026-01-14 16:17:00,2026-01-14 16:27:00
ORD_00133,1,MIX_M4,2026-01-16 01:37:00,2026-01-16 02:04:00
ORD_00133,2,CAL_M3,2026-01-16 03:33:00,2026-01-16 04:14:00
ORD_00133,3,EXT_M5,2026-01-16 04:53:00,2026-01-16 05:29:00
ORD_00133,4,BLD_M5,2026-01-16 05:53:00,2026-01-16 06:16:00
ORD_00133,5,CUR_M3,2026-01-16 08:46:00,2026-01-16 09:32:00
ORD_00133,6,FIN_M4,2026-01-16 09:56:00,2026-01-16 10:17:00
ORD_00133,7,INS_M2,2026-01-16 10:32:00,2026-01-16 10:59:00
ORD_00593,1,MIX_M1,2026-01-16 01:49:00,2026-01-16 02:19:00
ORD_00593,2,CAL_M4,2026-01-16 03:11:00,2026-01-16 03:37:00
ORD_00593,3,EXT_M5,2026-01-16 05:29:00,2026-01-16 06:09:00
ORD_00593,4,BLD_M6,2026-01-16 06:50:00,2026-01-16 07:31:00
ORD_00593,5,CUR_M3,2026-01-16 09:32:00,2026-01-16 10:13:00
ORD_00593,6,FIN_M2,2026-01-16 10:52:00,2026-01-16 11:21:00
ORD_00593,7,INS_M3,2026-01-16 12:16:00,2026-01-16 12:40:00
ORD_00799,1,MIX_M4,2026-01-17 01:10:00,2026-01-17 01:20:00
ORD_00799,2,CAL_M1,2026-01-17 02:35:00,2026-01-17 02:59:00
ORD_00799,3,EXT_M2,2026-01-17 03:50:00,2026-01-17 04:17:00
ORD_00799,4,EXT_M2,2026-01-17 06:33:00,2026-01-17 06:57:00
ORD_00799,5,BLD_M6,2026-01-17 08:25:00,2026-01-17 09:03:00
ORD_00799,6,CUR_M6,2026-01-17 11:21:00,2026-01-17 12:31:00
ORD_00799,7,FIN_M3,2026-01-17 13:26:00,2026-01-17 13:49:00
ORD_00799,8,INS_M3,2026-01-17 14:17:00,2026-01-17 14:44:00
ORD_00783,1,MIX_M4,2026-01-15 02:40:00,2026-01-15 03:04:00
ORD_00783,2,CAL_M3,2026-01-15 06:07:00,2026-01-15 06:46:00
ORD_00783,3,EXT_M4,2026-01-15 07:17:00,2026-01-15 07:48:00
ORD_00783,4,EXT_M5,2026-01-15 08:33:00,2026-01-15 09:01:00
ORD_00783,5,BLD_M2,2026-01-15 10:19:00,2026-01-15 11:05:00
ORD_00783,6,CUR_M4,2026-01-15 11:15:00,2026-01-15 12:33:00
ORD_00783,7,FIN_M2,2026-01-15 14:39:00,2026-01-15 14:57:00
ORD_00783,8,INS_M1,2026-01-15 15:38:00,2026-01-15 16:08:00
ORD_00101,1,MIX_M4,2026-01-21 00:40:00,2026-01-21 00:52:00
ORD_00101,2,CAL_M2,2026-01-21 01:56:00,2026-01-21 02:27:00
ORD_00101,3,CAL_M3,2026-01-21 02:37:00,2026-01-21 03:04:00
ORD_00101,4,EXT_M3,2026-01-21 03:40:00,2026-01-21 04:15:00
ORD_00101,5,EXT_M3,2026-01-21 04:15:00,2026-01-21 04:37:00
ORD_00101,6,BLD_M1,2026-01-21 05:27:00,2026-01-21 05:47:00
ORD_00101,7,CUR_M3,2026-01-21 06:01:00,2026-01-21 07:12:00
ORD_00101,8,CUR_M7,2026-01-21 07:18:00,2026-01-21 08:33:00
ORD_00101,9,FIN_M1,2026-01-21 08:33:00,2026-01-21 08:51:00
ORD_00101,10,INS_M2,2026-01-21 10:05:00,2026-01-21 10:29:00
ORD_00271,1,MIX_M3,2026-01-15 00:09:00,2026-01-15 00:19:00
ORD_00271,2,CAL_M1,2026-01-15 07:11:00,2026-01-15 07:55:00
ORD_00271,3,EXT_M5,2026-01-15 09:01:00,2026-01-15 09:39:00
ORD_00271,4,EXT_M4,2026-01-15 09:56:00,2026-01-15 10:37:00
ORD_00271,5,BLD_M3,2026-01-15 11:28:00,2026-01-15 12:12:00
ORD_00271,6,CUR_M4,2026-01-15 13:06:00,2026-01-15 14:24:00
ORD_00271,7,FIN_M3,2026-01-15 15:04:00,2026-01-15 15:21:00
ORD_00271,8,INS_M3,2026-01-15 15:28:00,2026-01-15 15:44:00
ORD_00779,1,MIX_M1,2026-01-19 00:48:00,2026-01-19 00:59:00
ORD_00779,2,CAL_M2,2026-01-19 01:25:00,2026-01-19 01:54:00
ORD_00779,3,EXT_M4,2026-01-19 04:22:00,2026-01-19 04:52:00
ORD_00779,4,BLD_M4,2026-01-19 05:06:00,2026-01-19 05:32:00
ORD_00779,5,CUR_M6,2026-01-19 06:06:00,2026-01-19 07:24:00
ORD_00779,6,FIN_M2,2026-01-19 07:48:00,2026-01-19 08:08:00
ORD_00779,7,INS_M3,2026-01-19 08:26:00,2026-01-19 08:46:00
ORD_00384,1,MIX_M3,2026-01-16 00:11:00,2026-01-16 00:39:00
ORD_00384,2,CAL_M4,2026-01-16 03:37:00,2026-01-16 04:08:00
ORD_00384,3,EXT_M3,2026-01-16 05:07:00,2026-01-16 05:23:00
ORD_00384,4,BLD_M2,2026-01-16 06:11:00,2026-01-16 06:43:00
ORD_00384,5,CUR_M1,2026-01-16 06:53:00,2026-01-16 07:33:00
ORD_00384,6,FIN_M2,2026-01-16 07:41:00,2026-01-16 08:00:00
ORD_00384,7,INS_M1,2026-01-16 08:35:00,2026-01-16 08:49:00
ORD_00914,1,MIX_M1,2026-01-15 03:46:00,2026-01-15 04:02:00
ORD_00914,2,CAL_M4,2026-01-15 04:45:00,2026-01-15 05:12:00
ORD_00914,3,EXT_M5,2026-01-15 06:59:00,2026-01-15 07:44:00
ORD_00914,4,BLD_M6,2026-01-15 09:35:00,2026-01-15 09:55:00
ORD_00914,5,CUR_M7,2026-01-15 10:53:00,2026-01-15 12:03:00
ORD_00914,6,FIN_M1,2026-01-15 12:52:00,2026-01-15 13:13:00
ORD_00914,7,INS_M2,2026-01-15 13:54:00,2026-01-15 14:16:00
ORD_00603,1,MIX_M1,2026-01-16 02:19:00,2026-01-16 02:49:00
ORD_00603,2,CAL_M2,2026-01-16 03:36:00,2026-01-16 04:13:00
ORD_00603,3,EXT_M2,2026-01-16 06:35:00,2026-01-16 06:59:00
ORD_00603,4,BLD_M4,2026-01-16 07:39:00,2026-01-16 07:59:00
ORD_00603,5,CUR_M6,2026-01-16 08:18:00,2026-01-16 09:13:00
ORD_00603,6,FIN_M4,2026-01-16 09:39:00,2026-01-16 09:54:00
ORD_00603,7,INS_M3,2026-01-16 10:25:00,2026-01-16 10:37:00
ORD_00088,1,MIX_M1,2026-01-21 00:26:00,2026-01-21 00:43:00
ORD_00088,2,CAL_M4,2026-01-21 01:20:00,2026-01-21 01:49:00
ORD_00088,3,CAL_M2,2026-01-21 02:27:00,2026-01-21 02:53:00
ORD_00088,4,EXT_M3,2026-01-21 04:37:00,2026-01-21 05:21:00
ORD_00088,5,EXT_M3,2026-01-21 05:21:00,2026-01-21 05:48:00
ORD_00088,6,BLD_M4,2026-01-21 06:39:00,2026-01-21 07:23:00
ORD_00088,7,CUR_M6,2026-01-21 07:33:00,2026-01-21 08:56:00
ORD_00088,8,CUR_M1,2026-01-21 09:27:00,2026-01-21 10:57:00
ORD_00088,9,FIN_M3,2026-01-21 11:10:00,2026-01-21 11:22:00
ORD_00088,10,INS_M2,2026-01-21 11:31:00,2026-01-21 11:44:00
ORD_00025,1,MIX_M1,2026-01-15 04:02:00,2026-01-15 04:18:00
ORD_00025,2,CAL_M4,2026-01-15 05:15:00,2026-01-15 05:42:00
ORD_00025,3,EXT_M5,2026-01-15 07:44:00,2026-01-15 08:29:00
ORD_00025,4,BLD_M6,2026-01-15 09:55:00,2026-01-15 10:15:00
ORD_00025,5,CUR_M7,2026-01-15 12:03:00,2026-01-15 13:13:00
ORD_00025,6,FIN_M1,2026-01-15 13:13:00,2026-01-15 13:34:00
ORD_00025,7,INS_M2,2026-01-15 14:22:00,2026-01-15 14:44:00
ORD_00395,1,MIX_M3,2026-01-18 00:37:00,2026-01-18 00:55:00
ORD_00395,2,CAL_M3,2026-01-18 03:21:00,2026-01-18 03:44:00
ORD_00395,3,CAL_M3,2026-01-18 03:44:00,2026-01-18 04:16:00
ORD_00395,4,EXT_M1,2026-01-18 04:35:00,2026-01-18 05:06:00
ORD_00395,5,EXT_M2,2026-01-18 05:42:00,2026-01-18 05:59:00
ORD_00395,6,BLD_M2,2026-01-18 06:56:00,2026-01-18 07:39:00
ORD_00395,7,CUR_M7,2026-01-18 08:00:00,2026-01-18 09:11:00
ORD_00395,8,CUR_M4,2026-01-18 09:53:00,2026-01-18 11:17:00
ORD_00395,9,FIN_M4,2026-01-18 11:38:00,2026-01-18 12:08:00
ORD_00395,10,INS_M3,2026-01-18 12:46:00,2026-01-18 13:11:00
ORD_00123,1,MIX_M1,2026-01-17 02:22:00,2026-01-17 02:33:00
ORD_00123,2,CAL_M2,2026-01-17 04:10:00,2026-01-17 04:39:00
ORD_00123,3,EXT_M4,2026-01-17 04:39:00,2026-01-17 05:09:00
ORD_00123,4,BLD_M4,2026-01-17 07:01:00,2026-01-17 07:27:00
ORD_00123,5,CUR_M6,2026-01-17 12:31:00,2026-01-17 13:49:00
ORD_00123,6,FIN_M2,2026-01-17 14:18:00,2026-01-17 14:38:00
ORD_00123,7,INS_M3,2026-01-17 15:08:00,2026-01-17 15:28:00
ORD_00272,1,MIX_M2,2026-01-16 00:08:00,2026-01-16 00:24:00
ORD_00272,2,CAL_M4,2026-01-16 01:01:00,2026-01-16 01:24:00
ORD_00272,3,CAL_M3,2026-01-16 04:14:00,2026-01-16 04:32:00
ORD_00272,4,EXT_M2,2026-01-16 06:59:00,2026-01-16 07:23:00
ORD_00272,5,EXT_M2,2026-01-16 07:23:00,2026-01-16 07:49:00
ORD_00272,6,BLD_M2,2026-01-16 08:08:00,2026-01-16 08:37:00
ORD_00272,7,CUR_M1,2026-01-16 08:49:00,2026-01-16 10:14:00
ORD_00272,8,CUR_M3,2026-01-16 11:05:00,2026-01-16 12:02:00
ORD_00272,9,FIN_M1,2026-01-16 12:45:00,2026-01-16 12:56:00
ORD_00272,10,INS_M3,2026-01-16 13:20:00,2026-01-16 13:39:00
ORD_00342,1,MIX_M3,2026-01-22 00:21:00,2026-01-22 00:39:00
ORD_00342,2,CAL_M2,2026-01-22 01:31:00,2026-01-22 02:07:00
ORD_00342,3,EXT_M3,2026-01-22 02:23:00,2026-01-22 02:45:00
ORD_00342,4,BLD_M3,2026-01-22 03:01:00,2026-01-22 03:33:00
ORD_00342,5,CUR_M3,2026-01-22 03:44:00,2026-01-22 05:06:00
ORD_00342,6,FIN_M3,2026-01-22 05:21:00,2026-01-22 05:45:00
ORD_00342,7,INS_M2,2026-01-22 06:14:00,2026-01-22 06:26:00
ORD_00691,1,MIX_M2,2026-01-19 01:30:00,2026-01-19 01:59:00
ORD_00691,2,CAL_M1,2026-01-19 02:52:00,2026-01-19 03:16:00
ORD_00691,3,EXT_M5,2026-01-19 04:01:00,2026-01-19 04:28:00
ORD_00691,4,EXT_M3,2026-01-19 05:23:00,2026-01-19 06:04:00
ORD_00691,5,BLD_M2,2026-01-19 06:37:00,2026-01-19 07:18:00
ORD_00691,6,CUR_M2,2026-01-19 10:12:00,2026-01-19 11:33:00
ORD_00691,7,FIN_M4,2026-01-19 11:52:00,2026-01-19 12:18:00
ORD_00691,8,INS_M2,2026-01-19 12:48:00,2026-01-19 12:58:00
ORD_00572,1,MIX_M2,2026-01-17 04:08:00,2026-01-17 04:24:00
ORD_00572,2,CAL_M4,2026-01-17 04:37:00,2026-01-17 05:00:00
ORD_00572,3,CAL_M3,2026-01-17 05:00:00,2026-01-17 05:18:00
ORD_00572,4,EXT_M2,2026-01-17 07:52:00,2026-01-17 08:16:00
ORD_00572,5,EXT_M2,2026-01-17 08:16:00,2026-01-17 08:42:00
ORD_00572,6,BLD_M2,2026-01-17 09:06:00,2026-01-17 09:35:00
ORD_00572,7,CUR_M1,2026-01-17 12:10:00,2026-01-17 13:35:00
ORD_00572,8,CUR_M3,2026-01-17 14:03:00,2026-01-17 15:00:00
ORD_00572,9,FIN_M1,2026-01-17 15:00:00,2026-01-17 15:11:00
ORD_00572,10,INS_M3,2026-01-17 15:28:00,2026-01-17 15:47:00
ORD_00987,1,MIX_M4,2026-01-18 01:33:00,2026-01-18 01:52:00
ORD_00987,2,CAL_M3,2026-01-18 04:16:00,2026-01-18 04:54:00
ORD_00987,3,EXT_M5,2026-01-18 05:42:00,2026-01-18 06:24:00
ORD_00987,4,EXT_M2,2026-01-18 07:04:00,2026-01-18 07:29:00
ORD_00987,5,BLD_M1,2026-01-18 07:45:00,2026-01-18 08:23:00
ORD_00987,6,CUR_M3,2026-01-18 10:27:00,2026-01-18 11:29:00
ORD_00987,7,FIN_M3,2026-01-18 12:13:00,2026-01-18 12:43:00
ORD_00987,8,INS_M3,2026-01-18 13:11:00,2026-01-18 13:33:00
ORD_00559,1,MIX_M1,2026-01-19 00:59:00,2026-01-19 01:19:00
ORD_00559,2,CAL_M2,2026-01-19 02:29:00,2026-01-19 03:03:00
ORD_00559,3,EXT_M4,2026-01-19 04:52:00,2026-01-19 05:11:00
ORD_00559,4,EXT_M2,2026-01-19 05:50:00,2026-01-19 06:10:00
ORD_00559,5,BLD_M6,2026-01-19 07:33:00,2026-01-19 08:17:00
ORD_00559,6,CUR_M3,2026-01-19 08:41:00,2026-01-19 10:07:00
ORD_00559,7,FIN_M4,2026-01-19 10:47:00,2026-01-19 10:58:00
ORD_00559,8,INS_M2,2026-01-19 11:26:00,2026-01-19 11:47:00
ORD_00614,1,MIX_M3,2026-01-18 00:55:00,2026-01-18 01:21:00
ORD_00614,2,CAL_M3,2026-01-18 04:54:00,2026-01-18 05:36:00
ORD_00614,3,CAL_M1,2026-01-18 06:33:00,2026-01-18 06:56:00
ORD_00614,4,EXT_M2,2026-01-18 07:29:00,2026-01-18 08:04:00
ORD_00614,5,EXT_M5,2026-01-18 08:44:00,2026-01-18 09:07:00
ORD_00614,6,BLD_M2,2026-01-18 09:54:00,2026-01-18 10:34:00
ORD_00614,7,CUR_M5,2026-01-18 11:28:00,2026-01-18 12:47:00
ORD_00614,8,CUR_M2,2026-01-18 13:23:00,2026-01-18 14:35:00
ORD_00614,9,FIN_M2,2026-01-18 15:28:00,2026-01-18 15:56:00
ORD_00614,10,INS_M3,2026-01-18 16:52:00,2026-01-18 17:06:00
ORD_00626,1,MIX_M4,2026-01-21 00:00:00,2026-01-21 00:19:00
ORD_00626,2,CAL_M3,2026-01-21 00:34:00,2026-01-21 01:12:00
ORD_00626,3,EXT_M5,2026-01-21 01:38:00,2026-01-21 02:20:00
ORD_00626,4,EXT_M2,2026-01-21 02:49:00,2026-01-21 03:14:00
ORD_00626,5,BLD_M1,2026-01-21 03:14:00,2026-01-21 03:52:00
ORD_00626,6,CUR_M3,2026-01-21 04:24:00,2026-01-21 05:26:00
ORD_00626,7,FIN_M3,2026-01-21 05:26:00,2026-01-21 05:56:00
ORD_00626,8,INS_M3,2026-01-21 06:38:00,2026-01-21 07:00:00
ORD_00330,1,MIX_M2,2026-01-20 01:03:00,2026-01-20 01:19:00
ORD_00330,2,CAL_M4,2026-01-20 01:43:00,2026-01-20 02:02:00
ORD_00330,3,EXT_M4,2026-01-20 02:46:00,2026-01-20 03:06:00
ORD_00330,4,BLD_M3,2026-01-20 04:03:00,2026-01-20 04:37:00
ORD_00330,5,CUR_M4,2026-01-20 04:48:00,2026-01-20 05:32:00
ORD_00330,6,FIN_M4,2026-01-20 06:43:00,2026-01-20 07:10:00
ORD_00330,7,INS_M1,2026-01-20 07:24:00,2026-01-20 07:35:00
ORD_00682,1,MIX_M3,2026-01-14 00:58:00,2026-01-14 01:08:00
ORD_00682,2,CAL_M1,2026-01-14 05:47:00,2026-01-14 06:31:00
ORD_00682,3,EXT_M5,2026-01-14 07:06:00,2026-01-14 07:44:00
ORD_00682,4,EXT_M4,2026-01-14 08:32:00,2026-01-14 09:13:00
ORD_00682,5,BLD_M3,2026-01-14 09:35:00,2026-01-14 10:19:00
ORD_00682,6,CUR_M4,2026-01-14 10:43:00,2026-01-14 12:01:00
ORD_00682,7,FIN_M3,2026-01-14 12:16:00,2026-01-14 12:33:00
ORD_00682,8,INS_M3,2026-01-14 12:56:00,2026-01-14 13:12:00
ORD_00621,1,MIX_M1,2026-01-18 00:37:00,2026-01-18 00:54:00
ORD_00621,2,CAL_M4,2026-01-18 01:30:00,2026-01-18 01:59:00
ORD_00621,3,CAL_M2,2026-01-18 03:03:00,2026-01-18 03:29:00
ORD_00621,4,EXT_M3,2026-01-18 04:44:00,2026-01-18 05:28:00
ORD_00621,5,EXT_M3,2026-01-18 05:28:00,2026-01-18 05:55:00
ORD_00621,6,BLD_M4,2026-01-18 06:46:00,2026-01-18 07:30:00
ORD_00621,7,CUR_M6,2026-01-18 08:09:00,2026-01-18 09:32:00
ORD_00621,8,CUR_M1,2026-01-18 10:18:00,2026-01-18 11:48:00
ORD_00621,9,FIN_M3,2026-01-18 12:01:00,2026-01-18 12:13:00
ORD_00621,10,INS_M2,2026-01-18 12:23:00,2026-01-18 12:36:00
ORD_00600,1,MIX_M4,2026-01-16 02:04:00,2026-01-16 02:28:00
ORD_00600,2,CAL_M3,2026-01-16 04:32:00,2026-01-16 05:11:00
ORD_00600,3,EXT_M4,2026-01-16 05:36:00,2026-01-16 06:07:00
ORD_00600,4,EXT_M5,2026-01-16 07:05:00,2026-01-16 07:33:00
ORD_00600,5,BLD_M2,2026-01-16 08:37:00,2026-01-16 09:23:00
ORD_00600,6,CUR_M4,2026-01-16 09:40:00,2026-01-16 10:58:00
ORD_00600,7,FIN_M2,2026-01-16 11:21:00,2026-01-16 11:39:00
ORD_00600,8,INS_M1,2026-01-16 12:21:00,2026-01-16 12:51:00
ORD_00259,1,MIX_M1,2026-01-12 02:55:00,2026-01-12 03:25:00
ORD_00259,2,CAL_M1,2026-01-12 08:05:00,2026-01-12 08:27:00
ORD_00259,3,EXT_M1,2026-01-12 08:38:00,2026-01-12 09:21:00
ORD_00259,4,BLD_M1,2026-01-12 09:43:00,2026-01-12 10:30:00
ORD_00259,5,CUR_M6,2026-01-12 14:29:00,2026-01-12 15:13:00
ORD_00259,6,FIN_M2,2026-01-12 15:37:00,2026-01-12 15:55:00
ORD_00259,7,INS_M3,2026-01-12 16:37:00,2026-01-12 17:02:00
ORD_00702,1,MIX_M1,2026-01-22 00:32:00,2026-01-22 00:49:00
ORD_00702,2,CAL_M4,2026-01-22 01:38:00,2026-01-22 01:56:00
ORD_00702,3,EXT_M5,2026-01-22 02:55:00,2026-01-22 03:17:00
ORD_00702,4,BLD_M5,2026-01-22 03:28:00,2026-01-22 04:07:00
ORD_00702,5,CUR_M1,2026-01-22 05:00:00,2026-01-22 06:19:00
ORD_00702,6,FIN_M1,2026-01-22 06:37:00,2026-01-22 07:00:00
ORD_00702,7,INS_M3,2026-01-22 07:28:00,2026-01-22 07:56:00
ORD_00192,1,MIX_M1,2026-01-19 01:19:00,2026-01-19 01:43:00
ORD_00192,2,CAL_M1,2026-01-19 03:16:00,2026-01-19 03:35:00
ORD_00192,3,EXT_M2,2026-01-19 05:06:00,2026-01-19 05:48:00
ORD_00192,4,BLD_M6,2026-01-19 08:17:00,2026-01-19 09:00:00
ORD_00192,5,CUR_M7,2026-01-19 09:09:00,2026-01-19 10:24:00
ORD_00192,6,FIN_M3,2026-01-19 11:07:00,2026-01-19 11:19:00
ORD_00192,7,INS_M2,2026-01-19 11:47:00,2026-01-19 11:57:00
ORD_00442,1,MIX_M2,2026-01-16 02:20:00,2026-01-16 02:36:00
ORD_00442,2,CAL_M2,2026-01-16 04:13:00,2026-01-16 04:53:00
ORD_00442,3,EXT_M5,2026-01-16 06:09:00,2026-01-16 06:52:00
ORD_00442,4,BLD_M3,2026-01-16 07:13:00,2026-01-16 07:49:00
ORD_00442,5,CUR_M5,2026-01-16 08:37:00,2026-01-16 09:27:00
ORD_00442,6,FIN_M3,2026-01-16 10:17:00,2026-01-16 10:42:00
ORD_00442,7,INS_M2,2026-01-16 11:27:00,2026-01-16 11:47:00
ORD_00205,1,MIX_M4,2026-01-19 01:00:00,2026-01-19 01:19:00
ORD_00205,2,CAL_M3,2026-01-19 01:37:00,2026-01-19 02:15:00
ORD_00205,3,EXT_M5,2026-01-19 04:28:00,2026-01-19 05:10:00
ORD_00205,4,EXT_M2,2026-01-19 06:10:00,2026-01-19 06:35:00
ORD_00205,5,BLD_M1,2026-01-19 06:59:00,2026-01-19 07:37:00
ORD_00205,6,CUR_M3,2026-01-19 07:37:00,2026-01-19 08:39:00
ORD_00205,7,FIN_M3,2026-01-19 10:12:00,2026-01-19 10:42:00
ORD_00205,8,INS_M3,2026-01-19 11:35:00,2026-01-19 11:57:00
ORD_00030,1,MIX_M1,2026-01-22 00:49:00,2026-01-22 01:04:00
ORD_00030,2,CAL_M4,2026-01-22 01:56:00,2026-01-22 02:25:00
ORD_00030,3,EXT_M5,2026-01-22 03:17:00,2026-01-22 03:56:00
ORD_00030,4,BLD_M5,2026-01-22 04:17:00,2026-01-22 04:51:00
ORD_00030,5,CUR_M6,2026-01-22 05:25:00,2026-01-22 06:45:00
ORD_00030,6,FIN_M3,2026-01-22 07:16:00,2026-01-22 07:30:00
ORD_00030,7,INS_M2,2026-01-22 07:43:00,2026-01-22 07:55:00
ORD_00474,1,MIX_M4,2026-01-22 00:10:00,2026-01-22 00:34:00
ORD_00474,2,CAL_M3,2026-01-22 01:26:00,2026-01-22 02:05:00
ORD_00474,3,EXT_M4,2026-01-22 02:05:00,2026-01-22 02:36:00
ORD_00474,4,EXT_M5,2026-01-22 03:56:00,2026-01-22 04:24:00
ORD_00474,5,BLD_M2,2026-01-22 04:24:00,2026-01-22 05:10:00
ORD_00474,6,CUR_M4,2026-01-22 05:10:00,2026-01-22 06:28:00
ORD_00474,7,FIN_M2,2026-01-22 06:58:00,2026-01-22 07:16:00
ORD_00474,8,INS_M1,2026-01-22 07:16:00,2026-01-22 07:46:00
ORD_00618,1,MIX_M2,2026-01-19 01:59:00,2026-01-19 02:29:00
ORD_00618,2,CAL_M1,2026-01-19 03:35:00,2026-01-19 04:14:00
ORD_00618,3,EXT_M5,2026-01-19 05:57:00,2026-01-19 06:35:00
ORD_00618,4,EXT_M3,2026-01-19 07:34:00,2026-01-19 07:53:00
ORD_00618,5,BLD_M1,2026-01-19 08:41:00,2026-01-19 09:12:00
ORD_00618,6,CUR_M6,2026-01-19 09:24:00,2026-01-19 10:45:00
ORD_00618,7,FIN_M2,2026-01-19 10:52:00,2026-01-19 11:16:00
ORD_00618,8,INS_M3,2026-01-19 11:57:00,2026-01-19 12:22:00
ORD_00097,1,MIX_M1,2026-01-16 02:49:00,2026-01-16 03:02:00
ORD_00097,2,CAL_M3,2026-01-16 05:11:00,2026-01-16 05:50:00
ORD_00097,3,EXT_M3,2026-01-16 06:11:00,2026-01-16 06:29:00
ORD_00097,4,EXT_M3,2026-01-16 06:29:00,2026-01-16 06:57:00
ORD_00097,5,BLD_M2,2026-01-16 09:23:00,2026-01-16 09:57:00
ORD_00097,6,CUR_M1,2026-01-16 10:31:00,2026-01-16 11:57:00
ORD_00097,7,FIN_M3,2026-01-16 12:54:00,2026-01-16 13:20:00
ORD_00097,8,INS_M1,2026-01-16 13:44:00,2026-01-16 14:10:00
ORD_00113,1,MIX_M3,2026-01-16 00:00:00,2026-01-16 00:10:00
ORD_00113,2,CAL_M1,2026-01-16 02:56:00,2026-01-16 03:40:00
ORD_00113,3,EXT_M5,2026-01-16 07:33:00,2026-01-16 08:11:00
ORD_00113,4,EXT_M4,2026-01-16 08:28:00,2026-01-16 09:09:00
ORD_00113,5,BLD_M3,2026-01-16 09:19:00,2026-01-16 10:03:00
ORD_00113,6,CUR_M4,2026-01-16 10:58:00,2026-01-16 12:16:00
ORD_00113,7,FIN_M3,2026-01-16 13:20:00,2026-01-16 13:37:00
ORD_00113,8,INS_M3,2026-01-16 14:34:00,2026-01-16 14:50:00
ORD_00289,1,MIX_M2,2026-01-10 02:53:00,2026-01-10 03:11:00
ORD_00289,2,CAL_M4,2026-01-10 04:24:00,2026-01-10 05:09:00
ORD_00289,3,EXT_M2,2026-01-10 07:40:00,2026-01-10 08:24:00
ORD_00289,4,EXT_M5,2026-01-10 09:16:00,2026-01-10 09:55:00
ORD_00289,5,BLD_M6,2026-01-10 10:43:00,2026-01-10 11:25:00
ORD_00289,6,CUR_M4,2026-01-10 13:56:00,2026-01-10 15:21:00
ORD_00289,7,FIN_M3,2026-01-10 15:28:00,2026-01-10 15:50:00
ORD_00289,8,INS_M3,2026-01-10 16:33:00,2026-01-10 17:03:00
ORD_00393,1,MIX_M1,2026-01-20 01:07:00,2026-01-20 01:22:00
ORD_00393,2,CAL_M4,2026-01-20 02:02:00,2026-01-20 02:31:00
ORD_00393,3,EXT_M5,2026-01-20 03:11:00,2026-01-20 03:50:00
ORD_00393,4,BLD_M5,2026-01-20 03:50:00,2026-01-20 04:24:00
ORD_00393,5,CUR_M6,2026-01-20 04:56:00,2026-01-20 06:16:00
ORD_00393,6,FIN_M3,2026-01-20 07:10:00,2026-01-20 07:24:00
ORD_00393,7,INS_M2,2026-01-20 07:24:00,2026-01-20 07:36:00
ORD_00392,1,MIX_M2,2026-01-19 02:29:00,2026-01-19 02:43:00
ORD_00392,2,CAL_M1,2026-01-19 04:14:00,2026-01-19 04:30:00
ORD_00392,3,EXT_M3,2026-01-19 06:04:00,2026-01-19 06:49:00
ORD_00392,4,BLD_M4,2026-01-19 06:54:00,2026-01-19 07:41:00
ORD_00392,5,CUR_M7,2026-01-19 10:24:00,2026-01-19 11:19:00
ORD_00392,6,FIN_M2,2026-01-19 11:33:00,2026-01-19 11:53:00
ORD_00392,7,INS_M3,2026-01-19 12:36:00,2026-01-19 12:56:00
ORD_00502,1,MIX_M3,2026-01-17 01:08:00,2026-01-17 01:35:00
ORD_00502,2,CAL_M2,2026-01-17 04:39:00,2026-01-17 05:00:00
ORD_00502,3,CAL_M4,2026-01-17 05:09:00,2026-01-17 05:45:00
ORD_00502,4,EXT_M4,2026-01-17 06:52:00,2026-01-17 07:28:00
ORD_00502,5,EXT_M2,2026-01-17 08:42:00,2026-01-17 09:16:00
ORD_00502,6,BLD_M5,2026-01-17 09:37:00,2026-01-17 10:06:00
ORD_00502,7,CUR_M7,2026-01-17 10:40:00,2026-01-17 11:55:00
ORD_00502,8,CUR_M1,2026-01-17 13:35:00,2026-01-17 14:34:00
ORD_00502,9,FIN_M3,2026-01-17 15:19:00,2026-01-17 15:35:00
ORD_00502,10,INS_M2,2026-01-17 16:31:00,2026-01-17 16:59:00
ORD_00169,1,MIX_M1,2026-01-18 01:30:00,2026-01-18 01:49:00
ORD_00169,2,CAL_M4,2026-01-18 02:28:00,2026-01-18 02:55:00
ORD_00169,3,EXT_M2,2026-01-18 03:49:00,2026-01-18 04:06:00
ORD_00169,4,BLD_M5,2026-01-18 04:41:00,2026-01-18 05:23:00
ORD_00169,5,CUR_M4,2026-01-18 07:04:00,2026-01-18 07:50:00
ORD_00169,6,FIN_M3,2026-01-18 08:29:00,2026-01-18 08:58:00
ORD_00169,7,INS_M1,2026-01-18 09:22:00,2026-01-18 09:50:00
ORD_00041,1,MIX_M3,2026-01-20 00:08:00,2026-01-20 00:18:00
ORD_00041,2,CAL_M1,2026-01-20 02:46:00,2026-01-20 03:30:00
ORD_00041,3,EXT_M5,2026-01-20 03:50:00,2026-01-20 04:28:00
ORD_00041,4,EXT_M4,2026-01-20 04:43:00,2026-01-20 05:24:00
ORD_00041,5,BLD_M3,2026-01-20 05:24:00,2026-01-20 06:08:00
ORD_00041,6,CUR_M4,2026-01-20 06:37:00,2026-01-20 07:55:00
ORD_00041,7,FIN_M3,2026-01-20 08:30:00,2026-01-20 08:47:00
ORD_00041,8,INS_M3,2026-01-20 09:33:00,2026-01-20 09:49:00
ORD_00227,1,MIX_M1,2026-01-17 02:33:00,2026-01-17 02:46:00
ORD_00227,2,CAL_M3,2026-01-17 05:18:00,2026-01-17 05:57:00
ORD_00227,3,EXT_M3,2026-01-17 07:08:00,2026-01-17 07:26:00
ORD_00227,4,EXT_M3,2026-01-17 07:26:00,2026-01-17 07:54:00
ORD_00227,5,BLD_M2,2026-01-17 07:54:00,2026-01-17 08:28:00
ORD_00227,6,CUR_M1,2026-01-17 14:34:00,2026-01-17 16:00:00
ORD_00227,7,FIN_M3,2026-01-17 16:37:00,2026-01-17 17:03:00
ORD_00227,8,INS_M1,2026-01-17 17:45:00,2026-01-17 18:11:00
ORD_00040,1,MIX_M1,2026-01-17 02:46:00,2026-01-17 02:57:00
ORD_00040,2,CAL_M2,2026-01-17 05:18:00,2026-01-17 05:47:00
ORD_00040,3,EXT_M4,2026-01-17 07:28:00,2026-01-17 07:58:00
ORD_00040,4,BLD_M4,2026-01-17 09:00:00,2026-01-17 09:26:00
ORD_00040,5,CUR_M6,2026-01-17 13:49:00,2026-01-17 15:07:00
ORD_00040,6,FIN_M2,2026-01-17 15:12:00,2026-01-17 15:32:00
ORD_00040,7,INS_M3,2026-01-17 15:50:00,2026-01-17 16:10:00
ORD_00761,1,MIX_M1,2026-01-19 01:43:00,2026-01-19 02:03:00
ORD_00761,2,CAL_M2,2026-01-19 03:03:00,2026-01-19 03:37:00
ORD_00761,3,EXT_M4,2026-01-19 05:11:00,2026-01-19 05:30:00
ORD_00761,4,EXT_M2,2026-01-19 06:35:00,2026-01-19 06:55:00
ORD_00761,5,BLD_M6,2026-01-19 09:00:00,2026-01-19 09:44:00
ORD_00761,6,CUR_M3,2026-01-19 10:08:00,2026-01-19 11:34:00
ORD_00761,7,FIN_M4,2026-01-19 12:18:00,2026-01-19 12:29:00
ORD_00761,8,INS_M2,2026-01-19 12:58:00,2026-01-19 13:19:00
ORD_00527,1,MIX_M1,2026-01-18 01:49:00,2026-01-18 02:18:00
ORD_00527,2,CAL_M2,2026-01-18 03:29:00,2026-01-18 04:01:00
ORD_00527,3,EXT_M2,2026-01-18 05:59:00,2026-01-18 06:19:00
ORD_00527,4,BLD_M4,2026-01-18 07:30:00,2026-01-18 08:02:00
ORD_00527,5,CUR_M5,2026-01-18 08:31:00,2026-01-18 09:51:00
ORD_00527,6,FIN_M2,2026-01-18 10:22:00,2026-01-18 10:42:00
ORD_00527,7,INS_M1,2026-01-18 11:39:00,2026-01-18 11:56:00
ORD_00962,1,MIX_M4,2026-01-19 01:19:00,2026-01-19 01:43:00
ORD_00962,2,CAL_M3,2026-01-19 02:25:00,2026-01-19 03:04:00
ORD_00962,3,EXT_M4,2026-01-19 05:30:00,2026-01-19 06:01:00
ORD_00962,4,EXT_M5,2026-01-19 06:59:00,2026-01-19 07:27:00
ORD_00962,5,BLD_M2,2026-01-19 07:49:00,2026-01-19 08:35:00
ORD_00962,6,CUR_M4,2026-01-19 09:42:00,2026-01-19 11:00:00
ORD_00962,7,FIN_M2,2026-01-19 11:53:00,2026-01-19 12:11:00
ORD_00962,8,INS_M1,2026-01-19 13:05:00,2026-01-19 13:35:00
ORD_00948,1,MIX_M4,2026-01-20 00:40:00,2026-01-20 00:59:00
ORD_00948,2,CAL_M3,2026-01-20 02:03:00,2026-01-20 02:41:00
ORD_00948,3,EXT_M5,2026-01-20 04:28:00,2026-01-20 05:10:00
ORD_00948,4,EXT_M2,2026-01-20 05:37:00,2026-01-20 06:02:00
ORD_00948,5,BLD_M1,2026-01-20 07:00:00,2026-01-20 07:38:00
ORD_00948,6,CUR_M3,2026-01-20 08:10:00,2026-01-20 09:12:00
ORD_00948,7,FIN_M3,2026-01-20 09:46:00,2026-01-20 10:16:00
ORD_00948,8,INS_M3,2026-01-20 10:48:00,2026-01-20 11:10:00
ORD_00331,1,MIX_M4,2026-01-17 00:13:00,2026-01-17 00:40:00
ORD_00331,2,CAL_M3,2026-01-17 05:57:00,2026-01-17 06:38:00
ORD_00331,3,EXT_M5,2026-01-17 07:33:00,2026-01-17 08:09:00
ORD_00331,4,BLD_M5,2026-01-17 08:47:00,2026-01-17 09:10:00
ORD_00331,5,CUR_M3,2026-01-17 09:31:00,2026-01-17 10:17:00
ORD_00331,6,FIN_M4,2026-01-17 10:41:00,2026-01-17 11:02:00
ORD_00331,7,INS_M2,2026-01-17 11:45:00,2026-01-17 12:12:00
ORD_00383,1,MIX_M2,2026-01-21 00:52:00,2026-01-21 01:21:00
ORD_00383,2,CAL_M3,2026-01-21 03:04:00,2026-01-21 03:41:00
ORD_00383,3,EXT_M4,2026-01-21 03:53:00,2026-01-21 04:14:00
ORD_00383,4,BLD_M1,2026-01-21 04:54:00,2026-01-21 05:18:00
ORD_00383,5,CUR_M2,2026-01-21 05:29:00,2026-01-21 06:37:00
ORD_00383,6,FIN_M2,2026-01-21 07:25:00,2026-01-21 07:49:00
ORD_00383,7,INS_M1,2026-01-21 08:27:00,2026-01-21 08:47:00
ORD_00250,1,MIX_M3,2026-01-20 00:18:00,2026-01-20 00:46:00
ORD_00250,2,CAL_M4,2026-01-20 02:31:00,2026-01-20 03:02:00
ORD_00250,3,EXT_M3,2026-01-20 04:29:00,2026-01-20 04:45:00
ORD_00250,4,BLD_M2,2026-01-20 05:33:00,2026-01-20 06:05:00
ORD_00250,5,CUR_M1,2026-01-20 06:43:00,2026-01-20 07:23:00
ORD_00250,6,FIN_M2,2026-01-20 07:38:00,2026-01-20 07:57:00
ORD_00250,7,INS_M1,2026-01-20 08:04:00,2026-01-20 08:18:00
ORD_00839,1,MIX_M1,2026-01-17 02:57:00,2026-01-17 03:12:00
ORD_00839,2,CAL_M4,2026-01-17 05:45:00,2026-01-17 06:14:00
ORD_00839,3,EXT_M5,2026-01-17 08:09:00,2026-01-17 08:48:00
ORD_00839,4,BLD_M5,2026-01-17 10:06:00,2026-01-17 10:40:00
ORD_00839,5,CUR_M6,2026-01-17 15:07:00,2026-01-17 16:27:00
ORD_00839,6,FIN_M3,2026-01-17 17:03:00,2026-01-17 17:17:00
ORD_00839,7,INS_M2,2026-01-17 17:56:00,2026-01-17 18:08:00
ORD_00894,1,MIX_M2,2026-01-17 04:24:00,2026-01-17 04:42:00
ORD_00894,2,CAL_M4,2026-01-17 06:14:00,2026-01-17 06:59:00
ORD_00894,3,EXT_M2,2026-01-17 09:16:00,2026-01-17 10:00:00
ORD_00894,4,EXT_M5,2026-01-17 10:21:00,2026-01-17 11:00:00
ORD_00894,5,BLD_M6,2026-01-17 11:58:00,2026-01-17 12:40:00
ORD_00894,6,CUR_M4,2026-01-17 13:00:00,2026-01-17 14:25:00
ORD_00894,7,FIN_M3,2026-01-17 14:36:00,2026-01-17 14:58:00
ORD_00894,8,INS_M3,2026-01-17 16:10:00,2026-01-17 16:40:00
ORD_00410,1,MIX_M2,2026-01-12 03:51:00,2026-01-12 04:20:00
ORD_00410,2,CAL_M3,2026-01-12 04:59:00,2026-01-12 05:36:00
ORD_00410,3,EXT_M4,2026-01-12 10:22:00,2026-01-12 10:43:00
ORD_00410,4,BLD_M1,2026-01-12 11:24:00,2026-01-12 11:48:00
ORD_00410,5,CUR_M2,2026-01-12 14:11:00,2026-01-12 15:19:00
ORD_00410,6,FIN_M2,2026-01-12 16:11:00,2026-01-12 16:35:00
ORD_00410,7,INS_M1,2026-01-12 17:11:00,2026-01-12 17:31:00
ORD_00166,1,MIX_M1,2026-01-20 00:26:00,2026-01-20 00:42:00
ORD_00166,2,CAL_M4,2026-01-20 01:03:00,2026-01-20 01:30:00
ORD_00166,3,EXT_M5,2026-01-20 05:10:00,2026-01-20 05:55:00
ORD_00166,4,BLD_M6,2026-01-20 06:37:00,2026-01-20 06:57:00
ORD_00166,5,CUR_M7,2026-01-20 07:43:00,2026-01-20 08:53:00
ORD_00166,6,FIN_M1,2026-01-20 08:58:00,2026-01-20 09:19:00
ORD_00166,7,INS_M2,2026-01-20 09:43:00,2026-01-20 10:05:00
ORD_00969,1,MIX_M4,2026-01-20 00:59:00,2026-01-20 01:23:00
ORD_00969,2,CAL_M3,2026-01-20 02:41:00,2026-01-20 03:21:00
ORD_00969,3,EXT_M3,2026-01-20 04:45:00,2026-01-20 05:18:00
ORD_00969,4,BLD_M1,2026-01-20 06:06:00,2026-01-20 06:37:00
ORD_00969,5,CUR_M2,2026-01-20 07:06:00,2026-01-20 08:05:00
ORD_00969,6,FIN_M4,2026-01-20 08:59:00,2026-01-20 09:23:00
ORD_00969,7,INS_M1,2026-01-20 10:22:00,2026-01-20 10:33:00
ORD_00635,1,MIX_M1,2026-01-17 03:12:00,2026-01-17 03:23:00
ORD_00635,2,CAL_M2,2026-01-17 05:47:00,2026-01-17 06:16:00
ORD_00635,3,EXT_M4,2026-01-17 07:58:00,2026-01-17 08:28:00
ORD_00635,4,BLD_M4,2026-01-17 09:26:00,2026-01-17 09:52:00
ORD_00635,5,CUR_M6,2026-01-17 16:27:00,2026-01-17 17:45:00
ORD_00635,6,FIN_M2,2026-01-17 18:14:00,2026-01-17 18:34:00
ORD_00635,7,INS_M3,2026-01-17 19:10:00,2026-01-17 19:30:00
ORD_00541,1,MIX_M4,2026-01-15 03:04:00,2026-01-15 03:25:00
ORD_00541,2,CAL_M1,2026-01-15 07:55:00,2026-01-15 08:32:00
ORD_00541,3,EXT_M5,2026-01-15 09:39:00,2026-01-15 10:21:00
ORD_00541,4,BLD_M1,2026-01-15 10:47:00,2026-01-15 11:16:00
ORD_00541,5,CUR_M2,2026-01-15 11:31:00,2026-01-15 12:59:00
ORD_00541,6,FIN_M2,2026-01-15 14:57:00,2026-01-15 15:15:00
ORD_00541,7,INS_M2,2026-01-15 15:56:00,2026-01-15 16:22:00
ORD_00994,1,MIX_M4,2026-01-12 01:37:00,2026-01-12 02:03:00
ORD_00994,2,CAL_M1,2026-01-12 08:27:00,2026-01-12 08:54:00
ORD_00994,3,EXT_M3,2026-01-12 09:06:00,2026-01-12 09:44:00
ORD_00994,4,BLD_M3,2026-01-12 11:48:00,2026-01-12 12:15:00
ORD_00994,5,CUR_M6,2026-01-12 15:13:00,2026-01-12 16:42:00
ORD_00994,6,FIN_M2,2026-01-12 17:08:00,2026-01-12 17:20:00
ORD_00994,7,INS_M3,2026-01-12 17:33:00,2026-01-12 18:03:00
ORD_00867,1,MIX_M1,2026-01-21 00:46:00,2026-01-21 01:16:00
ORD_00867,2,CAL_M3,2026-01-21 01:28:00,2026-01-21 02:09:00
ORD_00867,3,EXT_M5,2026-01-21 02:20:00,2026-01-21 02:54:00
ORD_00867,4,BLD_M2,2026-01-21 03:20:00,2026-01-21 03:44:00
ORD_00867,5,CUR_M6,2026-01-21 08:56:00,2026-01-21 10:24:00
ORD_00867,6,FIN_M2,2026-01-21 11:04:00,2026-01-21 11:31:00
ORD_00867,7,INS_M3,2026-01-21 11:56:00,2026-01-21 12:06:00
ORD_00022,1,MIX_M2,2026-01-12 04:20:00,2026-01-12 04:43:00
ORD_00022,2,CAL_M1,2026-01-12 08:54:00,2026-01-12 09:39:00
ORD_00022,3,EXT_M2,2026-01-12 10:12:00,2026-01-12 10:53:00
ORD_00022,4,EXT_M4,2026-01-12 11:47:00,2026-01-12 12:30:00
ORD_00022,5,BLD_M3,2026-01-12 13:28:00,2026-01-12 14:17:00
ORD_00022,6,CUR_M1,2026-01-12 15:11:00,2026-01-12 16:17:00
ORD_00022,7,FIN_M1,2026-01-12 16:32:00,2026-01-12 16:54:00
ORD_00022,8,INS_M3,2026-01-12 18:03:00,2026-01-12 18:24:00
ORD_00870,1,MIX_M1,2026-01-19 00:05:00,2026-01-19 00:16:00
ORD_00870,2,CAL_M2,2026-01-19 03:37:00,2026-01-19 04:06:00
ORD_00870,3,EXT_M4,2026-01-19 06:01:00,2026-01-19 06:31:00
ORD_00870,4,BLD_M4,2026-01-19 07:41:00,2026-01-19 08:07:00
ORD_00870,5,CUR_M6,2026-01-19 10:45:00,2026-01-19 12:03:00
ORD_00870,6,FIN_M2,2026-01-19 12:37:00,2026-01-19 12:57:00
ORD_00870,7,INS_M3,2026-01-19 13:29:00,2026-01-19 13:49:00
ORD_00910,1,MIX_M2,2026-01-19 02:43:00,2026-01-19 02:59:00
ORD_00910,2,CAL_M4,2026-01-19 03:36:00,2026-01-19 03:59:00
ORD_00910,3,CAL_M3,2026-01-19 04:37:00,2026-01-19 04:55:00
ORD_00910,4,EXT_M2,2026-01-19 06:55:00,2026-01-19 07:19:00
ORD_00910,5,EXT_M2,2026-01-19 07:19:00,2026-01-19 07:45:00
ORD_00910,6,BLD_M2,2026-01-19 08:35:00,2026-01-19 09:04:00
ORD_00910,7,CUR_M1,2026-01-19 09:27:00,2026-01-19 10:52:00
ORD_00910,8,CUR_M3,2026-01-19 11:50:00,2026-01-19 12:47:00
ORD_00910,9,FIN_M1,2026-01-19 13:31:00,2026-01-19 13:42:00
ORD_00910,10,INS_M3,2026-01-19 14:06:00,2026-01-19 14:25:00
ORD_00851,1,MIX_M4,2026-01-12 02:03:00,2026-01-12 02:15:00
ORD_00851,2,CAL_M2,2026-01-12 05:47:00,2026-01-12 06:31:00
ORD_00851,3,EXT_M3,2026-01-12 07:59:00,2026-01-12 08:39:00
ORD_00851,4,BLD_M6,2026-01-12 09:37:00,2026-01-12 10:15:00
ORD_00851,5,CUR_M4,2026-01-12 11:07:00,2026-01-12 12:14:00
ORD_00851,6,FIN_M1,2026-01-12 13:08:00,2026-01-12 13:35:00
ORD_00851,7,INS_M1,2026-01-12 13:54:00,2026-01-12 14:24:00
ORD_00477,1,MIX_M1,2026-01-17 03:23:00,2026-01-17 03:38:00
ORD_00477,2,CAL_M4,2026-01-17 06:59:00,2026-01-17 07:28:00
ORD_00477,3,EXT_M5,2026-01-17 08:48:00,2026-01-17 09:27:00
ORD_00477,4,BLD_M5,2026-01-17 10:40:00,2026-01-17 11:14:00
ORD_00477,5,CUR_M6,2026-01-17 17:45:00,2026-01-17 19:05:00
ORD_00477,6,FIN_M3,2026-01-17 19:59:00,2026-01-17 20:13:00
ORD_00477,7,INS_M2,2026-01-17 20:28:00,2026-01-17 20:40:00
ORD_00561,1,MIX_M3,2026-01-20 00:46:00,2026-01-20 00:56:00
ORD_00561,2,CAL_M1,2026-01-20 03:30:00,2026-01-20 04:14:00
ORD_00561,3,EXT_M5,2026-01-20 05:55:00,2026-01-20 06:33:00
ORD_00561,4,EXT_M4,2026-01-20 06:59:00,2026-01-20 07:40:00
ORD_00561,5,BLD_M3,2026-01-20 08:04:00,2026-01-20 08:48:00
ORD_00561,6,CUR_M4,2026-01-20 08:58:00,2026-01-20 10:16:00
ORD_00561,7,FIN_M3,2026-01-20 10:36:00,2026-01-20 10:53:00
ORD_00561,8,INS_M3,2026-01-20 11:39:00,2026-01-20 11:55:00
ORD_00918,1,MIX_M2,2026-01-20 01:19:00,2026-01-20 01:37:00
ORD_00918,2,CAL_M4,2026-01-20 03:02:00,2026-01-20 03:47:00
ORD_00918,3,EXT_M2,2026-01-20 04:21:00,2026-01-20 05:05:00
ORD_00918,4,EXT_M5,2026-01-20 06:33:00,2026-01-20 07:12:00
ORD_00918,5,BLD_M6,2026-01-20 07:47:00,2026-01-20 08:29:00
ORD_00918,6,CUR_M4,2026-01-20 10:16:00,2026-01-20 11:41:00
ORD_00918,7,FIN_M3,2026-01-20 11:48:00,2026-01-20 12:10:00
ORD_00918,8,INS_M3,2026-01-20 12:53:00,2026-01-20 13:23:00
ORD_00353,1,MIX_M4,2026-01-18 01:52:00,2026-01-18 02:05:00
ORD_00353,2,CAL_M1,2026-01-18 03:04:00,2026-01-18 03:31:00
ORD_00353,3,EXT_M4,2026-01-18 04:01:00,2026-01-18 04:18:00
ORD_00353,4,BLD_M5,2026-01-18 05:23:00,2026-01-18 06:03:00
ORD_00353,5,CUR_M1,2026-01-18 06:09:00,2026-01-18 06:58:00
ORD_00353,6,FIN_M2,2026-01-18 07:47:00,2026-01-18 08:15:00
ORD_00353,7,INS_M2,2026-01-18 09:13:00,2026-01-18 09:25:00
ORD_00897,1,MIX_M3,2026-01-23 00:23:00,2026-01-23 00:47:00
ORD_00897,2,CAL_M4,2026-01-23 01:16:00,2026-01-23 01:45:00
ORD_00897,3,EXT_M2,2026-01-23 01:58:00,2026-01-23 02:29:00
ORD_00897,4,EXT_M4,2026-01-23 02:47:00,2026-01-23 03:27:00
ORD_00897,5,BLD_M6,2026-01-23 03:38:00,2026-01-23 04:03:00
ORD_00897,6,CUR_M2,2026-01-23 04:10:00,2026-01-23 05:08:00
ORD_00897,7,FIN_M3,2026-01-23 05:55:00,2026-01-23 06:07:00
ORD_00897,8,INS_M1,2026-01-23 06:42:00,2026-01-23 07:01:00
ORD_00977,1,MIX_M4,2026-01-23 00:39:00,2026-01-23 01:06:00
ORD_00977,2,CAL_M4,2026-01-23 01:53:00,2026-01-23 02:36:00
ORD_00977,3,EXT_M2,2026-01-23 03:26:00,2026-01-23 04:04:00
ORD_00977,4,BLD_M4,2026-01-23 04:42:00,2026-01-23 05:16:00
ORD_00977,5,CUR_M5,2026-01-23 05:47:00,2026-01-23 07:15:00
ORD_00977,6,FIN_M2,2026-01-23 07:27:00,2026-01-23 07:57:00
ORD_00977,7,INS_M2,2026-01-23 08:56:00,2026-01-23 09:22:00
ORD_00114,1,MIX_M3,2026-01-19 01:10:00,2026-01-19 01:37:00
ORD_00114,2,CAL_M1,2026-01-19 04:30:00,2026-01-19 04:59:00
ORD_00114,3,EXT_M3,2026-01-19 06:49:00,2026-01-19 07:25:00
ORD_00114,4,BLD_M6,2026-01-19 09:44:00,2026-01-19 10:25:00
ORD_00114,5,CUR_M5,2026-01-19 12:00:00,2026-01-19 13:17:00
ORD_00114,6,FIN_M4,2026-01-19 14:02:00,2026-01-19 14:32:00
ORD_00114,7,INS_M2,2026-01-19 15:10:00,2026-01-19 15:23:00
ORD_00324,1,MIX_M2,2026-01-19 02:59:00,2026-01-19 03:21:00
ORD_00324,2,CAL_M1,2026-01-19 04:59:00,2026-01-19 05:25:00
ORD_00324,3,EXT_M2,2026-01-19 07:45:00,2026-01-19 08:00:00
ORD_00324,4,EXT_M3,2026-01-19 08:06:00,2026-01-19 08:50:00
ORD_00324,5,BLD_M1,2026-01-19 09:23:00,2026-01-19 10:09:00
ORD_00324,6,CUR_M6,2026-01-19 12:03:00,2026-01-19 13:33:00
ORD_00324,7,FIN_M2,2026-01-19 14:24:00,2026-01-19 14:38:00
ORD_00324,8,INS_M1,2026-01-19 14:58:00,2026-01-19 15:17:00
ORD_00407,1,MIX_M3,2026-01-23 00:47:00,2026-01-23 01:12:00
ORD_00407,2,CAL_M1,2026-01-23 01:36:00,2026-01-23 01:54:00
ORD_00407,3,CAL_M3,2026-01-23 02:16:00,2026-01-23 02:59:00
ORD_00407,4,EXT_M3,2026-01-23 03:29:00,2026-01-23 03:51:00
ORD_00407,5,EXT_M1,2026-01-23 03:59:00,2026-01-23 04:21:00
ORD_00407,6,BLD_M5,2026-01-23 04:45:00,2026-01-23 05:35:00
ORD_00407,7,CUR_M2,2026-01-23 06:34:00,2026-01-23 07:19:00
ORD_00407,8,CUR_M8,2026-01-23 07:27:00,2026-01-23 08:11:00
ORD_00407,9,FIN_M2,2026-01-23 09:04:00,2026-01-23 09:18:00
ORD_00407,10,INS_M3,2026-01-23 10:08:00,2026-01-23 10:33:00
ORD_00677,1,MIX_M1,2026-01-19 02:03:00,2026-01-19 02:30:00
ORD_00677,2,CAL_M2,2026-01-19 04:06:00,2026-01-19 04:29:00
ORD_00677,3,EXT_M3,2026-01-19 08:50:00,2026-01-19 09:24:00
ORD_00677,4,EXT_M2,2026-01-19 10:10:00,2026-01-19 10:47:00
ORD_00677,5,BLD_M3,2026-01-19 11:11:00,2026-01-19 11:37:00
ORD_00677,6,CUR_M5,2026-01-19 13:17:00,2026-01-19 14:29:00
ORD_00677,7,FIN_M4,2026-01-19 15:12:00,2026-01-19 15:30:00
ORD_00677,8,INS_M1,2026-01-19 16:07:00,2026-01-19 16:19:00
ORD_00086,1,MIX_M4,2026-01-09 04:04:00,2026-01-09 04:28:00
ORD_00086,2,CAL_M3,2026-01-09 05:41:00,2026-01-09 06:20:00
ORD_00086,3,EXT_M4,2026-01-09 07:24:00,2026-01-09 07:55:00
ORD_00086,4,EXT_M5,2026-01-09 08:07:00,2026-01-09 08:35:00
ORD_00086,5,BLD_M2,2026-01-09 08:49:00,2026-01-09 09:35:00
ORD_00086,6,CUR_M4,2026-01-09 10:47:00,2026-01-09 12:05:00
ORD_00086,7,FIN_M2,2026-01-09 13:03:00,2026-01-09 13:21:00
ORD_00086,8,INS_M1,2026-01-09 13:28:00,2026-01-09 13:58:00
ORD_00304,1,MIX_M1,2026-01-10 03:12:00,2026-01-10 03:29:00
ORD_00304,2,CAL_M4,2026-01-10 05:09:00,2026-01-10 05:38:00
ORD_00304,3,CAL_M2,2026-01-10 07:27:00,2026-01-10 07:53:00
ORD_00304,4,EXT_M3,2026-01-10 09:07:00,2026-01-10 09:51:00
ORD_00304,5,EXT_M3,2026-01-10 09:51:00,2026-01-10 10:18:00
ORD_00304,6,BLD_M4,2026-01-10 10:29:00,2026-01-10 11:13:00
ORD_00304,7,CUR_M6,2026-01-10 11:36:00,2026-01-10 12:59:00
ORD_00304,8,CUR_M1,2026-01-10 13:29:00,2026-01-10 14:59:00
ORD_00304,9,FIN_M3,2026-01-10 15:50:00,2026-01-10 16:02:00
ORD_00304,10,INS_M2,2026-01-10 16:29:00,2026-01-10 16:42:00
ORD_00175,1,MIX_M3,2026-01-19 01:37:00,2026-01-19 02:05:00
ORD_00175,2,CAL_M4,2026-01-19 03:59:00,2026-01-19 04:30:00
ORD_00175,3,EXT_M3,2026-01-19 09:24:00,2026-01-19 09:40:00
ORD_00175,4,BLD_M2,2026-01-19 10:28:00,2026-01-19 11:00:00
ORD_00175,5,CUR_M1,2026-01-19 11:23:00,2026-01-19 12:03:00
ORD_00175,6,FIN_M2,2026-01-19 12:57:00,2026-01-19 13:16:00
ORD_00175,7,INS_M1,2026-01-19 13:51:00,2026-01-19 14:05:00
ORD_00269,1,MIX_M2,2026-01-19 03:21:00,2026-01-19 03:46:00
ORD_00269,2,CAL_M1,2026-01-19 05:25:00,2026-01-19 05:59:00
ORD_00269,3,EXT_M5,2026-01-19 07:27:00,2026-01-19 07:52:00
ORD_00269,4,BLD_M5,2026-01-19 08:28:00,2026-01-19 08:55:00
ORD_00269,5,CUR_M2,2026-01-19 11:33:00,2026-01-19 12:53:00
ORD_00269,6,FIN_M4,2026-01-19 13:15:00,2026-01-19 13:34:00
ORD_00269,7,INS_M3,2026-01-19 14:25:00,2026-01-19 14:48:00
ORD_00700,1,MIX_M4,2026-01-17 01:20:00,2026-01-17 01:39:00
ORD_00700,2,CAL_M3,2026-01-17 06:38:00,2026-01-17 07:16:00
ORD_00700,3,EXT_M5,2026-01-17 09:27:00,2026-01-17 10:09:00
ORD_00700,4,EXT_M2,2026-01-17 11:06:00,2026-01-17 11:31:00
ORD_00700,5,BLD_M1,2026-01-17 12:24:00,2026-01-17 13:02:00
ORD_00700,6,CUR_M3,2026-01-17 15:00:00,2026-01-17 16:02:00
ORD_00700,7,FIN_M3,2026-01-17 17:17:00,2026-01-17 17:47:00
ORD_00700,8,INS_M3,2026-01-17 17:57:00,2026-01-17 18:19:00
ORD_00798,1,MIX_M2,2026-01-20 01:37:00,2026-01-20 01:53:00
ORD_00798,2,CAL_M4,2026-01-20 03:47:00,2026-01-20 04:10:00
ORD_00798,3,CAL_M3,2026-01-20 05:04:00,2026-01-20 05:22:00
ORD_00798,4,EXT_M2,2026-01-20 06:02:00,2026-01-20 06:26:00
ORD_00798,5,EXT_M2,2026-01-20 06:26:00,2026-01-20 06:52:00
ORD_00798,6,BLD_M2,2026-01-20 07:21:00,2026-01-20 07:50:00
ORD_00798,7,CUR_M1,2026-01-20 08:01:00,2026-01-20 09:26:00
ORD_00798,8,CUR_M3,2026-01-20 09:52:00,2026-01-20 10:49:00
ORD_00798,9,FIN_M1,2026-01-20 11:25:00,2026-01-20 11:36:00
ORD_00798,10,INS_M3,2026-01-20 12:02:00,2026-01-20 12:21:00
ORD_00163,1,MIX_M3,2026-01-17 00:22:00,2026-01-17 00:32:00
ORD_00163,2,CAL_M1,2026-01-17 05:29:00,2026-01-17 06:13:00
ORD_00163,3,EXT_M5,2026-01-17 11:00:00,2026-01-17 11:38:00
ORD_00163,4,EXT_M4,2026-01-17 11:55:00,2026-01-17 12:36:00
ORD_00163,5,BLD_M3,2026-01-17 12:55:00,2026-01-17 13:39:00
ORD_00163,6,CUR_M4,2026-01-17 14:33:00,2026-01-17 15:51:00
ORD_00163,7,FIN_M3,2026-01-17 16:06:00,2026-01-17 16:23:00
ORD_00163,8,INS_M3,2026-01-17 17:09:00,2026-01-17 17:25:00
ORD_00955,1,MIX_M4,2026-01-15 03:25:00,2026-01-15 03:49:00
ORD_00955,2,CAL_M1,2026-01-15 08:32:00,2026-01-15 09:15:00
ORD_00955,3,EXT_M1,2026-01-15 09:41:00,2026-01-15 10:06:00
ORD_00955,4,BLD_M5,2026-01-15 11:22:00,2026-01-15 11:46:00
ORD_00955,5,CUR_M2,2026-01-15 12:59:00,2026-01-15 13:47:00
ORD_00955,6,FIN_M3,2026-01-15 14:26:00,2026-01-15 14:55:00
ORD_00955,7,INS_M3,2026-01-15 15:44:00,2026-01-15 16:12:00
ORD_00066,1,MIX_M2,2026-01-20 01:53:00,2026-01-20 02:11:00
ORD_00066,2,CAL_M4,2026-01-20 04:10:00,2026-01-20 04:55:00
ORD_00066,3,EXT_M2,2026-01-20 06:52:00,2026-01-20 07:36:00
ORD_00066,4,EXT_M5,2026-01-20 08:28:00,2026-01-20 09:07:00
ORD_00066,5,BLD_M6,2026-01-20 09:17:00,2026-01-20 09:59:00
ORD_00066,6,CUR_M4,2026-01-20 11:41:00,2026-01-20 13:06:00
ORD_00066,7,FIN_M3,2026-01-20 13:37:00,2026-01-20 13:59:00
ORD_00066,8,INS_M3,2026-01-20 14:56:00,2026-01-20 15:26:00
ORD_00860,1,MIX_M4,2026-01-11 02:56:00,2026-01-11 03:23:00
ORD_00860,2,CAL_M4,2026-01-11 04:55:00,2026-01-11 05:38:00
ORD_00860,3,EXT_M2,2026-01-11 07:44:00,2026-01-11 08:22:00
ORD_00860,4,BLD_M4,2026-01-11 10:45:00,2026-01-11 11:19:00
ORD_00860,5,CUR_M5,2026-01-11 11:27:00,2026-01-11 12:55:00
ORD_00860,6,FIN_M2,2026-01-11 13:10:00,2026-01-11 13:40:00
ORD_00860,7,INS_M2,2026-01-11 14:55:00,2026-01-11 15:21:00
ORD_00256,1,MIX_M1,2026-01-19 02:30:00,2026-01-19 02:54:00
ORD_00256,2,CAL_M1,2026-01-19 05:59:00,2026-01-19 06:18:00
ORD_00256,3,EXT_M2,2026-01-19 08:00:00,2026-01-19 08:42:00
ORD_00256,4,BLD_M6,2026-01-19 10:25:00,2026-01-19 11:08:00
ORD_00256,5,CUR_M7,2026-01-19 12:07:00,2026-01-19 13:22:00
ORD_00256,6,FIN_M3,2026-01-19 13:39:00,2026-01-19 13:51:00
ORD_00256,7,INS_M2,2026-01-19 14:48:00,2026-01-19 14:58:00
ORD_00148,1,MIX_M4,2026-01-20 01:23:00,2026-01-20 01:44:00
ORD_00148,2,CAL_M1,2026-01-20 04:14:00,2026-01-20 04:51:00
ORD_00148,3,EXT_M5,2026-01-20 07:12:00,2026-01-20 07:54:00
ORD_00148,4,BLD_M1,2026-01-20 08:21:00,2026-01-20 08:50:00
ORD_00148,5,CUR_M2,2026-01-20 09:32:00,2026-01-20 11:00:00
ORD_00148,6,FIN_M2,2026-01-20 11:55:00,2026-01-20 12:13:00
ORD_00148,7,INS_M2,2026-01-20 12:53:00,2026-01-20 13:19:00
ORD_00195,1,MIX_M3,2026-01-23 00:00:00,2026-01-23 00:10:00
ORD_00195,2,CAL_M1,2026-01-23 00:21:00,2026-01-23 01:05:00
ORD_00195,3,EXT_M5,2026-01-23 01:36:00,2026-01-23 02:14:00
ORD_00195,4,EXT_M4,2026-01-23 03:27:00,2026-01-23 04:08:00
ORD_00195,5,BLD_M3,2026-01-23 04:08:00,2026-01-23 04:52:00
ORD_00195,6,CUR_M4,2026-01-23 05:03:00,2026-01-23 06:21:00
ORD_00195,7,FIN_M3,2026-01-23 07:18:00,2026-01-23 07:35:00
ORD_00195,8,INS_M3,2026-01-23 07:51:00,2026-01-23 08:07:00
ORD_00015,1,MIX_M1,2026-01-13 05:03:00,2026-01-13 05:14:00
ORD_00015,2,CAL_M2,2026-01-13 07:29:00,2026-01-13 07:58:00
ORD_00015,3,EXT_M4,2026-01-13 10:01:00,2026-01-13 10:31:00
ORD_00015,4,BLD_M4,2026-01-13 11:19:00,2026-01-13 11:45:00
ORD_00015,5,CUR_M6,2026-01-13 14:00:00,2026-01-13 15:18:00
ORD_00015,6,FIN_M2,2026-01-13 16:00:00,2026-01-13 16:20:00
ORD_00015,7,INS_M3,2026-01-13 17:20:00,2026-01-13 17:40:00
ORD_00900,1,MIX_M1,2026-01-21 01:16:00,2026-01-21 01:36:00
ORD_00900,2,CAL_M2,2026-01-21 02:53:00,2026-01-21 03:27:00
ORD_00900,3,EXT_M4,2026-01-21 04:20:00,2026-01-21 04:39:00
ORD_00900,4,EXT_M2,2026-01-21 05:35:00,2026-01-21 05:55:00
ORD_00900,5,BLD_M6,2026-01-21 06:01:00,2026-01-21 06:45:00
ORD_00900,6,CUR_M3,2026-01-21 07:23:00,2026-01-21 08:49:00
ORD_00900,7,FIN_M4,2026-01-21 09:16:00,2026-01-21 09:27:00
ORD_00900,8,INS_M2,2026-01-21 10:29:00,2026-01-21 10:50:00
ORD_00160,1,MIX_M4,2026-01-16 02:28:00,2026-01-16 02:40:00
ORD_00160,2,CAL_M2,2026-01-16 04:53:00,2026-01-16 05:37:00
ORD_00160,3,EXT_M3,2026-01-16 06:57:00,2026-01-16 07:37:00
ORD_00160,4,BLD_M6,2026-01-16 08:17:00,2026-01-16 08:55:00
ORD_00160,5,CUR_M4,2026-01-16 12:16:00,2026-01-16 13:23:00
ORD_00160,6,FIN_M1,2026-01-16 13:40:00,2026-01-16 14:07:00
ORD_00160,7,INS_M1,2026-01-16 14:31:00,2026-01-16 15:01:00
ORD_00997,1,MIX_M4,2026-01-16 00:07:00,2026-01-16 00:19:00
ORD_00997,2,CAL_M2,2026-01-16 00:56:00,2026-01-16 01:27:00
ORD_00997,3,CAL_M3,2026-01-16 05:50:00,2026-01-16 06:17:00
ORD_00997,4,EXT_M3,2026-01-16 07:37:00,2026-01-16 08:12:00
ORD_00997,5,EXT_M3,2026-01-16 08:12:00,2026-01-16 08:34:00
ORD_00997,6,BLD_M1,2026-01-16 09:24:00,2026-01-16 09:44:00
ORD_00997,7,CUR_M3,2026-01-16 12:02:00,2026-01-16 13:13:00
ORD_00997,8,CUR_M7,2026-01-16 13:36:00,2026-01-16 14:51:00
ORD_00997,9,FIN_M1,2026-01-16 15:44:00,2026-01-16 16:02:00
ORD_00997,10,INS_M2,2026-01-16 16:32:00,2026-01-16 16:56:00
ORD_00577,1,MIX_M2,2026-01-24 00:43:00,2026-01-24 01:11:00
ORD_00577,2,CAL_M3,2026-01-24 01:24:00,2026-01-24 01:39:00
ORD_00577,3,EXT_M2,2026-01-24 02:23:00,2026-01-24 02:46:00
ORD_00577,4,EXT_M1,2026-01-24 03:22:00,2026-01-24 03:41:00
ORD_00577,5,BLD_M6,2026-01-24 03:50:00,2026-01-24 04:23:00
ORD_00577,6,CUR_M2,2026-01-24 05:14:00,2026-01-24 06:41:00
ORD_00577,7,FIN_M1,2026-01-24 07:00:00,2026-01-24 07:25:00
ORD_00577,8,INS_M2,2026-01-24 08:00:00,2026-01-24 08:21:00
ORD_00418,1,MIX_M1,2026-01-21 01:36:00,2026-01-21 02:06:00
ORD_00418,2,CAL_M4,2026-01-21 02:35:00,2026-01-21 03:01:00
ORD_00418,3,EXT_M5,2026-01-21 04:00:00,2026-01-21 04:40:00
ORD_00418,4,BLD_M6,2026-01-21 05:17:00,2026-01-21 05:58:00
ORD_00418,5,CUR_M3,2026-01-21 08:49:00,2026-01-21 09:30:00
ORD_00418,6,FIN_M2,2026-01-21 09:39:00,2026-01-21 10:08:00
ORD_00418,7,INS_M3,2026-01-21 10:37:00,2026-01-21 11:01:00
ORD_00471,1,MIX_M2,2026-01-21 01:21:00,2026-01-21 01:37:00
ORD_00471,2,CAL_M2,2026-01-21 03:27:00,2026-01-21 04:07:00
ORD_00471,3,EXT_M5,2026-01-21 04:49:00,2026-01-21 05:32:00
ORD_00471,4,BLD_M3,2026-01-21 05:53:00,2026-01-21 06:29:00
ORD_00471,5,CUR_M5,2026-01-21 07:03:00,2026-01-21 07:53:00
ORD_00471,6,FIN_M3,2026-01-21 08:32:00,2026-01-21 08:57:00
ORD_00471,7,INS_M2,2026-01-21 09:07:00,2026-01-21 09:27:00
ORD_00127,1,MIX_M2,2026-01-20 02:11:00,2026-01-20 02:29:00
ORD_00127,2,CAL_M2,2026-01-20 03:12:00,2026-01-20 03:29:00
ORD_00127,3,EXT_M1,2026-01-20 04:27:00,2026-01-20 04:47:00
ORD_00127,4,EXT_M3,2026-01-20 05:35:00,2026-01-20 06:09:00
ORD_00127,5,BLD_M6,2026-01-20 06:57:00,2026-01-20 07:43:00
ORD_00127,6,CUR_M5,2026-01-20 08:42:00,2026-01-20 09:50:00
ORD_00127,7,FIN_M1,2026-01-20 10:40:00,2026-01-20 11:04:00
ORD_00127,8,INS_M3,2026-01-20 12:21:00,2026-01-20 12:40:00
ORD_00458,1,MIX_M4,2026-01-18 02:05:00,2026-01-18 02:26:00
ORD_00458,2,CAL_M1,2026-01-18 03:31:00,2026-01-18 04:08:00
ORD_00458,3,EXT_M5,2026-01-18 04:44:00,2026-01-18 05:26:00
ORD_00458,4,BLD_M1,2026-01-18 05:41:00,2026-01-18 06:10:00
ORD_00458,5,CUR_M2,2026-01-18 06:52:00,2026-01-18 08:20:00
ORD_00458,6,FIN_M2,2026-01-18 09:14:00,2026-01-18 09:32:00
ORD_00458,7,INS_M2,2026-01-18 09:46:00,2026-01-18 10:12:00
ORD_00449,1,MIX_M1,2026-01-18 02:18:00,2026-01-18 02:48:00
ORD_00449,2,CAL_M1,2026-01-18 04:08:00,2026-01-18 04:30:00
ORD_00449,3,EXT_M1,2026-01-18 05:06:00,2026-01-18 05:49:00
ORD_00449,4,BLD_M1,2026-01-18 08:23:00,2026-01-18 09:10:00
ORD_00449,5,CUR_M6,2026-01-18 09:57:00,2026-01-18 10:41:00
ORD_00449,6,FIN_M2,2026-01-18 11:03:00,2026-01-18 11:21:00
ORD_00449,7,INS_M3,2026-01-18 11:45:00,2026-01-18 12:10:00
ORD_00282,1,MIX_M2,2026-01-21 00:19:00,2026-01-21 00:35:00
ORD_00282,2,CAL_M4,2026-01-21 01:49:00,2026-01-21 02:12:00
ORD_00282,3,CAL_M3,2026-01-21 03:41:00,2026-01-21 03:59:00
ORD_00282,4,EXT_M2,2026-01-21 04:24:00,2026-01-21 04:48:00
ORD_00282,5,EXT_M2,2026-01-21 04:48:00,2026-01-21 05:14:00
ORD_00282,6,BLD_M2,2026-01-21 05:14:00,2026-01-21 05:43:00
ORD_00282,7,CUR_M1,2026-01-21 05:43:00,2026-01-21 07:08:00
ORD_00282,8,CUR_M3,2026-01-21 09:30:00,2026-01-21 10:27:00
ORD_00282,9,FIN_M1,2026-01-21 10:38:00,2026-01-21 10:49:00
ORD_00282,10,INS_M3,2026-01-21 11:23:00,2026-01-21 11:42:00
ORD_00547,1,MIX_M1,2026-01-19 02:54:00,2026-01-19 03:09:00
ORD_00547,2,CAL_M4,2026-01-19 04:30:00,2026-01-19 04:59:00
ORD_00547,3,EXT_M5,2026-01-19 07:52:00,2026-01-19 08:31:00
ORD_00547,4,BLD_M5,2026-01-19 09:16:00,2026-01-19 09:50:00
ORD_00547,5,CUR_M6,2026-01-19 13:33:00,2026-01-19 14:53:00
ORD_00547,6,FIN_M3,2026-01-19 15:43:00,2026-01-19 15:57:00
ORD_00547,7,INS_M2,2026-01-19 16:12:00,2026-01-19 16:24:00
ORD_00403,1,MIX_M1,2026-01-22 01:04:00,2026-01-22 01:27:00
ORD_00403,2,CAL_M2,2026-01-22 02:11:00,2026-01-22 02:43:00
ORD_00403,3,EXT_M3,2026-01-22 03:39:00,2026-01-22 04:04:00
ORD_00403,4,BLD_M1,2026-01-22 04:47:00,2026-01-22 05:09:00
ORD_00403,5,CUR_M6,2026-01-22 06:45:00,2026-01-22 08:07:00
ORD_00403,6,FIN_M3,2026-01-22 08:54:00,2026-01-22 09:13:00
ORD_00403,7,INS_M2,2026-01-22 09:33:00,2026-01-22 10:02:00
ORD_00079,1,MIX_M1,2026-01-23 00:24:00,2026-01-23 00:39:00
ORD_00079,2,CAL_M4,2026-01-23 00:39:00,2026-01-23 01:08:00
ORD_00079,3,EXT_M5,2026-01-23 02:14:00,2026-01-23 02:53:00
ORD_00079,4,BLD_M5,2026-01-23 02:53:00,2026-01-23 03:27:00
ORD_00079,5,CUR_M6,2026-01-23 04:13:00,2026-01-23 05:33:00
ORD_00079,6,FIN_M3,2026-01-23 06:07:00,2026-01-23 06:21:00
ORD_00079,7,INS_M2,2026-01-23 07:10:00,2026-01-23 07:22:00
ORD_00096,1,MIX_M2,2026-01-22 00:15:00,2026-01-22 00:45:00
ORD_00096,2,CAL_M1,2026-01-22 01:36:00,2026-01-22 02:15:00
ORD_00096,3,EXT_M5,2026-01-22 04:24:00,2026-01-22 05:02:00
ORD_00096,4,EXT_M3,2026-01-22 05:58:00,2026-01-22 06:17:00
ORD_00096,5,BLD_M1,2026-01-22 06:26:00,2026-01-22 06:57:00
ORD_00096,6,CUR_M6,2026-01-22 08:07:00,2026-01-22 09:28:00
ORD_00096,7,FIN_M2,2026-01-22 10:24:00,2026-01-22 10:48:00
ORD_00096,8,INS_M3,2026-01-22 11:20:00,2026-01-22 11:45:00
ORD_00469,1,MIX_M2,2026-01-17 04:42:00,2026-01-17 04:56:00
ORD_00469,2,CAL_M1,2026-01-17 06:13:00,2026-01-17 06:29:00
ORD_00469,3,EXT_M3,2026-01-17 07:54:00,2026-01-17 08:39:00
ORD_00469,4,BLD_M4,2026-01-17 09:52:00,2026-01-17 10:39:00
ORD_00469,5,CUR_M7,2026-01-17 11:55:00,2026-01-17 12:50:00
ORD_00469,6,FIN_M2,2026-01-17 13:04:00,2026-01-17 13:24:00
ORD_00469,7,INS_M3,2026-01-17 14:44:00,2026-01-17 15:04:00
ORD_00555,1,MIX_M4,2026-01-18 00:13:00,2026-01-18 00:32:00
ORD_00555,2,CAL_M3,2026-01-18 05:36:00,2026-01-18 06:14:00
ORD_00555,3,EXT_M5,2026-01-18 07:02:00,2026-01-18 07:44:00
ORD_00555,4,EXT_M2,2026-01-18 08:24:00,2026-01-18 08:49:00
ORD_00555,5,BLD_M1,2026-01-18 09:47:00,2026-01-18 10:25:00
ORD_00555,6,CUR_M3,2026-01-18 11:29:00,2026-01-18 12:31:00
ORD_00555,7,FIN_M3,2026-01-18 12:54:00,2026-01-18 13:24:00
ORD_00555,8,INS_M3,2026-01-18 13:52:00,2026-01-18 14:14:00
ORD_00494,1,MIX_M3,2026-01-21 00:30:00,2026-01-21 00:44:00
ORD_00494,2,CAL_M1,2026-01-21 01:33:00,2026-01-21 01:56:00
ORD_00494,3,EXT_M2,2026-01-21 02:08:00,2026-01-21 02:27:00
ORD_00494,4,BLD_M5,2026-01-21 02:48:00,2026-01-21 03:16:00
ORD_00494,5,CUR_M3,2026-01-21 03:34:00,2026-01-21 04:21:00
ORD_00494,6,FIN_M1,2026-01-21 04:27:00,2026-01-21 04:41:00
ORD_00494,7,INS_M1,2026-01-21 05:03:00,2026-01-21 05:24:00
ORD_00339,1,MIX_M1,2026-01-19 03:09:00,2026-01-19 03:24:00
ORD_00339,2,CAL_M4,2026-01-19 04:59:00,2026-01-19 05:28:00
ORD_00339,3,EXT_M5,2026-01-19 08:31:00,2026-01-19 09:10:00
ORD_00339,4,BLD_M5,2026-01-19 09:50:00,2026-01-19 10:24:00
ORD_00339,5,CUR_M6,2026-01-19 14:53:00,2026-01-19 16:13:00
ORD_00339,6,FIN_M3,2026-01-19 16:44:00,2026-01-19 16:58:00
ORD_00339,7,INS_M2,2026-01-19 16:58:00,2026-01-19 17:10:00
ORD_00497,1,MIX_M2,2026-01-21 00:35:00,2026-01-21 00:51:00
ORD_00497,2,CAL_M4,2026-01-21 02:12:00,2026-01-21 02:35:00
ORD_00497,3,CAL_M3,2026-01-21 03:59:00,2026-01-21 04:17:00
ORD_00497,4,EXT_M2,2026-01-21 05:55:00,2026-01-21 06:19:00
ORD_00497,5,EXT_M2,2026-01-21 06:19:00,2026-01-21 06:45:00
ORD_00497,6,BLD_M2,2026-01-21 06:45:00,2026-01-21 07:14:00
ORD_00497,7,CUR_M1,2026-01-21 10:57:00,2026-01-21 12:22:00
ORD_00497,8,CUR_M3,2026-01-21 13:11:00,2026-01-21 14:08:00
ORD_00497,9,FIN_M1,2026-01-21 14:46:00,2026-01-21 14:57:00
ORD_00497,10,INS_M3,2026-01-21 15:23:00,2026-01-21 15:42:00
ORD_00357,1,MIX_M1,2026-01-20 01:22:00,2026-01-20 01:33:00
ORD_00357,2,CAL_M3,2026-01-20 03:21:00,2026-01-20 03:43:00
ORD_00357,3,EXT_M2,2026-01-20 07:36:00,2026-01-20 08:16:00
ORD_00357,4,BLD_M5,2026-01-20 09:07:00,2026-01-20 09:33:00
ORD_00357,5,CUR_M2,2026-01-20 11:00:00,2026-01-20 12:28:00
ORD_00357,6,FIN_M2,2026-01-20 13:23:00,2026-01-20 13:51:00
ORD_00357,7,INS_M1,2026-01-20 14:05:00,2026-01-20 14:22:00
ORD_00416,1,MIX_M1,2026-01-24 00:14:00,2026-01-24 00:31:00
ORD_00416,2,CAL_M4,2026-01-24 01:06:00,2026-01-24 01:35:00
ORD_00416,3,CAL_M2,2026-01-24 02:01:00,2026-01-24 02:27:00
ORD_00416,4,EXT_M3,2026-01-24 02:58:00,2026-01-24 03:42:00
ORD_00416,5,EXT_M3,2026-01-24 03:42:00,2026-01-24 04:09:00
ORD_00416,6,BLD_M4,2026-01-24 04:35:00,2026-01-24 05:19:00
ORD_00416,7,CUR_M6,2026-01-24 05:30:00,2026-01-24 06:53:00
ORD_00416,8,CUR_M1,2026-01-24 07:39:00,2026-01-24 09:09:00
ORD_00416,9,FIN_M3,2026-01-24 09:22:00,2026-01-24 09:34:00
ORD_00416,10,INS_M2,2026-01-24 10:01:00,2026-01-24 10:14:00
ORD_00845,1,MIX_M4,2026-01-14 02:55:00,2026-01-14 03:22:00
ORD_00845,2,CAL_M3,2026-01-14 05:27:00,2026-01-14 06:08:00
ORD_00845,3,EXT_M5,2026-01-14 07:44:00,2026-01-14 08:20:00
ORD_00845,4,BLD_M5,2026-01-14 08:44:00,2026-01-14 09:07:00
ORD_00845,5,CUR_M3,2026-01-14 14:06:00,2026-01-14 14:52:00
ORD_00845,6,FIN_M4,2026-01-14 15:16:00,2026-01-14 15:37:00
ORD_00845,7,INS_M2,2026-01-14 16:05:00,2026-01-14 16:32:00
ORD_00235,1,MIX_M1,2026-01-23 00:53:00,2026-01-23 01:04:00
ORD_00235,2,CAL_M2,2026-01-23 01:53:00,2026-01-23 02:22:00
ORD_00235,3,EXT_M4,2026-01-23 04:08:00,2026-01-23 04:38:00
ORD_00235,4,BLD_M4,2026-01-23 05:16:00,2026-01-23 05:42:00
ORD_00235,5,CUR_M6,2026-01-23 06:26:00,2026-01-23 07:44:00
ORD_00235,6,FIN_M2,2026-01-23 07:59:00,2026-01-23 08:19:00
ORD_00235,7,INS_M3,2026-01-23 08:35:00,2026-01-23 08:55:00
ORD_00462,1,MIX_M4,2026-01-23 01:06:00,2026-01-23 01:32:00
ORD_00462,2,CAL_M1,2026-01-23 02:22:00,2026-01-23 02:49:00
ORD_00462,3,EXT_M3,2026-01-23 03:51:00,2026-01-23 04:29:00
ORD_00462,4,BLD_M3,2026-01-23 04:59:00,2026-01-23 05:26:00
ORD_00462,5,CUR_M6,2026-01-23 07:44:00,2026-01-23 09:13:00
ORD_00462,6,FIN_M2,2026-01-23 09:31:00,2026-01-23 09:43:00
ORD_00462,7,INS_M3,2026-01-23 10:33:00,2026-01-23 11:03:00
ORD_00076,1,MIX_M1,2026-01-19 03:24:00,2026-01-19 03:35:00
ORD_00076,2,CAL_M2,2026-01-19 04:29:00,2026-01-19 04:58:00
ORD_00076,3,EXT_M4,2026-01-19 06:31:00,2026-01-19 07:01:00
ORD_00076,4,BLD_M4,2026-01-19 08:07:00,2026-01-19 08:33:00
ORD_00076,5,CUR_M6,2026-01-19 16:13:00,2026-01-19 17:31:00
ORD_00076,6,FIN_M2,2026-01-19 17:57:00,2026-01-19 18:17:00
ORD_00076,7,INS_M3,2026-01-19 19:10:00,2026-01-19 19:30:00
ORD_00856,1,MIX_M4,2026-01-22 00:34:00,2026-01-22 01:01:00
ORD_00856,2,CAL_M3,2026-01-22 02:05:00,2026-01-22 02:46:00
ORD_00856,3,EXT_M5,2026-01-22 05:02:00,2026-01-22 05:38:00
ORD_00856,4,BLD_M5,2026-01-22 05:38:00,2026-01-22 06:01:00
ORD_00856,5,CUR_M3,2026-01-22 06:01:00,2026-01-22 06:47:00
ORD_00856,6,FIN_M4,2026-01-22 06:47:00,2026-01-22 07:08:00
ORD_00856,7,INS_M2,2026-01-22 07:08:00,2026-01-22 07:35:00
ORD_00083,1,MIX_M1,2026-01-21 02:06:00,2026-01-21 02:17:00
ORD_00083,2,CAL_M2,2026-01-21 04:07:00,2026-01-21 04:36:00
ORD_00083,3,EXT_M4,2026-01-21 04:39:00,2026-01-21 05:09:00
ORD_00083,4,BLD_M4,2026-01-21 05:09:00,2026-01-21 05:35:00
ORD_00083,5,CUR_M6,2026-01-21 10:24:00,2026-01-21 11:42:00
ORD_00083,6,FIN_M2,2026-01-21 11:42:00,2026-01-21 12:02:00
ORD_00083,7,INS_M3,2026-01-21 12:06:00,2026-01-21 12:26:00
ORD_00450,1,MIX_M3,2026-01-19 02:05:00,2026-01-19 02:17:00
ORD_00450,2,CAL_M3,2026-01-19 03:04:00,2026-01-19 03:47:00
ORD_00450,3,EXT_M3,2026-01-19 09:40:00,2026-01-19 10:22:00
ORD_00450,4,BLD_M2,2026-01-19 11:07:00,2026-01-19 11:49:00
ORD_00450,5,CUR_M3,2026-01-19 12:47:00,2026-01-19 14:17:00
ORD_00450,6,FIN_M3,2026-01-19 14:49:00,2026-01-19 15:15:00
ORD_00450,7,INS_M1,2026-01-19 15:24:00,2026-01-19 15:37:00
ORD_00543,1,MIX_M2,2026-01-21 01:37:00,2026-01-21 01:51:00
ORD_00543,2,CAL_M1,2026-01-21 02:46:00,2026-01-21 03:02:00
ORD_00543,3,EXT_M3,2026-01-21 05:48:00,2026-01-21 06:33:00
ORD_00543,4,BLD_M4,2026-01-21 07:23:00,2026-01-21 08:10:00
ORD_00543,5,CUR_M7,2026-01-21 08:33:00,2026-01-21 09:28:00
ORD_00543,6,FIN_M2,2026-01-21 10:08:00,2026-01-21 10:28:00
ORD_00543,7,INS_M3,2026-01-21 11:01:00,2026-01-21 11:21:00
ORD_00709,1,MIX_M2,2026-01-20 02:29:00,2026-01-20 02:52:00
ORD_00709,2,CAL_M1,2026-01-20 04:51:00,2026-01-20 05:36:00
ORD_00709,3,EXT_M2,2026-01-20 08:16:00,2026-01-20 08:57:00
ORD_00709,4,EXT_M4,2026-01-20 09:51:00,2026-01-20 10:34:00
ORD_00709,5,BLD_M3,2026-01-20 11:32:00,2026-01-20 12:21:00
ORD_00709,6,CUR_M1,2026-01-20 12:47:00,2026-01-20 13:53:00
ORD_00709,7,FIN_M1,2026-01-20 14:47:00,2026-01-20 15:09:00
ORD_00709,8,INS_M3,2026-01-20 16:08:00,2026-01-20 16:29:00
ORD_00188,1,MIX_M1,2026-01-12 03:25:00,2026-01-12 03:55:00
ORD_00188,2,CAL_M2,2026-01-12 06:31:00,2026-01-12 07:08:00
ORD_00188,3,EXT_M2,2026-01-12 09:27:00,2026-01-12 09:51:00
ORD_00188,4,BLD_M4,2026-01-12 10:02:00,2026-01-12 10:22:00
ORD_00188,5,CUR_M6,2026-01-12 16:42:00,2026-01-12 17:37:00
ORD_00188,6,FIN_M4,2026-01-12 17:42:00,2026-01-12 17:57:00
ORD_00188,7,INS_M3,2026-01-12 18:42:00,2026-01-12 18:54:00
ORD_00016,1,MIX_M3,2026-01-20 00:56:00,2026-01-20 01:24:00
ORD_00016,2,CAL_M4,2026-01-20 04:55:00,2026-01-20 05:26:00
ORD_00016,3,EXT_M3,2026-01-20 06:24:00,2026-01-20 06:40:00
ORD_00016,4,BLD_M2,2026-01-20 07:50:00,2026-01-20 08:22:00
ORD_00016,5,CUR_M1,2026-01-20 09:26:00,2026-01-20 10:06:00
ORD_00016,6,FIN_M2,2026-01-20 10:37:00,2026-01-20 10:56:00
ORD_00016,7,INS_M1,2026-01-20 11:37:00,2026-01-20 11:51:00
ORD_00565,1,MIX_M2,2026-01-24 00:08:00,2026-01-24 00:22:00
ORD_00565,2,CAL_M1,2026-01-24 01:09:00,2026-01-24 01:25:00
ORD_00565,3,EXT_M3,2026-01-24 01:44:00,2026-01-24 02:29:00
ORD_00565,4,BLD_M4,2026-01-24 02:55:00,2026-01-24 03:42:00
ORD_00565,5,CUR_M7,2026-01-24 03:42:00,2026-01-24 04:37:00
ORD_00565,6,FIN_M2,2026-01-24 05:26:00,2026-01-24 05:46:00
ORD_00565,7,INS_M3,2026-01-24 06:16:00,2026-01-24 06:36:00
ORD_00144,1,MIX_M1,2026-01-22 01:27:00,2026-01-22 01:57:00
ORD_00144,2,CAL_M1,2026-01-22 02:47:00,2026-01-22 03:09:00
ORD_00144,3,EXT_M1,2026-01-22 03:09:00,2026-01-22 03:52:00
ORD_00144,4,BLD_M1,2026-01-22 05:09:00,2026-01-22 05:56:00
ORD_00144,5,CUR_M6,2026-01-22 09:28:00,2026-01-22 10:12:00
ORD_00144,6,FIN_M2,2026-01-22 10:48:00,2026-01-22 11:06:00
ORD_00144,7,INS_M3,2026-01-22 12:03:00,2026-01-22 12:28:00
ORD_00903,1,MIX_M1,2026-01-19 03:35:00,2026-01-19 03:48:00
ORD_00903,2,CAL_M3,2026-01-19 04:55:00,2026-01-19 05:34:00
ORD_00903,3,EXT_M3,2026-01-19 10:22:00,2026-01-19 10:40:00
ORD_00903,4,EXT_M3,2026-01-19 10:40:00,2026-01-19 11:08:00
ORD_00903,5,BLD_M2,2026-01-19 11:49:00,2026-01-19 12:23:00
ORD_00903,6,CUR_M1,2026-01-19 13:20:00,2026-01-19 14:46:00
ORD_00903,7,FIN_M3,2026-01-19 15:57:00,2026-01-19 16:23:00
ORD_00903,8,INS_M1,2026-01-19 16:33:00,2026-01-19 16:59:00
ORD_00273,1,MIX_M4,2026-01-21 00:56:00,2026-01-21 01:12:00
ORD_00273,2,CAL_M2,2026-01-21 04:36:00,2026-01-21 05:18:00
ORD_00273,3,EXT_M1,2026-01-21 06:02:00,2026-01-21 06:25:00
ORD_00273,4,EXT_M4,2026-01-21 06:43:00,2026-01-21 07:08:00
ORD_00273,5,BLD_M5,2026-01-21 07:53:00,2026-01-21 08:21:00
ORD_00273,6,CUR_M1,2026-01-21 12:22:00,2026-01-21 13:20:00
ORD_00273,7,FIN_M3,2026-01-21 13:34:00,2026-01-21 14:02:00
ORD_00273,8,INS_M3,2026-01-21 14:13:00,2026-01-21 14:38:00
ORD_00288,1,MIX_M4,2026-01-21 01:12:00,2026-01-21 01:39:00
ORD_00288,2,CAL_M2,2026-01-21 05:18:00,2026-01-21 05:48:00
ORD_00288,3,CAL_M2,2026-01-21 05:48:00,2026-01-21 06:11:00
ORD_00288,4,EXT_M4,2026-01-21 07:08:00,2026-01-21 07:38:00
ORD_00288,5,EXT_M1,2026-01-21 08:14:00,2026-01-21 08:41:00
ORD_00288,6,BLD_M3,2026-01-21 09:15:00,2026-01-21 09:56:00
ORD_00288,7,CUR_M7,2026-01-21 10:06:00,2026-01-21 11:32:00
ORD_00288,8,CUR_M3,2026-01-21 11:40:00,2026-01-21 12:49:00
ORD_00288,9,FIN_M2,2026-01-21 13:20:00,2026-01-21 13:49:00
ORD_00288,10,INS_M3,2026-01-21 14:38:00,2026-01-21 14:48:00
ORD_00744,1,MIX_M1,2026-01-22 01:57:00,2026-01-22 02:24:00
ORD_00744,2,CAL_M2,2026-01-22 03:08:00,2026-01-22 03:31:00
ORD_00744,3,EXT_M3,2026-01-22 04:19:00,2026-01-22 04:53:00
ORD_00744,4,EXT_M2,2026-01-22 05:14:00,2026-01-22 05:51:00
ORD_00744,5,BLD_M3,2026-01-22 06:44:00,2026-01-22 07:10:00
ORD_00744,6,CUR_M5,2026-01-22 07:38:00,2026-01-22 08:50:00
ORD_00744,7,FIN_M4,2026-01-22 09:44:00,2026-01-22 10:02:00
ORD_00744,8,INS_M1,2026-01-22 10:07:00,2026-01-22 10:19:00
ORD_00501,1,MIX_M3,2026-01-19 02:17:00,2026-01-19 02:45:00
ORD_00501,2,CAL_M4,2026-01-19 05:28:00,2026-01-19 05:59:00
ORD_00501,3,EXT_M3,2026-01-19 11:08:00,2026-01-19 11:24:00
ORD_00501,4,BLD_M2,2026-01-19 12:23:00,2026-01-19 12:55:00
ORD_00501,5,CUR_M1,2026-01-19 14:46:00,2026-01-19 15:26:00
ORD_00501,6,FIN_M2,2026-01-19 15:50:00,2026-01-19 16:09:00
ORD_00501,7,INS_M1,2026-01-19 16:59:00,2026-01-19 17:13:00
ORD_00795,1,MIX_M3,2026-01-19 02:45:00,2026-01-19 03:03:00
ORD_00795,2,CAL_M3,2026-01-19 03:47:00,2026-01-19 04:10:00
ORD_00795,3,CAL_M3,2026-01-19 05:34:00,2026-01-19 06:06:00
ORD_00795,4,EXT_M1,2026-01-19 06:25:00,2026-01-19 06:56:00
ORD_00795,5,EXT_M2,2026-01-19 08:42:00,2026-01-19 08:59:00
ORD_00795,6,BLD_M2,2026-01-19 12:55:00,2026-01-19 13:38:00
ORD_00795,7,CUR_M7,2026-01-19 14:35:00,2026-01-19 15:46:00
ORD_00795,8,CUR_M4,2026-01-19 16:04:00,2026-01-19 17:28:00
ORD_00795,9,FIN_M4,2026-01-19 17:57:00,2026-01-19 18:27:00
ORD_00795,10,INS_M3,2026-01-19 19:30:00,2026-01-19 19:55:00
ORD_00495,1,MIX_M2,2026-01-23 00:00:00,2026-01-23 00:14:00
ORD_00495,2,CAL_M1,2026-01-23 01:05:00,2026-01-23 01:21:00
ORD_00495,3,EXT_M3,2026-01-23 01:40:00,2026-01-23 02:25:00
ORD_00495,4,BLD_M4,2026-01-23 02:25:00,2026-01-23 03:12:00
ORD_00495,5,CUR_M7,2026-01-23 04:07:00,2026-01-23 05:02:00
ORD_00495,6,FIN_M2,2026-01-23 05:51:00,2026-01-23 06:11:00
ORD_00495,7,INS_M3,2026-01-23 06:56:00,2026-01-23 07:16:00
ORD_00326,1,MIX_M4,2026-01-16 02:40:00,2026-01-16 03:04:00
ORD_00326,2,CAL_M3,2026-01-16 06:17:00,2026-01-16 06:56:00
ORD_00326,3,EXT_M4,2026-01-16 07:27:00,2026-01-16 07:58:00
ORD_00326,4,EXT_M5,2026-01-16 08:45:00,2026-01-16 09:13:00
ORD_00326,5,BLD_M2,2026-01-16 09:57:00,2026-01-16 10:43:00
ORD_00326,6,CUR_M4,2026-01-16 13:23:00,2026-01-16 14:41:00
ORD_00326,7,FIN_M2,2026-01-16 15:19:00,2026-01-16 15:37:00
ORD_00326,8,INS_M1,2026-01-16 15:57:00,2026-01-16 16:27:00
ORD_00134,1,MIX_M3,2026-01-21 00:44:00,2026-01-21 01:11:00
ORD_00134,2,CAL_M2,2026-01-21 06:11:00,2026-01-21 06:32:00
ORD_00134,3,CAL_M4,2026-01-21 07:15:00,2026-01-21 07:51:00
ORD_00134,4,EXT_M4,2026-01-21 08:13:00,2026-01-21 08:49:00
ORD_00134,5,EXT_M2,2026-01-21 08:58:00,2026-01-21 09:32:00
ORD_00134,6,BLD_M5,2026-01-21 10:18:00,2026-01-21 10:47:00
ORD_00134,7,CUR_M7,2026-01-21 11:32:00,2026-01-21 12:47:00
ORD_00134,8,CUR_M1,2026-01-21 13:41:00,2026-01-21 14:40:00
ORD_00134,9,FIN_M3,2026-01-21 15:32:00,2026-01-21 15:48:00
ORD_00134,10,INS_M2,2026-01-21 16:15:00,2026-01-21 16:43:00
ORD_00003,1,MIX_M3,2026-01-23 01:12:00,2026-01-23 01:26:00
ORD_00003,2,CAL_M1,2026-01-23 02:49:00,2026-01-23 03:32:00
ORD_00003,3,EXT_M1,2026-01-23 04:21:00,2026-01-23 04:45:00
ORD_00003,4,EXT_M4,2026-01-23 05:07:00,2026-01-23 05:23:00
ORD_00003,5,BLD_M5,2026-01-23 05:35:00,2026-01-23 06:06:00
ORD_00003,6,CUR_M3,2026-01-23 06:25:00,2026-01-23 07:10:00
ORD_00003,7,FIN_M3,2026-01-23 07:35:00,2026-01-23 07:55:00
ORD_00003,8,INS_M3,2026-01-23 08:55:00,2026-01-23 09:18:00
ORD_00770,1,MIX_M2,2026-01-11 02:48:00,2026-01-11 03:17:00
ORD_00770,2,CAL_M3,2026-01-11 05:27:00,2026-01-11 06:04:00
ORD_00770,3,EXT_M4,2026-01-11 07:31:00,2026-01-11 07:52:00
ORD_00770,4,BLD_M1,2026-01-11 08:13:00,2026-01-11 08:37:00
ORD_00770,5,CUR_M2,2026-01-11 12:48:00,2026-01-11 13:56:00
ORD_00770,6,FIN_M2,2026-01-11 14:44:00,2026-01-11 15:08:00
ORD_00770,7,INS_M1,2026-01-11 15:46:00,2026-01-11 16:06:00
ORD_00073,1,MIX_M4,2026-01-19 01:43:00,2026-01-19 01:55:00
ORD_00073,2,CAL_M2,2026-01-19 04:58:00,2026-01-19 05:29:00
ORD_00073,3,CAL_M3,2026-01-19 06:06:00,2026-01-19 06:33:00
ORD_00073,4,EXT_M3,2026-01-19 11:24:00,2026-01-19 11:59:00
ORD_00073,5,EXT_M3,2026-01-19 11:59:00,2026-01-19 12:21:00
ORD_00073,6,BLD_M1,2026-01-19 13:08:00,2026-01-19 13:28:00
ORD_00073,7,CUR_M3,2026-01-19 14:17:00,2026-01-19 15:28:00
ORD_00073,8,CUR_M7,2026-01-19 15:55:00,2026-01-19 17:10:00
ORD_00073,9,FIN_M1,2026-01-19 18:02:00,2026-01-19 18:20:00
ORD_00073,10,INS_M2,2026-01-19 19:01:00,2026-01-19 19:25:00
ORD_00524,1,MIX_M1,2026-01-22 02:24:00,2026-01-22 02:37:00
ORD_00524,2,CAL_M3,2026-01-22 03:34:00,2026-01-22 04:13:00
ORD_00524,3,EXT_M3,2026-01-22 04:53:00,2026-01-22 05:11:00
ORD_00524,4,EXT_M3,2026-01-22 05:11:00,2026-01-22 05:39:00
ORD_00524,5,BLD_M2,2026-01-22 06:21:00,2026-01-22 06:55:00
ORD_00524,6,CUR_M1,2026-01-22 07:27:00,2026-01-22 08:53:00
ORD_00524,7,FIN_M3,2026-01-22 09:13:00,2026-01-22 09:39:00
ORD_00524,8,INS_M1,2026-01-22 10:19:00,2026-01-22 10:45:00
ORD_00756,1,MIX_M3,2026-01-24 00:10:00,2026-01-24 00:34:00
ORD_00756,2,CAL_M2,2026-01-24 01:19:00,2026-01-24 01:58:00
ORD_00756,3,EXT_M4,2026-01-24 02:48:00,2026-01-24 03:21:00
ORD_00756,4,EXT_M5,2026-01-24 04:16:00,2026-01-24 04:52:00
ORD_00756,5,BLD_M4,2026-01-24 05:19:00,2026-01-24 05:49:00
ORD_00756,6,CUR_M1,2026-01-24 06:21:00,2026-01-24 07:32:00
ORD_00756,7,FIN_M3,2026-01-24 08:00:00,2026-01-24 08:15:00
ORD_00756,8,INS_M2,2026-01-24 08:52:00,2026-01-24 09:08:00
ORD_00587,1,MIX_M1,2026-01-21 02:17:00,2026-01-21 02:30:00
ORD_00587,2,CAL_M3,2026-01-21 04:17:00,2026-01-21 04:56:00
ORD_00587,3,EXT_M3,2026-01-21 06:33:00,2026-01-21 06:51:00
ORD_00587,4,EXT_M3,2026-01-21 06:51:00,2026-01-21 07:19:00
ORD_00587,5,BLD_M2,2026-01-21 07:19:00,2026-01-21 07:53:00
ORD_00587,6,CUR_M1,2026-01-21 14:40:00,2026-01-21 16:06:00
ORD_00587,7,FIN_M3,2026-01-21 16:54:00,2026-01-21 17:20:00
ORD_00587,8,INS_M1,2026-01-21 17:20:00,2026-01-21 17:46:00
ORD_00212,1,MIX_M1,2026-01-13 05:14:00,2026-01-13 05:25:00
ORD_00212,2,CAL_M3,2026-01-13 07:46:00,2026-01-13 08:08:00
ORD_00212,3,EXT_M2,2026-01-13 12:30:00,2026-01-13 13:10:00
ORD_00212,4,BLD_M5,2026-01-13 13:16:00,2026-01-13 13:42:00
ORD_00212,5,CUR_M2,2026-01-13 14:31:00,2026-01-13 15:59:00
ORD_00212,6,FIN_M2,2026-01-13 16:20:00,2026-01-13 16:48:00
ORD_00212,7,INS_M1,2026-01-13 17:37:00,2026-01-13 17:54:00
ORD_00644,1,MIX_M4,2026-01-25 00:17:00,2026-01-25 00:35:00
ORD_00644,2,CAL_M4,2026-01-25 01:21:00,2026-01-25 01:50:00
ORD_00644,3,EXT_M1,2026-01-25 02:29:00,2026-01-25 03:03:00
ORD_00644,4,BLD_M1,2026-01-25 03:44:00,2026-01-25 04:32:00
ORD_00644,5,CUR_M7,2026-01-25 05:30:00,2026-01-25 06:57:00
ORD_00644,6,FIN_M3,2026-01-25 07:51:00,2026-01-25 08:20:00
ORD_00644,7,INS_M2,2026-01-25 08:38:00,2026-01-25 08:48:00
ORD_00947,1,MIX_M2,2026-01-24 00:22:00,2026-01-24 00:38:00
ORD_00947,2,CAL_M4,2026-01-24 01:35:00,2026-01-24 01:58:00
ORD_00947,3,CAL_M3,2026-01-24 02:39:00,2026-01-24 02:57:00
ORD_00947,4,EXT_M2,2026-01-24 03:04:00,2026-01-24 03:28:00
ORD_00947,5,EXT_M2,2026-01-24 03:28:00,2026-01-24 03:54:00
ORD_00947,6,BLD_M2,2026-01-24 04:38:00,2026-01-24 05:07:00
ORD_00947,7,CUR_M1,2026-01-24 09:09:00,2026-01-24 10:34:00
ORD_00947,8,CUR_M3,2026-01-24 11:25:00,2026-01-24 12:22:00
ORD_00947,9,FIN_M1,2026-01-24 13:01:00,2026-01-24 13:12:00
ORD_00947,10,INS_M3,2026-01-24 13:49:00,2026-01-24 14:08:00
ORD_00231,1,MIX_M1,2026-01-18 00:09:00,2026-01-18 00:20:00
ORD_00231,2,CAL_M2,2026-01-18 00:46:00,2026-01-18 01:15:00
ORD_00231,3,EXT_M4,2026-01-18 01:34:00,2026-01-18 02:04:00
ORD_00231,4,BLD_M4,2026-01-18 02:13:00,2026-01-18 02:39:00
ORD_00231,5,CUR_M6,2026-01-18 03:17:00,2026-01-18 04:35:00
ORD_00231,6,FIN_M2,2026-01-18 04:50:00,2026-01-18 05:10:00
ORD_00231,7,INS_M3,2026-01-18 06:28:00,2026-01-18 06:48:00
ORD_00029,1,MIX_M3,2026-01-23 01:26:00,2026-01-23 01:54:00
ORD_00029,2,CAL_M1,2026-01-23 03:32:00,2026-01-23 04:06:00
ORD_00029,3,EXT_M1,2026-01-23 04:45:00,2026-01-23 05:30:00
ORD_00029,4,BLD_M2,2026-01-23 06:15:00,2026-01-23 06:55:00
ORD_00029,5,CUR_M4,2026-01-23 07:31:00,2026-01-23 08:27:00
ORD_00029,6,FIN_M1,2026-01-23 08:54:00,2026-01-23 09:09:00
ORD_00029,7,INS_M1,2026-01-23 09:23:00,2026-01-23 09:38:00
ORD_00732,1,MIX_M3,2026-01-20 01:24:00,2026-01-20 01:51:00
ORD_00732,2,CAL_M2,2026-01-20 02:11:00,2026-01-20 02:32:00
ORD_00732,3,CAL_M4,2026-01-20 05:26:00,2026-01-20 06:02:00
ORD_00732,4,EXT_M4,2026-01-20 06:15:00,2026-01-20 06:51:00
ORD_00732,5,EXT_M2,2026-01-20 08:57:00,2026-01-20 09:31:00
ORD_00732,6,BLD_M5,2026-01-20 10:16:00,2026-01-20 10:45:00
ORD_00732,7,CUR_M7,2026-01-20 11:07:00,2026-01-20 12:22:00
ORD_00732,8,CUR_M1,2026-01-20 13:53:00,2026-01-20 14:52:00
ORD_00732,9,FIN_M3,2026-01-20 15:46:00,2026-01-20 16:02:00
ORD_00732,10,INS_M2,2026-01-20 16:24:00,2026-01-20 16:52:00
ORD_00423,1,MIX_M4,2026-01-26 00:30:00,2026-01-26 00:56:00
ORD_00423,2,CAL_M1,2026-01-26 01:15:00,2026-01-26 01:42:00
ORD_00423,3,EXT_M3,2026-01-26 02:03:00,2026-01-26 02:41:00
ORD_00423,4,BLD_M3,2026-01-26 02:53:00,2026-01-26 03:20:00
ORD_00423,5,CUR_M6,2026-01-26 04:04:00,2026-01-26 05:33:00
ORD_00423,6,FIN_M2,2026-01-26 05:51:00,2026-01-26 06:03:00
ORD_00423,7,INS_M3,2026-01-26 06:16:00,2026-01-26 06:46:00
ORD_00036,1,MIX_M1,2026-01-22 00:05:00,2026-01-22 00:22:00
ORD_00036,2,CAL_M3,2026-01-22 00:52:00,2026-01-22 01:14:00
ORD_00036,3,EXT_M1,2026-01-22 01:35:00,2026-01-22 02:03:00
ORD_00036,4,EXT_M1,2026-01-22 02:03:00,2026-01-22 02:42:00
ORD_00036,5,BLD_M6,2026-01-22 03:07:00,2026-01-22 03:49:00
ORD_00036,6,CUR_M2,2026-01-22 04:20:00,2026-01-22 05:28:00
ORD_00036,7,FIN_M2,2026-01-22 06:02:00,2026-01-22 06:21:00
ORD_00036,8,INS_M1,2026-01-22 06:51:00,2026-01-22 07:02:00
ORD_00774,1,MIX_M3,2026-01-22 00:55:00,2026-01-22 01:23:00
ORD_00774,2,CAL_M1,2026-01-22 03:09:00,2026-01-22 03:43:00
ORD_00774,3,EXT_M1,2026-01-22 04:33:00,2026-01-22 05:18:00
ORD_00774,4,BLD_M2,2026-01-22 05:18:00,2026-01-22 05:58:00
ORD_00774,5,CUR_M4,2026-01-22 06:28:00,2026-01-22 07:24:00
ORD_00774,6,FIN_M1,2026-01-22 07:24:00,2026-01-22 07:39:00
ORD_00774,7,INS_M1,2026-01-22 08:31:00,2026-01-22 08:46:00
ORD_00699,1,MIX_M2,2026-01-25 00:40:00,2026-01-25 01:05:00
ORD_00699,2,CAL_M1,2026-01-25 01:35:00,2026-01-25 02:09:00
ORD_00699,3,EXT_M5,2026-01-25 02:58:00,2026-01-25 03:23:00
ORD_00699,4,BLD_M5,2026-01-25 03:43:00,2026-01-25 04:10:00
ORD_00699,5,CUR_M2,2026-01-25 04:41:00,2026-01-25 06:01:00
ORD_00699,6,FIN_M4,2026-01-25 06:26:00,2026-01-25 06:45:00
ORD_00699,7,INS_M3,2026-01-25 07:00:00,2026-01-25 07:23:00
ORD_00893,1,MIX_M1,2026-01-25 00:42:00,2026-01-25 01:12:00
ORD_00893,2,CAL_M2,2026-01-25 01:17:00,2026-01-25 01:54:00
ORD_00893,3,EXT_M2,2026-01-25 02:25:00,2026-01-25 02:49:00
ORD_00893,4,BLD_M4,2026-01-25 03:29:00,2026-01-25 03:49:00
ORD_00893,5,CUR_M6,2026-01-25 04:38:00,2026-01-25 05:33:00
ORD_00893,6,FIN_M4,2026-01-25 06:45:00,2026-01-25 07:00:00
ORD_00893,7,INS_M3,2026-01-25 07:23:00,2026-01-25 07:35:00
ORD_00280,1,MIX_M1,2026-01-21 02:30:00,2026-01-21 02:43:00
ORD_00280,2,CAL_M3,2026-01-21 04:56:00,2026-01-21 05:35:00
ORD_00280,3,EXT_M3,2026-01-21 07:19:00,2026-01-21 07:37:00
ORD_00280,4,EXT_M3,2026-01-21 07:37:00,2026-01-21 08:05:00
ORD_00280,5,BLD_M2,2026-01-21 08:34:00,2026-01-21 09:08:00
ORD_00280,6,CUR_M1,2026-01-21 16:06:00,2026-01-21 17:32:00
ORD_00280,7,FIN_M3,2026-01-21 17:37:00,2026-01-21 18:03:00
ORD_00280,8,INS_M1,2026-01-21 18:35:00,2026-01-21 19:01:00
ORD_00531,1,MIX_M1,2026-01-12 03:55:00,2026-01-12 04:08:00
ORD_00531,2,CAL_M3,2026-01-12 05:36:00,2026-01-12 06:15:00
ORD_00531,3,EXT_M3,2026-01-12 06:15:00,2026-01-12 06:33:00
ORD_00531,4,EXT_M3,2026-01-12 09:44:00,2026-01-12 10:12:00
ORD_00531,5,BLD_M2,2026-01-12 10:12:00,2026-01-12 10:46:00
ORD_00531,6,CUR_M1,2026-01-12 16:17:00,2026-01-12 17:43:00
ORD_00531,7,FIN_M3,2026-01-12 17:43:00,2026-01-12 18:09:00
ORD_00531,8,INS_M1,2026-01-12 18:09:00,2026-01-12 18:35:00
ORD_00278,1,MIX_M2,2026-01-20 02:52:00,2026-01-20 03:20:00
ORD_00278,2,CAL_M3,2026-01-20 03:44:00,2026-01-20 03:59:00
ORD_00278,3,EXT_M2,2026-01-20 05:05:00,2026-01-20 05:28:00
ORD_00278,4,EXT_M1,2026-01-20 05:48:00,2026-01-20 06:07:00
ORD_00278,5,BLD_M6,2026-01-20 08:29:00,2026-01-20 09:02:00
ORD_00278,6,CUR_M2,2026-01-20 12:28:00,2026-01-20 13:55:00
ORD_00278,7,FIN_M1,2026-01-20 14:19:00,2026-01-20 14:44:00
ORD_00278,8,INS_M2,2026-01-20 14:49:00,2026-01-20 15:10:00
ORD_00890,1,MIX_M2,2026-01-23 00:46:00,2026-01-23 01:02:00
ORD_00890,2,CAL_M4,2026-01-23 02:36:00,2026-01-23 02:55:00
ORD_00890,3,EXT_M4,2026-01-23 04:38:00,2026-01-23 04:58:00
ORD_00890,4,BLD_M3,2026-01-23 05:26:00,2026-01-23 06:00:00
ORD_00890,5,CUR_M4,2026-01-23 06:28:00,2026-01-23 07:12:00
ORD_00890,6,FIN_M4,2026-01-23 07:21:00,2026-01-23 07:48:00
ORD_00890,7,INS_M1,2026-01-23 08:38:00,2026-01-23 08:49:00
ORD_00240,1,MIX_M3,2026-01-23 01:54:00,2026-01-23 02:08:00
ORD_00240,2,CAL_M1,2026-01-23 04:06:00,2026-01-23 04:49:00
ORD_00240,3,EXT_M1,2026-01-23 05:33:00,2026-01-23 05:57:00
ORD_00240,4,EXT_M4,2026-01-23 06:09:00,2026-01-23 06:25:00
ORD_00240,5,BLD_M5,2026-01-23 06:36:00,2026-01-23 07:07:00
ORD_00240,6,CUR_M3,2026-01-23 07:15:00,2026-01-23 08:00:00
ORD_00240,7,FIN_M3,2026-01-23 08:37:00,2026-01-23 08:57:00
ORD_00240,8,INS_M3,2026-01-23 11:03:00,2026-01-23 11:26:00
ORD_00768,1,MIX_M4,2026-01-20 01:44:00,2026-01-20 02:00:00
ORD_00768,2,CAL_M2,2026-01-20 03:29:00,2026-01-20 04:11:00
ORD_00768,3,EXT_M1,2026-01-20 04:47:00,2026-01-20 05:10:00
ORD_00768,4,EXT_M4,2026-01-20 07:40:00,2026-01-20 08:05:00
ORD_00768,5,BLD_M5,2026-01-20 09:33:00,2026-01-20 10:01:00
ORD_00768,6,CUR_M1,2026-01-20 10:47:00,2026-01-20 11:45:00
ORD_00768,7,FIN_M3,2026-01-20 12:23:00,2026-01-20 12:51:00
ORD_00768,8,INS_M3,2026-01-20 13:50:00,2026-01-20 14:15:00
ORD_00826,1,MIX_M3,2026-01-20 01:51:00,2026-01-20 02:10:00
ORD_00826,2,CAL_M2,2026-01-20 04:11:00,2026-01-20 04:56:00
ORD_00826,3,EXT_M2,2026-01-20 09:31:00,2026-01-20 09:56:00
ORD_00826,4,EXT_M4,2026-01-20 10:34:00,2026-01-20 10:55:00
ORD_00826,5,BLD_M2,2026-01-20 11:28:00,2026-01-20 11:52:00
ORD_00826,6,CUR_M3,2026-01-20 12:28:00,2026-01-20 13:12:00
ORD_00826,7,FIN_M3,2026-01-20 13:59:00,2026-01-20 14:12:00
ORD_00826,8,INS_M3,2026-01-20 15:26:00,2026-01-20 15:53:00
ORD_00082,1,MIX_M1,2026-01-26 00:08:00,2026-01-26 00:27:00
ORD_00082,2,CAL_M4,2026-01-26 01:15:00,2026-01-26 01:42:00
ORD_00082,3,EXT_M2,2026-01-26 02:05:00,2026-01-26 02:22:00
ORD_00082,4,BLD_M5,2026-01-26 02:50:00,2026-01-26 03:32:00
ORD_00082,5,CUR_M4,2026-01-26 04:08:00,2026-01-26 04:54:00
ORD_00082,6,FIN_M3,2026-01-26 05:34:00,2026-01-26 06:03:00
ORD_00082,7,INS_M1,2026-01-26 06:48:00,2026-01-26 07:16:00
ORD_00759,1,MIX_M4,2026-01-23 01:32:00,2026-01-23 01:51:00
ORD_00759,2,CAL_M3,2026-01-23 02:59:00,2026-01-23 03:37:00
ORD_00759,3,EXT_M5,2026-01-23 04:26:00,2026-01-23 05:08:00
ORD_00759,4,EXT_M2,2026-01-23 05:48:00,2026-01-23 06:13:00
ORD_00759,5,BLD_M1,2026-01-23 07:05:00,2026-01-23 07:43:00
ORD_00759,6,CUR_M3,2026-01-23 08:00:00,2026-01-23 09:02:00
ORD_00759,7,FIN_M3,2026-01-23 09:34:00,2026-01-23 10:04:00
ORD_00759,8,INS_M3,2026-01-23 11:26:00,2026-01-23 11:48:00
ORD_00757,1,MIX_M4,2026-01-23 01:51:00,2026-01-23 02:18:00
ORD_00757,2,CAL_M3,2026-01-23 03:37:00,2026-01-23 04:18:00
ORD_00757,3,EXT_M5,2026-01-23 05:08:00,2026-01-23 05:44:00
ORD_00757,4,BLD_M5,2026-01-23 07:07:00,2026-01-23 07:30:00
ORD_00757,5,CUR_M3,2026-01-23 09:02:00,2026-01-23 09:48:00
ORD_00757,6,FIN_M4,2026-01-23 10:10:00,2026-01-23 10:31:00
ORD_00757,7,INS_M2,2026-01-23 10:54:00,2026-01-23 11:21:00
ORD_00720,1,MIX_M3,2026-01-22 01:23:00,2026-01-22 01:41:00
ORD_00720,2,CAL_M2,2026-01-22 03:31:00,2026-01-22 04:07:00
ORD_00720,3,EXT_M3,2026-01-22 06:17:00,2026-01-22 06:39:00
ORD_00720,4,BLD_M3,2026-01-22 07:10:00,2026-01-22 07:42:00
ORD_00720,5,CUR_M3,2026-01-22 08:21:00,2026-01-22 09:43:00
ORD_00720,6,FIN_M3,2026-01-22 10:09:00,2026-01-22 10:33:00
ORD_00720,7,INS_M2,2026-01-22 11:30:00,2026-01-22 11:42:00
ORD_00523,1,MIX_M2,2026-01-22 00:45:00,2026-01-22 01:10:00
ORD_00523,2,CAL_M1,2026-01-22 03:43:00,2026-01-22 04:17:00
ORD_00523,3,EXT_M5,2026-01-22 05:38:00,2026-01-22 06:03:00
ORD_00523,4,BLD_M5,2026-01-22 06:39:00,2026-01-22 07:06:00
ORD_00523,5,CUR_M2,2026-01-22 08:01:00,2026-01-22 09:21:00
ORD_00523,6,FIN_M4,2026-01-22 10:06:00,2026-01-22 10:25:00
ORD_00523,7,INS_M3,2026-01-22 12:28:00,2026-01-22 12:51:00
ORD_00666,1,MIX_M1,2026-01-26 00:27:00,2026-01-26 00:54:00
ORD_00666,2,CAL_M2,2026-01-26 01:29:00,2026-01-26 01:52:00
ORD_00666,3,EXT_M3,2026-01-26 02:51:00,2026-01-26 03:25:00
ORD_00666,4,EXT_M2,2026-01-26 03:48:00,2026-01-26 04:25:00
ORD_00666,5,BLD_M3,2026-01-26 04:46:00,2026-01-26 05:12:00
ORD_00666,6,CUR_M5,2026-01-26 05:12:00,2026-01-26 06:24:00
ORD_00666,7,FIN_M4,2026-01-26 07:01:00,2026-01-26 07:19:00
ORD_00666,8,INS_M1,2026-01-26 08:08:00,2026-01-26 08:20:00
ORD_00934,1,MIX_M2,2026-01-22 01:10:00,2026-01-22 01:40:00
ORD_00934,2,CAL_M1,2026-01-22 04:17:00,2026-01-22 04:56:00
ORD_00934,3,EXT_M5,2026-01-22 06:03:00,2026-01-22 06:41:00
ORD_00934,4,EXT_M3,2026-01-22 07:40:00,2026-01-22 07:59:00
ORD_00934,5,BLD_M1,2026-01-22 08:47:00,2026-01-22 09:18:00
ORD_00934,6,CUR_M6,2026-01-22 10:12:00,2026-01-22 11:33:00
ORD_00934,7,FIN_M2,2026-01-22 11:49:00,2026-01-22 12:13:00
ORD_00934,8,INS_M3,2026-01-22 12:53:00,2026-01-22 13:18:00
ORD_00394,1,MIX_M2,2026-01-25 01:05:00,2026-01-25 01:34:00
ORD_00394,2,CAL_M3,2026-01-25 02:18:00,2026-01-25 02:55:00
ORD_00394,3,EXT_M4,2026-01-25 03:08:00,2026-01-25 03:29:00
ORD_00394,4,BLD_M1,2026-01-25 04:32:00,2026-01-25 04:56:00
ORD_00394,5,CUR_M2,2026-01-25 06:01:00,2026-01-25 07:09:00
ORD_00394,6,FIN_M2,2026-01-25 07:29:00,2026-01-25 07:53:00
ORD_00394,7,INS_M1,2026-01-25 08:45:00,2026-01-25 09:05:00
ORD_00008,1,MIX_M1,2026-01-24 00:31:00,2026-01-24 00:45:00
ORD_00008,2,CAL_M1,2026-01-24 01:28:00,2026-01-24 02:13:00
ORD_00008,3,EXT_M1,2026-01-24 02:38:00,2026-01-24 03:02:00
ORD_00008,4,EXT_M4,2026-01-24 03:34:00,2026-01-24 03:52:00
ORD_00008,5,BLD_M1,2026-01-24 04:19:00,2026-01-24 04:46:00
ORD_00008,6,CUR_M3,2026-01-24 05:12:00,2026-01-24 06:16:00
ORD_00008,7,FIN_M4,2026-01-24 06:23:00,2026-01-24 06:44:00
ORD_00008,8,INS_M3,2026-01-24 06:51:00,2026-01-24 07:18:00
ORD_00930,1,MIX_M1,2026-01-23 01:04:00,2026-01-23 01:28:00
ORD_00930,2,CAL_M1,2026-01-23 04:49:00,2026-01-23 05:08:00
ORD_00930,3,EXT_M2,2026-01-23 06:13:00,2026-01-23 06:55:00
ORD_00930,4,BLD_M6,2026-01-23 07:45:00,2026-01-23 08:28:00
ORD_00930,5,CUR_M7,2026-01-23 09:26:00,2026-01-23 10:41:00
ORD_00930,6,FIN_M3,2026-01-23 11:04:00,2026-01-23 11:16:00
ORD_00930,7,INS_M2,2026-01-23 12:00:00,2026-01-23 12:10:00
ORD_00941,1,MIX_M1,2026-01-22 02:37:00,2026-01-22 02:54:00
ORD_00941,2,CAL_M4,2026-01-22 03:11:00,2026-01-22 03:40:00
ORD_00941,3,CAL_M2,2026-01-22 04:07:00,2026-01-22 04:33:00
ORD_00941,4,EXT_M3,2026-01-22 06:39:00,2026-01-22 07:23:00
ORD_00941,5,EXT_M3,2026-01-22 07:59:00,2026-01-22 08:26:00
ORD_00941,6,BLD_M4,2026-01-22 09:17:00,2026-01-22 10:01:00
ORD_00941,7,CUR_M6,2026-01-22 11:33:00,2026-01-22 12:56:00
ORD_00941,8,CUR_M1,2026-01-22 13:45:00,2026-01-22 15:15:00
ORD_00941,9,FIN_M3,2026-01-22 15:28:00,2026-01-22 15:40:00
ORD_00941,10,INS_M2,2026-01-22 16:37:00,2026-01-22 16:50:00
ORD_00386,1,MIX_M1,2026-01-21 02:43:00,2026-01-21 03:03:00
ORD_00386,2,CAL_M2,2026-01-21 06:32:00,2026-01-21 07:06:00
ORD_00386,3,EXT_M4,2026-01-21 07:38:00,2026-01-21 07:57:00
ORD_00386,4,EXT_M2,2026-01-21 09:32:00,2026-01-21 09:52:00
ORD_00386,5,BLD_M6,2026-01-21 09:58:00,2026-01-21 10:42:00
ORD_00386,6,CUR_M3,2026-01-21 14:08:00,2026-01-21 15:34:00
ORD_00386,7,FIN_M4,2026-01-21 16:05:00,2026-01-21 16:16:00
ORD_00386,8,INS_M2,2026-01-21 17:09:00,2026-01-21 17:30:00
ORD_00632,1,MIX_M3,2026-01-26 00:11:00,2026-01-26 00:25:00
ORD_00632,2,CAL_M1,2026-01-26 01:42:00,2026-01-26 02:05:00
ORD_00632,3,EXT_M2,2026-01-26 02:22:00,2026-01-26 02:41:00
ORD_00632,4,BLD_M5,2026-01-26 03:32:00,2026-01-26 04:00:00
ORD_00632,5,CUR_M3,2026-01-26 04:53:00,2026-01-26 05:40:00
ORD_00632,6,FIN_M1,2026-01-26 06:10:00,2026-01-26 06:24:00
ORD_00632,7,INS_M1,2026-01-26 07:21:00,2026-01-26 07:42:00
ORD_00064,1,MIX_M1,2026-01-23 01:28:00,2026-01-23 01:54:00
ORD_00064,2,CAL_M2,2026-01-23 02:26:00,2026-01-23 03:09:00
ORD_00064,3,EXT_M3,2026-01-23 04:29:00,2026-01-23 04:55:00
ORD_00064,4,EXT_M2,2026-01-23 05:00:00,2026-01-23 05:22:00
ORD_00064,5,BLD_M1,2026-01-23 05:49:00,2026-01-23 06:13:00
ORD_00064,6,CUR_M5,2026-01-23 07:15:00,2026-01-23 08:07:00
ORD_00064,7,FIN_M2,2026-01-23 09:43:00,2026-01-23 10:12:00
ORD_00064,8,INS_M1,2026-01-23 10:58:00,2026-01-23 11:28:00
ORD_00566,1,MIX_M4,2026-01-15 03:49:00,2026-01-15 04:04:00
ORD_00566,2,CAL_M4,2026-01-15 05:42:00,2026-01-15 06:08:00
ORD_00566,3,EXT_M4,2026-01-15 06:57:00,2026-01-15 07:13:00
ORD_00566,4,BLD_M6,2026-01-15 10:15:00,2026-01-15 11:02:00
ORD_00566,5,CUR_M6,2026-01-15 13:56:00,2026-01-15 15:15:00
ORD_00566,6,FIN_M4,2026-01-15 15:46:00,2026-01-15 16:04:00
ORD_00566,7,INS_M3,2026-01-15 16:51:00,2026-01-15 17:02:00
ORD_00377,1,MIX_M4,2026-01-26 00:05:00,2026-01-26 00:17:00
ORD_00377,2,CAL_M2,2026-01-26 01:52:00,2026-01-26 02:36:00
ORD_00377,3,EXT_M3,2026-01-26 03:25:00,2026-01-26 04:05:00
ORD_00377,4,BLD_M6,2026-01-26 04:36:00,2026-01-26 05:14:00
ORD_00377,5,CUR_M4,2026-01-26 05:20:00,2026-01-26 06:27:00
ORD_00377,6,FIN_M1,2026-01-26 07:11:00,2026-01-26 07:38:00
ORD_00377,7,INS_M1,2026-01-26 08:20:00,2026-01-26 08:50:00
ORD_00465,1,MIX_M3,2026-01-22 01:41:00,2026-01-22 02:07:00
ORD_00465,2,CAL_M3,2026-01-22 02:46:00,2026-01-22 03:28:00
ORD_00465,3,CAL_M1,2026-01-22 04:56:00,2026-01-22 05:19:00
ORD_00465,4,EXT_M2,2026-01-22 05:51:00,2026-01-22 06:26:00
ORD_00465,5,EXT_M5,2026-01-22 07:01:00,2026-01-22 07:24:00
ORD_00465,6,BLD_M2,2026-01-22 07:42:00,2026-01-22 08:22:00
ORD_00465,7,CUR_M5,2026-01-22 09:00:00,2026-01-22 10:19:00
ORD_00465,8,CUR_M2,2026-01-22 10:35:00,2026-01-22 11:47:00
ORD_00465,9,FIN_M2,2026-01-22 12:13:00,2026-01-22 12:41:00
ORD_00465,10,INS_M3,2026-01-22 13:18:00,2026-01-22 13:32:00
ORD_00270,1,MIX_M3,2026-01-26 00:36:00,2026-01-26 01:03:00
ORD_00270,2,CAL_M1,2026-01-26 02:05:00,2026-01-26 02:34:00
ORD_00270,3,EXT_M3,2026-01-26 04:05:00,2026-01-26 04:41:00
ORD_00270,4,BLD_M6,2026-01-26 05:15:00,2026-01-26 05:56:00
ORD_00270,5,CUR_M5,2026-01-26 06:24:00,2026-01-26 07:41:00
ORD_00270,6,FIN_M4,2026-01-26 08:38:00,2026-01-26 09:08:00
ORD_00270,7,INS_M2,2026-01-26 09:34:00,2026-01-26 09:47:00
ORD_00154,1,MIX_M3,2026-01-24 00:50:00,2026-01-24 01:04:00
ORD_00154,2,CAL_M1,2026-01-24 02:13:00,2026-01-24 02:36:00
ORD_00154,3,EXT_M2,2026-01-24 03:54:00,2026-01-24 04:13:00
ORD_00154,4,BLD_M5,2026-01-24 04:13:00,2026-01-24 04:41:00
ORD_00154,5,CUR_M3,2026-01-24 06:16:00,2026-01-24 07:03:00
ORD_00154,6,FIN_M1,2026-01-24 07:59:00,2026-01-24 08:13:00
ORD_00154,7,INS_M1,2026-01-24 08:35:00,2026-01-24 08:56:00
ORD_00024,1,MIX_M1,2026-01-23 01:54:00,2026-01-23 02:14:00
ORD_00024,2,CAL_M2,2026-01-23 03:09:00,2026-01-23 03:43:00
ORD_00024,3,EXT_M4,2026-01-23 05:23:00,2026-01-23 05:42:00
ORD_00024,4,EXT_M2,2026-01-23 06:55:00,2026-01-23 07:15:00
ORD_00024,5,BLD_M6,2026-01-23 08:28:00,2026-01-23 09:12:00
ORD_00024,6,CUR_M3,2026-01-23 09:48:00,2026-01-23 11:14:00
ORD_00024,7,FIN_M4,2026-01-23 11:21:00,2026-01-23 11:32:00
ORD_00024,8,INS_M2,2026-01-23 12:10:00,2026-01-23 12:31:00
ORD_00150,1,MIX_M4,2026-01-26 00:56:00,2026-01-26 01:09:00
ORD_00150,2,CAL_M3,2026-01-26 01:45:00,2026-01-26 02:07:00
ORD_00150,3,EXT_M3,2026-01-26 04:41:00,2026-01-26 04:59:00
ORD_00150,4,BLD_M1,2026-01-26 05:23:00,2026-01-26 05:50:00
ORD_00150,5,CUR_M7,2026-01-26 06:26:00,2026-01-26 07:46:00
ORD_00150,6,FIN_M4,2026-01-26 07:52:00,2026-01-26 08:04:00
ORD_00150,7,INS_M1,2026-01-26 08:54:00,2026-01-26 09:19:00
ORD_00663,1,MIX_M1,2026-01-24 00:45:00,2026-01-24 01:05:00
ORD_00663,2,CAL_M1,2026-01-24 02:36:00,2026-01-24 02:52:00
ORD_00663,3,EXT_M5,2026-01-24 03:06:00,2026-01-24 03:36:00
ORD_00663,4,EXT_M5,2026-01-24 04:52:00,2026-01-24 05:36:00
ORD_00663,5,BLD_M5,2026-01-24 06:07:00,2026-01-24 06:32:00
ORD_00663,6,CUR_M1,2026-01-24 10:34:00,2026-01-24 11:46:00
ORD_00663,7,FIN_M1,2026-01-24 12:29:00,2026-01-24 12:44:00
ORD_00663,8,INS_M1,2026-01-24 13:40:00,2026-01-24 14:09:00
ORD_00664,1,MIX_M3,2026-01-22 02:07:00,2026-01-22 02:29:00
ORD_00664,2,CAL_M4,2026-01-22 03:40:00,2026-01-22 04:11:00
ORD_00664,3,EXT_M4,2026-01-22 05:04:00,2026-01-22 05:43:00
ORD_00664,4,BLD_M4,2026-01-22 06:14:00,2026-01-22 07:00:00
ORD_00664,5,CUR_M2,2026-01-22 09:21:00,2026-01-22 10:09:00
ORD_00664,6,FIN_M3,2026-01-22 10:33:00,2026-01-22 11:03:00
ORD_00664,7,INS_M1,2026-01-22 11:19:00,2026-01-22 11:43:00
ORD_00300,1,MIX_M1,2026-01-18 02:48:00,2026-01-18 03:18:00
ORD_00300,2,CAL_M1,2026-01-18 04:30:00,2026-01-18 04:52:00
ORD_00300,3,EXT_M1,2026-01-18 05:49:00,2026-01-18 06:32:00
ORD_00300,4,BLD_M1,2026-01-18 10:25:00,2026-01-18 11:12:00
ORD_00300,5,CUR_M6,2026-01-18 12:07:00,2026-01-18 12:51:00
ORD_00300,6,FIN_M2,2026-01-18 12:56:00,2026-01-18 13:14:00
ORD_00300,7,INS_M3,2026-01-18 14:14:00,2026-01-18 14:39:00
ORD_00530,1,MIX_M3,2026-01-22 02:29:00,2026-01-22 02:51:00
ORD_00530,2,CAL_M2,2026-01-22 04:33:00,2026-01-22 05:12:00
ORD_00530,3,EXT_M3,2026-01-22 08:26:00,2026-01-22 08:57:00
ORD_00530,4,BLD_M5,2026-01-22 09:21:00,2026-01-22 09:44:00
ORD_00530,5,CUR_M6,2026-01-22 12:56:00,2026-01-22 13:51:00
ORD_00530,6,FIN_M4,2026-01-22 14:30:00,2026-01-22 14:43:00
ORD_00530,7,INS_M2,2026-01-22 15:30:00,2026-01-22 15:54:00
ORD_00044,1,MIX_M1,2026-01-15 04:18:00,2026-01-15 04:37:00
ORD_00044,2,CAL_M4,2026-01-15 06:08:00,2026-01-15 06:35:00
ORD_00044,3,EXT_M2,2026-01-15 07:46:00,2026-01-15 08:03:00
ORD_00044,4,BLD_M5,2026-01-15 08:55:00,2026-01-15 09:37:00
ORD_00044,5,CUR_M4,2026-01-15 10:16:00,2026-01-15 11:02:00
ORD_00044,6,FIN_M3,2026-01-15 11:41:00,2026-01-15 12:10:00
ORD_00044,7,INS_M1,2026-01-15 12:53:00,2026-01-15 13:21:00
ORD_00202,1,MIX_M2,2026-01-26 00:37:00,2026-01-26 01:01:00
ORD_00202,2,CAL_M3,2026-01-26 02:07:00,2026-01-26 02:41:00
ORD_00202,3,EXT_M5,2026-01-26 02:49:00,2026-01-26 03:04:00
ORD_00202,4,BLD_M6,2026-01-26 05:56:00,2026-01-26 06:42:00
ORD_00202,5,CUR_M5,2026-01-26 07:41:00,2026-01-26 09:03:00
ORD_00202,6,FIN_M1,2026-01-26 09:54:00,2026-01-26 10:08:00
ORD_00202,7,INS_M2,2026-01-26 10:51:00,2026-01-26 11:04:00
ORD_00967,1,MIX_M2,2026-01-27 00:34:00,2026-01-27 00:48:00
ORD_00967,2,CAL_M1,2026-01-27 01:31:00,2026-01-27 02:08:00
ORD_00967,3,EXT_M4,2026-01-27 02:38:00,2026-01-27 02:54:00
ORD_00967,4,EXT_M3,2026-01-27 03:14:00,2026-01-27 03:35:00
ORD_00967,5,BLD_M1,2026-01-27 04:24:00,2026-01-27 05:09:00
ORD_00967,6,CUR_M4,2026-01-27 06:05:00,2026-01-27 06:47:00
ORD_00967,7,FIN_M3,2026-01-27 07:02:00,2026-01-27 07:21:00
ORD_00967,8,INS_M3,2026-01-27 08:11:00,2026-01-27 08:33:00
ORD_00583,1,MIX_M4,2026-01-24 00:08:00,2026-01-24 00:36:00
ORD_00583,2,CAL_M1,2026-01-24 02:52:00,2026-01-24 03:09:00
ORD_00583,3,EXT_M4,2026-01-24 03:52:00,2026-01-24 04:11:00
ORD_00583,4,BLD_M4,2026-01-24 05:49:00,2026-01-24 06:14:00
ORD_00583,5,CUR_M1,2026-01-24 11:46:00,2026-01-24 12:42:00
ORD_00583,6,FIN_M4,2026-01-24 12:49:00,2026-01-24 13:09:00
ORD_00583,7,INS_M1,2026-01-24 14:09:00,2026-01-24 14:33:00
ORD_00816,1,MIX_M1,2026-01-24 01:05:00,2026-01-24 01:18:00
ORD_00816,2,CAL_M1,2026-01-24 03:09:00,2026-01-24 03:54:00
ORD_00816,3,EXT_M2,2026-01-24 04:13:00,2026-01-24 04:45:00
ORD_00816,4,BLD_M1,2026-01-24 05:07:00,2026-01-24 05:53:00
ORD_00816,5,CUR_M6,2026-01-24 06:53:00,2026-01-24 08:10:00
ORD_00816,6,FIN_M2,2026-01-24 08:55:00,2026-01-24 09:18:00
ORD_00816,7,INS_M1,2026-01-24 09:58:00,2026-01-24 10:09:00
ORD_00745,1,MIX_M2,2026-01-21 01:51:00,2026-01-21 02:21:00
ORD_00745,2,CAL_M1,2026-01-21 03:02:00,2026-01-21 03:41:00
ORD_00745,3,EXT_M5,2026-01-21 05:32:00,2026-01-21 06:10:00
ORD_00745,4,EXT_M3,2026-01-21 08:05:00,2026-01-21 08:24:00
ORD_00745,5,BLD_M1,2026-01-21 08:41:00,2026-01-21 09:12:00
ORD_00745,6,CUR_M6,2026-01-21 11:42:00,2026-01-21 13:03:00
ORD_00745,7,FIN_M2,2026-01-21 13:49:00,2026-01-21 14:13:00
ORD_00745,8,INS_M3,2026-01-21 14:48:00,2026-01-21 15:13:00
ORD_00385,1,MIX_M2,2026-01-22 01:40:00,2026-01-22 02:09:00
ORD_00385,2,CAL_M3,2026-01-22 04:13:00,2026-01-22 04:50:00
ORD_00385,3,EXT_M4,2026-01-22 05:43:00,2026-01-22 06:04:00
ORD_00385,4,BLD_M1,2026-01-22 06:57:00,2026-01-22 07:21:00
ORD_00385,5,CUR_M2,2026-01-22 11:47:00,2026-01-22 12:55:00
ORD_00385,6,FIN_M2,2026-01-22 13:15:00,2026-01-22 13:39:00
ORD_00385,7,INS_M1,2026-01-22 14:28:00,2026-01-22 14:48:00
ORD_00836,1,MIX_M4,2026-01-23 00:09:00,2026-01-23 00:36:00
ORD_00836,2,CAL_M4,2026-01-23 02:55:00,2026-01-23 03:38:00
ORD_00836,3,EXT_M2,2026-01-23 04:04:00,2026-01-23 04:42:00
ORD_00836,4,BLD_M4,2026-01-23 05:42:00,2026-01-23 06:16:00
ORD_00836,5,CUR_M5,2026-01-23 08:07:00,2026-01-23 09:35:00
ORD_00836,6,FIN_M2,2026-01-23 10:24:00,2026-01-23 10:54:00
ORD_00836,7,INS_M2,2026-01-23 12:31:00,2026-01-23 12:57:00
ORD_00210,1,MIX_M1,2026-01-21 03:03:00,2026-01-21 03:23:00
ORD_00210,2,CAL_M2,2026-01-21 07:06:00,2026-01-21 07:46:00
ORD_00210,3,EXT_M5,2026-01-21 08:03:00,2026-01-21 08:32:00
ORD_00210,4,BLD_M6,2026-01-21 10:42:00,2026-01-21 11:31:00
ORD_00210,5,CUR_M6,2026-01-21 13:03:00,2026-01-21 13:48:00
ORD_00210,6,FIN_M4,2026-01-21 14:45:00,2026-01-21 14:58:00
ORD_00210,7,INS_M1,2026-01-21 15:43:00,2026-01-21 16:06:00
ORD_00965,1,MIX_M2,2026-01-26 01:01:00,2026-01-26 01:25:00
ORD_00965,2,CAL_M3,2026-01-26 02:41:00,2026-01-26 03:20:00
ORD_00965,3,EXT_M4,2026-01-26 03:26:00,2026-01-26 03:48:00
ORD_00965,4,BLD_M5,2026-01-26 04:25:00,2026-01-26 04:52:00
ORD_00965,5,CUR_M5,2026-01-26 09:03:00,2026-01-26 10:33:00
ORD_00965,6,FIN_M4,2026-01-26 11:25:00,2026-01-26 11:41:00
ORD_00965,7,INS_M2,2026-01-26 12:13:00,2026-01-26 12:41:00
ORD_00268,1,MIX_M1,2026-01-20 01:33:00,2026-01-20 01:52:00
ORD_00268,2,CAL_M4,2026-01-20 06:02:00,2026-01-20 06:29:00
ORD_00268,3,EXT_M2,2026-01-20 09:56:00,2026-01-20 10:13:00
ORD_00268,4,BLD_M5,2026-01-20 11:05:00,2026-01-20 11:47:00
ORD_00268,5,CUR_M4,2026-01-20 13:06:00,2026-01-20 13:52:00
ORD_00268,6,FIN_M3,2026-01-20 14:45:00,2026-01-20 15:14:00
ORD_00268,7,INS_M1,2026-01-20 16:06:00,2026-01-20 16:34:00
ORD_00598,1,MIX_M1,2026-01-23 02:14:00,2026-01-23 02:30:00
ORD_00598,2,CAL_M4,2026-01-23 03:38:00,2026-01-23 04:05:00
ORD_00598,3,EXT_M5,2026-01-23 05:44:00,2026-01-23 06:29:00
ORD_00598,4,BLD_M6,2026-01-23 07:17:00,2026-01-23 07:37:00
ORD_00598,5,CUR_M7,2026-01-23 08:00:00,2026-01-23 09:10:00
ORD_00598,6,FIN_M1,2026-01-23 09:59:00,2026-01-23 10:20:00
ORD_00598,7,INS_M2,2026-01-23 10:30:00,2026-01-23 10:52:00
ORD_00847,1,MIX_M4,2026-01-24 00:36:00,2026-01-24 00:57:00
ORD_00847,2,CAL_M1,2026-01-24 03:54:00,2026-01-24 04:31:00
ORD_00847,3,EXT_M5,2026-01-24 05:36:00,2026-01-24 06:18:00
ORD_00847,4,BLD_M1,2026-01-24 06:40:00,2026-01-24 07:09:00
ORD_00847,5,CUR_M2,2026-01-24 07:42:00,2026-01-24 09:10:00
ORD_00847,6,FIN_M2,2026-01-24 10:05:00,2026-01-24 10:23:00
ORD_00847,7,INS_M2,2026-01-24 11:04:00,2026-01-24 11:30:00
ORD_00372,1,MIX_M1,2026-01-24 01:18:00,2026-01-24 01:45:00
ORD_00372,2,CAL_M2,2026-01-24 02:36:00,2026-01-24 02:59:00
ORD_00372,3,EXT_M3,2026-01-24 04:09:00,2026-01-24 04:43:00
ORD_00372,4,EXT_M2,2026-01-24 05:00:00,2026-01-24 05:37:00
ORD_00372,5,BLD_M3,2026-01-24 05:37:00,2026-01-24 06:03:00
ORD_00372,6,CUR_M5,2026-01-24 06:29:00,2026-01-24 07:41:00
ORD_00372,7,FIN_M4,2026-01-24 07:50:00,2026-01-24 08:08:00
ORD_00372,8,INS_M1,2026-01-24 08:57:00,2026-01-24 09:09:00
ORD_00296,1,MIX_M4,2026-01-23 02:18:00,2026-01-23 02:30:00
ORD_00296,2,CAL_M2,2026-01-23 03:43:00,2026-01-23 04:27:00
ORD_00296,3,EXT_M3,2026-01-23 05:09:00,2026-01-23 05:49:00
ORD_00296,4,BLD_M6,2026-01-23 09:12:00,2026-01-23 09:50:00
ORD_00296,5,CUR_M4,2026-01-23 09:56:00,2026-01-23 11:03:00
ORD_00296,6,FIN_M1,2026-01-23 11:11:00,2026-01-23 11:38:00
ORD_00296,7,INS_M1,2026-01-23 12:20:00,2026-01-23 12:50:00
ORD_00503,1,MIX_M1,2026-01-21 03:23:00,2026-01-21 03:53:00
ORD_00503,2,CAL_M1,2026-01-21 04:29:00,2026-01-21 04:51:00
ORD_00503,3,EXT_M1,2026-01-21 04:51:00,2026-01-21 05:34:00
ORD_00503,4,BLD_M1,2026-01-21 06:20:00,2026-01-21 07:07:00
ORD_00503,5,CUR_M6,2026-01-21 13:48:00,2026-01-21 14:32:00
ORD_00503,6,FIN_M2,2026-01-21 14:54:00,2026-01-21 15:12:00
ORD_00503,7,INS_M3,2026-01-21 15:42:00,2026-01-21 16:07:00
ORD_00329,1,MIX_M1,2026-01-22 02:54:00,2026-01-22 03:09:00
ORD_00329,2,CAL_M4,2026-01-22 04:11:00,2026-01-22 04:40:00
ORD_00329,3,EXT_M5,2026-01-22 07:24:00,2026-01-22 08:03:00
ORD_00329,4,BLD_M5,2026-01-22 09:44:00,2026-01-22 10:18:00
ORD_00329,5,CUR_M6,2026-01-22 13:51:00,2026-01-22 15:11:00
ORD_00329,6,FIN_M3,2026-01-22 15:51:00,2026-01-22 16:05:00
ORD_00329,7,INS_M2,2026-01-22 16:20:00,2026-01-22 16:32:00
ORD_00225,1,MIX_M2,2026-01-24 01:11:00,2026-01-24 01:40:00
ORD_00225,2,CAL_M3,2026-01-24 02:57:00,2026-01-24 03:34:00
ORD_00225,3,EXT_M4,2026-01-24 04:32:00,2026-01-24 04:53:00
ORD_00225,4,BLD_M1,2026-01-24 05:53:00,2026-01-24 06:17:00
ORD_00225,5,CUR_M2,2026-01-24 09:10:00,2026-01-24 10:18:00
ORD_00225,6,FIN_M2,2026-01-24 10:30:00,2026-01-24 10:54:00
ORD_00225,7,INS_M1,2026-01-24 11:16:00,2026-01-24 11:36:00
ORD_00694,1,MIX_M4,2026-01-23 02:30:00,2026-01-23 02:54:00
ORD_00694,2,CAL_M3,2026-01-23 04:18:00,2026-01-23 04:57:00
ORD_00694,3,EXT_M4,2026-01-23 06:25:00,2026-01-23 06:56:00
ORD_00694,4,EXT_M5,2026-01-23 07:33:00,2026-01-23 08:01:00
ORD_00694,5,BLD_M2,2026-01-23 08:18:00,2026-01-23 09:04:00
ORD_00694,6,CUR_M4,2026-01-23 11:03:00,2026-01-23 12:21:00
ORD_00694,7,FIN_M2,2026-01-23 12:29:00,2026-01-23 12:47:00
ORD_00694,8,INS_M1,2026-01-23 12:55:00,2026-01-23 13:25:00
ORD_00039,1,MIX_M1,2026-01-22 03:09:00,2026-01-22 03:28:00
ORD_00039,2,CAL_M4,2026-01-22 04:40:00,2026-01-22 05:07:00
ORD_00039,3,EXT_M2,2026-01-22 06:26:00,2026-01-22 06:43:00
ORD_00039,4,BLD_M5,2026-01-22 07:12:00,2026-01-22 07:54:00
ORD_00039,5,CUR_M4,2026-01-22 08:08:00,2026-01-22 08:54:00
ORD_00039,6,FIN_M3,2026-01-22 09:39:00,2026-01-22 10:08:00
ORD_00039,7,INS_M1,2026-01-22 10:45:00,2026-01-22 11:13:00
ORD_00625,1,MIX_M4,2026-01-22 01:01:00,2026-01-22 01:13:00
ORD_00625,2,CAL_M2,2026-01-22 05:12:00,2026-01-22 05:53:00
ORD_00625,3,CAL_M1,2026-01-22 06:11:00,2026-01-22 06:40:00
ORD_00625,4,EXT_M1,2026-01-22 07:05:00,2026-01-22 07:40:00
ORD_00625,5,EXT_M2,2026-01-22 08:11:00,2026-01-22 08:41:00
ORD_00625,6,BLD_M6,2026-01-22 09:22:00,2026-01-22 09:51:00
ORD_00625,7,CUR_M5,2026-01-22 10:27:00,2026-01-22 11:33:00
ORD_00625,8,CUR_M8,2026-01-22 12:23:00,2026-01-22 13:33:00
ORD_00625,9,FIN_M2,2026-01-22 14:09:00,2026-01-22 14:33:00
ORD_00625,10,INS_M3,2026-01-22 15:02:00,2026-01-22 15:16:00
ORD_00404,1,MIX_M3,2026-01-22 02:51:00,2026-01-22 03:19:00
ORD_00404,2,CAL_M1,2026-01-22 05:19:00,2026-01-22 05:53:00
ORD_00404,3,EXT_M1,2026-01-22 06:07:00,2026-01-22 06:52:00
ORD_00404,4,BLD_M2,2026-01-22 08:22:00,2026-01-22 09:02:00
ORD_00404,5,CUR_M4,2026-01-22 09:27:00,2026-01-22 10:23:00
ORD_00404,6,FIN_M1,2026-01-22 10:54:00,2026-01-22 11:09:00
ORD_00404,7,INS_M1,2026-01-22 11:57:00,2026-01-22 12:12:00
ORD_00301,1,MIX_M3,2026-01-15 02:01:00,2026-01-15 02:19:00
ORD_00301,2,CAL_M2,2026-01-15 04:34:00,2026-01-15 05:10:00
ORD_00301,3,EXT_M3,2026-01-15 10:58:00,2026-01-15 11:20:00
ORD_00301,4,BLD_M3,2026-01-15 12:12:00,2026-01-15 12:44:00
ORD_00301,5,CUR_M3,2026-01-15 13:08:00,2026-01-15 14:30:00
ORD_00301,6,FIN_M3,2026-01-15 15:21:00,2026-01-15 15:45:00
ORD_00301,7,INS_M2,2026-01-15 16:22:00,2026-01-15 16:34:00
ORD_00433,1,MIX_M4,2026-01-27 00:51:00,2026-01-27 01:03:00
ORD_00433,2,CAL_M2,2026-01-27 01:38:00,2026-01-27 02:22:00
ORD_00433,3,EXT_M3,2026-01-27 03:35:00,2026-01-27 04:15:00
ORD_00433,4,BLD_M6,2026-01-27 05:13:00,2026-01-27 05:51:00
ORD_00433,5,CUR_M4,2026-01-27 06:47:00,2026-01-27 07:54:00
ORD_00433,6,FIN_M1,2026-01-27 08:17:00,2026-01-27 08:44:00
ORD_00433,7,INS_M1,2026-01-27 09:34:00,2026-01-27 10:04:00
ORD_00283,1,MIX_M3,2026-01-23 02:08:00,2026-01-23 02:22:00
ORD_00283,2,CAL_M1,2026-01-23 05:08:00,2026-01-23 05:31:00
ORD_00283,3,EXT_M2,2026-01-23 07:15:00,2026-01-23 07:34:00
ORD_00283,4,BLD_M5,2026-01-23 08:25:00,2026-01-23 08:53:00
ORD_00283,5,CUR_M3,2026-01-23 11:14:00,2026-01-23 12:01:00
ORD_00283,6,FIN_M1,2026-01-23 12:57:00,2026-01-23 13:11:00
ORD_00283,7,INS_M1,2026-01-23 13:33:00,2026-01-23 13:54:00
ORD_00569,1,MIX_M4,2026-01-23 02:54:00,2026-01-23 03:13:00
ORD_00569,2,CAL_M3,2026-01-23 04:57:00,2026-01-23 05:35:00
ORD_00569,3,EXT_M5,2026-01-23 06:29:00,2026-01-23 07:11:00
ORD_00569,4,EXT_M2,2026-01-23 07:34:00,2026-01-23 07:59:00
ORD_00569,5,BLD_M1,2026-01-23 08:48:00,2026-01-23 09:26:00
ORD_00569,6,CUR_M3,2026-01-23 12:01:00,2026-01-23 13:03:00
ORD_00569,7,FIN_M3,2026-01-23 13:47:00,2026-01-23 14:17:00
ORD_00569,8,INS_M3,2026-01-23 14:56:00,2026-01-23 15:18:00
ORD_00641,1,MIX_M4,2026-01-26 01:09:00,2026-01-26 01:36:00
ORD_00641,2,CAL_M2,2026-01-26 02:36:00,2026-01-26 03:06:00
ORD_00641,3,CAL_M2,2026-01-26 03:06:00,2026-01-26 03:29:00
ORD_00641,4,EXT_M4,2026-01-26 04:10:00,2026-01-26 04:40:00
ORD_00641,5,EXT_M1,2026-01-26 04:58:00,2026-01-26 05:25:00
ORD_00641,6,BLD_M3,2026-01-26 05:32:00,2026-01-26 06:13:00
ORD_00641,7,CUR_M7,2026-01-26 07:46:00,2026-01-26 09:12:00
ORD_00641,8,CUR_M3,2026-01-26 09:50:00,2026-01-26 10:59:00
ORD_00641,9,FIN_M2,2026-01-26 11:42:00,2026-01-26 12:11:00
ORD_00641,10,INS_M3,2026-01-26 12:48:00,2026-01-26 12:58:00
ORD_00670,1,MIX_M2,2026-01-24 01:40:00,2026-01-24 01:56:00
ORD_00670,2,CAL_M4,2026-01-24 02:14:00,2026-01-24 02:37:00
ORD_00670,3,CAL_M3,2026-01-24 03:34:00,2026-01-24 03:52:00
ORD_00670,4,EXT_M2,2026-01-24 05:37:00,2026-01-24 06:01:00
ORD_00670,5,EXT_M2,2026-01-24 06:01:00,2026-01-24 06:27:00
ORD_00670,6,BLD_M2,2026-01-24 06:47:00,2026-01-24 07:16:00
ORD_00670,7,CUR_M1,2026-01-24 12:42:00,2026-01-24 14:07:00
ORD_00670,8,CUR_M3,2026-01-24 14:42:00,2026-01-24 15:39:00
ORD_00670,9,FIN_M1,2026-01-24 16:17:00,2026-01-24 16:28:00
ORD_00670,10,INS_M3,2026-01-24 16:56:00,2026-01-24 17:15:00
ORD_00060,1,MIX_M4,2026-01-20 02:00:00,2026-01-20 02:21:00
ORD_00060,2,CAL_M1,2026-01-20 05:36:00,2026-01-20 06:13:00
ORD_00060,3,EXT_M5,2026-01-20 09:07:00,2026-01-20 09:49:00
ORD_00060,4,BLD_M1,2026-01-20 10:16:00,2026-01-20 10:45:00
ORD_00060,5,CUR_M2,2026-01-20 13:55:00,2026-01-20 15:23:00
ORD_00060,6,FIN_M2,2026-01-20 15:32:00,2026-01-20 15:50:00
ORD_00060,7,INS_M2,2026-01-20 16:52:00,2026-01-20 17:18:00
ORD_00141,1,MIX_M3,2026-01-23 02:22:00,2026-01-23 02:46:00
ORD_00141,2,CAL_M4,2026-01-23 04:05:00,2026-01-23 04:34:00
ORD_00141,3,EXT_M2,2026-01-23 07:59:00,2026-01-23 08:30:00
ORD_00141,4,EXT_M4,2026-01-23 09:17:00,2026-01-23 09:57:00
ORD_00141,5,BLD_M6,2026-01-23 10:46:00,2026-01-23 11:11:00
ORD_00141,6,CUR_M2,2026-01-23 11:18:00,2026-01-23 12:16:00
ORD_00141,7,FIN_M3,2026-01-23 12:27:00,2026-01-23 12:39:00
ORD_00141,8,INS_M1,2026-01-23 13:54:00,2026-01-23 14:13:00
ORD_00619,1,MIX_M3,2026-01-21 01:11:00,2026-01-21 01:38:00
ORD_00619,2,CAL_M2,2026-01-21 07:46:00,2026-01-21 08:07:00
ORD_00619,3,CAL_M4,2026-01-21 08:36:00,2026-01-21 09:12:00
ORD_00619,4,EXT_M4,2026-01-21 10:04:00,2026-01-21 10:40:00
ORD_00619,5,EXT_M2,2026-01-21 10:58:00,2026-01-21 11:32:00
ORD_00619,6,BLD_M5,2026-01-21 12:06:00,2026-01-21 12:35:00
ORD_00619,7,CUR_M7,2026-01-21 13:21:00,2026-01-21 14:36:00
ORD_00619,8,CUR_M1,2026-01-21 17:32:00,2026-01-21 18:31:00
ORD_00619,9,FIN_M3,2026-01-21 19:02:00,2026-01-21 19:18:00
ORD_00619,10,INS_M2,2026-01-21 20:11:00,2026-01-21 20:39:00
ORD_00107,1,MIX_M1,2026-01-22 03:28:00,2026-01-22 03:45:00
ORD_00107,2,CAL_M4,2026-01-22 05:07:00,2026-01-22 05:36:00
ORD_00107,3,CAL_M2,2026-01-22 06:04:00,2026-01-22 06:30:00
ORD_00107,4,EXT_M3,2026-01-22 08:57:00,2026-01-22 09:41:00
ORD_00107,5,EXT_M3,2026-01-22 09:41:00,2026-01-22 10:08:00
ORD_00107,6,BLD_M4,2026-01-22 10:19:00,2026-01-22 11:03:00
ORD_00107,7,CUR_M6,2026-01-22 15:11:00,2026-01-22 16:34:00
ORD_00107,8,CUR_M1,2026-01-22 16:58:00,2026-01-22 18:28:00
ORD_00107,9,FIN_M3,2026-01-22 18:46:00,2026-01-22 18:58:00
ORD_00107,10,INS_M2,2026-01-22 19:09:00,2026-01-22 19:22:00
ORD_00873,1,MIX_M4,2026-01-26 01:36:00,2026-01-26 02:00:00
ORD_00873,2,CAL_M3,2026-01-26 03:20:00,2026-01-26 03:59:00
ORD_00873,3,EXT_M4,2026-01-26 04:41:00,2026-01-26 05:12:00
ORD_00873,4,EXT_M5,2026-01-26 05:27:00,2026-01-26 05:55:00
ORD_00873,5,BLD_M2,2026-01-26 06:09:00,2026-01-26 06:55:00
ORD_00873,6,CUR_M4,2026-01-26 07:46:00,2026-01-26 09:04:00
ORD_00873,7,FIN_M2,2026-01-26 09:51:00,2026-01-26 10:09:00
ORD_00873,8,INS_M1,2026-01-26 10:34:00,2026-01-26 11:04:00
ORD_00668,1,MIX_M2,2026-01-23 00:14:00,2026-01-23 00:30:00
ORD_00668,2,CAL_M4,2026-01-23 04:34:00,2026-01-23 04:57:00
ORD_00668,3,CAL_M3,2026-01-23 05:35:00,2026-01-23 05:53:00
ORD_00668,4,EXT_M2,2026-01-23 08:30:00,2026-01-23 08:54:00
ORD_00668,5,EXT_M2,2026-01-23 08:54:00,2026-01-23 09:20:00
ORD_00668,6,BLD_M2,2026-01-23 10:18:00,2026-01-23 10:47:00
ORD_00668,7,CUR_M1,2026-01-23 10:59:00,2026-01-23 12:24:00
ORD_00668,8,CUR_M3,2026-01-23 13:03:00,2026-01-23 14:00:00
ORD_00668,9,FIN_M1,2026-01-23 14:00:00,2026-01-23 14:11:00
ORD_00668,10,INS_M3,2026-01-23 14:11:00,2026-01-23 14:30:00
ORD_00710,1,MIX_M4,2026-01-25 00:35:00,2026-01-25 01:02:00
ORD_00710,2,CAL_M2,2026-01-25 01:54:00,2026-01-25 02:24:00
ORD_00710,3,CAL_M2,2026-01-25 02:24:00,2026-01-25 02:47:00
ORD_00710,4,EXT_M4,2026-01-25 03:29:00,2026-01-25 03:59:00
ORD_00710,5,EXT_M1,2026-01-25 03:59:00,2026-01-25 04:26:00
ORD_00710,6,BLD_M3,2026-01-25 04:26:00,2026-01-25 05:07:00
ORD_00710,7,CUR_M7,2026-01-25 06:57:00,2026-01-25 08:23:00
ORD_00710,8,CUR_M3,2026-01-25 09:02:00,2026-01-25 10:11:00
ORD_00710,9,FIN_M2,2026-01-25 10:52:00,2026-01-25 11:21:00
ORD_00710,10,INS_M3,2026-01-25 11:41:00,2026-01-25 11:51:00
ORD_00161,1,MIX_M4,2026-01-23 03:13:00,2026-01-23 03:40:00
ORD_00161,2,CAL_M3,2026-01-23 05:53:00,2026-01-23 06:34:00
ORD_00161,3,EXT_M5,2026-01-23 08:01:00,2026-01-23 08:37:00
ORD_00161,4,BLD_M5,2026-01-23 08:57:00,2026-01-23 09:20:00
ORD_00161,5,CUR_M3,2026-01-23 14:00:00,2026-01-23 14:46:00
ORD_00161,6,FIN_M4,2026-01-23 15:32:00,2026-01-23 15:53:00
ORD_00161,7,INS_M2,2026-01-23 16:21:00,2026-01-23 16:48:00
ORD_00599,1,MIX_M2,2026-01-23 01:02:00,2026-01-23 01:27:00
ORD_00599,2,CAL_M1,2026-01-23 05:31:00,2026-01-23 06:05:00
ORD_00599,3,EXT_M5,2026-01-23 08:37:00,2026-01-23 09:02:00
ORD_00599,4,BLD_M5,2026-01-23 09:38:00,2026-01-23 10:05:00
ORD_00599,5,CUR_M2,2026-01-23 12:16:00,2026-01-23 13:36:00
ORD_00599,6,FIN_M4,2026-01-23 14:21:00,2026-01-23 14:40:00
ORD_00599,7,INS_M3,2026-01-23 15:18:00,2026-01-23 15:41:00
ORD_00215,1,MIX_M3,2026-01-24 01:04:00,2026-01-24 01:22:00
ORD_00215,2,CAL_M3,2026-01-24 01:39:00,2026-01-24 02:02:00
ORD_00215,3,CAL_M3,2026-01-24 02:02:00,2026-01-24 02:34:00
ORD_00215,4,EXT_M1,2026-01-24 03:41:00,2026-01-24 04:12:00
ORD_00215,5,EXT_M2,2026-01-24 06:27:00,2026-01-24 06:44:00
ORD_00215,6,BLD_M2,2026-01-24 07:36:00,2026-01-24 08:19:00
ORD_00215,7,CUR_M7,2026-01-24 09:16:00,2026-01-24 10:27:00
ORD_00215,8,CUR_M4,2026-01-24 11:19:00,2026-01-24 12:43:00
ORD_00215,9,FIN_M4,2026-01-24 13:09:00,2026-01-24 13:39:00
ORD_00215,10,INS_M3,2026-01-24 14:10:00,2026-01-24 14:35:00
ORD_00284,1,MIX_M1,2026-01-16 03:02:00,2026-01-16 03:32:00
ORD_00284,2,CAL_M2,2026-01-16 05:37:00,2026-01-16 06:14:00
ORD_00284,3,EXT_M2,2026-01-16 07:49:00,2026-01-16 08:13:00
ORD_00284,4,BLD_M4,2026-01-16 09:02:00,2026-01-16 09:22:00
ORD_00284,5,CUR_M6,2026-01-16 09:40:00,2026-01-16 10:35:00
ORD_00284,6,FIN_M4,2026-01-16 11:22:00,2026-01-16 11:37:00
ORD_00284,7,INS_M3,2026-01-16 12:40:00,2026-01-16 12:52:00
ORD_00804,1,MIX_M1,2026-01-14 03:02:00,2026-01-14 03:15:00
ORD_00804,2,CAL_M3,2026-01-14 06:08:00,2026-01-14 06:47:00
ORD_00804,3,EXT_M3,2026-01-14 06:56:00,2026-01-14 07:14:00
ORD_00804,4,EXT_M3,2026-01-14 07:14:00,2026-01-14 07:42:00
ORD_00804,5,BLD_M2,2026-01-14 08:05:00,2026-01-14 08:39:00
ORD_00804,6,CUR_M1,2026-01-14 11:11:00,2026-01-14 12:37:00
ORD_00804,7,FIN_M3,2026-01-14 12:57:00,2026-01-14 13:23:00
ORD_00804,8,INS_M1,2026-01-14 13:47:00,2026-01-14 14:13:00
ORD_00217,1,MIX_M3,2026-01-25 00:12:00,2026-01-25 00:40:00
ORD_00217,2,CAL_M4,2026-01-25 01:50:00,2026-01-25 02:21:00
ORD_00217,3,EXT_M3,2026-01-25 03:15:00,2026-01-25 03:31:00
ORD_00217,4,BLD_M2,2026-01-25 04:26:00,2026-01-25 04:58:00
ORD_00217,5,CUR_M1,2026-01-25 05:34:00,2026-01-25 06:14:00
ORD_00217,6,FIN_M2,2026-01-25 06:38:00,2026-01-25 06:57:00
ORD_00217,7,INS_M1,2026-01-25 07:44:00,2026-01-25 07:58:00
ORD_00069,1,MIX_M2,2026-01-18 01:48:00,2026-01-18 02:04:00
ORD_00069,2,CAL_M4,2026-01-18 02:55:00,2026-01-18 03:18:00
ORD_00069,3,CAL_M3,2026-01-18 06:14:00,2026-01-18 06:32:00
ORD_00069,4,EXT_M2,2026-01-18 06:40:00,2026-01-18 07:04:00
ORD_00069,5,EXT_M2,2026-01-18 08:49:00,2026-01-18 09:15:00
ORD_00069,6,BLD_M2,2026-01-18 10:34:00,2026-01-18 11:03:00
ORD_00069,7,CUR_M1,2026-01-18 11:48:00,2026-01-18 13:13:00
ORD_00069,8,CUR_M3,2026-01-18 14:11:00,2026-01-18 15:08:00
ORD_00069,9,FIN_M1,2026-01-18 15:08:00,2026-01-18 15:19:00
ORD_00069,10,INS_M3,2026-01-18 15:33:00,2026-01-18 15:52:00
ORD_00777,1,MIX_M2,2026-01-24 01:56:00,2026-01-24 02:21:00
ORD_00777,2,CAL_M1,2026-01-24 04:31:00,2026-01-24 05:05:00
ORD_00777,3,EXT_M5,2026-01-24 06:18:00,2026-01-24 06:43:00
ORD_00777,4,BLD_M5,2026-01-24 06:43:00,2026-01-24 07:10:00
ORD_00777,5,CUR_M2,2026-01-24 10:18:00,2026-01-24 11:38:00
ORD_00777,6,FIN_M4,2026-01-24 12:04:00,2026-01-24 12:23:00
ORD_00777,7,INS_M3,2026-01-24 12:29:00,2026-01-24 12:52:00
ORD_00266,1,MIX_M3,2026-01-28 00:06:00,2026-01-28 00:30:00
ORD_00266,2,CAL_M4,2026-01-28 00:58:00,2026-01-28 01:27:00
ORD_00266,3,EXT_M2,2026-01-28 02:10:00,2026-01-28 02:41:00
ORD_00266,4,EXT_M4,2026-01-28 03:28:00,2026-01-28 04:08:00
ORD_00266,5,BLD_M6,2026-01-28 04:08:00,2026-01-28 04:33:00
ORD_00266,6,CUR_M2,2026-01-28 05:10:00,2026-01-28 06:08:00
ORD_00266,7,FIN_M3,2026-01-28 06:49:00,2026-01-28 07:01:00
ORD_00266,8,INS_M1,2026-01-28 07:58:00,2026-01-28 08:17:00
ORD_00045,1,MIX_M2,2026-01-22 02:09:00,2026-01-22 02:39:00
ORD_00045,2,CAL_M1,2026-01-22 06:40:00,2026-01-22 07:19:00
ORD_00045,3,EXT_M5,2026-01-22 08:03:00,2026-01-22 08:41:00
ORD_00045,4,EXT_M3,2026-01-22 10:08:00,2026-01-22 10:27:00
ORD_00045,5,BLD_M1,2026-01-22 11:00:00,2026-01-22 11:31:00
ORD_00045,6,CUR_M6,2026-01-22 16:34:00,2026-01-22 17:55:00
ORD_00045,7,FIN_M2,2026-01-22 18:05:00,2026-01-22 18:29:00
ORD_00045,8,INS_M3,2026-01-22 19:09:00,2026-01-22 19:34:00
ORD_00609,1,MIX_M4,2026-01-25 01:02:00,2026-01-25 01:14:00
ORD_00609,2,CAL_M2,2026-01-25 02:47:00,2026-01-25 03:18:00
ORD_00609,3,CAL_M3,2026-01-25 03:41:00,2026-01-25 04:08:00
ORD_00609,4,EXT_M3,2026-01-25 05:07:00,2026-01-25 05:42:00
ORD_00609,5,EXT_M3,2026-01-25 05:42:00,2026-01-25 06:04:00
ORD_00609,6,BLD_M1,2026-01-25 06:59:00,2026-01-25 07:19:00
ORD_00609,7,CUR_M3,2026-01-25 10:11:00,2026-01-25 11:22:00
ORD_00609,8,CUR_M7,2026-01-25 12:15:00,2026-01-25 13:30:00
ORD_00609,9,FIN_M1,2026-01-25 14:18:00,2026-01-25 14:36:00
ORD_00609,10,INS_M2,2026-01-25 15:27:00,2026-01-25 15:51:00
ORD_00159,1,MIX_M1,2026-01-24 01:45:00,2026-01-24 02:02:00
ORD_00159,2,CAL_M4,2026-01-24 02:37:00,2026-01-24 03:06:00
ORD_00159,3,CAL_M2,2026-01-24 03:33:00,2026-01-24 03:59:00
ORD_00159,4,EXT_M3,2026-01-24 04:43:00,2026-01-24 05:27:00
ORD_00159,5,EXT_M3,2026-01-24 05:27:00,2026-01-24 05:54:00
ORD_00159,6,BLD_M4,2026-01-24 06:45:00,2026-01-24 07:29:00
ORD_00159,7,CUR_M6,2026-01-24 08:10:00,2026-01-24 09:33:00
ORD_00159,8,CUR_M1,2026-01-24 14:07:00,2026-01-24 15:37:00
ORD_00159,9,FIN_M3,2026-01-24 16:09:00,2026-01-24 16:21:00
ORD_00159,10,INS_M2,2026-01-24 16:46:00,2026-01-24 16:59:00
ORD_00602,1,MIX_M1,2026-01-22 03:45:00,2026-01-22 04:04:00
ORD_00602,2,CAL_M4,2026-01-22 05:36:00,2026-01-22 06:03:00
ORD_00602,3,EXT_M2,2026-01-22 06:51:00,2026-01-22 07:08:00
ORD_00602,4,BLD_M5,2026-01-22 07:56:00,2026-01-22 08:38:00
ORD_00602,5,CUR_M4,2026-01-22 10:23:00,2026-01-22 11:09:00
ORD_00602,6,FIN_M3,2026-01-22 11:58:00,2026-01-22 12:27:00
ORD_00602,7,INS_M1,2026-01-22 13:19:00,2026-01-22 13:47:00
ORD_00234,1,MIX_M1,2026-01-24 02:02:00,2026-01-24 02:22:00
ORD_00234,2,CAL_M2,2026-01-24 02:59:00,2026-01-24 03:33:00
ORD_00234,3,EXT_M4,2026-01-24 04:53:00,2026-01-24 05:12:00
ORD_00234,4,EXT_M2,2026-01-24 06:44:00,2026-01-24 07:04:00
ORD_00234,5,BLD_M6,2026-01-24 07:34:00,2026-01-24 08:18:00
ORD_00234,6,CUR_M3,2026-01-24 08:39:00,2026-01-24 10:05:00
ORD_00234,7,FIN_M4,2026-01-24 10:32:00,2026-01-24 10:43:00
ORD_00234,8,INS_M2,2026-01-24 11:36:00,2026-01-24 11:57:00
ORD_00950,1,MIX_M2,2026-01-15 00:00:00,2026-01-15 00:30:00
ORD_00950,2,CAL_M1,2026-01-15 09:15:00,2026-01-15 09:54:00
ORD_00950,3,EXT_M5,2026-01-15 10:21:00,2026-01-15 10:59:00
ORD_00950,4,EXT_M3,2026-01-15 11:58:00,2026-01-15 12:17:00
ORD_00950,5,BLD_M1,2026-01-15 13:13:00,2026-01-15 13:44:00
ORD_00950,6,CUR_M6,2026-01-15 15:15:00,2026-01-15 16:36:00
ORD_00950,7,FIN_M2,2026-01-15 16:36:00,2026-01-15 17:00:00
ORD_00950,8,INS_M3,2026-01-15 17:02:00,2026-01-15 17:27:00
ORD_00307,1,MIX_M3,2026-01-17 00:32:00,2026-01-17 00:46:00
ORD_00307,2,CAL_M1,2026-01-17 06:29:00,2026-01-17 06:52:00
ORD_00307,3,EXT_M2,2026-01-17 10:00:00,2026-01-17 10:19:00
ORD_00307,4,BLD_M5,2026-01-17 11:14:00,2026-01-17 11:42:00
ORD_00307,5,CUR_M3,2026-01-17 12:35:00,2026-01-17 13:22:00
ORD_00307,6,FIN_M1,2026-01-17 14:15:00,2026-01-17 14:29:00
ORD_00307,7,INS_M1,2026-01-17 15:28:00,2026-01-17 15:49:00
ORD_00681,1,MIX_M4,2026-01-23 03:40:00,2026-01-23 03:58:00
ORD_00681,2,CAL_M4,2026-01-23 04:57:00,2026-01-23 05:26:00
ORD_00681,3,EXT_M1,2026-01-23 05:57:00,2026-01-23 06:31:00
ORD_00681,4,BLD_M1,2026-01-23 07:43:00,2026-01-23 08:31:00
ORD_00681,5,CUR_M7,2026-01-23 10:41:00,2026-01-23 12:08:00
ORD_00681,6,FIN_M3,2026-01-23 12:48:00,2026-01-23 13:17:00
ORD_00681,7,INS_M2,2026-01-23 13:55:00,2026-01-23 14:05:00
ORD_00252,1,MIX_M3,2026-01-25 00:43:00,2026-01-25 01:05:00
ORD_00252,2,CAL_M4,2026-01-25 02:21:00,2026-01-25 02:52:00
ORD_00252,3,EXT_M4,2026-01-25 03:59:00,2026-01-25 04:38:00
ORD_00252,4,BLD_M4,2026-01-25 05:09:00,2026-01-25 05:55:00
ORD_00252,5,CUR_M2,2026-01-25 07:09:00,2026-01-25 07:57:00
ORD_00252,6,FIN_M3,2026-01-25 08:20:00,2026-01-25 08:50:00
ORD_00252,7,INS_M1,2026-01-25 09:05:00,2026-01-25 09:29:00
ORD_00277,1,MIX_M3,2026-01-25 01:05:00,2026-01-25 01:19:00
ORD_00277,2,CAL_M1,2026-01-25 02:09:00,2026-01-25 02:32:00
ORD_00277,3,EXT_M2,2026-01-25 02:49:00,2026-01-25 03:08:00
ORD_00277,4,BLD_M5,2026-01-25 03:08:00,2026-01-25 03:36:00
ORD_00277,5,CUR_M3,2026-01-25 03:36:00,2026-01-25 04:23:00
ORD_00277,6,FIN_M1,2026-01-25 04:23:00,2026-01-25 04:37:00
ORD_00277,7,INS_M1,2026-01-25 04:44:00,2026-01-25 05:05:00
ORD_00253,1,MIX_M2,2026-01-22 02:39:00,2026-01-22 03:09:00
ORD_00253,2,CAL_M1,2026-01-22 07:19:00,2026-01-22 07:58:00
ORD_00253,3,EXT_M5,2026-01-22 08:41:00,2026-01-22 09:19:00
ORD_00253,4,EXT_M3,2026-01-22 10:27:00,2026-01-22 10:46:00
ORD_00253,5,BLD_M1,2026-01-22 11:35:00,2026-01-22 12:06:00
ORD_00253,6,CUR_M6,2026-01-22 17:55:00,2026-01-22 19:16:00
ORD_00253,7,FIN_M2,2026-01-22 19:16:00,2026-01-22 19:40:00
ORD_00253,8,INS_M3,2026-01-22 19:40:00,2026-01-22 20:05:00
ORD_00434,1,MIX_M4,2026-01-22 01:13:00,2026-01-22 01:25:00
ORD_00434,2,CAL_M2,2026-01-22 06:30:00,2026-01-22 07:14:00
ORD_00434,3,EXT_M3,2026-01-22 10:46:00,2026-01-22 11:26:00
ORD_00434,4,BLD_M6,2026-01-22 12:06:00,2026-01-22 12:44:00
ORD_00434,5,CUR_M4,2026-01-22 12:50:00,2026-01-22 13:57:00
ORD_00434,6,FIN_M1,2026-01-22 14:41:00,2026-01-22 15:08:00
ORD_00434,7,INS_M1,2026-01-22 15:19:00,2026-01-22 15:49:00
ORD_00333,1,MIX_M3,2026-01-25 01:19:00,2026-01-25 01:29:00
ORD_00333,2,CAL_M1,2026-01-25 02:32:00,2026-01-25 03:16:00
ORD_00333,3,EXT_M5,2026-01-25 04:03:00,2026-01-25 04:41:00
ORD_00333,4,EXT_M4,2026-01-25 05:27:00,2026-01-25 06:08:00
ORD_00333,5,BLD_M3,2026-01-25 06:59:00,2026-01-25 07:43:00
ORD_00333,6,CUR_M4,2026-01-25 07:53:00,2026-01-25 09:11:00
ORD_00333,7,FIN_M3,2026-01-25 09:22:00,2026-01-25 09:39:00
ORD_00333,8,INS_M3,2026-01-25 10:36:00,2026-01-25 10:52:00
ORD_00642,1,MIX_M3,2026-01-25 01:29:00,2026-01-25 01:43:00
ORD_00642,2,CAL_M1,2026-01-25 03:16:00,2026-01-25 03:39:00
ORD_00642,3,EXT_M2,2026-01-25 03:39:00,2026-01-25 03:58:00
ORD_00642,4,BLD_M5,2026-01-25 04:10:00,2026-01-25 04:38:00
ORD_00642,5,CUR_M3,2026-01-25 04:38:00,2026-01-25 05:25:00
ORD_00642,6,FIN_M1,2026-01-25 06:21:00,2026-01-25 06:35:00
ORD_00642,7,INS_M1,2026-01-25 06:57:00,2026-01-25 07:18:00
ORD_00010,1,MIX_M4,2026-01-28 00:00:00,2026-01-28 00:12:00
ORD_00010,2,CAL_M2,2026-01-28 00:12:00,2026-01-28 00:56:00
ORD_00010,3,EXT_M3,2026-01-28 00:56:00,2026-01-28 01:36:00
ORD_00010,4,BLD_M6,2026-01-28 01:36:00,2026-01-28 02:14:00
ORD_00010,5,CUR_M4,2026-01-28 02:40:00,2026-01-28 03:47:00
ORD_00010,6,FIN_M1,2026-01-28 04:31:00,2026-01-28 04:58:00
ORD_00010,7,INS_M1,2026-01-28 05:09:00,2026-01-28 05:39:00
ORD_00536,1,MIX_M2,2026-01-25 01:34:00,2026-01-25 01:52:00
ORD_00536,2,CAL_M4,2026-01-25 02:52:00,2026-01-25 03:37:00
ORD_00536,3,EXT_M2,2026-01-25 04:19:00,2026-01-25 05:03:00
ORD_00536,4,EXT_M5,2026-01-25 05:55:00,2026-01-25 06:34:00
ORD_00536,5,BLD_M6,2026-01-25 07:09:00,2026-01-25 07:51:00
ORD_00536,6,CUR_M4,2026-01-25 09:11:00,2026-01-25 10:36:00
ORD_00536,7,FIN_M3,2026-01-25 10:43:00,2026-01-25 11:05:00
ORD_00536,8,INS_M3,2026-01-25 11:51:00,2026-01-25 12:21:00
ORD_00200,1,MIX_M1,2026-01-26 00:54:00,2026-01-26 01:11:00
ORD_00200,2,CAL_M1,2026-01-26 02:34:00,2026-01-26 03:13:00
ORD_00200,3,EXT_M3,2026-01-26 04:59:00,2026-01-26 05:32:00
ORD_00200,4,BLD_M1,2026-01-26 06:23:00,2026-01-26 07:07:00
ORD_00200,5,CUR_M3,2026-01-26 07:14:00,2026-01-26 08:24:00
ORD_00200,6,FIN_M4,2026-01-26 09:15:00,2026-01-26 09:33:00
ORD_00200,7,INS_M1,2026-01-26 09:47:00,2026-01-26 10:15:00
ORD_00463,1,MIX_M4,2026-01-24 00:57:00,2026-01-24 01:21:00
ORD_00463,2,CAL_M3,2026-01-24 03:52:00,2026-01-24 04:32:00
ORD_00463,3,EXT_M3,2026-01-24 05:54:00,2026-01-24 06:27:00
ORD_00463,4,BLD_M1,2026-01-24 07:11:00,2026-01-24 07:42:00
ORD_00463,5,CUR_M2,2026-01-24 11:38:00,2026-01-24 12:37:00
ORD_00463,6,FIN_M4,2026-01-24 13:39:00,2026-01-24 14:03:00
ORD_00463,7,INS_M1,2026-01-24 14:51:00,2026-01-24 15:02:00
ORD_00830,1,MIX_M3,2026-01-17 01:35:00,2026-01-17 01:54:00
ORD_00830,2,CAL_M3,2026-01-17 04:29:00,2026-01-17 04:47:00
ORD_00830,3,EXT_M1,2026-01-17 05:19:00,2026-01-17 05:49:00
ORD_00830,4,BLD_M6,2026-01-17 06:35:00,2026-01-17 07:08:00
ORD_00830,5,CUR_M3,2026-01-17 10:17:00,2026-01-17 11:05:00
ORD_00830,6,FIN_M4,2026-01-17 12:03:00,2026-01-17 12:30:00
ORD_00830,7,INS_M3,2026-01-17 13:27:00,2026-01-17 13:44:00
ORD_00687,1,MIX_M1,2026-01-18 03:18:00,2026-01-18 03:40:00
ORD_00687,2,CAL_M1,2026-01-18 04:52:00,2026-01-18 05:34:00
ORD_00687,3,EXT_M4,2026-01-18 06:03:00,2026-01-18 06:25:00
ORD_00687,4,EXT_M2,2026-01-18 09:15:00,2026-01-18 09:56:00
ORD_00687,5,BLD_M4,2026-01-18 10:54:00,2026-01-18 11:25:00
ORD_00687,6,CUR_M5,2026-01-18 12:47:00,2026-01-18 14:17:00
ORD_00687,7,FIN_M2,2026-01-18 14:41:00,2026-01-18 14:58:00
ORD_00687,8,INS_M1,2026-01-18 15:09:00,2026-01-18 15:25:00
ORD_00834,1,MIX_M2,2026-01-24 02:21:00,2026-01-24 02:50:00
ORD_00834,2,CAL_M3,2026-01-24 04:32:00,2026-01-24 05:09:00
ORD_00834,3,EXT_M4,2026-01-24 05:24:00,2026-01-24 05:45:00
ORD_00834,4,BLD_M1,2026-01-24 07:42:00,2026-01-24 08:06:00
ORD_00834,5,CUR_M2,2026-01-24 12:37:00,2026-01-24 13:45:00
ORD_00834,6,FIN_M2,2026-01-24 14:25:00,2026-01-24 14:49:00
ORD_00834,7,INS_M1,2026-01-24 15:20:00,2026-01-24 15:40:00
ORD_00085,1,MIX_M1,2026-01-23 02:30:00,2026-01-23 02:57:00
ORD_00085,2,CAL_M2,2026-01-23 04:27:00,2026-01-23 04:50:00
ORD_00085,3,EXT_M3,2026-01-23 05:49:00,2026-01-23 06:23:00
ORD_00085,4,EXT_M2,2026-01-23 09:20:00,2026-01-23 09:57:00
ORD_00085,5,BLD_M3,2026-01-23 10:21:00,2026-01-23 10:47:00
ORD_00085,6,CUR_M5,2026-01-23 11:07:00,2026-01-23 12:19:00
ORD_00085,7,FIN_M4,2026-01-23 12:52:00,2026-01-23 13:10:00
ORD_00085,8,INS_M1,2026-01-23 14:13:00,2026-01-23 14:25:00
ORD_00075,1,MIX_M3,2026-01-24 01:22:00,2026-01-24 01:50:00
ORD_00075,2,CAL_M4,2026-01-24 03:06:00,2026-01-24 03:37:00
ORD_00075,3,EXT_M3,2026-01-24 06:27:00,2026-01-24 06:43:00
ORD_00075,4,BLD_M2,2026-01-24 08:19:00,2026-01-24 08:51:00
ORD_00075,5,CUR_M1,2026-01-24 15:37:00,2026-01-24 16:17:00
ORD_00075,6,FIN_M2,2026-01-24 16:32:00,2026-01-24 16:51:00
ORD_00075,7,INS_M1,2026-01-24 17:30:00,2026-01-24 17:44:00
ORD_00580,1,MIX_M1,2026-01-17 03:38:00,2026-01-17 03:49:00
ORD_00580,2,CAL_M2,2026-01-17 06:16:00,2026-01-17 06:45:00
ORD_00580,3,EXT_M4,2026-01-17 08:28:00,2026-01-17 08:58:00
ORD_00580,4,BLD_M4,2026-01-17 10:39:00,2026-01-17 11:05:00
ORD_00580,5,CUR_M6,2026-01-17 19:05:00,2026-01-17 20:23:00
ORD_00580,6,FIN_M2,2026-01-17 20:52:00,2026-01-17 21:12:00
ORD_00580,7,INS_M3,2026-01-17 22:07:00,2026-01-17 22:27:00
ORD_00456,1,MIX_M2,2026-01-24 02:50:00,2026-01-24 03:19:00
ORD_00456,2,CAL_M3,2026-01-24 05:09:00,2026-01-24 05:46:00
ORD_00456,3,EXT_M4,2026-01-24 06:41:00,2026-01-24 07:02:00
ORD_00456,4,BLD_M1,2026-01-24 08:06:00,2026-01-24 08:30:00
ORD_00456,5,CUR_M2,2026-01-24 13:45:00,2026-01-24 14:53:00
ORD_00456,6,FIN_M2,2026-01-24 15:26:00,2026-01-24 15:50:00
ORD_00456,7,INS_M1,2026-01-24 16:26:00,2026-01-24 16:46:00
ORD_00308,1,MIX_M1,2026-01-29 00:52:00,2026-01-29 01:08:00
ORD_00308,2,CAL_M4,2026-01-29 01:47:00,2026-01-29 02:14:00
ORD_00308,3,EXT_M5,2026-01-29 02:46:00,2026-01-29 03:31:00
ORD_00308,4,BLD_M6,2026-01-29 03:42:00,2026-01-29 04:02:00
ORD_00308,5,CUR_M7,2026-01-29 04:08:00,2026-01-29 05:18:00
ORD_00308,6,FIN_M1,2026-01-29 05:31:00,2026-01-29 05:52:00
ORD_00308,7,INS_M2,2026-01-29 06:37:00,2026-01-29 06:59:00
ORD_00346,1,MIX_M1,2026-01-26 01:11:00,2026-01-26 01:26:00
ORD_00346,2,CAL_M4,2026-01-26 01:52:00,2026-01-26 02:21:00
ORD_00346,3,EXT_M5,2026-01-26 03:04:00,2026-01-26 03:43:00
ORD_00346,4,BLD_M5,2026-01-26 04:52:00,2026-01-26 05:26:00
ORD_00346,5,CUR_M6,2026-01-26 05:33:00,2026-01-26 06:53:00
ORD_00346,6,FIN_M3,2026-01-26 07:47:00,2026-01-26 08:01:00
ORD_00346,7,INS_M2,2026-01-26 08:31:00,2026-01-26 08:43:00
ORD_00142,1,MIX_M1,2026-01-26 01:26:00,2026-01-26 01:41:00
ORD_00142,2,CAL_M4,2026-01-26 02:21:00,2026-01-26 02:50:00
ORD_00142,3,EXT_M5,2026-01-26 03:43:00,2026-01-26 04:22:00
ORD_00142,4,BLD_M5,2026-01-26 05:26:00,2026-01-26 06:00:00
ORD_00142,5,CUR_M6,2026-01-26 06:53:00,2026-01-26 08:13:00
ORD_00142,6,FIN_M3,2026-01-26 08:13:00,2026-01-26 08:27:00
ORD_00142,7,INS_M2,2026-01-26 08:43:00,2026-01-26 08:55:00
ORD_00819,1,MIX_M1,2026-01-23 00:00:00,2026-01-23 00:15:00
ORD_00819,2,CAL_M4,2026-01-23 05:26:00,2026-01-23 05:55:00
ORD_00819,3,EXT_M5,2026-01-23 09:02:00,2026-01-23 09:41:00
ORD_00819,4,BLD_M5,2026-01-23 10:05:00,2026-01-23 10:39:00
ORD_00819,5,CUR_M6,2026-01-23 10:39:00,2026-01-23 11:59:00
ORD_00819,6,FIN_M3,2026-01-23 11:59:00,2026-01-23 12:13:00
ORD_00819,7,INS_M2,2026-01-23 12:57:00,2026-01-23 13:09:00
ORD_00007,1,MIX_M2,2026-01-25 01:52:00,2026-01-25 02:17:00
ORD_00007,2,CAL_M1,2026-01-25 03:39:00,2026-01-25 04:13:00
ORD_00007,3,EXT_M5,2026-01-25 04:48:00,2026-01-25 05:13:00
ORD_00007,4,BLD_M5,2026-01-25 05:32:00,2026-01-25 05:59:00
ORD_00007,5,CUR_M2,2026-01-25 07:57:00,2026-01-25 09:17:00
ORD_00007,6,FIN_M4,2026-01-25 09:39:00,2026-01-25 09:58:00
ORD_00007,7,INS_M3,2026-01-25 10:53:00,2026-01-25 11:16:00
ORD_00109,1,MIX_M4,2026-01-23 03:58:00,2026-01-23 04:25:00
ORD_00109,2,CAL_M3,2026-01-23 06:34:00,2026-01-23 07:15:00
ORD_00109,3,EXT_M5,2026-01-23 09:41:00,2026-01-23 10:17:00
ORD_00109,4,BLD_M5,2026-01-23 10:39:00,2026-01-23 11:02:00
ORD_00109,5,CUR_M3,2026-01-23 14:46:00,2026-01-23 15:32:00
ORD_00109,6,FIN_M4,2026-01-23 15:53:00,2026-01-23 16:14:00
ORD_00109,7,INS_M2,2026-01-23 16:48:00,2026-01-23 17:15:00
ORD_00174,1,MIX_M3,2026-01-29 00:22:00,2026-01-29 00:32:00
ORD_00174,2,CAL_M1,2026-01-29 01:20:00,2026-01-29 02:04:00
ORD_00174,3,EXT_M5,2026-01-29 03:31:00,2026-01-29 04:09:00
ORD_00174,4,EXT_M4,2026-01-29 04:44:00,2026-01-29 05:25:00
ORD_00174,5,BLD_M3,2026-01-29 05:44:00,2026-01-29 06:28:00
ORD_00174,6,CUR_M4,2026-01-29 06:39:00,2026-01-29 07:57:00
ORD_00174,7,FIN_M3,2026-01-29 08:17:00,2026-01-29 08:34:00
ORD_00174,8,INS_M3,2026-01-29 08:41:00,2026-01-29 08:57:00
ORD_00484,1,MIX_M2,2026-01-21 02:21:00,2026-01-21 02:49:00
ORD_00484,2,CAL_M3,2026-01-21 05:35:00,2026-01-21 05:50:00
ORD_00484,3,EXT_M2,2026-01-21 06:49:00,2026-01-21 07:12:00
ORD_00484,4,EXT_M1,2026-01-21 07:55:00,2026-01-21 08:14:00
ORD_00484,5,BLD_M6,2026-01-21 08:48:00,2026-01-21 09:21:00
ORD_00484,6,CUR_M2,2026-01-21 09:51:00,2026-01-21 11:18:00
ORD_00484,7,FIN_M1,2026-01-21 11:48:00,2026-01-21 12:13:00
ORD_00484,8,INS_M2,2026-01-21 12:43:00,2026-01-21 13:04:00
ORD_00846,1,MIX_M4,2026-01-21 01:39:00,2026-01-21 02:03:00
ORD_00846,2,CAL_M3,2026-01-21 05:50:00,2026-01-21 06:29:00
ORD_00846,3,EXT_M4,2026-01-21 08:49:00,2026-01-21 09:20:00
ORD_00846,4,EXT_M5,2026-01-21 10:18:00,2026-01-21 10:46:00
ORD_00846,5,BLD_M2,2026-01-21 11:19:00,2026-01-21 12:05:00
ORD_00846,6,CUR_M4,2026-01-21 12:22:00,2026-01-21 13:40:00
ORD_00846,7,FIN_M2,2026-01-21 14:13:00,2026-01-21 14:31:00
ORD_00846,8,INS_M1,2026-01-21 14:39:00,2026-01-21 15:09:00
ORD_00347,1,MIX_M1,2026-01-19 03:48:00,2026-01-19 04:08:00
ORD_00347,2,CAL_M2,2026-01-19 05:29:00,2026-01-19 06:03:00
ORD_00347,3,EXT_M4,2026-01-19 07:01:00,2026-01-19 07:20:00
ORD_00347,4,EXT_M2,2026-01-19 08:59:00,2026-01-19 09:19:00
ORD_00347,5,BLD_M6,2026-01-19 11:08:00,2026-01-19 11:52:00
ORD_00347,6,CUR_M3,2026-01-19 15:28:00,2026-01-19 16:54:00
ORD_00347,7,FIN_M4,2026-01-19 17:45:00,2026-01-19 17:56:00
ORD_00347,8,INS_M2,2026-01-19 19:25:00,2026-01-19 19:46:00
ORD_00305,1,MIX_M1,2026-01-26 01:41:00,2026-01-26 01:52:00
ORD_00305,2,CAL_M3,2026-01-26 03:59:00,2026-01-26 04:21:00
ORD_00305,3,EXT_M2,2026-01-26 05:05:00,2026-01-26 05:45:00
ORD_00305,4,BLD_M5,2026-01-26 06:01:00,2026-01-26 06:27:00
ORD_00305,5,CUR_M2,2026-01-26 06:44:00,2026-01-26 08:12:00
ORD_00305,6,FIN_M2,2026-01-26 09:09:00,2026-01-26 09:37:00
ORD_00305,7,INS_M1,2026-01-26 10:15:00,2026-01-26 10:32:00
ORD_00486,1,MIX_M1,2026-01-23 02:57:00,2026-01-23 03:12:00
ORD_00486,2,CAL_M4,2026-01-23 05:55:00,2026-01-23 06:24:00
ORD_00486,3,EXT_M5,2026-01-23 10:17:00,2026-01-23 10:56:00
ORD_00486,4,BLD_M5,2026-01-23 11:54:00,2026-01-23 12:28:00
ORD_00486,5,CUR_M6,2026-01-23 12:28:00,2026-01-23 13:48:00
ORD_00486,6,FIN_M3,2026-01-23 14:17:00,2026-01-23 14:31:00
ORD_00486,7,INS_M2,2026-01-23 15:06:00,2026-01-23 15:18:00
ORD_00786,1,MIX_M2,2026-01-26 01:25:00,2026-01-26 01:55:00
ORD_00786,2,CAL_M1,2026-01-26 03:13:00,2026-01-26 03:52:00
ORD_00786,3,EXT_M5,2026-01-26 04:24:00,2026-01-26 05:02:00
ORD_00786,4,EXT_M3,2026-01-26 05:32:00,2026-01-26 05:51:00
ORD_00786,5,BLD_M1,2026-01-26 07:07:00,2026-01-26 07:38:00
ORD_00786,6,CUR_M6,2026-01-26 08:13:00,2026-01-26 09:34:00
ORD_00786,7,FIN_M2,2026-01-26 10:18:00,2026-01-26 10:42:00
ORD_00786,8,INS_M3,2026-01-26 11:38:00,2026-01-26 12:03:00
ORD_00725,1,MIX_M3,2026-01-17 01:54:00,2026-01-17 02:16:00
ORD_00725,2,CAL_M2,2026-01-17 06:45:00,2026-01-17 07:24:00
ORD_00725,3,EXT_M3,2026-01-17 08:39:00,2026-01-17 09:10:00
ORD_00725,4,BLD_M5,2026-01-17 11:42:00,2026-01-17 12:05:00
ORD_00725,5,CUR_M6,2026-01-17 20:23:00,2026-01-17 21:18:00
ORD_00725,6,FIN_M4,2026-01-17 21:52:00,2026-01-17 22:05:00
ORD_00725,7,INS_M2,2026-01-17 22:48:00,2026-01-17 23:12:00
ORD_00538,1,MIX_M3,2026-01-16 00:39:00,2026-01-16 01:01:00
ORD_00538,2,CAL_M4,2026-01-16 04:08:00,2026-01-16 04:39:00
ORD_00538,3,EXT_M4,2026-01-16 06:07:00,2026-01-16 06:46:00
ORD_00538,4,BLD_M4,2026-01-16 07:59:00,2026-01-16 08:45:00
ORD_00538,5,CUR_M2,2026-01-16 09:42:00,2026-01-16 10:30:00
ORD_00538,6,FIN_M3,2026-01-16 10:52:00,2026-01-16 11:22:00
ORD_00538,7,INS_M1,2026-01-16 12:51:00,2026-01-16 13:15:00
ORD_00612,1,MIX_M2,2026-01-27 00:48:00,2026-01-27 01:06:00
ORD_00612,2,CAL_M4,2026-01-27 01:15:00,2026-01-27 02:00:00
ORD_00612,3,EXT_M2,2026-01-27 02:29:00,2026-01-27 03:13:00
ORD_00612,4,EXT_M5,2026-01-27 03:26:00,2026-01-27 04:05:00
ORD_00612,5,BLD_M6,2026-01-27 05:51:00,2026-01-27 06:33:00
ORD_00612,6,CUR_M4,2026-01-27 07:54:00,2026-01-27 09:19:00
ORD_00612,7,FIN_M3,2026-01-27 09:38:00,2026-01-27 10:00:00
ORD_00612,8,INS_M3,2026-01-27 10:42:00,2026-01-27 11:12:00
ORD_00540,1,MIX_M3,2026-01-23 02:46:00,2026-01-23 03:00:00
ORD_00540,2,CAL_M1,2026-01-23 06:05:00,2026-01-23 06:28:00
ORD_00540,3,EXT_M2,2026-01-23 09:57:00,2026-01-23 10:16:00
ORD_00540,4,BLD_M5,2026-01-23 11:07:00,2026-01-23 11:35:00
ORD_00540,5,CUR_M3,2026-01-23 15:32:00,2026-01-23 16:19:00
ORD_00540,6,FIN_M1,2026-01-23 16:49:00,2026-01-23 17:03:00
ORD_00540,7,INS_M1,2026-01-23 17:10:00,2026-01-23 17:31:00
ORD_00645,1,MIX_M1,2026-01-22 04:04:00,2026-01-22 04:23:00
ORD_00645,2,CAL_M4,2026-01-22 06:03:00,2026-01-22 06:30:00
ORD_00645,3,EXT_M2,2026-01-22 07:08:00,2026-01-22 07:25:00
ORD_00645,4,BLD_M5,2026-01-22 08:38:00,2026-01-22 09:20:00
ORD_00645,5,CUR_M4,2026-01-22 11:09:00,2026-01-22 11:55:00
ORD_00645,6,FIN_M3,2026-01-22 12:27:00,2026-01-22 12:56:00
ORD_00645,7,INS_M1,2026-01-22 13:47:00,2026-01-22 14:15:00
ORD_00285,1,MIX_M4,2026-01-25 01:14:00,2026-01-25 01:26:00
ORD_00285,2,CAL_M2,2026-01-25 03:18:00,2026-01-25 04:02:00
ORD_00285,3,EXT_M3,2026-01-25 04:26:00,2026-01-25 05:06:00
ORD_00285,4,BLD_M6,2026-01-25 05:25:00,2026-01-25 06:03:00
ORD_00285,5,CUR_M4,2026-01-25 06:09:00,2026-01-25 07:16:00
ORD_00285,6,FIN_M1,2026-01-25 08:00:00,2026-01-25 08:27:00
ORD_00285,7,INS_M1,2026-01-25 09:29:00,2026-01-25 09:59:00
ORD_00571,1,MIX_M4,2026-01-19 00:00:00,2026-01-19 00:12:00
ORD_00571,2,CAL_M2,2026-01-19 06:03:00,2026-01-19 06:47:00
ORD_00571,3,EXT_M3,2026-01-19 12:21:00,2026-01-19 13:01:00
ORD_00571,4,BLD_M6,2026-01-19 13:01:00,2026-01-19 13:39:00
ORD_00571,5,CUR_M4,2026-01-19 13:39:00,2026-01-19 14:46:00
ORD_00571,6,FIN_M1,2026-01-19 14:46:00,2026-01-19 15:13:00
ORD_00571,7,INS_M1,2026-01-19 15:37:00,2026-01-19 16:07:00
ORD_00026,1,MIX_M3,2026-01-28 00:30:00,2026-01-28 00:54:00
ORD_00026,2,CAL_M4,2026-01-28 01:33:00,2026-01-28 02:02:00
ORD_00026,3,EXT_M2,2026-01-28 02:58:00,2026-01-28 03:29:00
ORD_00026,4,EXT_M4,2026-01-28 04:08:00,2026-01-28 04:48:00
ORD_00026,5,BLD_M6,2026-01-28 05:37:00,2026-01-28 06:02:00
ORD_00026,6,CUR_M2,2026-01-28 06:08:00,2026-01-28 07:06:00
ORD_00026,7,FIN_M3,2026-01-28 07:17:00,2026-01-28 07:29:00
ORD_00026,8,INS_M1,2026-01-28 08:17:00,2026-01-28 08:36:00
ORD_00562,1,MIX_M1,2026-01-25 01:12:00,2026-01-25 01:36:00
ORD_00562,2,CAL_M1,2026-01-25 04:13:00,2026-01-25 04:30:00
ORD_00562,3,EXT_M5,2026-01-25 05:13:00,2026-01-25 05:34:00
ORD_00562,4,BLD_M5,2026-01-25 06:05:00,2026-01-25 06:33:00
ORD_00562,5,CUR_M3,2026-01-25 07:29:00,2026-01-25 08:31:00
ORD_00562,6,FIN_M1,2026-01-25 08:39:00,2026-01-25 08:56:00
ORD_00562,7,INS_M2,2026-01-25 09:49:00,2026-01-25 10:08:00
ORD_00032,1,MIX_M3,2026-01-25 01:43:00,2026-01-25 01:53:00
ORD_00032,2,CAL_M1,2026-01-25 04:30:00,2026-01-25 05:14:00
ORD_00032,3,EXT_M5,2026-01-25 06:34:00,2026-01-25 07:12:00
ORD_00032,4,EXT_M4,2026-01-25 07:38:00,2026-01-25 08:19:00
ORD_00032,5,BLD_M3,2026-01-25 08:19:00,2026-01-25 09:03:00
ORD_00032,6,CUR_M4,2026-01-25 10:36:00,2026-01-25 11:54:00
ORD_00032,7,FIN_M3,2026-01-25 12:24:00,2026-01-25 12:41:00
ORD_00032,8,INS_M3,2026-01-25 12:57:00,2026-01-25 13:13:00
ORD_00186,1,MIX_M2,2026-01-29 00:08:00,2026-01-29 00:32:00
ORD_00186,2,CAL_M3,2026-01-29 01:16:00,2026-01-29 01:50:00
ORD_00186,3,EXT_M5,2026-01-29 02:19:00,2026-01-29 02:34:00
ORD_00186,4,BLD_M6,2026-01-29 04:02:00,2026-01-29 04:48:00
ORD_00186,5,CUR_M5,2026-01-29 05:06:00,2026-01-29 06:28:00
ORD_00186,6,FIN_M1,2026-01-29 06:40:00,2026-01-29 06:54:00
ORD_00186,7,INS_M2,2026-01-29 07:11:00,2026-01-29 07:24:00
ORD_00031,1,MIX_M3,2026-01-19 03:03:00,2026-01-19 03:24:00
ORD_00031,2,CAL_M2,2026-01-19 06:47:00,2026-01-19 07:21:00
ORD_00031,3,EXT_M5,2026-01-19 09:10:00,2026-01-19 09:55:00
ORD_00031,4,BLD_M6,2026-01-19 11:52:00,2026-01-19 12:34:00
ORD_00031,5,CUR_M2,2026-01-19 13:23:00,2026-01-19 14:52:00
ORD_00031,6,FIN_M2,2026-01-19 15:10:00,2026-01-19 15:29:00
ORD_00031,7,INS_M1,2026-01-19 17:13:00,2026-01-19 17:41:00
ORD_00473,1,MIX_M2,2026-01-25 02:17:00,2026-01-25 02:46:00
ORD_00473,2,CAL_M1,2026-01-25 05:14:00,2026-01-25 05:38:00
ORD_00473,3,EXT_M5,2026-01-25 07:12:00,2026-01-25 07:39:00
ORD_00473,4,EXT_M3,2026-01-25 07:48:00,2026-01-25 08:29:00
ORD_00473,5,BLD_M2,2026-01-25 09:09:00,2026-01-25 09:50:00
ORD_00473,6,CUR_M2,2026-01-25 09:56:00,2026-01-25 11:17:00
ORD_00473,7,FIN_M4,2026-01-25 11:38:00,2026-01-25 12:04:00
ORD_00473,8,INS_M2,2026-01-25 12:26:00,2026-01-25 12:36:00
ORD_00475,1,MIX_M2,2026-01-27 00:18:00,2026-01-27 00:32:00
ORD_00475,2,CAL_M2,2026-01-27 02:22:00,2026-01-27 03:02:00
ORD_00475,3,EXT_M4,2026-01-27 03:12:00,2026-01-27 03:27:00
ORD_00475,4,EXT_M3,2026-01-27 04:15:00,2026-01-27 04:47:00
ORD_00475,5,BLD_M5,2026-01-27 05:29:00,2026-01-27 06:00:00
ORD_00475,6,CUR_M8,2026-01-27 06:46:00,2026-01-27 08:01:00
ORD_00475,7,FIN_M2,2026-01-27 08:12:00,2026-01-27 08:41:00
ORD_00475,8,INS_M1,2026-01-27 09:04:00,2026-01-27 09:16:00
ORD_00438,1,MIX_M3,2026-01-21 01:38:00,2026-01-21 01:48:00
ORD_00438,2,CAL_M1,2026-01-21 01:57:00,2026-01-21 02:41:00
ORD_00438,3,EXT_M5,2026-01-21 06:10:00,2026-01-21 06:48:00
ORD_00438,4,EXT_M4,2026-01-21 09:20:00,2026-01-21 10:01:00
ORD_00438,5,BLD_M3,2026-01-21 10:01:00,2026-01-21 10:45:00
ORD_00438,6,CUR_M4,2026-01-21 10:45:00,2026-01-21 12:03:00
ORD_00438,7,FIN_M3,2026-01-21 12:03:00,2026-01-21 12:20:00
ORD_00438,8,INS_M3,2026-01-21 12:26:00,2026-01-21 12:42:00
ORD_00879,1,MIX_M4,2026-01-25 01:26:00,2026-01-25 01:52:00
ORD_00879,2,CAL_M1,2026-01-25 05:38:00,2026-01-25 06:05:00
ORD_00879,3,EXT_M3,2026-01-25 06:41:00,2026-01-25 07:19:00
ORD_00879,4,BLD_M3,2026-01-25 07:43:00,2026-01-25 08:10:00
ORD_00879,5,CUR_M6,2026-01-25 08:15:00,2026-01-25 09:44:00
ORD_00879,6,FIN_M2,2026-01-25 10:24:00,2026-01-25 10:36:00
ORD_00879,7,INS_M3,2026-01-25 12:21:00,2026-01-25 12:51:00
ORD_00209,1,MIX_M2,2026-01-26 01:55:00,2026-01-26 02:13:00
ORD_00209,2,CAL_M4,2026-01-26 02:52:00,2026-01-26 03:37:00
ORD_00209,3,EXT_M2,2026-01-26 05:45:00,2026-01-26 06:29:00
ORD_00209,4,EXT_M5,2026-01-26 07:21:00,2026-01-26 08:00:00
ORD_00209,5,BLD_M6,2026-01-26 08:49:00,2026-01-26 09:31:00
ORD_00209,6,CUR_M4,2026-01-26 10:00:00,2026-01-26 11:25:00
ORD_00209,7,FIN_M3,2026-01-26 11:32:00,2026-01-26 11:54:00
ORD_00209,8,INS_M3,2026-01-26 12:58:00,2026-01-26 13:28:00
ORD_00243,1,MIX_M2,2026-01-25 02:46:00,2026-01-25 03:09:00
ORD_00243,2,CAL_M1,2026-01-25 06:05:00,2026-01-25 06:30:00
ORD_00243,3,EXT_M4,2026-01-25 06:53:00,2026-01-25 07:30:00
ORD_00243,4,BLD_M4,2026-01-25 08:20:00,2026-01-25 08:52:00
ORD_00243,5,CUR_M3,2026-01-25 11:22:00,2026-01-25 12:33:00
ORD_00243,6,FIN_M1,2026-01-25 13:20:00,2026-01-25 13:34:00
ORD_00243,7,INS_M3,2026-01-25 14:06:00,2026-01-25 14:34:00
ORD_00753,1,MIX_M4,2026-01-30 00:19:00,2026-01-30 00:30:00
ORD_00753,2,CAL_M2,2026-01-30 01:13:00,2026-01-30 01:57:00
ORD_00753,3,EXT_M1,2026-01-30 02:31:00,2026-01-30 03:00:00
ORD_00753,4,EXT_M2,2026-01-30 03:06:00,2026-01-30 03:46:00
ORD_00753,5,BLD_M4,2026-01-30 04:27:00,2026-01-30 05:08:00
ORD_00753,6,CUR_M6,2026-01-30 06:04:00,2026-01-30 07:32:00
ORD_00753,7,FIN_M4,2026-01-30 07:56:00,2026-01-30 08:25:00
ORD_00753,8,INS_M3,2026-01-30 09:21:00,2026-01-30 09:47:00
ORD_00011,1,MIX_M2,2026-01-26 02:13:00,2026-01-26 02:43:00
ORD_00011,2,CAL_M1,2026-01-26 03:52:00,2026-01-26 04:31:00
ORD_00011,3,EXT_M5,2026-01-26 05:55:00,2026-01-26 06:33:00
ORD_00011,4,EXT_M3,2026-01-26 07:03:00,2026-01-26 07:22:00
ORD_00011,5,BLD_M1,2026-01-26 07:38:00,2026-01-26 08:09:00
ORD_00011,6,CUR_M6,2026-01-26 09:34:00,2026-01-26 10:55:00
ORD_00011,7,FIN_M2,2026-01-26 12:11:00,2026-01-26 12:35:00
ORD_00011,8,INS_M3,2026-01-26 13:28:00,2026-01-26 13:53:00
ORD_00925,1,MIX_M3,2026-01-25 01:53:00,2026-01-25 02:17:00
ORD_00925,2,CAL_M4,2026-01-25 03:37:00,2026-01-25 03:55:00
ORD_00925,3,EXT_M2,2026-01-25 05:03:00,2026-01-25 05:25:00
ORD_00925,4,BLD_M1,2026-01-25 06:03:00,2026-01-25 06:33:00
ORD_00925,5,CUR_M1,2026-01-25 07:31:00,2026-01-25 08:48:00
ORD_00925,6,FIN_M2,2026-01-25 09:34:00,2026-01-25 10:02:00
ORD_00925,7,INS_M1,2026-01-25 10:11:00,2026-01-25 10:21:00
ORD_00581,1,MIX_M3,2026-01-28 00:54:00,2026-01-28 01:04:00
ORD_00581,2,CAL_M1,2026-01-28 01:22:00,2026-01-28 02:06:00
ORD_00581,3,EXT_M5,2026-01-28 02:53:00,2026-01-28 03:31:00
ORD_00581,4,EXT_M4,2026-01-28 04:48:00,2026-01-28 05:29:00
ORD_00581,5,BLD_M3,2026-01-28 05:44:00,2026-01-28 06:28:00
ORD_00581,6,CUR_M4,2026-01-28 06:39:00,2026-01-28 07:57:00
ORD_00581,7,FIN_M3,2026-01-28 08:43:00,2026-01-28 09:00:00
ORD_00581,8,INS_M3,2026-01-28 09:57:00,2026-01-28 10:13:00
ORD_00371,1,MIX_M1,2026-01-25 01:36:00,2026-01-25 02:02:00
ORD_00371,2,CAL_M2,2026-01-25 04:02:00,2026-01-25 04:45:00
ORD_00371,3,EXT_M3,2026-01-25 06:04:00,2026-01-25 06:30:00
ORD_00371,4,EXT_M2,2026-01-25 07:03:00,2026-01-25 07:25:00
ORD_00371,5,BLD_M1,2026-01-25 07:39:00,2026-01-25 08:03:00
ORD_00371,6,CUR_M5,2026-01-25 08:12:00,2026-01-25 09:04:00
ORD_00371,7,FIN_M2,2026-01-25 11:21:00,2026-01-25 11:50:00
ORD_00371,8,INS_M1,2026-01-25 12:14:00,2026-01-25 12:44:00
ORD_00597,1,MIX_M2,2026-01-25 03:09:00,2026-01-25 03:23:00
ORD_00597,2,CAL_M1,2026-01-25 06:30:00,2026-01-25 06:46:00
ORD_00597,3,EXT_M3,2026-01-25 08:29:00,2026-01-25 09:14:00
ORD_00597,4,BLD_M4,2026-01-25 09:51:00,2026-01-25 10:38:00
ORD_00597,5,CUR_M7,2026-01-25 13:30:00,2026-01-25 14:25:00
ORD_00597,6,FIN_M2,2026-01-25 15:04:00,2026-01-25 15:24:00
ORD_00597,7,INS_M3,2026-01-25 15:52:00,2026-01-25 16:12:00
ORD_00167,1,MIX_M2,2026-01-24 03:19:00,2026-01-24 03:49:00
ORD_00167,2,CAL_M1,2026-01-24 05:05:00,2026-01-24 05:44:00
ORD_00167,3,EXT_M5,2026-01-24 06:43:00,2026-01-24 07:21:00
ORD_00167,4,EXT_M3,2026-01-24 07:45:00,2026-01-24 08:04:00
ORD_00167,5,BLD_M1,2026-01-24 08:40:00,2026-01-24 09:11:00
ORD_00167,6,CUR_M6,2026-01-24 09:33:00,2026-01-24 10:54:00
ORD_00167,7,FIN_M2,2026-01-24 11:04:00,2026-01-24 11:28:00
ORD_00167,8,INS_M3,2026-01-24 12:52:00,2026-01-24 13:17:00
ORD_00038,1,MIX_M2,2026-01-26 02:43:00,2026-01-26 03:12:00
ORD_00038,2,CAL_M3,2026-01-26 04:21:00,2026-01-26 04:58:00
ORD_00038,3,EXT_M4,2026-01-26 05:12:00,2026-01-26 05:33:00
ORD_00038,4,BLD_M1,2026-01-26 05:50:00,2026-01-26 06:14:00
ORD_00038,5,CUR_M2,2026-01-26 08:12:00,2026-01-26 09:20:00
ORD_00038,6,FIN_M2,2026-01-26 10:42:00,2026-01-26 11:06:00
ORD_00038,7,INS_M1,2026-01-26 11:31:00,2026-01-26 11:51:00
ORD_00090,1,MIX_M1,2026-01-26 01:52:00,2026-01-26 02:22:00
ORD_00090,2,CAL_M2,2026-01-26 03:29:00,2026-01-26 04:06:00
ORD_00090,3,EXT_M2,2026-01-26 04:36:00,2026-01-26 05:00:00
ORD_00090,4,BLD_M4,2026-01-26 05:11:00,2026-01-26 05:31:00
ORD_00090,5,CUR_M6,2026-01-26 10:55:00,2026-01-26 11:50:00
ORD_00090,6,FIN_M4,2026-01-26 12:29:00,2026-01-26 12:44:00
ORD_00090,7,INS_M3,2026-01-26 13:53:00,2026-01-26 14:05:00
ORD_00290,1,MIX_M3,2026-01-26 00:00:00,2026-01-26 00:10:00
ORD_00290,2,CAL_M1,2026-01-26 00:28:00,2026-01-26 01:12:00
ORD_00290,3,EXT_M5,2026-01-26 01:59:00,2026-01-26 02:37:00
ORD_00290,4,EXT_M4,2026-01-26 05:33:00,2026-01-26 06:14:00
ORD_00290,5,BLD_M3,2026-01-26 06:14:00,2026-01-26 06:58:00
ORD_00290,6,CUR_M4,2026-01-26 11:25:00,2026-01-26 12:43:00
ORD_00290,7,FIN_M3,2026-01-26 12:43:00,2026-01-26 13:00:00
ORD_00290,8,INS_M3,2026-01-26 14:05:00,2026-01-26 14:21:00
ORD_00938,1,MIX_M3,2026-01-27 00:30:00,2026-01-27 00:44:00
ORD_00938,2,CAL_M1,2026-01-27 02:08:00,2026-01-27 02:31:00
ORD_00938,3,EXT_M2,2026-01-27 03:13:00,2026-01-27 03:32:00
ORD_00938,4,BLD_M5,2026-01-27 04:07:00,2026-01-27 04:35:00
ORD_00938,5,CUR_M3,2026-01-27 05:25:00,2026-01-27 06:12:00
ORD_00938,6,FIN_M1,2026-01-27 06:44:00,2026-01-27 06:58:00
ORD_00938,7,INS_M1,2026-01-27 07:55:00,2026-01-27 08:16:00
ORD_00429,1,MIX_M4,2026-01-28 00:14:00,2026-01-28 00:42:00
ORD_00429,2,CAL_M2,2026-01-28 01:11:00,2026-01-28 01:54:00
ORD_00429,3,EXT_M4,2026-01-28 02:44:00,2026-01-28 03:19:00
ORD_00429,4,EXT_M1,2026-01-28 03:53:00,2026-01-28 04:34:00
ORD_00429,5,BLD_M4,2026-01-28 05:03:00,2026-01-28 05:42:00
ORD_00429,6,CUR_M7,2026-01-28 06:29:00,2026-01-28 07:26:00
ORD_00429,7,FIN_M1,2026-01-28 08:01:00,2026-01-28 08:22:00
ORD_00429,8,INS_M1,2026-01-28 08:36:00,2026-01-28 09:00:00
ORD_00704,1,MIX_M3,2026-01-30 00:00:00,2026-01-30 00:14:00
ORD_00704,2,CAL_M1,2026-01-30 00:14:00,2026-01-30 00:37:00
ORD_00704,3,EXT_M2,2026-01-30 00:37:00,2026-01-30 00:56:00
ORD_00704,4,BLD_M5,2026-01-30 00:56:00,2026-01-30 01:24:00
ORD_00704,5,CUR_M3,2026-01-30 01:24:00,2026-01-30 02:11:00
ORD_00704,6,FIN_M1,2026-01-30 03:02:00,2026-01-30 03:16:00
ORD_00704,7,INS_M1,2026-01-30 03:49:00,2026-01-30 04:10:00
ORD_00706,1,MIX_M1,2026-01-25 00:15:00,2026-01-25 00:26:00
ORD_00706,2,CAL_M2,2026-01-25 04:45:00,2026-01-25 05:14:00
ORD_00706,3,EXT_M4,2026-01-25 06:08:00,2026-01-25 06:38:00
ORD_00706,4,BLD_M4,2026-01-25 07:35:00,2026-01-25 08:01:00
ORD_00706,5,CUR_M6,2026-01-25 09:44:00,2026-01-25 11:02:00
ORD_00706,6,FIN_M2,2026-01-25 11:50:00,2026-01-25 12:10:00
ORD_00706,7,INS_M3,2026-01-25 13:13:00,2026-01-25 13:33:00
ORD_00120,1,MIX_M1,2026-01-28 00:05:00,2026-01-28 00:22:00
ORD_00120,2,CAL_M3,2026-01-28 00:27:00,2026-01-28 00:49:00
ORD_00120,3,EXT_M1,2026-01-28 01:21:00,2026-01-28 01:49:00
ORD_00120,4,EXT_M1,2026-01-28 01:49:00,2026-01-28 02:28:00
ORD_00120,5,BLD_M6,2026-01-28 03:02:00,2026-01-28 03:44:00
ORD_00120,6,CUR_M2,2026-01-28 03:57:00,2026-01-28 05:05:00
ORD_00120,7,FIN_M2,2026-01-28 05:13:00,2026-01-28 05:32:00
ORD_00120,8,INS_M1,2026-01-28 05:44:00,2026-01-28 05:55:00
ORD_00608,1,MIX_M1,2026-01-24 02:22:00,2026-01-24 02:41:00
ORD_00608,2,CAL_M4,2026-01-24 03:40:00,2026-01-24 04:07:00
ORD_00608,3,EXT_M2,2026-01-24 07:04:00,2026-01-24 07:21:00
ORD_00608,4,BLD_M5,2026-01-24 07:35:00,2026-01-24 08:17:00
ORD_00608,5,CUR_M4,2026-01-24 08:49:00,2026-01-24 09:35:00
ORD_00608,6,FIN_M3,2026-01-24 10:14:00,2026-01-24 10:43:00
ORD_00608,7,INS_M1,2026-01-24 11:36:00,2026-01-24 12:04:00
ORD_00979,1,MIX_M2,2026-01-26 03:12:00,2026-01-26 03:26:00
ORD_00979,2,CAL_M1,2026-01-26 04:31:00,2026-01-26 04:47:00
ORD_00979,3,EXT_M3,2026-01-26 05:51:00,2026-01-26 06:36:00
ORD_00979,4,BLD_M4,2026-01-26 06:44:00,2026-01-26 07:31:00
ORD_00979,5,CUR_M7,2026-01-26 09:12:00,2026-01-26 10:07:00
ORD_00979,6,FIN_M2,2026-01-26 11:06:00,2026-01-26 11:26:00
ORD_00979,7,INS_M3,2026-01-26 12:03:00,2026-01-26 12:23:00
ORD_00983,1,MIX_M3,2026-01-26 01:03:00,2026-01-26 01:30:00
ORD_00983,2,CAL_M1,2026-01-26 04:47:00,2026-01-26 05:16:00
ORD_00983,3,EXT_M3,2026-01-26 07:22:00,2026-01-26 07:58:00
ORD_00983,4,BLD_M6,2026-01-26 08:04:00,2026-01-26 08:45:00
ORD_00983,5,CUR_M5,2026-01-26 10:33:00,2026-01-26 11:50:00
ORD_00983,6,FIN_M4,2026-01-26 12:44:00,2026-01-26 13:14:00
ORD_00983,7,INS_M2,2026-01-26 13:31:00,2026-01-26 13:44:00
ORD_00871,1,MIX_M1,2026-01-27 00:32:00,2026-01-27 00:53:00
ORD_00871,2,CAL_M4,2026-01-27 02:00:00,2026-01-27 02:36:00
ORD_00871,3,EXT_M3,2026-01-27 04:47:00,2026-01-27 05:04:00
ORD_00871,4,BLD_M5,2026-01-27 06:00:00,2026-01-27 06:40:00
ORD_00871,5,CUR_M6,2026-01-27 07:07:00,2026-01-27 07:47:00
ORD_00871,6,FIN_M4,2026-01-27 08:42:00,2026-01-27 09:07:00
ORD_00871,7,INS_M1,2026-01-27 10:04:00,2026-01-27 10:27:00
ORD_00152,1,MIX_M2,2026-01-26 03:26:00,2026-01-26 03:49:00
ORD_00152,2,CAL_M1,2026-01-26 05:16:00,2026-01-26 06:01:00
ORD_00152,3,EXT_M2,2026-01-26 06:53:00,2026-01-26 07:34:00
ORD_00152,4,EXT_M4,2026-01-26 08:28:00,2026-01-26 09:11:00
ORD_00152,5,BLD_M3,2026-01-26 09:35:00,2026-01-26 10:24:00
ORD_00152,6,CUR_M1,2026-01-26 11:11:00,2026-01-26 12:17:00
ORD_00152,7,FIN_M1,2026-01-26 12:49:00,2026-01-26 13:11:00
ORD_00152,8,INS_M3,2026-01-26 14:21:00,2026-01-26 14:42:00
ORD_00001,1,MIX_M1,2026-01-29 00:22:00,2026-01-29 00:42:00
ORD_00001,2,CAL_M2,2026-01-29 01:11:00,2026-01-29 01:45:00
ORD_00001,3,EXT_M4,2026-01-29 02:15:00,2026-01-29 02:34:00
ORD_00001,4,EXT_M2,2026-01-29 03:22:00,2026-01-29 03:42:00
ORD_00001,5,BLD_M6,2026-01-29 04:48:00,2026-01-29 05:32:00
ORD_00001,6,CUR_M3,2026-01-29 05:43:00,2026-01-29 07:09:00
ORD_00001,7,FIN_M4,2026-01-29 07:39:00,2026-01-29 07:50:00
ORD_00001,8,INS_M2,2026-01-29 08:00:00,2026-01-29 08:21:00
ORD_00459,1,MIX_M3,2026-01-27 00:44:00,2026-01-27 01:06:00
ORD_00459,2,CAL_M3,2026-01-27 01:46:00,2026-01-27 02:15:00
ORD_00459,3,EXT_M5,2026-01-27 02:44:00,2026-01-27 03:18:00
ORD_00459,4,EXT_M4,2026-01-27 03:30:00,2026-01-27 03:48:00
ORD_00459,5,BLD_M6,2026-01-27 04:34:00,2026-01-27 04:57:00
ORD_00459,6,CUR_M4,2026-01-27 09:19:00,2026-01-27 10:26:00
ORD_00459,7,FIN_M4,2026-01-27 10:36:00,2026-01-27 10:53:00
ORD_00459,8,INS_M2,2026-01-27 11:02:00,2026-01-27 11:22:00
ORD_00193,1,MIX_M2,2026-01-18 02:04:00,2026-01-18 02:32:00
ORD_00193,2,CAL_M3,2026-01-18 06:32:00,2026-01-18 06:47:00
ORD_00193,3,EXT_M2,2026-01-18 09:56:00,2026-01-18 10:19:00
ORD_00193,4,EXT_M1,2026-01-18 11:06:00,2026-01-18 11:25:00
ORD_00193,5,BLD_M6,2026-01-18 12:12:00,2026-01-18 12:45:00
ORD_00193,6,CUR_M2,2026-01-18 14:35:00,2026-01-18 16:02:00
ORD_00193,7,FIN_M1,2026-01-18 16:31:00,2026-01-18 16:56:00
ORD_00193,8,INS_M2,2026-01-18 17:14:00,2026-01-18 17:35:00
ORD_00637,1,MIX_M2,2026-01-26 00:08:00,2026-01-26 00:31:00
ORD_00637,2,CAL_M1,2026-01-26 06:01:00,2026-01-26 06:46:00
ORD_00637,3,EXT_M2,2026-01-26 07:34:00,2026-01-26 08:15:00
ORD_00637,4,EXT_M4,2026-01-26 09:11:00,2026-01-26 09:54:00
ORD_00637,5,BLD_M3,2026-01-26 10:24:00,2026-01-26 11:13:00
ORD_00637,6,CUR_M1,2026-01-26 12:17:00,2026-01-26 13:23:00
ORD_00637,7,FIN_M1,2026-01-26 13:43:00,2026-01-26 14:05:00
ORD_00637,8,INS_M3,2026-01-26 14:42:00,2026-01-26 15:03:00
ORD_00693,1,MIX_M3,2026-01-25 02:17:00,2026-01-25 02:27:00
ORD_00693,2,CAL_M1,2026-01-25 06:46:00,2026-01-25 07:30:00
ORD_00693,3,EXT_M5,2026-01-25 08:22:00,2026-01-25 09:00:00
ORD_00693,4,EXT_M4,2026-01-25 09:48:00,2026-01-25 10:29:00
ORD_00693,5,BLD_M3,2026-01-25 10:53:00,2026-01-25 11:37:00
ORD_00693,6,CUR_M4,2026-01-25 12:26:00,2026-01-25 13:44:00
ORD_00693,7,FIN_M3,2026-01-25 14:19:00,2026-01-25 14:36:00
ORD_00693,8,INS_M3,2026-01-25 15:20:00,2026-01-25 15:36:00
ORD_00558,1,MIX_M1,2026-01-27 00:00:00,2026-01-27 00:20:00
ORD_00558,2,CAL_M2,2026-01-27 00:20:00,2026-01-27 00:54:00
ORD_00558,3,EXT_M4,2026-01-27 01:15:00,2026-01-27 01:34:00
ORD_00558,4,EXT_M2,2026-01-27 03:32:00,2026-01-27 03:52:00
ORD_00558,5,BLD_M6,2026-01-27 06:33:00,2026-01-27 07:17:00
ORD_00558,6,CUR_M3,2026-01-27 07:17:00,2026-01-27 08:43:00
ORD_00558,7,FIN_M4,2026-01-27 09:07:00,2026-01-27 09:18:00
ORD_00558,8,INS_M2,2026-01-27 10:07:00,2026-01-27 10:28:00
ORD_00639,1,MIX_M1,2026-01-27 00:53:00,2026-01-27 01:07:00
ORD_00639,2,CAL_M1,2026-01-27 02:31:00,2026-01-27 03:16:00
ORD_00639,3,EXT_M1,2026-01-27 03:35:00,2026-01-27 03:59:00
ORD_00639,4,EXT_M4,2026-01-27 04:12:00,2026-01-27 04:30:00
ORD_00639,5,BLD_M1,2026-01-27 05:09:00,2026-01-27 05:36:00
ORD_00639,6,CUR_M3,2026-01-27 06:12:00,2026-01-27 07:16:00
ORD_00639,7,FIN_M4,2026-01-27 07:56:00,2026-01-27 08:17:00
ORD_00639,8,INS_M3,2026-01-27 09:07:00,2026-01-27 09:34:00
ORD_00078,1,MIX_M1,2026-01-26 02:22:00,2026-01-26 02:41:00
ORD_00078,2,CAL_M4,2026-01-26 03:37:00,2026-01-26 04:04:00
ORD_00078,3,EXT_M2,2026-01-26 06:29:00,2026-01-26 06:46:00
ORD_00078,4,BLD_M5,2026-01-26 07:06:00,2026-01-26 07:48:00
ORD_00078,5,CUR_M4,2026-01-26 09:04:00,2026-01-26 09:50:00
ORD_00078,6,FIN_M3,2026-01-26 10:29:00,2026-01-26 10:58:00
ORD_00078,7,INS_M1,2026-01-26 11:51:00,2026-01-26 12:19:00
ORD_00685,1,MIX_M3,2026-01-28 01:04:00,2026-01-28 01:18:00
ORD_00685,2,CAL_M1,2026-01-28 02:06:00,2026-01-28 02:29:00
ORD_00685,3,EXT_M2,2026-01-28 03:29:00,2026-01-28 03:48:00
ORD_00685,4,BLD_M5,2026-01-28 04:39:00,2026-01-28 05:07:00
ORD_00685,5,CUR_M3,2026-01-28 05:12:00,2026-01-28 05:59:00
ORD_00685,6,FIN_M1,2026-01-28 06:04:00,2026-01-28 06:18:00
ORD_00685,7,INS_M1,2026-01-28 07:17:00,2026-01-28 07:38:00
ORD_00408,1,MIX_M1,2026-01-25 02:02:00,2026-01-25 02:32:00
ORD_00408,2,CAL_M2,2026-01-25 05:14:00,2026-01-25 05:51:00
ORD_00408,3,EXT_M2,2026-01-25 05:58:00,2026-01-25 06:22:00
ORD_00408,4,BLD_M4,2026-01-25 06:33:00,2026-01-25 06:53:00
ORD_00408,5,CUR_M6,2026-01-25 11:02:00,2026-01-25 11:57:00
ORD_00408,6,FIN_M4,2026-01-25 12:15:00,2026-01-25 12:30:00
ORD_00408,7,INS_M3,2026-01-25 13:33:00,2026-01-25 13:45:00
ORD_00676,1,MIX_M2,2026-01-24 03:49:00,2026-01-24 04:18:00
ORD_00676,2,CAL_M1,2026-01-24 05:44:00,2026-01-24 06:08:00
ORD_00676,3,EXT_M5,2026-01-24 07:21:00,2026-01-24 07:48:00
ORD_00676,4,EXT_M3,2026-01-24 08:22:00,2026-01-24 09:03:00
ORD_00676,5,BLD_M2,2026-01-24 09:03:00,2026-01-24 09:44:00
ORD_00676,6,CUR_M2,2026-01-24 14:53:00,2026-01-24 16:14:00
ORD_00676,7,FIN_M4,2026-01-24 16:21:00,2026-01-24 16:47:00
ORD_00676,8,INS_M2,2026-01-24 16:59:00,2026-01-24 17:09:00
ORD_00318,1,MIX_M2,2026-01-26 03:49:00,2026-01-26 04:18:00
ORD_00318,2,CAL_M3,2026-01-26 04:58:00,2026-01-26 05:35:00
ORD_00318,3,EXT_M4,2026-01-26 06:31:00,2026-01-26 06:52:00
ORD_00318,4,BLD_M1,2026-01-26 08:09:00,2026-01-26 08:33:00
ORD_00318,5,CUR_M2,2026-01-26 09:20:00,2026-01-26 10:28:00
ORD_00318,6,FIN_M2,2026-01-26 12:35:00,2026-01-26 12:59:00
ORD_00318,7,INS_M1,2026-01-26 13:50:00,2026-01-26 14:10:00
ORD_00013,1,MIX_M2,2026-01-25 00:14:00,2026-01-25 00:37:00
ORD_00013,2,CAL_M1,2026-01-25 07:30:00,2026-01-25 08:15:00
ORD_00013,3,EXT_M2,2026-01-25 08:53:00,2026-01-25 09:34:00
ORD_00013,4,EXT_M4,2026-01-25 10:29:00,2026-01-25 11:12:00
ORD_00013,5,BLD_M3,2026-01-25 11:37:00,2026-01-25 12:26:00
ORD_00013,6,CUR_M1,2026-01-25 12:26:00,2026-01-25 13:32:00
ORD_00013,7,FIN_M1,2026-01-25 14:36:00,2026-01-25 14:58:00
ORD_00013,8,INS_M3,2026-01-25 16:12:00,2026-01-25 16:33:00
ORD_00929,1,MIX_M3,2026-01-27 01:06:00,2026-01-27 01:27:00
ORD_00929,2,CAL_M4,2026-01-27 02:36:00,2026-01-27 03:02:00
ORD_00929,3,EXT_M1,2026-01-27 03:59:00,2026-01-27 04:26:00
ORD_00929,4,BLD_M1,2026-01-27 05:36:00,2026-01-27 06:14:00
ORD_00929,5,CUR_M4,2026-01-27 10:26:00,2026-01-27 11:29:00
ORD_00929,6,FIN_M3,2026-01-27 11:55:00,2026-01-27 12:07:00
ORD_00929,7,INS_M2,2026-01-27 12:38:00,2026-01-27 13:04:00
ORD_00949,1,MIX_M4,2026-01-24 01:21:00,2026-01-24 01:45:00
ORD_00949,2,CAL_M3,2026-01-24 05:46:00,2026-01-24 06:26:00
ORD_00949,3,EXT_M3,2026-01-24 06:43:00,2026-01-24 07:16:00
ORD_00949,4,BLD_M1,2026-01-24 09:11:00,2026-01-24 09:42:00
ORD_00949,5,CUR_M2,2026-01-24 16:14:00,2026-01-24 17:13:00
ORD_00949,6,FIN_M4,2026-01-24 17:46:00,2026-01-24 18:10:00
ORD_00949,7,INS_M1,2026-01-24 19:09:00,2026-01-24 19:20:00
ORD_00653,1,MIX_M1,2026-01-26 02:41:00,2026-01-26 02:56:00
ORD_00653,2,CAL_M4,2026-01-26 04:04:00,2026-01-26 04:33:00
ORD_00653,3,EXT_M5,2026-01-26 06:33:00,2026-01-26 07:12:00
ORD_00653,4,BLD_M5,2026-01-26 07:48:00,2026-01-26 08:22:00
ORD_00653,5,CUR_M6,2026-01-26 11:50:00,2026-01-26 13:10:00
ORD_00653,6,FIN_M3,2026-01-26 13:59:00,2026-01-26 14:13:00
ORD_00653,7,INS_M2,2026-01-26 14:29:00,2026-01-26 14:41:00
ORD_00574,1,MIX_M2,2026-01-29 00:32:00,2026-01-29 00:51:00
ORD_00574,2,CAL_M4,2026-01-29 02:14:00,2026-01-29 02:57:00
ORD_00574,3,EXT_M4,2026-01-29 03:50:00,2026-01-29 04:08:00
ORD_00574,4,BLD_M1,2026-01-29 04:24:00,2026-01-29 05:04:00
ORD_00574,5,CUR_M4,2026-01-29 05:10:00,2026-01-29 06:35:00
ORD_00574,6,FIN_M2,2026-01-29 06:51:00,2026-01-29 07:10:00
ORD_00574,7,INS_M3,2026-01-29 07:44:00,2026-01-29 07:54:00
ORD_00171,1,MIX_M4,2026-01-28 00:42:00,2026-01-28 01:09:00
ORD_00171,2,CAL_M3,2026-01-28 01:48:00,2026-01-28 02:29:00
ORD_00171,3,EXT_M5,2026-01-28 03:31:00,2026-01-28 04:07:00
ORD_00171,4,BLD_M5,2026-01-28 05:07:00,2026-01-28 05:30:00
ORD_00171,5,CUR_M3,2026-01-28 05:59:00,2026-01-28 06:45:00
ORD_00171,6,FIN_M4,2026-01-28 07:01:00,2026-01-28 07:22:00
ORD_00171,7,INS_M2,2026-01-28 07:34:00,2026-01-28 08:01:00
ORD_00426,1,MIX_M1,2026-01-28 00:54:00,2026-01-28 01:08:00
ORD_00426,2,CAL_M1,2026-01-28 02:29:00,2026-01-28 03:14:00
ORD_00426,3,EXT_M1,2026-01-28 04:34:00,2026-01-28 04:58:00
ORD_00426,4,EXT_M4,2026-01-28 05:29:00,2026-01-28 05:47:00
ORD_00426,5,BLD_M1,2026-01-28 06:06:00,2026-01-28 06:33:00
ORD_00426,6,CUR_M3,2026-01-28 06:53:00,2026-01-28 07:57:00
ORD_00426,7,FIN_M4,2026-01-28 08:42:00,2026-01-28 09:03:00
ORD_00426,8,INS_M3,2026-01-28 09:20:00,2026-01-28 09:47:00
ORD_00735,1,MIX_M1,2026-01-27 01:07:00,2026-01-27 01:27:00
ORD_00735,2,CAL_M2,2026-01-27 03:02:00,2026-01-27 03:42:00
ORD_00735,3,EXT_M5,2026-01-27 04:05:00,2026-01-27 04:34:00
ORD_00735,4,BLD_M6,2026-01-27 07:17:00,2026-01-27 08:06:00
ORD_00735,5,CUR_M6,2026-01-27 08:27:00,2026-01-27 09:12:00
ORD_00735,6,FIN_M4,2026-01-27 09:50:00,2026-01-27 10:03:00
ORD_00735,7,INS_M1,2026-01-27 10:41:00,2026-01-27 11:04:00
ORD_00616,1,MIX_M2,2026-01-26 04:18:00,2026-01-26 04:32:00
ORD_00616,2,CAL_M1,2026-01-26 06:46:00,2026-01-26 07:02:00
ORD_00616,3,EXT_M3,2026-01-26 07:58:00,2026-01-26 08:43:00
ORD_00616,4,BLD_M4,2026-01-26 09:09:00,2026-01-26 09:56:00
ORD_00616,5,CUR_M7,2026-01-26 10:07:00,2026-01-26 11:02:00
ORD_00616,6,FIN_M2,2026-01-26 12:59:00,2026-01-26 13:19:00
ORD_00616,7,INS_M3,2026-01-26 15:03:00,2026-01-26 15:23:00
ORD_00781,1,MIX_M1,2026-01-25 02:32:00,2026-01-25 02:47:00
ORD_00781,2,CAL_M4,2026-01-25 03:55:00,2026-01-25 04:24:00
ORD_00781,3,EXT_M5,2026-01-25 07:39:00,2026-01-25 08:18:00
ORD_00781,4,BLD_M5,2026-01-25 08:49:00,2026-01-25 09:23:00
ORD_00781,5,CUR_M6,2026-01-25 11:57:00,2026-01-25 13:17:00
ORD_00781,6,FIN_M3,2026-01-25 13:17:00,2026-01-25 13:31:00
ORD_00781,7,INS_M2,2026-01-25 14:10:00,2026-01-25 14:22:00
ORD_00052,1,MIX_M4,2026-01-28 01:09:00,2026-01-28 01:33:00
ORD_00052,2,CAL_M3,2026-01-28 02:29:00,2026-01-28 03:08:00
ORD_00052,3,EXT_M4,2026-01-28 05:47:00,2026-01-28 06:18:00
ORD_00052,4,EXT_M5,2026-01-28 06:55:00,2026-01-28 07:23:00
ORD_00052,5,BLD_M2,2026-01-28 07:30:00,2026-01-28 08:16:00
ORD_00052,6,CUR_M4,2026-01-28 09:10:00,2026-01-28 10:28:00
ORD_00052,7,FIN_M2,2026-01-28 11:06:00,2026-01-28 11:24:00
ORD_00052,8,INS_M1,2026-01-28 11:48:00,2026-01-28 12:18:00
ORD_00472,1,MIX_M4,2026-01-26 02:00:00,2026-01-26 02:21:00
ORD_00472,2,CAL_M1,2026-01-26 07:02:00,2026-01-26 07:39:00
ORD_00472,3,EXT_M5,2026-01-26 08:00:00,2026-01-26 08:42:00
ORD_00472,4,BLD_M1,2026-01-26 09:18:00,2026-01-26 09:47:00
ORD_00472,5,CUR_M2,2026-01-26 10:28:00,2026-01-26 11:56:00
ORD_00472,6,FIN_M2,2026-01-26 13:19:00,2026-01-26 13:37:00
ORD_00472,7,INS_M2,2026-01-26 14:41:00,2026-01-26 15:07:00
ORD_00841,1,MIX_M1,2026-01-30 00:49:00,2026-01-30 01:02:00
ORD_00841,2,CAL_M3,2026-01-30 01:14:00,2026-01-30 01:53:00
ORD_00841,3,EXT_M3,2026-01-30 02:42:00,2026-01-30 03:00:00
ORD_00841,4,EXT_M3,2026-01-30 03:00:00,2026-01-30 03:28:00
ORD_00841,5,BLD_M2,2026-01-30 04:10:00,2026-01-30 04:44:00
ORD_00841,6,CUR_M1,2026-01-30 04:57:00,2026-01-30 06:23:00
ORD_00841,7,FIN_M3,2026-01-30 07:20:00,2026-01-30 07:46:00
ORD_00841,8,INS_M1,2026-01-30 08:10:00,2026-01-30 08:36:00
ORD_00526,1,MIX_M4,2026-01-27 01:03:00,2026-01-27 01:17:00
ORD_00526,2,CAL_M4,2026-01-27 03:02:00,2026-01-27 03:31:00
ORD_00526,3,EXT_M5,2026-01-27 04:34:00,2026-01-27 04:49:00
ORD_00526,4,BLD_M1,2026-01-27 06:14:00,2026-01-27 06:34:00
ORD_00526,5,CUR_M5,2026-01-27 06:49:00,2026-01-27 07:42:00
ORD_00526,6,FIN_M2,2026-01-27 08:41:00,2026-01-27 09:08:00
ORD_00526,7,INS_M3,2026-01-27 09:34:00,2026-01-27 10:03:00
ORD_00769,1,MIX_M2,2026-01-28 00:38:00,2026-01-28 01:01:00
ORD_00769,2,CAL_M1,2026-01-28 03:14:00,2026-01-28 03:59:00
ORD_00769,3,EXT_M2,2026-01-28 03:59:00,2026-01-28 04:40:00
ORD_00769,4,EXT_M4,2026-01-28 06:18:00,2026-01-28 07:01:00
ORD_00769,5,BLD_M3,2026-01-28 07:01:00,2026-01-28 07:50:00
ORD_00769,6,CUR_M1,2026-01-28 08:44:00,2026-01-28 09:50:00
ORD_00769,7,FIN_M1,2026-01-28 09:50:00,2026-01-28 10:12:00
ORD_00769,8,INS_M3,2026-01-28 10:30:00,2026-01-28 10:51:00
ORD_00098,1,MIX_M4,2026-01-25 01:52:00,2026-01-25 02:19:00
ORD_00098,2,CAL_M2,2026-01-25 05:51:00,2026-01-25 06:21:00
ORD_00098,3,CAL_M2,2026-01-25 06:21:00,2026-01-25 06:44:00
ORD_00098,4,EXT_M4,2026-01-25 08:19:00,2026-01-25 08:49:00
ORD_00098,5,EXT_M1,2026-01-25 09:37:00,2026-01-25 10:04:00
ORD_00098,6,BLD_M3,2026-01-25 12:26:00,2026-01-25 13:07:00
ORD_00098,7,CUR_M7,2026-01-25 14:25:00,2026-01-25 15:51:00
ORD_00098,8,CUR_M3,2026-01-25 16:34:00,2026-01-25 17:43:00
ORD_00098,9,FIN_M2,2026-01-25 18:27:00,2026-01-25 18:56:00
ORD_00098,10,INS_M3,2026-01-25 19:13:00,2026-01-25 19:23:00
ORD_00047,1,MIX_M2,2026-01-28 01:01:00,2026-01-28 01:17:00
ORD_00047,2,CAL_M4,2026-01-28 02:11:00,2026-01-28 02:34:00
ORD_00047,3,CAL_M3,2026-01-28 03:08:00,2026-01-28 03:26:00
ORD_00047,4,EXT_M2,2026-01-28 04:40:00,2026-01-28 05:04:00
ORD_00047,5,EXT_M2,2026-01-28 05:04:00,2026-01-28 05:30:00
ORD_00047,6,BLD_M2,2026-01-28 06:14:00,2026-01-28 06:43:00
ORD_00047,7,CUR_M1,2026-01-28 07:06:00,2026-01-28 08:31:00
ORD_00047,8,CUR_M3,2026-01-28 09:06:00,2026-01-28 10:03:00
ORD_00047,9,FIN_M1,2026-01-28 10:47:00,2026-01-28 10:58:00
ORD_00047,10,INS_M3,2026-01-28 11:26:00,2026-01-28 11:45:00
ORD_00688,1,MIX_M2,2026-01-26 04:32:00,2026-01-26 04:52:00
ORD_00688,2,CAL_M1,2026-01-26 07:39:00,2026-01-26 07:56:00
ORD_00688,3,EXT_M4,2026-01-26 08:05:00,2026-01-26 08:23:00
ORD_00688,4,EXT_M3,2026-01-26 09:09:00,2026-01-26 09:51:00
ORD_00688,5,BLD_M3,2026-01-26 11:13:00,2026-01-26 11:52:00
ORD_00688,6,CUR_M5,2026-01-26 12:45:00,2026-01-26 13:27:00
ORD_00688,7,FIN_M4,2026-01-26 14:12:00,2026-01-26 14:39:00
ORD_00688,8,INS_M1,2026-01-26 14:56:00,2026-01-26 15:18:00
ORD_00425,1,MIX_M3,2026-01-26 00:25:00,2026-01-26 00:35:00
ORD_00425,2,CAL_M1,2026-01-26 07:56:00,2026-01-26 08:40:00
ORD_00425,3,EXT_M5,2026-01-26 08:48:00,2026-01-26 09:26:00
ORD_00425,4,EXT_M4,2026-01-26 10:25:00,2026-01-26 11:06:00
ORD_00425,5,BLD_M3,2026-01-26 11:52:00,2026-01-26 12:36:00
ORD_00425,6,CUR_M4,2026-01-26 13:30:00,2026-01-26 14:48:00
ORD_00425,7,FIN_M3,2026-01-26 15:17:00,2026-01-26 15:34:00
ORD_00425,8,INS_M3,2026-01-26 16:20:00,2026-01-26 16:36:00
ORD_00675,1,MIX_M2,2026-01-27 01:06:00,2026-01-27 01:35:00
ORD_00675,2,CAL_M3,2026-01-27 02:34:00,2026-01-27 03:11:00
ORD_00675,3,EXT_M4,2026-01-27 03:48:00,2026-01-27 04:09:00
ORD_00675,4,BLD_M1,2026-01-27 06:34:00,2026-01-27 06:58:00
ORD_00675,5,CUR_M2,2026-01-27 07:22:00,2026-01-27 08:30:00
ORD_00675,6,FIN_M2,2026-01-27 09:08:00,2026-01-27 09:32:00
ORD_00675,7,INS_M1,2026-01-27 11:04:00,2026-01-27 11:24:00
ORD_00214,1,MIX_M1,2026-01-29 00:00:00,2026-01-29 00:13:00
ORD_00214,2,CAL_M3,2026-01-29 01:50:00,2026-01-29 02:29:00
ORD_00214,3,EXT_M3,2026-01-29 02:38:00,2026-01-29 02:56:00
ORD_00214,4,EXT_M3,2026-01-29 02:56:00,2026-01-29 03:24:00
ORD_00214,5,BLD_M2,2026-01-29 03:37:00,2026-01-29 04:11:00
ORD_00214,6,CUR_M1,2026-01-29 05:10:00,2026-01-29 06:36:00
ORD_00214,7,FIN_M3,2026-01-29 07:13:00,2026-01-29 07:39:00
ORD_00214,8,INS_M1,2026-01-29 07:47:00,2026-01-29 08:13:00
ORD_00787,1,MIX_M3,2026-01-19 03:24:00,2026-01-19 03:36:00
ORD_00787,2,CAL_M3,2026-01-19 06:33:00,2026-01-19 07:16:00
ORD_00787,3,EXT_M3,2026-01-19 13:01:00,2026-01-19 13:43:00
ORD_00787,4,BLD_M2,2026-01-19 14:28:00,2026-01-19 15:10:00
ORD_00787,5,CUR_M3,2026-01-19 16:54:00,2026-01-19 18:24:00
ORD_00787,6,FIN_M3,2026-01-19 19:03:00,2026-01-19 19:29:00
ORD_00787,7,INS_M1,2026-01-19 19:58:00,2026-01-19 20:11:00
ORD_00550,1,MIX_M4,2026-01-28 01:33:00,2026-01-28 01:45:00
ORD_00550,2,CAL_M2,2026-01-28 02:41:00,2026-01-28 03:25:00
ORD_00550,3,EXT_M3,2026-01-28 03:47:00,2026-01-28 04:27:00
ORD_00550,4,BLD_M6,2026-01-28 06:02:00,2026-01-28 06:40:00
ORD_00550,5,CUR_M4,2026-01-28 07:57:00,2026-01-28 09:04:00
ORD_00550,6,FIN_M1,2026-01-28 09:21:00,2026-01-28 09:48:00
ORD_00550,7,INS_M1,2026-01-28 10:06:00,2026-01-28 10:36:00
ORD_00279,1,MIX_M4,2026-01-27 01:17:00,2026-01-27 01:35:00
ORD_00279,2,CAL_M1,2026-01-27 03:16:00,2026-01-27 03:55:00
ORD_00279,3,EXT_M2,2026-01-27 04:43:00,2026-01-27 05:07:00
ORD_00279,4,BLD_M3,2026-01-27 05:22:00,2026-01-27 06:09:00
ORD_00279,5,CUR_M1,2026-01-27 06:31:00,2026-01-27 07:52:00
ORD_00279,6,FIN_M3,2026-01-27 08:17:00,2026-01-27 08:35:00
ORD_00279,7,INS_M1,2026-01-27 11:24:00,2026-01-27 11:45:00
ORD_00696,1,MIX_M4,2026-01-28 01:45:00,2026-01-28 02:06:00
ORD_00696,2,CAL_M1,2026-01-28 03:59:00,2026-01-28 04:36:00
ORD_00696,3,EXT_M5,2026-01-28 04:49:00,2026-01-28 05:31:00
ORD_00696,4,BLD_M1,2026-01-28 06:33:00,2026-01-28 07:02:00
ORD_00696,5,CUR_M2,2026-01-28 07:35:00,2026-01-28 09:03:00
ORD_00696,6,FIN_M2,2026-01-28 09:41:00,2026-01-28 09:59:00
ORD_00696,7,INS_M2,2026-01-28 09:59:00,2026-01-28 10:25:00
ORD_00112,1,MIX_M2,2026-01-26 04:52:00,2026-01-26 05:08:00
ORD_00112,2,CAL_M2,2026-01-26 05:45:00,2026-01-26 06:00:00
ORD_00112,3,EXT_M1,2026-01-26 06:19:00,2026-01-26 06:41:00
ORD_00112,4,BLD_M4,2026-01-26 07:31:00,2026-01-26 08:10:00
ORD_00112,5,CUR_M2,2026-01-26 11:56:00,2026-01-26 13:05:00
ORD_00112,6,FIN_M4,2026-01-26 13:42:00,2026-01-26 14:12:00
ORD_00112,7,INS_M3,2026-01-26 15:23:00,2026-01-26 15:39:00
ORD_00077,1,MIX_M2,2026-01-28 01:17:00,2026-01-28 01:46:00
ORD_00077,2,CAL_M3,2026-01-28 03:26:00,2026-01-28 04:03:00
ORD_00077,3,EXT_M4,2026-01-28 07:01:00,2026-01-28 07:22:00
ORD_00077,4,BLD_M1,2026-01-28 07:48:00,2026-01-28 08:12:00
ORD_00077,5,CUR_M2,2026-01-28 09:11:00,2026-01-28 10:19:00
ORD_00077,6,FIN_M2,2026-01-28 10:26:00,2026-01-28 10:50:00
ORD_00077,7,INS_M1,2026-01-28 11:19:00,2026-01-28 11:39:00
ORD_00838,1,MIX_M3,2026-01-30 00:21:00,2026-01-30 00:48:00
ORD_00838,2,CAL_M2,2026-01-30 01:57:00,2026-01-30 02:18:00
ORD_00838,3,CAL_M4,2026-01-30 02:26:00,2026-01-30 03:02:00
ORD_00838,4,EXT_M4,2026-01-30 03:54:00,2026-01-30 04:30:00
ORD_00838,5,EXT_M2,2026-01-30 04:47:00,2026-01-30 05:21:00
ORD_00838,6,BLD_M5,2026-01-30 05:42:00,2026-01-30 06:11:00
ORD_00838,7,CUR_M7,2026-01-30 06:57:00,2026-01-30 08:12:00
ORD_00838,8,CUR_M1,2026-01-30 08:20:00,2026-01-30 09:19:00
ORD_00838,9,FIN_M3,2026-01-30 10:01:00,2026-01-30 10:17:00
ORD_00838,10,INS_M2,2026-01-30 11:10:00,2026-01-30 11:38:00
ORD_00293,1,MIX_M2,2026-01-26 05:08:00,2026-01-26 05:26:00
ORD_00293,2,CAL_M4,2026-01-26 06:01:00,2026-01-26 06:46:00
ORD_00293,3,EXT_M2,2026-01-26 08:15:00,2026-01-26 08:59:00
ORD_00293,4,EXT_M5,2026-01-26 09:58:00,2026-01-26 10:37:00
ORD_00293,5,BLD_M6,2026-01-26 11:12:00,2026-01-26 11:54:00
ORD_00293,6,CUR_M4,2026-01-26 14:48:00,2026-01-26 16:13:00
ORD_00293,7,FIN_M3,2026-01-26 16:25:00,2026-01-26 16:47:00
ORD_00293,8,INS_M3,2026-01-26 17:17:00,2026-01-26 17:47:00
ORD_00567,1,MIX_M2,2026-01-28 01:46:00,2026-01-28 02:15:00
ORD_00567,2,CAL_M3,2026-01-28 04:03:00,2026-01-28 04:40:00
ORD_00567,3,EXT_M4,2026-01-28 07:22:00,2026-01-28 07:43:00
ORD_00567,4,BLD_M1,2026-01-28 08:12:00,2026-01-28 08:36:00
ORD_00567,5,CUR_M2,2026-01-28 10:19:00,2026-01-28 11:27:00
ORD_00567,6,FIN_M2,2026-01-28 11:27:00,2026-01-28 11:51:00
ORD_00567,7,INS_M1,2026-01-28 12:18:00,2026-01-28 12:38:00
ORD_00521,1,MIX_M4,2026-01-26 02:21:00,2026-01-26 02:38:00
ORD_00521,2,CAL_M3,2026-01-26 05:35:00,2026-01-26 05:53:00
ORD_00521,3,EXT_M3,2026-01-26 09:51:00,2026-01-26 10:23:00
ORD_00521,4,EXT_M3,2026-01-26 10:23:00,2026-01-26 10:39:00
ORD_00521,5,BLD_M4,2026-01-26 10:47:00,2026-01-26 11:15:00
ORD_00521,6,CUR_M4,2026-01-26 12:43:00,2026-01-26 13:30:00
ORD_00521,7,FIN_M4,2026-01-26 14:39:00,2026-01-26 14:51:00
ORD_00521,8,INS_M3,2026-01-26 15:39:00,2026-01-26 15:55:00
ORD_00520,1,MIX_M1,2026-01-26 02:56:00,2026-01-26 03:15:00
ORD_00520,2,CAL_M4,2026-01-26 04:33:00,2026-01-26 05:00:00
ORD_00520,3,EXT_M2,2026-01-26 08:59:00,2026-01-26 09:16:00
ORD_00520,4,BLD_M5,2026-01-26 09:51:00,2026-01-26 10:33:00
ORD_00520,5,CUR_M4,2026-01-26 16:13:00,2026-01-26 16:59:00
ORD_00520,6,FIN_M3,2026-01-26 17:08:00,2026-01-26 17:37:00
ORD_00520,7,INS_M1,2026-01-26 18:08:00,2026-01-26 18:36:00
ORD_00765,1,MIX_M1,2026-01-24 02:41:00,2026-01-24 03:05:00
ORD_00765,2,CAL_M2,2026-01-24 03:59:00,2026-01-24 04:44:00
ORD_00765,3,EXT_M5,2026-01-24 07:48:00,2026-01-24 08:04:00
ORD_00765,4,EXT_M5,2026-01-24 08:04:00,2026-01-24 08:28:00
ORD_00765,5,BLD_M4,2026-01-24 09:18:00,2026-01-24 09:58:00
ORD_00765,6,CUR_M1,2026-01-24 16:17:00,2026-01-24 17:00:00
ORD_00765,7,FIN_M4,2026-01-24 18:10:00,2026-01-24 18:32:00
ORD_00765,8,INS_M2,2026-01-24 18:51:00,2026-01-24 19:04:00
ORD_00366,1,MIX_M4,2026-01-28 02:06:00,2026-01-28 02:34:00
ORD_00366,2,CAL_M2,2026-01-28 03:25:00,2026-01-28 04:08:00
ORD_00366,3,EXT_M4,2026-01-28 07:43:00,2026-01-28 08:18:00
ORD_00366,4,EXT_M1,2026-01-28 08:25:00,2026-01-28 09:06:00
ORD_00366,5,BLD_M4,2026-01-28 10:04:00,2026-01-28 10:43:00
ORD_00366,6,CUR_M7,2026-01-28 11:17:00,2026-01-28 12:14:00
ORD_00366,7,FIN_M1,2026-01-28 12:46:00,2026-01-28 13:07:00
ORD_00366,8,INS_M1,2026-01-28 13:49:00,2026-01-28 14:13:00
ORD_00388,1,MIX_M3,2026-01-28 01:18:00,2026-01-28 01:30:00
ORD_00388,2,CAL_M1,2026-01-28 04:36:00,2026-01-28 05:03:00
ORD_00388,3,EXT_M4,2026-01-28 08:18:00,2026-01-28 08:34:00
ORD_00388,4,BLD_M6,2026-01-28 08:55:00,2026-01-28 09:27:00
ORD_00388,5,CUR_M6,2026-01-28 10:00:00,2026-01-28 10:56:00
ORD_00388,6,FIN_M1,2026-01-28 11:20:00,2026-01-28 11:41:00
ORD_00388,7,INS_M1,2026-01-28 12:38:00,2026-01-28 12:59:00
ORD_00369,1,MIX_M2,2026-01-28 02:15:00,2026-01-28 02:45:00
ORD_00369,2,CAL_M1,2026-01-28 05:03:00,2026-01-28 05:42:00
ORD_00369,3,EXT_M5,2026-01-28 05:59:00,2026-01-28 06:37:00
ORD_00369,4,EXT_M3,2026-01-28 07:18:00,2026-01-28 07:37:00
ORD_00369,5,BLD_M1,2026-01-28 08:36:00,2026-01-28 09:07:00
ORD_00369,6,CUR_M6,2026-01-28 10:56:00,2026-01-28 12:17:00
ORD_00369,7,FIN_M2,2026-01-28 13:00:00,2026-01-28 13:24:00
ORD_00369,8,INS_M3,2026-01-28 13:32:00,2026-01-28 13:57:00
ORD_00951,1,MIX_M3,2026-01-29 00:58:00,2026-01-29 01:20:00
ORD_00951,2,CAL_M3,2026-01-29 02:29:00,2026-01-29 02:58:00
ORD_00951,3,EXT_M5,2026-01-29 04:09:00,2026-01-29 04:43:00
ORD_00951,4,EXT_M4,2026-01-29 05:25:00,2026-01-29 05:43:00
ORD_00951,5,BLD_M6,2026-01-29 06:41:00,2026-01-29 07:04:00
ORD_00951,6,CUR_M4,2026-01-29 07:57:00,2026-01-29 09:04:00
ORD_00951,7,FIN_M4,2026-01-29 09:16:00,2026-01-29 09:33:00
ORD_00951,8,INS_M2,2026-01-29 10:32:00,2026-01-29 10:52:00
ORD_00960,1,MIX_M2,2026-01-27 01:35:00,2026-01-27 01:51:00
ORD_00960,2,CAL_M2,2026-01-27 03:42:00,2026-01-27 04:22:00
ORD_00960,3,EXT_M5,2026-01-27 04:49:00,2026-01-27 05:32:00
ORD_00960,4,BLD_M3,2026-01-27 06:24:00,2026-01-27 07:00:00
ORD_00960,5,CUR_M5,2026-01-27 07:42:00,2026-01-27 08:32:00
ORD_00960,6,FIN_M3,2026-01-27 10:00:00,2026-01-27 10:25:00
ORD_00960,7,INS_M2,2026-01-27 11:22:00,2026-01-27 11:42:00
ORD_00004,1,MIX_M1,2026-01-26 03:15:00,2026-01-26 03:29:00
ORD_00004,2,CAL_M1,2026-01-26 08:40:00,2026-01-26 09:25:00
ORD_00004,3,EXT_M1,2026-01-26 10:12:00,2026-01-26 10:36:00
ORD_00004,4,EXT_M4,2026-01-26 11:06:00,2026-01-26 11:24:00
ORD_00004,5,BLD_M1,2026-01-26 11:56:00,2026-01-26 12:23:00
ORD_00004,6,CUR_M3,2026-01-26 12:44:00,2026-01-26 13:48:00
ORD_00004,7,FIN_M4,2026-01-26 14:51:00,2026-01-26 15:12:00
ORD_00004,8,INS_M3,2026-01-26 16:36:00,2026-01-26 17:03:00
ORD_00954,1,MIX_M3,2026-01-29 00:32:00,2026-01-29 00:54:00
ORD_00954,2,CAL_M4,2026-01-29 02:57:00,2026-01-29 03:28:00
ORD_00954,3,EXT_M4,2026-01-29 05:43:00,2026-01-29 06:22:00
ORD_00954,4,BLD_M4,2026-01-29 06:46:00,2026-01-29 07:32:00
ORD_00954,5,CUR_M2,2026-01-29 07:55:00,2026-01-29 08:43:00
ORD_00954,6,FIN_M3,2026-01-29 09:26:00,2026-01-29 09:56:00
ORD_00954,7,INS_M1,2026-01-29 10:03:00,2026-01-29 10:27:00
ORD_00033,1,MIX_M2,2026-01-26 05:26:00,2026-01-26 05:51:00
ORD_00033,2,CAL_M1,2026-01-26 09:25:00,2026-01-26 09:59:00
ORD_00033,3,EXT_M5,2026-01-26 10:37:00,2026-01-26 11:02:00
ORD_00033,4,BLD_M5,2026-01-26 11:40:00,2026-01-26 12:07:00
ORD_00033,5,CUR_M2,2026-01-26 13:05:00,2026-01-26 14:25:00
ORD_00033,6,FIN_M4,2026-01-26 15:18:00,2026-01-26 15:37:00
ORD_00033,7,INS_M3,2026-01-26 17:47:00,2026-01-26 18:10:00
ORD_00091,1,MIX_M2,2026-01-26 05:51:00,2026-01-26 06:07:00
ORD_00091,2,CAL_M4,2026-01-26 06:47:00,2026-01-26 07:10:00
ORD_00091,3,CAL_M3,2026-01-26 07:35:00,2026-01-26 07:53:00
ORD_00091,4,EXT_M2,2026-01-26 09:16:00,2026-01-26 09:40:00
ORD_00091,5,EXT_M2,2026-01-26 09:40:00,2026-01-26 10:06:00
ORD_00091,6,BLD_M2,2026-01-26 10:19:00,2026-01-26 10:48:00
ORD_00091,7,CUR_M1,2026-01-26 13:23:00,2026-01-26 14:48:00
ORD_00091,8,CUR_M3,2026-01-26 14:59:00,2026-01-26 15:56:00
ORD_00091,9,FIN_M1,2026-01-26 16:44:00,2026-01-26 16:55:00
ORD_00091,10,INS_M3,2026-01-26 18:10:00,2026-01-26 18:29:00
ORD_00360,1,MIX_M1,2026-01-29 01:08:00,2026-01-29 01:21:00
ORD_00360,2,CAL_M3,2026-01-29 02:58:00,2026-01-29 03:37:00
ORD_00360,3,EXT_M3,2026-01-29 03:58:00,2026-01-29 04:16:00
ORD_00360,4,EXT_M3,2026-01-29 04:16:00,2026-01-29 04:44:00
ORD_00360,5,BLD_M2,2026-01-29 04:57:00,2026-01-29 05:31:00
ORD_00360,6,CUR_M1,2026-01-29 06:36:00,2026-01-29 08:02:00
ORD_00360,7,FIN_M3,2026-01-29 08:34:00,2026-01-29 09:00:00
ORD_00360,8,INS_M1,2026-01-29 10:27:00,2026-01-29 10:53:00
ORD_00512,1,MIX_M2,2026-01-30 00:09:00,2026-01-30 00:27:00
ORD_00512,2,CAL_M4,2026-01-30 01:18:00,2026-01-30 02:03:00
ORD_00512,3,EXT_M2,2026-01-30 03:46:00,2026-01-30 04:30:00
ORD_00512,4,EXT_M5,2026-01-30 04:49:00,2026-01-30 05:28:00
ORD_00512,5,BLD_M6,2026-01-30 06:23:00,2026-01-30 07:05:00
ORD_00512,6,CUR_M4,2026-01-30 08:01:00,2026-01-30 09:26:00
ORD_00512,7,FIN_M3,2026-01-30 10:17:00,2026-01-30 10:39:00
ORD_00512,8,INS_M3,2026-01-30 10:48:00,2026-01-30 11:18:00
ORD_00743,1,MIX_M2,2026-01-21 02:49:00,2026-01-21 03:18:00
ORD_00743,2,CAL_M3,2026-01-21 06:29:00,2026-01-21 07:06:00
ORD_00743,3,EXT_M4,2026-01-21 10:40:00,2026-01-21 11:01:00
ORD_00743,4,BLD_M1,2026-01-21 11:08:00,2026-01-21 11:32:00
ORD_00743,5,CUR_M2,2026-01-21 11:54:00,2026-01-21 13:02:00
ORD_00743,6,FIN_M2,2026-01-21 15:12:00,2026-01-21 15:36:00
ORD_00743,7,INS_M1,2026-01-21 16:06:00,2026-01-21 16:26:00
ORD_00792,1,MIX_M4,2026-01-26 02:38:00,2026-01-26 02:57:00
ORD_00792,2,CAL_M3,2026-01-26 05:53:00,2026-01-26 06:31:00
ORD_00792,3,EXT_M5,2026-01-26 11:02:00,2026-01-26 11:44:00
ORD_00792,4,EXT_M2,2026-01-26 12:33:00,2026-01-26 12:58:00
ORD_00792,5,BLD_M1,2026-01-26 13:47:00,2026-01-26 14:25:00
ORD_00792,6,CUR_M3,2026-01-26 15:56:00,2026-01-26 16:58:00
ORD_00792,7,FIN_M3,2026-01-26 17:37:00,2026-01-26 18:07:00
ORD_00792,8,INS_M3,2026-01-26 18:57:00,2026-01-26 19:19:00
ORD_00986,1,MIX_M1,2026-01-30 00:13:00,2026-01-30 00:40:00
ORD_00986,2,CAL_M2,2026-01-30 02:18:00,2026-01-30 02:41:00
ORD_00986,3,EXT_M3,2026-01-30 03:29:00,2026-01-30 04:03:00
ORD_00986,4,EXT_M2,2026-01-30 05:21:00,2026-01-30 05:58:00
ORD_00986,5,BLD_M3,2026-01-30 06:41:00,2026-01-30 07:07:00
ORD_00986,6,CUR_M5,2026-01-30 08:02:00,2026-01-30 09:14:00
ORD_00986,7,FIN_M4,2026-01-30 09:51:00,2026-01-30 10:09:00
ORD_00986,8,INS_M1,2026-01-30 10:25:00,2026-01-30 10:37:00
ORD_00741,1,MIX_M2,2026-01-25 03:23:00,2026-01-25 03:52:00
ORD_00741,2,CAL_M3,2026-01-25 04:08:00,2026-01-25 04:45:00
ORD_00741,3,EXT_M4,2026-01-25 04:45:00,2026-01-25 05:06:00
ORD_00741,4,BLD_M1,2026-01-25 06:33:00,2026-01-25 06:57:00
ORD_00741,5,CUR_M2,2026-01-25 11:17:00,2026-01-25 12:25:00
ORD_00741,6,FIN_M2,2026-01-25 12:25:00,2026-01-25 12:49:00
ORD_00741,7,INS_M1,2026-01-25 13:41:00,2026-01-25 14:01:00
ORD_00727,1,MIX_M3,2026-01-19 00:16:00,2026-01-19 00:30:00
ORD_00727,2,CAL_M1,2026-01-19 06:18:00,2026-01-19 07:01:00
ORD_00727,3,EXT_M1,2026-01-19 07:15:00,2026-01-19 07:39:00
ORD_00727,4,EXT_M4,2026-01-19 08:31:00,2026-01-19 08:47:00
ORD_00727,5,BLD_M5,2026-01-19 10:24:00,2026-01-19 10:55:00
ORD_00727,6,CUR_M3,2026-01-19 18:24:00,2026-01-19 19:09:00
ORD_00727,7,FIN_M3,2026-01-19 19:30:00,2026-01-19 19:50:00
ORD_00727,8,INS_M3,2026-01-19 20:12:00,2026-01-19 20:35:00
ORD_00131,1,MIX_M1,2026-01-26 03:29:00,2026-01-26 03:42:00
ORD_00131,2,CAL_M3,2026-01-26 06:31:00,2026-01-26 07:10:00
ORD_00131,3,EXT_M3,2026-01-26 08:43:00,2026-01-26 09:01:00
ORD_00131,4,EXT_M3,2026-01-26 10:39:00,2026-01-26 11:07:00
ORD_00131,5,BLD_M2,2026-01-26 11:07:00,2026-01-26 11:41:00
ORD_00131,6,CUR_M1,2026-01-26 14:48:00,2026-01-26 16:14:00
ORD_00131,7,FIN_M3,2026-01-26 18:07:00,2026-01-26 18:33:00
ORD_00131,8,INS_M1,2026-01-26 18:41:00,2026-01-26 19:07:00
ORD_00533,1,MIX_M1,2026-01-30 01:02:00,2026-01-30 01:29:00
ORD_00533,2,CAL_M4,2026-01-30 03:02:00,2026-01-30 03:30:00
ORD_00533,3,EXT_M1,2026-01-30 04:11:00,2026-01-30 04:32:00
ORD_00533,4,EXT_M5,2026-01-30 05:28:00,2026-01-30 05:54:00
ORD_00533,5,BLD_M5,2026-01-30 06:39:00,2026-01-30 07:23:00
ORD_00533,6,CUR_M8,2026-01-30 07:39:00,2026-01-30 08:59:00
ORD_00533,7,FIN_M4,2026-01-30 10:09:00,2026-01-30 10:20:00
ORD_00533,8,INS_M1,2026-01-30 10:54:00,2026-01-30 11:12:00
ORD_00095,1,MIX_M1,2026-01-30 01:29:00,2026-01-30 01:49:00
ORD_00095,2,CAL_M2,2026-01-30 02:44:00,2026-01-30 03:24:00
ORD_00095,3,EXT_M5,2026-01-30 03:40:00,2026-01-30 04:09:00
ORD_00095,4,BLD_M6,2026-01-30 04:40:00,2026-01-30 05:29:00
ORD_00095,5,CUR_M6,2026-01-30 07:32:00,2026-01-30 08:17:00
ORD_00095,6,FIN_M4,2026-01-30 08:38:00,2026-01-30 08:51:00
ORD_00095,7,INS_M1,2026-01-30 08:58:00,2026-01-30 09:21:00
ORD_00035,1,MIX_M4,2026-01-29 00:59:00,2026-01-29 01:23:00
ORD_00035,2,CAL_M3,2026-01-29 03:37:00,2026-01-29 04:17:00
ORD_00035,3,EXT_M3,2026-01-29 04:51:00,2026-01-29 05:24:00
ORD_00035,4,BLD_M1,2026-01-29 06:12:00,2026-01-29 06:43:00
ORD_00035,5,CUR_M2,2026-01-29 08:43:00,2026-01-29 09:42:00
ORD_00035,6,FIN_M4,2026-01-29 10:37:00,2026-01-29 11:01:00
ORD_00035,7,INS_M1,2026-01-29 11:20:00,2026-01-29 11:31:00
ORD_00236,1,MIX_M2,2026-01-30 00:59:00,2026-01-30 01:12:00
ORD_00236,2,CAL_M4,2026-01-30 03:30:00,2026-01-30 04:04:00
ORD_00236,3,EXT_M5,2026-01-30 05:54:00,2026-01-30 06:34:00
ORD_00236,4,BLD_M5,2026-01-30 07:23:00,2026-01-30 07:50:00
ORD_00236,5,CUR_M7,2026-01-30 08:32:00,2026-01-30 09:40:00
ORD_00236,6,FIN_M4,2026-01-30 10:20:00,2026-01-30 10:39:00
ORD_00236,7,INS_M3,2026-01-30 11:34:00,2026-01-30 11:57:00
ORD_00344,1,MIX_M3,2026-01-27 01:27:00,2026-01-27 01:50:00
ORD_00344,2,CAL_M4,2026-01-27 03:31:00,2026-01-27 04:00:00
ORD_00344,3,EXT_M1,2026-01-27 04:26:00,2026-01-27 05:02:00
ORD_00344,4,BLD_M6,2026-01-27 08:06:00,2026-01-27 08:46:00
ORD_00344,5,CUR_M2,2026-01-27 09:16:00,2026-01-27 09:59:00
ORD_00344,6,FIN_M4,2026-01-27 10:53:00,2026-01-27 11:13:00
ORD_00344,7,INS_M1,2026-01-27 11:45:00,2026-01-27 12:02:00
ORD_00535,1,MIX_M2,2026-01-27 01:51:00,2026-01-27 02:14:00
ORD_00535,2,CAL_M1,2026-01-27 03:55:00,2026-01-27 04:40:00
ORD_00535,3,EXT_M2,2026-01-27 05:07:00,2026-01-27 05:48:00
ORD_00535,4,EXT_M4,2026-01-27 06:29:00,2026-01-27 07:12:00
ORD_00535,5,BLD_M3,2026-01-27 07:40:00,2026-01-27 08:29:00
ORD_00535,6,CUR_M1,2026-01-27 09:23:00,2026-01-27 10:29:00
ORD_00535,7,FIN_M1,2026-01-27 11:23:00,2026-01-27 11:45:00
ORD_00535,8,INS_M3,2026-01-27 12:04:00,2026-01-27 12:25:00
ORD_00568,1,MIX_M2,2026-01-30 00:30:00,2026-01-30 00:54:00
ORD_00568,2,CAL_M3,2026-01-30 01:53:00,2026-01-30 02:32:00
ORD_00568,3,EXT_M4,2026-01-30 02:49:00,2026-01-30 03:11:00
ORD_00568,4,BLD_M5,2026-01-30 03:25:00,2026-01-30 03:52:00
ORD_00568,5,CUR_M5,2026-01-30 04:42:00,2026-01-30 06:12:00
ORD_00568,6,FIN_M4,2026-01-30 06:26:00,2026-01-30 06:42:00
ORD_00568,7,INS_M2,2026-01-30 06:52:00,2026-01-30 07:20:00
ORD_00919,1,MIX_M1,2026-01-30 01:49:00,2026-01-30 02:03:00
ORD_00919,2,CAL_M1,2026-01-30 02:32:00,2026-01-30 03:17:00
ORD_00919,3,EXT_M1,2026-01-30 03:45:00,2026-01-30 04:09:00
ORD_00919,4,EXT_M4,2026-01-30 05:01:00,2026-01-30 05:19:00
ORD_00919,5,BLD_M1,2026-01-30 06:09:00,2026-01-30 06:36:00
ORD_00919,6,CUR_M3,2026-01-30 06:58:00,2026-01-30 08:02:00
ORD_00919,7,FIN_M4,2026-01-30 08:51:00,2026-01-30 09:12:00
ORD_00919,8,INS_M3,2026-01-30 09:57:00,2026-01-30 10:24:00
ORD_00220,1,MIX_M2,2026-01-25 03:52:00,2026-01-25 04:15:00
ORD_00220,2,CAL_M1,2026-01-25 08:15:00,2026-01-25 09:00:00
ORD_00220,3,EXT_M2,2026-01-25 09:34:00,2026-01-25 10:15:00
ORD_00220,4,EXT_M4,2026-01-25 11:12:00,2026-01-25 11:55:00
ORD_00220,5,BLD_M3,2026-01-25 13:07:00,2026-01-25 13:56:00
ORD_00220,6,CUR_M1,2026-01-25 13:56:00,2026-01-25 15:02:00
ORD_00220,7,FIN_M1,2026-01-25 15:02:00,2026-01-25 15:24:00
ORD_00220,8,INS_M3,2026-01-25 16:33:00,2026-01-25 16:54:00
ORD_00338,1,MIX_M4,2026-01-28 02:34:00,2026-01-28 02:55:00
ORD_00338,2,CAL_M1,2026-01-28 05:42:00,2026-01-28 06:19:00
ORD_00338,3,EXT_M5,2026-01-28 07:23:00,2026-01-28 08:05:00
ORD_00338,4,BLD_M1,2026-01-28 09:07:00,2026-01-28 09:36:00
ORD_00338,5,CUR_M2,2026-01-28 11:27:00,2026-01-28 12:55:00
ORD_00338,6,FIN_M2,2026-01-28 13:33:00,2026-01-28 13:51:00
ORD_00338,7,INS_M2,2026-01-28 14:29:00,2026-01-28 14:55:00
ORD_00321,1,MIX_M4,2026-01-29 00:24:00,2026-01-29 00:50:00
ORD_00321,2,CAL_M1,2026-01-29 02:04:00,2026-01-29 02:31:00
ORD_00321,3,EXT_M3,2026-01-29 05:24:00,2026-01-29 06:02:00
ORD_00321,4,BLD_M3,2026-01-29 06:40:00,2026-01-29 07:07:00
ORD_00321,5,CUR_M6,2026-01-29 07:15:00,2026-01-29 08:44:00
ORD_00321,6,FIN_M2,2026-01-29 09:10:00,2026-01-29 09:22:00
ORD_00321,7,INS_M3,2026-01-29 10:07:00,2026-01-29 10:37:00
ORD_00255,1,MIX_M4,2026-01-27 01:35:00,2026-01-27 02:02:00
ORD_00255,2,CAL_M3,2026-01-27 03:11:00,2026-01-27 03:52:00
ORD_00255,3,EXT_M5,2026-01-27 05:32:00,2026-01-27 06:08:00
ORD_00255,4,BLD_M5,2026-01-27 06:40:00,2026-01-27 07:03:00
ORD_00255,5,CUR_M3,2026-01-27 08:43:00,2026-01-27 09:29:00
ORD_00255,6,FIN_M4,2026-01-27 10:03:00,2026-01-27 10:24:00
ORD_00255,7,INS_M2,2026-01-27 11:42:00,2026-01-27 12:09:00
ORD_00624,1,MIX_M4,2026-01-29 01:23:00,2026-01-29 01:42:00
ORD_00624,2,CAL_M3,2026-01-29 04:17:00,2026-01-29 04:55:00
ORD_00624,3,EXT_M5,2026-01-29 05:01:00,2026-01-29 05:43:00
ORD_00624,4,EXT_M2,2026-01-29 06:36:00,2026-01-29 07:01:00
ORD_00624,5,BLD_M1,2026-01-29 07:26:00,2026-01-29 08:04:00
ORD_00624,6,CUR_M3,2026-01-29 08:33:00,2026-01-29 09:35:00
ORD_00624,7,FIN_M3,2026-01-29 10:09:00,2026-01-29 10:39:00
ORD_00624,8,INS_M3,2026-01-29 10:45:00,2026-01-29 11:07:00
ORD_00858,1,MIX_M4,2026-01-29 01:42:00,2026-01-29 02:01:00
ORD_00858,2,CAL_M4,2026-01-29 03:28:00,2026-01-29 04:09:00
ORD_00858,3,EXT_M5,2026-01-29 05:43:00,2026-01-29 05:59:00
ORD_00858,4,BLD_M4,2026-01-29 06:17:00,2026-01-29 06:39:00
ORD_00858,5,CUR_M6,2026-01-29 08:44:00,2026-01-29 09:40:00
ORD_00858,6,FIN_M3,2026-01-29 10:39:00,2026-01-29 10:52:00
ORD_00858,7,INS_M2,2026-01-29 11:45:00,2026-01-29 12:11:00
ORD_00034,1,MIX_M4,2026-01-30 00:59:00,2026-01-30 01:20:00
ORD_00034,2,CAL_M1,2026-01-30 03:17:00,2026-01-30 03:54:00
ORD_00034,3,EXT_M5,2026-01-30 06:34:00,2026-01-30 07:16:00
ORD_00034,4,BLD_M1,2026-01-30 07:43:00,2026-01-30 08:12:00
ORD_00034,5,CUR_M2,2026-01-30 08:12:00,2026-01-30 09:40:00
ORD_00034,6,FIN_M2,2026-01-30 09:58:00,2026-01-30 10:16:00
ORD_00034,7,INS_M2,2026-01-30 10:36:00,2026-01-30 11:02:00
ORD_00218,1,MIX_M1,2026-01-21 03:53:00,2026-01-21 04:20:00
ORD_00218,2,CAL_M3,2026-01-21 07:06:00,2026-01-21 07:47:00
ORD_00218,3,EXT_M5,2026-01-21 08:32:00,2026-01-21 09:15:00
ORD_00218,4,BLD_M3,2026-01-21 10:45:00,2026-01-21 11:23:00
ORD_00218,5,CUR_M4,2026-01-21 13:40:00,2026-01-21 15:05:00
ORD_00218,6,FIN_M1,2026-01-21 15:29:00,2026-01-21 15:40:00
ORD_00218,7,INS_M3,2026-01-21 16:31:00,2026-01-21 16:48:00
ORD_00923,1,MIX_M4,2026-01-29 02:01:00,2026-01-29 02:11:00
ORD_00923,2,CAL_M1,2026-01-29 02:31:00,2026-01-29 02:55:00
ORD_00923,3,EXT_M2,2026-01-29 03:44:00,2026-01-29 04:11:00
ORD_00923,4,EXT_M2,2026-01-29 04:11:00,2026-01-29 04:35:00
ORD_00923,5,BLD_M6,2026-01-29 05:32:00,2026-01-29 06:10:00
ORD_00923,6,CUR_M6,2026-01-29 09:40:00,2026-01-29 10:50:00
ORD_00923,7,FIN_M3,2026-01-29 11:08:00,2026-01-29 11:31:00
ORD_00923,8,INS_M3,2026-01-29 12:20:00,2026-01-29 12:47:00
ORD_00780,1,MIX_M4,2026-01-30 00:34:00,2026-01-30 00:55:00
ORD_00780,2,CAL_M1,2026-01-30 01:22:00,2026-01-30 01:59:00
ORD_00780,3,EXT_M5,2026-01-30 02:46:00,2026-01-30 03:28:00
ORD_00780,4,BLD_M1,2026-01-30 03:28:00,2026-01-30 03:57:00
ORD_00780,5,CUR_M2,2026-01-30 03:57:00,2026-01-30 05:25:00
ORD_00780,6,FIN_M2,2026-01-30 05:25:00,2026-01-30 05:43:00
ORD_00780,7,INS_M2,2026-01-30 05:43:00,2026-01-30 06:09:00
ORD_00992,1,MIX_M4,2026-01-28 02:55:00,2026-01-28 03:22:00
ORD_00992,2,CAL_M2,2026-01-28 04:15:00,2026-01-28 04:45:00
ORD_00992,3,CAL_M2,2026-01-28 04:45:00,2026-01-28 05:08:00
ORD_00992,4,EXT_M4,2026-01-28 08:34:00,2026-01-28 09:04:00
ORD_00992,5,EXT_M1,2026-01-28 09:52:00,2026-01-28 10:19:00
ORD_00992,6,BLD_M3,2026-01-28 11:01:00,2026-01-28 11:42:00
ORD_00992,7,CUR_M7,2026-01-28 12:14:00,2026-01-28 13:40:00
ORD_00992,8,CUR_M3,2026-01-28 14:18:00,2026-01-28 15:27:00
ORD_00992,9,FIN_M2,2026-01-28 16:18:00,2026-01-28 16:47:00
ORD_00992,10,INS_M3,2026-01-28 17:06:00,2026-01-28 17:16:00
ORD_00420,1,MIX_M4,2026-01-26 02:57:00,2026-01-26 03:26:00
ORD_00420,2,CAL_M1,2026-01-26 09:59:00,2026-01-26 10:29:00
ORD_00420,3,EXT_M5,2026-01-26 11:44:00,2026-01-26 12:08:00
ORD_00420,4,BLD_M6,2026-01-26 12:32:00,2026-01-26 13:22:00
ORD_00420,5,CUR_M5,2026-01-26 14:08:00,2026-01-26 15:18:00
ORD_00420,6,FIN_M2,2026-01-26 15:42:00,2026-01-26 16:04:00
ORD_00420,7,INS_M2,2026-01-26 16:39:00,2026-01-26 17:03:00
ORD_00793,1,MIX_M1,2026-01-22 04:23:00,2026-01-22 04:53:00
ORD_00793,2,CAL_M2,2026-01-22 07:14:00,2026-01-22 07:51:00
ORD_00793,3,EXT_M2,2026-01-22 08:41:00,2026-01-22 09:05:00
ORD_00793,4,BLD_M4,2026-01-22 11:03:00,2026-01-22 11:23:00
ORD_00793,5,CUR_M6,2026-01-22 19:16:00,2026-01-22 20:11:00
ORD_00793,6,FIN_M4,2026-01-22 20:16:00,2026-01-22 20:31:00
ORD_00793,7,INS_M3,2026-01-22 20:41:00,2026-01-22 20:53:00
ORD_00874,1,MIX_M1,2026-01-30 02:03:00,2026-01-30 02:30:00
ORD_00874,2,CAL_M2,2026-01-30 03:24:00,2026-01-30 03:47:00
ORD_00874,3,EXT_M3,2026-01-30 04:40:00,2026-01-30 05:14:00
ORD_00874,4,EXT_M2,2026-01-30 05:58:00,2026-01-30 06:35:00
ORD_00874,5,BLD_M3,2026-01-30 07:28:00,2026-01-30 07:54:00
ORD_00874,6,CUR_M5,2026-01-30 09:14:00,2026-01-30 10:26:00
ORD_00874,7,FIN_M4,2026-01-30 11:20:00,2026-01-30 11:38:00
ORD_00874,8,INS_M1,2026-01-30 12:02:00,2026-01-30 12:14:00
ORD_00842,1,MIX_M4,2026-01-28 03:22:00,2026-01-28 03:46:00
ORD_00842,2,CAL_M3,2026-01-28 04:40:00,2026-01-28 05:19:00
ORD_00842,3,EXT_M4,2026-01-28 09:04:00,2026-01-28 09:35:00
ORD_00842,4,EXT_M5,2026-01-28 09:43:00,2026-01-28 10:11:00
ORD_00842,5,BLD_M2,2026-01-28 10:33:00,2026-01-28 11:19:00
ORD_00842,6,CUR_M4,2026-01-28 12:02:00,2026-01-28 13:20:00
ORD_00842,7,FIN_M2,2026-01-28 14:16:00,2026-01-28 14:34:00
ORD_00842,8,INS_M1,2026-01-28 14:41:00,2026-01-28 15:11:00
ORD_00876,1,MIX_M4,2026-01-25 02:19:00,2026-01-25 02:31:00
ORD_00876,2,CAL_M2,2026-01-25 06:44:00,2026-01-25 07:28:00
ORD_00876,3,EXT_M3,2026-01-25 09:14:00,2026-01-25 09:54:00
ORD_00876,4,BLD_M6,2026-01-25 10:35:00,2026-01-25 11:13:00
ORD_00876,5,CUR_M4,2026-01-25 13:44:00,2026-01-25 14:51:00
ORD_00876,6,FIN_M1,2026-01-25 15:26:00,2026-01-25 15:53:00
ORD_00876,7,INS_M1,2026-01-25 16:50:00,2026-01-25 17:20:00
ORD_00508,1,MIX_M3,2026-01-19 03:36:00,2026-01-19 03:58:00
ORD_00508,2,CAL_M4,2026-01-19 05:59:00,2026-01-19 06:30:00
ORD_00508,3,EXT_M4,2026-01-19 07:20:00,2026-01-19 07:59:00
ORD_00508,4,BLD_M4,2026-01-19 08:33:00,2026-01-19 09:19:00
ORD_00508,5,CUR_M2,2026-01-19 14:52:00,2026-01-19 15:40:00
ORD_00508,6,FIN_M3,2026-01-19 16:58:00,2026-01-19 17:28:00
ORD_00508,7,INS_M1,2026-01-19 18:14:00,2026-01-19 18:38:00
ORD_00748,1,MIX_M3,2026-01-23 03:00:00,2026-01-23 03:10:00
ORD_00748,2,CAL_M1,2026-01-23 06:28:00,2026-01-23 07:12:00
ORD_00748,3,EXT_M5,2026-01-23 10:56:00,2026-01-23 11:34:00
ORD_00748,4,EXT_M4,2026-01-23 12:20:00,2026-01-23 13:01:00
ORD_00748,5,BLD_M3,2026-01-23 13:20:00,2026-01-23 14:04:00
ORD_00748,6,CUR_M4,2026-01-23 14:14:00,2026-01-23 15:32:00
ORD_00748,7,FIN_M3,2026-01-23 15:43:00,2026-01-23 16:00:00
ORD_00748,8,INS_M3,2026-01-23 16:08:00,2026-01-23 16:24:00
ORD_00447,1,MIX_M1,2026-01-29 01:21:00,2026-01-29 01:48:00
ORD_00447,2,CAL_M2,2026-01-29 01:56:00,2026-01-29 02:19:00
ORD_00447,3,EXT_M3,2026-01-29 03:24:00,2026-01-29 03:58:00
ORD_00447,4,EXT_M2,2026-01-29 04:35:00,2026-01-29 05:12:00
ORD_00447,5,BLD_M3,2026-01-29 07:07:00,2026-01-29 07:33:00
ORD_00447,6,CUR_M5,2026-01-29 07:33:00,2026-01-29 08:45:00
ORD_00447,7,FIN_M4,2026-01-29 08:45:00,2026-01-29 09:03:00
ORD_00447,8,INS_M1,2026-01-29 10:53:00,2026-01-29 11:05:00
ORD_00126,1,MIX_M1,2026-01-30 02:30:00,2026-01-30 02:47:00
ORD_00126,2,CAL_M4,2026-01-30 04:04:00,2026-01-30 04:33:00
ORD_00126,3,CAL_M2,2026-01-30 04:59:00,2026-01-30 05:25:00
ORD_00126,4,EXT_M3,2026-01-30 05:39:00,2026-01-30 06:23:00
ORD_00126,5,EXT_M3,2026-01-30 06:23:00,2026-01-30 06:50:00
ORD_00126,6,BLD_M4,2026-01-30 07:43:00,2026-01-30 08:27:00
ORD_00126,7,CUR_M6,2026-01-30 08:37:00,2026-01-30 10:00:00
ORD_00126,8,CUR_M1,2026-01-30 10:56:00,2026-01-30 12:26:00
ORD_00126,9,FIN_M3,2026-01-30 12:39:00,2026-01-30 12:51:00
ORD_00126,10,INS_M2,2026-01-30 13:26:00,2026-01-30 13:39:00
ORD_00355,1,MIX_M4,2026-01-30 01:20:00,2026-01-30 01:48:00
ORD_00355,2,CAL_M1,2026-01-30 01:59:00,2026-01-30 02:16:00
ORD_00355,3,EXT_M4,2026-01-30 03:11:00,2026-01-30 03:30:00
ORD_00355,4,BLD_M4,2026-01-30 05:08:00,2026-01-30 05:33:00
ORD_00355,5,CUR_M1,2026-01-30 06:23:00,2026-01-30 07:19:00
ORD_00355,6,FIN_M4,2026-01-30 07:25:00,2026-01-30 07:45:00
ORD_00355,7,INS_M1,2026-01-30 09:21:00,2026-01-30 09:45:00
ORD_00070,1,MIX_M1,2026-01-28 00:22:00,2026-01-28 00:36:00
ORD_00070,2,CAL_M1,2026-01-28 06:19:00,2026-01-28 06:41:00
ORD_00070,3,EXT_M3,2026-01-28 06:46:00,2026-01-28 07:12:00
ORD_00070,4,BLD_M4,2026-01-28 07:50:00,2026-01-28 08:40:00
ORD_00070,5,CUR_M1,2026-01-28 09:50:00,2026-01-28 11:08:00
ORD_00070,6,FIN_M2,2026-01-28 11:51:00,2026-01-28 12:15:00
ORD_00070,7,INS_M2,2026-01-28 12:37:00,2026-01-28 12:58:00
ORD_00556,1,MIX_M4,2026-01-30 01:48:00,2026-01-30 02:12:00
ORD_00556,2,CAL_M3,2026-01-30 02:32:00,2026-01-30 03:11:00
ORD_00556,3,EXT_M4,2026-01-30 04:30:00,2026-01-30 05:01:00
ORD_00556,4,EXT_M5,2026-01-30 07:16:00,2026-01-30 07:44:00
ORD_00556,5,BLD_M2,2026-01-30 07:44:00,2026-01-30 08:30:00
ORD_00556,6,CUR_M4,2026-01-30 09:26:00,2026-01-30 10:44:00
ORD_00556,7,FIN_M2,2026-01-30 11:31:00,2026-01-30 11:49:00
ORD_00556,8,INS_M1,2026-01-30 12:14:00,2026-01-30 12:44:00
ORD_00857,1,MIX_M3,2026-01-28 01:30:00,2026-01-28 01:40:00
ORD_00857,2,CAL_M1,2026-01-28 06:41:00,2026-01-28 07:25:00
ORD_00857,3,EXT_M5,2026-01-28 08:05:00,2026-01-28 08:43:00
ORD_00857,4,EXT_M4,2026-01-28 09:35:00,2026-01-28 10:16:00
ORD_00857,5,BLD_M3,2026-01-28 11:42:00,2026-01-28 12:26:00
ORD_00857,6,CUR_M4,2026-01-28 13:20:00,2026-01-28 14:38:00
ORD_00857,7,FIN_M3,2026-01-28 15:21:00,2026-01-28 15:38:00
ORD_00857,8,INS_M3,2026-01-28 15:38:00,2026-01-28 15:54:00
ORD_00590,1,MIX_M1,2026-01-30 02:47:00,2026-01-30 03:14:00
ORD_00590,2,CAL_M2,2026-01-30 04:00:00,2026-01-30 04:23:00
ORD_00590,3,EXT_M3,2026-01-30 06:50:00,2026-01-30 07:24:00
ORD_00590,4,EXT_M2,2026-01-30 07:24:00,2026-01-30 08:01:00
ORD_00590,5,BLD_M3,2026-01-30 08:25:00,2026-01-30 08:51:00
ORD_00590,6,CUR_M5,2026-01-30 10:26:00,2026-01-30 11:38:00
ORD_00590,7,FIN_M4,2026-01-30 11:43:00,2026-01-30 12:01:00
ORD_00590,8,INS_M1,2026-01-30 12:44:00,2026-01-30 12:56:00
ORD_00191,1,MIX_M4,2026-01-29 02:11:00,2026-01-29 02:37:00
ORD_00191,2,CAL_M1,2026-01-29 03:36:00,2026-01-29 04:03:00
ORD_00191,3,EXT_M3,2026-01-29 06:02:00,2026-01-29 06:40:00
ORD_00191,4,BLD_M3,2026-01-29 07:33:00,2026-01-29 08:00:00
ORD_00191,5,CUR_M6,2026-01-29 10:50:00,2026-01-29 12:19:00
ORD_00191,6,FIN_M2,2026-01-29 12:47:00,2026-01-29 12:59:00
ORD_00191,7,INS_M3,2026-01-29 13:50:00,2026-01-29 14:20:00
ORD_00368,1,MIX_M2,2026-01-25 04:15:00,2026-01-25 04:33:00
ORD_00368,2,CAL_M4,2026-01-25 05:26:00,2026-01-25 06:11:00
ORD_00368,3,EXT_M2,2026-01-25 07:25:00,2026-01-25 08:09:00
ORD_00368,4,EXT_M5,2026-01-25 09:01:00,2026-01-25 09:40:00
ORD_00368,5,BLD_M6,2026-01-25 11:13:00,2026-01-25 11:55:00
ORD_00368,6,CUR_M4,2026-01-25 14:51:00,2026-01-25 16:16:00
ORD_00368,7,FIN_M3,2026-01-25 16:23:00,2026-01-25 16:45:00
ORD_00368,8,INS_M3,2026-01-25 17:29:00,2026-01-25 17:59:00
ORD_00084,1,MIX_M2,2026-01-30 01:12:00,2026-01-30 01:35:00
ORD_00084,2,CAL_M1,2026-01-30 03:54:00,2026-01-30 04:39:00
ORD_00084,3,EXT_M2,2026-01-30 06:35:00,2026-01-30 07:16:00
ORD_00084,4,EXT_M4,2026-01-30 07:59:00,2026-01-30 08:42:00
ORD_00084,5,BLD_M3,2026-01-30 09:40:00,2026-01-30 10:29:00
ORD_00084,6,CUR_M1,2026-01-30 12:26:00,2026-01-30 13:32:00
ORD_00084,7,FIN_M1,2026-01-30 14:11:00,2026-01-30 14:33:00
ORD_00084,8,INS_M3,2026-01-30 15:01:00,2026-01-30 15:22:00
ORD_00622,1,MIX_M2,2026-01-28 00:00:00,2026-01-28 00:23:00
ORD_00622,2,CAL_M1,2026-01-28 00:23:00,2026-01-28 01:08:00
ORD_00622,3,EXT_M2,2026-01-28 01:08:00,2026-01-28 01:49:00
ORD_00622,4,EXT_M4,2026-01-28 01:49:00,2026-01-28 02:32:00
ORD_00622,5,BLD_M3,2026-01-28 02:32:00,2026-01-28 03:21:00
ORD_00622,6,CUR_M1,2026-01-28 03:21:00,2026-01-28 04:27:00
ORD_00622,7,FIN_M1,2026-01-28 04:58:00,2026-01-28 05:20:00
ORD_00622,8,INS_M3,2026-01-28 05:20:00,2026-01-28 05:41:00
ORD_00667,1,MIX_M4,2026-01-28 03:46:00,2026-01-28 04:07:00
ORD_00667,2,CAL_M1,2026-01-28 07:25:00,2026-01-28 08:02:00
ORD_00667,3,EXT_M5,2026-01-28 08:59:00,2026-01-28 09:41:00
ORD_00667,4,BLD_M1,2026-01-28 09:41:00,2026-01-28 10:10:00
ORD_00667,5,CUR_M2,2026-01-28 12:55:00,2026-01-28 14:23:00
ORD_00667,6,FIN_M2,2026-01-28 14:41:00,2026-01-28 14:59:00
ORD_00667,7,INS_M2,2026-01-28 15:37:00,2026-01-28 16:03:00
ORD_00116,1,MIX_M3,2026-01-22 03:19:00,2026-01-22 03:47:00
ORD_00116,2,CAL_M4,2026-01-22 06:30:00,2026-01-22 07:01:00
ORD_00116,3,EXT_M3,2026-01-22 11:26:00,2026-01-22 11:42:00
ORD_00116,4,BLD_M2,2026-01-22 12:30:00,2026-01-22 13:02:00
ORD_00116,5,CUR_M1,2026-01-22 15:15:00,2026-01-22 15:55:00
ORD_00116,6,FIN_M2,2026-01-22 16:21:00,2026-01-22 16:40:00
ORD_00116,7,INS_M1,2026-01-22 17:19:00,2026-01-22 17:33:00
ORD_00864,1,MIX_M3,2026-01-28 01:40:00,2026-01-28 01:52:00
ORD_00864,2,CAL_M3,2026-01-28 05:19:00,2026-01-28 06:02:00
ORD_00864,3,EXT_M3,2026-01-28 07:37:00,2026-01-28 08:19:00
ORD_00864,4,BLD_M2,2026-01-28 09:02:00,2026-01-28 09:44:00
ORD_00864,5,CUR_M3,2026-01-28 10:03:00,2026-01-28 11:33:00
ORD_00864,6,FIN_M3,2026-01-28 12:09:00,2026-01-28 12:35:00
ORD_00864,7,INS_M1,2026-01-28 13:00:00,2026-01-28 13:13:00
ORD_00755,1,MIX_M2,2026-01-30 01:35:00,2026-01-30 02:04:00
ORD_00755,2,CAL_M1,2026-01-30 04:39:00,2026-01-30 05:03:00
ORD_00755,3,EXT_M5,2026-01-30 07:44:00,2026-01-30 08:11:00
ORD_00755,4,EXT_M3,2026-01-30 08:31:00,2026-01-30 09:12:00
ORD_00755,5,BLD_M2,2026-01-30 10:09:00,2026-01-30 10:50:00
ORD_00755,6,CUR_M2,2026-01-30 11:11:00,2026-01-30 12:32:00
ORD_00755,7,FIN_M4,2026-01-30 12:54:00,2026-01-30 13:20:00
ORD_00755,8,INS_M2,2026-01-30 14:12:00,2026-01-30 14:22:00
ORD_00421,1,MIX_M2,2026-01-28 02:45:00,2026-01-28 03:03:00
ORD_00421,2,CAL_M4,2026-01-28 03:41:00,2026-01-28 04:26:00
ORD_00421,3,EXT_M2,2026-01-28 05:30:00,2026-01-28 06:14:00
ORD_00421,4,EXT_M5,2026-01-28 10:11:00,2026-01-28 10:50:00
ORD_00421,5,BLD_M6,2026-01-28 10:50:00,2026-01-28 11:32:00
ORD_00421,6,CUR_M4,2026-01-28 14:38:00,2026-01-28 16:03:00
ORD_00421,7,FIN_M3,2026-01-28 16:08:00,2026-01-28 16:30:00
ORD_00421,8,INS_M3,2026-01-28 17:16:00,2026-01-28 17:46:00
ORD_00751,1,MIX_M4,2026-01-30 02:12:00,2026-01-30 02:36:00
ORD_00751,2,CAL_M3,2026-01-30 03:11:00,2026-01-30 03:50:00
ORD_00751,3,EXT_M4,2026-01-30 05:19:00,2026-01-30 05:50:00
ORD_00751,4,EXT_M5,2026-01-30 08:11:00,2026-01-30 08:39:00
ORD_00751,5,BLD_M2,2026-01-30 08:46:00,2026-01-30 09:32:00
ORD_00751,6,CUR_M4,2026-01-30 10:44:00,2026-01-30 12:02:00
ORD_00751,7,FIN_M2,2026-01-30 12:31:00,2026-01-30 12:49:00
ORD_00751,8,INS_M1,2026-01-30 13:23:00,2026-01-30 13:53:00
ORD_00219,1,MIX_M1,2026-01-29 01:48:00,2026-01-29 02:03:00
ORD_00219,2,CAL_M4,2026-01-29 04:09:00,2026-01-29 04:38:00
ORD_00219,3,EXT_M5,2026-01-29 05:59:00,2026-01-29 06:38:00
ORD_00219,4,BLD_M5,2026-01-29 07:09:00,2026-01-29 07:43:00
ORD_00219,5,CUR_M6,2026-01-29 12:19:00,2026-01-29 13:39:00
ORD_00219,6,FIN_M3,2026-01-29 14:33:00,2026-01-29 14:47:00
ORD_00219,7,INS_M2,2026-01-29 15:22:00,2026-01-29 15:34:00
ORD_00443,1,MIX_M4,2026-01-29 02:37:00,2026-01-29 02:55:00
ORD_00443,2,CAL_M4,2026-01-29 04:38:00,2026-01-29 05:07:00
ORD_00443,3,EXT_M1,2026-01-29 05:37:00,2026-01-29 06:11:00
ORD_00443,4,BLD_M1,2026-01-29 08:04:00,2026-01-29 08:52:00
ORD_00443,5,CUR_M7,2026-01-29 09:02:00,2026-01-29 10:29:00
ORD_00443,6,FIN_M3,2026-01-29 11:31:00,2026-01-29 12:00:00
ORD_00443,7,INS_M2,2026-01-29 12:20:00,2026-01-29 12:30:00
ORD_00138,1,MIX_M3,2026-01-30 00:48:00,2026-01-30 01:12:00
ORD_00138,2,CAL_M2,2026-01-30 05:25:00,2026-01-30 06:04:00
ORD_00138,3,EXT_M4,2026-01-30 06:55:00,2026-01-30 07:28:00
ORD_00138,4,EXT_M5,2026-01-30 08:39:00,2026-01-30 09:15:00
ORD_00138,5,BLD_M4,2026-01-30 10:05:00,2026-01-30 10:35:00
ORD_00138,6,CUR_M1,2026-01-30 13:32:00,2026-01-30 14:43:00
ORD_00138,7,FIN_M3,2026-01-30 14:54:00,2026-01-30 15:09:00
ORD_00138,8,INS_M2,2026-01-30 15:37:00,2026-01-30 15:53:00
ORD_00754,1,MIX_M3,2026-01-30 01:12:00,2026-01-30 01:36:00
ORD_00754,2,CAL_M4,2026-01-30 04:33:00,2026-01-30 04:51:00
ORD_00754,3,EXT_M2,2026-01-30 08:01:00,2026-01-30 08:23:00
ORD_00754,4,BLD_M1,2026-01-30 09:07:00,2026-01-30 09:37:00
ORD_00754,5,CUR_M1,2026-01-30 14:43:00,2026-01-30 16:00:00
ORD_00754,6,FIN_M2,2026-01-30 16:25:00,2026-01-30 16:53:00
ORD_00754,7,INS_M1,2026-01-30 17:04:00,2026-01-30 17:14:00
ORD_00354,1,MIX_M4,2026-01-28 04:07:00,2026-01-28 04:34:00
ORD_00354,2,CAL_M2,2026-01-28 05:08:00,2026-01-28 05:38:00
ORD_00354,3,CAL_M2,2026-01-28 05:38:00,2026-01-28 06:01:00
ORD_00354,4,EXT_M4,2026-01-28 10:16:00,2026-01-28 10:46:00
ORD_00354,5,EXT_M1,2026-01-28 11:33:00,2026-01-28 12:00:00
ORD_00354,6,BLD_M3,2026-01-28 12:34:00,2026-01-28 13:15:00
ORD_00354,7,CUR_M7,2026-01-28 13:40:00,2026-01-28 15:06:00
ORD_00354,8,CUR_M3,2026-01-28 15:27:00,2026-01-28 16:36:00
ORD_00354,9,FIN_M2,2026-01-28 17:33:00,2026-01-28 18:02:00
ORD_00354,10,INS_M3,2026-01-28 18:22:00,2026-01-28 18:32:00
ORD_00776,1,MIX_M4,2026-01-30 02:36:00,2026-01-30 03:02:00
ORD_00776,2,CAL_M1,2026-01-30 05:03:00,2026-01-30 05:30:00
ORD_00776,3,EXT_M3,2026-01-30 07:24:00,2026-01-30 08:02:00
ORD_00776,4,BLD_M3,2026-01-30 08:51:00,2026-01-30 09:18:00
ORD_00776,5,CUR_M6,2026-01-30 10:17:00,2026-01-30 11:46:00
ORD_00776,6,FIN_M2,2026-01-30 11:57:00,2026-01-30 12:09:00
ORD_00776,7,INS_M3,2026-01-30 12:14:00,2026-01-30 12:44:00
ORD_00249,1,MIX_M2,2026-01-30 02:04:00,2026-01-30 02:20:00
ORD_00249,2,CAL_M4,2026-01-30 04:51:00,2026-01-30 05:14:00
ORD_00249,3,CAL_M3,2026-01-30 05:43:00,2026-01-30 06:01:00
ORD_00249,4,EXT_M2,2026-01-30 08:23:00,2026-01-30 08:47:00
ORD_00249,5,EXT_M2,2026-01-30 08:47:00,2026-01-30 09:13:00
ORD_00249,6,BLD_M2,2026-01-30 10:50:00,2026-01-30 11:19:00
ORD_00249,7,CUR_M1,2026-01-30 16:00:00,2026-01-30 17:25:00
ORD_00249,8,CUR_M3,2026-01-30 18:00:00,2026-01-30 18:57:00
ORD_00249,9,FIN_M1,2026-01-30 19:41:00,2026-01-30 19:52:00
ORD_00249,10,INS_M3,2026-01-30 20:09:00,2026-01-30 20:28:00
ORD_00648,1,MIX_M1,2026-01-30 03:14:00,2026-01-30 03:43:00
ORD_00648,2,CAL_M2,2026-01-30 04:23:00,2026-01-30 04:55:00
ORD_00648,3,EXT_M2,2026-01-30 09:13:00,2026-01-30 09:33:00
ORD_00648,4,BLD_M4,2026-01-30 10:35:00,2026-01-30 11:07:00
ORD_00648,5,CUR_M5,2026-01-30 12:00:00,2026-01-30 13:20:00
ORD_00648,6,FIN_M2,2026-01-30 13:29:00,2026-01-30 13:49:00
ORD_00648,7,INS_M1,2026-01-30 13:57:00,2026-01-30 14:14:00
ORD_00367,1,MIX_M3,2026-01-30 01:36:00,2026-01-30 01:50:00
ORD_00367,2,CAL_M1,2026-01-30 05:30:00,2026-01-30 05:53:00
ORD_00367,3,EXT_M2,2026-01-30 09:33:00,2026-01-30 09:52:00
ORD_00367,4,BLD_M5,2026-01-30 10:13:00,2026-01-30 10:41:00
ORD_00367,5,CUR_M3,2026-01-30 10:48:00,2026-01-30 11:35:00
ORD_00367,6,FIN_M1,2026-01-30 11:41:00,2026-01-30 11:55:00
ORD_00367,7,INS_M1,2026-01-30 12:56:00,2026-01-30 13:17:00
ORD_00916,1,MIX_M2,2026-01-29 00:51:00,2026-01-29 01:14:00
ORD_00916,2,CAL_M1,2026-01-29 02:55:00,2026-01-29 03:20:00
ORD_00916,3,EXT_M4,2026-01-29 06:22:00,2026-01-29 06:59:00
ORD_00916,4,BLD_M4,2026-01-29 07:53:00,2026-01-29 08:25:00
ORD_00916,5,CUR_M3,2026-01-29 09:35:00,2026-01-29 10:46:00
ORD_00916,6,FIN_M1,2026-01-29 11:30:00,2026-01-29 11:44:00
ORD_00916,7,INS_M3,2026-01-29 12:47:00,2026-01-29 13:15:00
ORD_00457,1,MIX_M4,2026-01-30 03:02:00,2026-01-30 03:13:00
ORD_00457,2,CAL_M3,2026-01-30 04:10:00,2026-01-30 04:44:00
ORD_00457,3,EXT_M3,2026-01-30 08:02:00,2026-01-30 08:28:00
ORD_00457,4,BLD_M1,2026-01-30 09:37:00,2026-01-30 10:15:00
ORD_00457,5,CUR_M4,2026-01-30 12:02:00,2026-01-30 12:51:00
ORD_00457,6,FIN_M4,2026-01-30 13:30:00,2026-01-30 13:47:00
ORD_00457,7,INS_M1,2026-01-30 14:42:00,2026-01-30 15:03:00
ORD_00651,1,MIX_M1,2026-01-29 02:03:00,2026-01-29 02:33:00
ORD_00651,2,CAL_M1,2026-01-29 04:03:00,2026-01-29 04:25:00
ORD_00651,3,EXT_M1,2026-01-29 06:11:00,2026-01-29 06:54:00
ORD_00651,4,BLD_M1,2026-01-29 08:52:00,2026-01-29 09:39:00
ORD_00651,5,CUR_M6,2026-01-29 13:39:00,2026-01-29 14:23:00
ORD_00651,6,FIN_M2,2026-01-29 15:00:00,2026-01-29 15:18:00
ORD_00651,7,INS_M3,2026-01-29 15:39:00,2026-01-29 16:04:00
ORD_00165,1,MIX_M3,2026-01-27 00:15:00,2026-01-27 00:26:00
ORD_00165,2,CAL_M3,2026-01-27 03:52:00,2026-01-27 04:18:00
ORD_00165,3,EXT_M3,2026-01-27 05:04:00,2026-01-27 05:32:00
ORD_00165,4,EXT_M2,2026-01-27 05:53:00,2026-01-27 06:15:00
ORD_00165,5,BLD_M5,2026-01-27 07:03:00,2026-01-27 07:36:00
ORD_00165,6,CUR_M3,2026-01-27 09:29:00,2026-01-27 10:19:00
ORD_00165,7,FIN_M2,2026-01-27 10:31:00,2026-01-27 10:43:00
ORD_00165,8,INS_M3,2026-01-27 11:41:00,2026-01-27 12:03:00
ORD_00921,1,MIX_M1,2026-01-27 01:27:00,2026-01-27 01:43:00
ORD_00921,2,CAL_M4,2026-01-27 04:00:00,2026-01-27 04:27:00
ORD_00921,3,EXT_M5,2026-01-27 06:08:00,2026-01-27 06:53:00
ORD_00921,4,BLD_M6,2026-01-27 08:46:00,2026-01-27 09:06:00
ORD_00921,5,CUR_M7,2026-01-27 09:29:00,2026-01-27 10:39:00
ORD_00921,6,FIN_M1,2026-01-27 10:57:00,2026-01-27 11:18:00
ORD_00921,7,INS_M2,2026-01-27 12:09:00,2026-01-27 12:31:00
ORD_00402,1,MIX_M3,2026-01-21 01:48:00,2026-01-21 02:09:00
ORD_00402,2,CAL_M1,2026-01-21 03:41:00,2026-01-21 04:24:00
ORD_00402,3,EXT_M3,2026-01-21 08:24:00,2026-01-21 08:45:00
ORD_00402,4,BLD_M6,2026-01-21 09:29:00,2026-01-21 09:56:00
ORD_00402,5,CUR_M2,2026-01-21 13:02:00,2026-01-21 14:04:00
ORD_00402,6,FIN_M4,2026-01-21 14:58:00,2026-01-21 15:27:00
ORD_00402,7,INS_M3,2026-01-21 16:07:00,2026-01-21 16:21:00
ORD_00615,1,MIX_M2,2026-01-29 01:14:00,2026-01-29 01:39:00
ORD_00615,2,CAL_M1,2026-01-29 04:25:00,2026-01-29 04:59:00
ORD_00615,3,EXT_M5,2026-01-29 06:38:00,2026-01-29 07:03:00
ORD_00615,4,BLD_M5,2026-01-29 07:43:00,2026-01-29 08:10:00
ORD_00615,5,CUR_M2,2026-01-29 09:42:00,2026-01-29 11:02:00
ORD_00615,6,FIN_M4,2026-01-29 11:50:00,2026-01-29 12:09:00
ORD_00615,7,INS_M3,2026-01-29 13:15:00,2026-01-29 13:38:00
ORD_00971,1,MIX_M1,2026-01-30 03:43:00,2026-01-30 04:00:00
ORD_00971,2,CAL_M4,2026-01-30 05:14:00,2026-01-30 05:43:00
ORD_00971,3,CAL_M2,2026-01-30 06:37:00,2026-01-30 07:03:00
ORD_00971,4,EXT_M3,2026-01-30 09:12:00,2026-01-30 09:56:00
ORD_00971,5,EXT_M3,2026-01-30 09:56:00,2026-01-30 10:23:00
ORD_00971,6,BLD_M4,2026-01-30 11:22:00,2026-01-30 12:06:00
ORD_00971,7,CUR_M6,2026-01-30 12:21:00,2026-01-30 13:44:00
ORD_00971,8,CUR_M1,2026-01-30 17:25:00,2026-01-30 18:55:00
ORD_00971,9,FIN_M3,2026-01-30 19:36:00,2026-01-30 19:48:00
ORD_00971,10,INS_M2,2026-01-30 19:57:00,2026-01-30 20:10:00
ORD_00072,1,MIX_M4,2026-01-30 03:13:00,2026-01-30 03:42:00
ORD_00072,2,CAL_M1,2026-01-30 05:53:00,2026-01-30 06:23:00
ORD_00072,3,EXT_M5,2026-01-30 09:15:00,2026-01-30 09:39:00
ORD_00072,4,BLD_M6,2026-01-30 10:22:00,2026-01-30 11:12:00
ORD_00072,5,CUR_M5,2026-01-30 13:20:00,2026-01-30 14:30:00
ORD_00072,6,FIN_M2,2026-01-30 14:46:00,2026-01-30 15:08:00
ORD_00072,7,INS_M2,2026-01-30 15:53:00,2026-01-30 16:17:00
ORD_00051,1,MIX_M4,2026-01-21 02:03:00,2026-01-21 02:22:00
ORD_00051,2,CAL_M3,2026-01-21 07:47:00,2026-01-21 08:25:00
ORD_00051,3,EXT_M5,2026-01-21 09:15:00,2026-01-21 09:57:00
ORD_00051,4,EXT_M2,2026-01-21 10:18:00,2026-01-21 10:43:00
ORD_00051,5,BLD_M1,2026-01-21 11:32:00,2026-01-21 12:10:00
ORD_00051,6,CUR_M3,2026-01-21 15:34:00,2026-01-21 16:36:00
ORD_00051,7,FIN_M3,2026-01-21 18:03:00,2026-01-21 18:33:00
ORD_00051,8,INS_M3,2026-01-21 18:43:00,2026-01-21 19:05:00
ORD_00381,1,MIX_M2,2026-01-29 01:39:00,2026-01-29 02:04:00
ORD_00381,2,CAL_M1,2026-01-29 04:59:00,2026-01-29 05:33:00
ORD_00381,3,EXT_M5,2026-01-29 07:03:00,2026-01-29 07:28:00
ORD_00381,4,BLD_M5,2026-01-29 08:10:00,2026-01-29 08:37:00
ORD_00381,5,CUR_M2,2026-01-29 11:02:00,2026-01-29 12:22:00
ORD_00381,6,FIN_M4,2026-01-29 12:22:00,2026-01-29 12:41:00
ORD_00381,7,INS_M3,2026-01-29 14:20:00,2026-01-29 14:43:00
ORD_00124,1,MIX_M4,2026-01-30 03:42:00,2026-01-30 04:06:00
ORD_00124,2,CAL_M3,2026-01-30 04:44:00,2026-01-30 05:24:00
ORD_00124,3,EXT_M3,2026-01-30 10:23:00,2026-01-30 10:56:00
ORD_00124,4,BLD_M1,2026-01-30 11:37:00,2026-01-30 12:08:00
ORD_00124,5,CUR_M2,2026-01-30 12:32:00,2026-01-30 13:31:00
ORD_00124,6,FIN_M4,2026-01-30 13:47:00,2026-01-30 14:11:00
ORD_00124,7,INS_M1,2026-01-30 14:22:00,2026-01-30 14:33:00
ORD_00988,1,MIX_M3,2026-01-25 02:27:00,2026-01-25 02:41:00
ORD_00988,2,CAL_M1,2026-01-25 09:00:00,2026-01-25 09:23:00
ORD_00988,3,EXT_M2,2026-01-25 10:15:00,2026-01-25 10:34:00
ORD_00988,4,BLD_M5,2026-01-25 11:15:00,2026-01-25 11:43:00
ORD_00988,5,CUR_M3,2026-01-25 12:33:00,2026-01-25 13:20:00
ORD_00988,6,FIN_M1,2026-01-25 13:46:00,2026-01-25 14:00:00
ORD_00988,7,INS_M1,2026-01-25 14:49:00,2026-01-25 15:10:00
ORD_00803,1,MIX_M4,2026-01-26 03:26:00,2026-01-26 03:38:00
ORD_00803,2,CAL_M2,2026-01-26 04:06:00,2026-01-26 04:50:00
ORD_00803,3,EXT_M3,2026-01-26 11:07:00,2026-01-26 11:47:00
ORD_00803,4,BLD_M6,2026-01-26 13:22:00,2026-01-26 14:00:00
ORD_00803,5,CUR_M4,2026-01-26 16:59:00,2026-01-26 18:06:00
ORD_00803,6,FIN_M1,2026-01-26 18:50:00,2026-01-26 19:17:00
ORD_00803,7,INS_M1,2026-01-26 19:28:00,2026-01-26 19:58:00
ORD_00349,1,MIX_M1,2026-01-30 04:00:00,2026-01-30 04:30:00
ORD_00349,2,CAL_M1,2026-01-30 06:23:00,2026-01-30 06:45:00
ORD_00349,3,EXT_M1,2026-01-30 06:45:00,2026-01-30 07:28:00
ORD_00349,4,BLD_M1,2026-01-30 08:12:00,2026-01-30 08:59:00
ORD_00349,5,CUR_M6,2026-01-30 13:44:00,2026-01-30 14:28:00
ORD_00349,6,FIN_M2,2026-01-30 15:16:00,2026-01-30 15:34:00
ORD_00349,7,INS_M3,2026-01-30 15:46:00,2026-01-30 16:11:00
ORD_00061,1,MIX_M4,2026-01-30 04:06:00,2026-01-30 04:30:00
ORD_00061,2,CAL_M3,2026-01-30 06:01:00,2026-01-30 06:40:00
ORD_00061,3,EXT_M4,2026-01-30 08:42:00,2026-01-30 09:13:00
ORD_00061,4,EXT_M5,2026-01-30 09:39:00,2026-01-30 10:07:00
ORD_00061,5,BLD_M2,2026-01-30 11:19:00,2026-01-30 12:05:00
ORD_00061,6,CUR_M4,2026-01-30 12:56:00,2026-01-30 14:14:00
ORD_00061,7,FIN_M2,2026-01-30 15:34:00,2026-01-30 15:52:00
ORD_00061,8,INS_M1,2026-01-30 16:27:00,2026-01-30 16:57:00
ORD_00807,1,MIX_M3,2026-01-30 01:50:00,2026-01-30 02:00:00
ORD_00807,2,CAL_M1,2026-01-30 06:45:00,2026-01-30 07:29:00
ORD_00807,3,EXT_M5,2026-01-30 10:07:00,2026-01-30 10:45:00
ORD_00807,4,EXT_M4,2026-01-30 11:02:00,2026-01-30 11:43:00
ORD_00807,5,BLD_M3,2026-01-30 11:58:00,2026-01-30 12:42:00
ORD_00807,6,CUR_M4,2026-01-30 14:14:00,2026-01-30 15:32:00
ORD_00807,7,FIN_M3,2026-01-30 15:47:00,2026-01-30 16:04:00
ORD_00807,8,INS_M3,2026-01-30 16:27:00,2026-01-30 16:43:00
ORD_00647,1,MIX_M1,2026-01-24 03:05:00,2026-01-24 03:35:00
ORD_00647,2,CAL_M2,2026-01-24 04:44:00,2026-01-24 05:21:00
ORD_00647,3,EXT_M2,2026-01-24 07:21:00,2026-01-24 07:45:00
ORD_00647,4,BLD_M4,2026-01-24 08:34:00,2026-01-24 08:54:00
ORD_00647,5,CUR_M6,2026-01-24 10:54:00,2026-01-24 11:49:00
ORD_00647,6,FIN_M4,2026-01-24 12:23:00,2026-01-24 12:38:00
ORD_00647,7,INS_M3,2026-01-24 13:17:00,2026-01-24 13:29:00
ORD_00203,1,MIX_M3,2026-01-30 02:00:00,2026-01-30 02:28:00
ORD_00203,2,CAL_M4,2026-01-30 05:43:00,2026-01-30 06:14:00
ORD_00203,3,EXT_M3,2026-01-30 10:56:00,2026-01-30 11:12:00
ORD_00203,4,BLD_M2,2026-01-30 12:05:00,2026-01-30 12:37:00
ORD_00203,5,CUR_M1,2026-01-30 18:55:00,2026-01-30 19:35:00
ORD_00203,6,FIN_M2,2026-01-30 20:19:00,2026-01-30 20:38:00
ORD_00203,7,INS_M1,2026-01-30 21:13:00,2026-01-30 21:27:00
ORD_00534,1,MIX_M2,2026-01-30 02:20:00,2026-01-30 02:36:00
ORD_00534,2,CAL_M4,2026-01-30 06:14:00,2026-01-30 06:33:00
ORD_00534,3,EXT_M4,2026-01-30 07:28:00,2026-01-30 07:48:00
ORD_00534,4,BLD_M3,2026-01-30 10:29:00,2026-01-30 11:03:00
ORD_00534,5,CUR_M4,2026-01-30 15:32:00,2026-01-30 16:16:00
ORD_00534,6,FIN_M4,2026-01-30 16:25:00,2026-01-30 16:52:00
ORD_00534,7,INS_M1,2026-01-30 17:14:00,2026-01-30 17:25:00
ORD_00453,1,MIX_M4,2026-01-25 02:31:00,2026-01-25 02:56:00
ORD_00453,2,CAL_M4,2026-01-25 04:24:00,2026-01-25 04:46:00
ORD_00453,3,EXT_M2,2026-01-25 06:22:00,2026-01-25 06:57:00
ORD_00453,4,BLD_M6,2026-01-25 07:51:00,2026-01-25 08:11:00
ORD_00453,5,CUR_M2,2026-01-25 12:25:00,2026-01-25 13:54:00
ORD_00453,6,FIN_M4,2026-01-25 14:14:00,2026-01-25 14:31:00
ORD_00453,7,INS_M1,2026-01-25 15:12:00,2026-01-25 15:38:00
ORD_00242,1,MIX_M4,2026-01-23 04:25:00,2026-01-23 04:49:00
ORD_00242,2,CAL_M3,2026-01-23 07:15:00,2026-01-23 07:54:00
ORD_00242,3,EXT_M4,2026-01-23 08:24:00,2026-01-23 08:55:00
ORD_00242,4,EXT_M5,2026-01-23 11:34:00,2026-01-23 12:02:00
ORD_00242,5,BLD_M2,2026-01-23 12:35:00,2026-01-23 13:21:00
ORD_00242,6,CUR_M4,2026-01-23 15:32:00,2026-01-23 16:50:00
ORD_00242,7,FIN_M2,2026-01-23 17:19:00,2026-01-23 17:37:00
ORD_00242,8,INS_M1,2026-01-23 18:16:00,2026-01-23 18:46:00
ORD_00932,1,MIX_M1,2026-01-30 04:30:00,2026-01-30 04:42:00
ORD_00932,2,CAL_M2,2026-01-30 06:04:00,2026-01-30 06:24:00
ORD_00932,3,EXT_M4,2026-01-30 09:13:00,2026-01-30 09:43:00
ORD_00932,4,BLD_M4,2026-01-30 12:06:00,2026-01-30 12:32:00
ORD_00932,5,CUR_M7,2026-01-30 12:43:00,2026-01-30 13:26:00
ORD_00932,6,FIN_M2,2026-01-30 13:58:00,2026-01-30 14:20:00
ORD_00932,7,INS_M1,2026-01-30 15:17:00,2026-01-30 15:39:00
ORD_00108,1,MIX_M2,2026-01-29 02:04:00,2026-01-29 02:28:00
ORD_00108,2,CAL_M3,2026-01-29 04:55:00,2026-01-29 05:29:00
ORD_00108,3,EXT_M5,2026-01-29 07:28:00,2026-01-29 07:43:00
ORD_00108,4,BLD_M6,2026-01-29 08:02:00,2026-01-29 08:48:00
ORD_00108,5,CUR_M5,2026-01-29 09:19:00,2026-01-29 10:41:00
ORD_00108,6,FIN_M1,2026-01-29 11:14:00,2026-01-29 11:28:00
ORD_00108,7,INS_M2,2026-01-29 12:30:00,2026-01-29 12:43:00
ORD_00441,1,MIX_M4,2026-01-28 04:34:00,2026-01-28 04:55:00
ORD_00441,2,CAL_M1,2026-01-28 08:02:00,2026-01-28 08:39:00
ORD_00441,3,EXT_M5,2026-01-28 10:50:00,2026-01-28 11:32:00
ORD_00441,4,BLD_M1,2026-01-28 11:50:00,2026-01-28 12:19:00
ORD_00441,5,CUR_M2,2026-01-28 14:23:00,2026-01-28 15:51:00
ORD_00441,6,FIN_M2,2026-01-28 16:47:00,2026-01-28 17:05:00
ORD_00441,7,INS_M2,2026-01-28 17:52:00,2026-01-28 18:18:00
ORD_00080,1,MIX_M1,2026-01-26 03:42:00,2026-01-26 04:12:00
ORD_00080,2,CAL_M3,2026-01-26 07:53:00,2026-01-26 08:34:00
ORD_00080,3,EXT_M5,2026-01-26 12:08:00,2026-01-26 12:42:00
ORD_00080,4,BLD_M2,2026-01-26 13:14:00,2026-01-26 13:38:00
ORD_00080,5,CUR_M6,2026-01-26 14:16:00,2026-01-26 15:44:00
ORD_00080,6,FIN_M2,2026-01-26 16:40:00,2026-01-26 17:07:00
ORD_00080,7,INS_M3,2026-01-26 18:29:00,2026-01-26 18:39:00
ORD_00117,1,MIX_M1,2026-01-25 00:26:00,2026-01-25 00:38:00
ORD_00117,2,CAL_M3,2026-01-25 01:03:00,2026-01-25 01:32:00
ORD_00117,3,EXT_M4,2026-01-25 01:41:00,2026-01-25 02:11:00
ORD_00117,4,EXT_M5,2026-01-25 03:23:00,2026-01-25 03:52:00
ORD_00117,5,BLD_M4,2026-01-25 04:12:00,2026-01-25 04:40:00
ORD_00117,6,CUR_M4,2026-01-25 16:16:00,2026-01-25 17:44:00
ORD_00117,7,FIN_M1,2026-01-25 17:52:00,2026-01-25 18:13:00
ORD_00117,8,INS_M2,2026-01-25 19:01:00,2026-01-25 19:14:00
ORD_00104,1,MIX_M2,2026-01-29 02:28:00,2026-01-29 02:44:00
ORD_00104,2,CAL_M4,2026-01-29 05:07:00,2026-01-29 05:30:00
ORD_00104,3,CAL_M3,2026-01-29 06:07:00,2026-01-29 06:25:00
ORD_00104,4,EXT_M2,2026-01-29 07:01:00,2026-01-29 07:25:00
ORD_00104,5,EXT_M2,2026-01-29 07:25:00,2026-01-29 07:51:00
ORD_00104,6,BLD_M2,2026-01-29 08:24:00,2026-01-29 08:53:00
ORD_00104,7,CUR_M1,2026-01-29 09:04:00,2026-01-29 10:29:00
ORD_00104,8,CUR_M3,2026-01-29 11:18:00,2026-01-29 12:15:00
ORD_00104,9,FIN_M1,2026-01-29 12:29:00,2026-01-29 12:40:00
ORD_00104,10,INS_M3,2026-01-29 14:43:00,2026-01-29 15:02:00
ORD_00737,1,MIX_M1,2026-01-27 01:43:00,2026-01-27 02:13:00
ORD_00737,2,CAL_M2,2026-01-27 04:22:00,2026-01-27 04:59:00
ORD_00737,3,EXT_M2,2026-01-27 06:15:00,2026-01-27 06:39:00
ORD_00737,4,BLD_M4,2026-01-27 07:05:00,2026-01-27 07:25:00
ORD_00737,5,CUR_M6,2026-01-27 09:12:00,2026-01-27 10:07:00
ORD_00737,6,FIN_M4,2026-01-27 11:13:00,2026-01-27 11:28:00
ORD_00737,7,INS_M3,2026-01-27 12:25:00,2026-01-27 12:37:00
ORD_00865,1,MIX_M4,2026-01-30 04:30:00,2026-01-30 04:54:00
ORD_00865,2,CAL_M3,2026-01-30 06:40:00,2026-01-30 07:19:00
ORD_00865,3,EXT_M4,2026-01-30 09:43:00,2026-01-30 10:14:00
ORD_00865,4,EXT_M5,2026-01-30 10:49:00,2026-01-30 11:17:00
ORD_00865,5,BLD_M2,2026-01-30 12:37:00,2026-01-30 13:23:00
ORD_00865,6,CUR_M4,2026-01-30 16:16:00,2026-01-30 17:34:00
ORD_00865,7,FIN_M2,2026-01-30 17:45:00,2026-01-30 18:03:00
ORD_00865,8,INS_M1,2026-01-30 18:56:00,2026-01-30 19:26:00
ORD_00356,1,MIX_M3,2026-01-26 01:30:00,2026-01-26 01:44:00
ORD_00356,2,CAL_M1,2026-01-26 10:29:00,2026-01-26 10:52:00
ORD_00356,3,EXT_M2,2026-01-26 11:13:00,2026-01-26 11:32:00
ORD_00356,4,BLD_M5,2026-01-26 12:07:00,2026-01-26 12:35:00
ORD_00356,5,CUR_M3,2026-01-26 13:48:00,2026-01-26 14:35:00
ORD_00356,6,FIN_M1,2026-01-26 14:41:00,2026-01-26 14:55:00
ORD_00356,7,INS_M1,2026-01-26 15:35:00,2026-01-26 15:56:00
ORD_00703,1,MIX_M4,2026-01-26 03:38:00,2026-01-26 04:03:00
ORD_00703,2,CAL_M4,2026-01-26 05:00:00,2026-01-26 05:22:00
ORD_00703,3,EXT_M2,2026-01-26 10:06:00,2026-01-26 10:41:00
ORD_00703,4,BLD_M6,2026-01-26 11:54:00,2026-01-26 12:14:00
ORD_00703,5,CUR_M2,2026-01-26 14:25:00,2026-01-26 15:54:00
ORD_00703,6,FIN_M4,2026-01-26 16:45:00,2026-01-26 17:02:00
ORD_00703,7,INS_M1,2026-01-26 17:11:00,2026-01-26 17:37:00
ORD_00164,1,MIX_M1,2026-01-28 01:08:00,2026-01-28 01:38:00
ORD_00164,2,CAL_M1,2026-01-28 08:39:00,2026-01-28 09:01:00
ORD_00164,3,EXT_M1,2026-01-28 09:06:00,2026-01-28 09:49:00
ORD_00164,4,BLD_M1,2026-01-28 10:35:00,2026-01-28 11:22:00
ORD_00164,5,CUR_M6,2026-01-28 12:17:00,2026-01-28 13:01:00
ORD_00164,6,FIN_M2,2026-01-28 13:51:00,2026-01-28 14:09:00
ORD_00164,7,INS_M3,2026-01-28 14:15:00,2026-01-28 14:40:00
ORD_00260,1,MIX_M4,2026-01-29 02:55:00,2026-01-29 03:21:00
ORD_00260,2,CAL_M1,2026-01-29 05:33:00,2026-01-29 06:00:00
ORD_00260,3,EXT_M3,2026-01-29 06:40:00,2026-01-29 07:18:00
ORD_00260,4,BLD_M3,2026-01-29 08:00:00,2026-01-29 08:27:00
ORD_00260,5,CUR_M6,2026-01-29 14:23:00,2026-01-29 15:52:00
ORD_00260,6,FIN_M2,2026-01-29 16:18:00,2026-01-29 16:30:00
ORD_00260,7,INS_M3,2026-01-29 17:06:00,2026-01-29 17:36:00
ORD_00428,1,MIX_M2,2026-01-28 03:03:00,2026-01-28 03:28:00
ORD_00428,2,CAL_M2,2026-01-28 06:01:00,2026-01-28 06:23:00
ORD_00428,3,EXT_M4,2026-01-28 10:46:00,2026-01-28 11:21:00
ORD_00428,4,BLD_M3,2026-01-28 13:15:00,2026-01-28 13:49:00
ORD_00428,5,CUR_M5,2026-01-28 14:36:00,2026-01-28 15:58:00
ORD_00428,6,FIN_M1,2026-01-28 16:20:00,2026-01-28 16:44:00
ORD_00428,7,INS_M2,2026-01-28 17:15:00,2026-01-28 17:42:00
ORD_00417,1,MIX_M4,2026-01-28 04:55:00,2026-01-28 05:07:00
ORD_00417,2,CAL_M2,2026-01-28 06:23:00,2026-01-28 07:07:00
ORD_00417,3,EXT_M3,2026-01-28 08:19:00,2026-01-28 08:59:00
ORD_00417,4,BLD_M6,2026-01-28 09:56:00,2026-01-28 10:34:00
ORD_00417,5,CUR_M4,2026-01-28 16:03:00,2026-01-28 17:10:00
ORD_00417,6,FIN_M1,2026-01-28 17:43:00,2026-01-28 18:10:00
ORD_00417,7,INS_M1,2026-01-28 18:52:00,2026-01-28 19:22:00
ORD_00736,1,MIX_M1,2026-01-24 03:35:00,2026-01-24 03:54:00
ORD_00736,2,CAL_M4,2026-01-24 04:53:00,2026-01-24 05:20:00
ORD_00736,3,EXT_M2,2026-01-24 07:45:00,2026-01-24 08:02:00
ORD_00736,4,BLD_M5,2026-01-24 08:17:00,2026-01-24 08:59:00
ORD_00736,5,CUR_M4,2026-01-24 09:38:00,2026-01-24 10:24:00
ORD_00736,6,FIN_M3,2026-01-24 11:03:00,2026-01-24 11:32:00
ORD_00736,7,INS_M1,2026-01-24 12:04:00,2026-01-24 12:32:00
ORD_00132,1,MIX_M4,2026-01-26 04:03:00,2026-01-26 04:30:00
ORD_00132,2,CAL_M2,2026-01-26 05:09:00,2026-01-26 05:39:00
ORD_00132,3,CAL_M2,2026-01-26 06:00:00,2026-01-26 06:23:00
ORD_00132,4,EXT_M4,2026-01-26 07:21:00,2026-01-26 07:51:00
ORD_00132,5,EXT_M1,2026-01-26 08:37:00,2026-01-26 09:04:00
ORD_00132,6,BLD_M3,2026-01-26 12:36:00,2026-01-26 13:17:00
ORD_00132,7,CUR_M7,2026-01-26 13:43:00,2026-01-26 15:09:00
ORD_00132,8,CUR_M3,2026-01-26 16:58:00,2026-01-26 18:07:00
ORD_00132,9,FIN_M2,2026-01-26 19:06:00,2026-01-26 19:35:00
ORD_00132,10,INS_M3,2026-01-26 19:55:00,2026-01-26 20:05:00
ORD_00927,1,MIX_M1,2026-01-29 02:33:00,2026-01-29 02:53:00
ORD_00927,2,CAL_M2,2026-01-29 03:04:00,2026-01-29 03:38:00
ORD_00927,3,EXT_M4,2026-01-29 04:10:00,2026-01-29 04:29:00
ORD_00927,4,EXT_M2,2026-01-29 05:12:00,2026-01-29 05:32:00
ORD_00927,5,BLD_M6,2026-01-29 07:04:00,2026-01-29 07:48:00
ORD_00927,6,CUR_M3,2026-01-29 12:15:00,2026-01-29 13:41:00
ORD_00927,7,FIN_M4,2026-01-29 14:24:00,2026-01-29 14:35:00
ORD_00927,8,INS_M2,2026-01-29 14:54:00,2026-01-29 15:15:00
ORD_00659,1,MIX_M1,2026-01-29 02:53:00,2026-01-29 03:08:00
ORD_00659,2,CAL_M4,2026-01-29 05:30:00,2026-01-29 05:59:00
ORD_00659,3,EXT_M5,2026-01-29 07:43:00,2026-01-29 08:22:00
ORD_00659,4,BLD_M5,2026-01-29 09:16:00,2026-01-29 09:50:00
ORD_00659,5,CUR_M6,2026-01-29 15:52:00,2026-01-29 17:12:00
ORD_00659,6,FIN_M3,2026-01-29 17:52:00,2026-01-29 18:06:00
ORD_00659,7,INS_M2,2026-01-29 18:41:00,2026-01-29 18:53:00
ORD_00673,1,MIX_M1,2026-01-26 04:12:00,2026-01-26 04:42:00
ORD_00673,2,CAL_M2,2026-01-26 06:23:00,2026-01-26 07:00:00
ORD_00673,3,EXT_M2,2026-01-26 10:41:00,2026-01-26 11:05:00
ORD_00673,4,BLD_M4,2026-01-26 11:15:00,2026-01-26 11:35:00
ORD_00673,5,CUR_M6,2026-01-26 13:10:00,2026-01-26 14:05:00
ORD_00673,6,FIN_M4,2026-01-26 15:37:00,2026-01-26 15:52:00
ORD_00673,7,INS_M3,2026-01-26 16:02:00,2026-01-26 16:14:00
ORD_00517,1,MIX_M4,2026-01-28 05:07:00,2026-01-28 05:19:00
ORD_00517,2,CAL_M2,2026-01-28 07:07:00,2026-01-28 07:51:00
ORD_00517,3,EXT_M3,2026-01-28 08:59:00,2026-01-28 09:39:00
ORD_00517,4,BLD_M6,2026-01-28 11:32:00,2026-01-28 12:10:00
ORD_00517,5,CUR_M4,2026-01-28 17:10:00,2026-01-28 18:17:00
ORD_00517,6,FIN_M1,2026-01-28 18:17:00,2026-01-28 18:44:00
ORD_00517,7,INS_M1,2026-01-28 19:26:00,2026-01-28 19:56:00
ORD_00340,1,MIX_M1,2026-01-29 03:08:00,2026-01-29 03:35:00
ORD_00340,2,CAL_M2,2026-01-29 03:43:00,2026-01-29 04:06:00
ORD_00340,3,EXT_M3,2026-01-29 07:18:00,2026-01-29 07:52:00
ORD_00340,4,EXT_M2,2026-01-29 08:13:00,2026-01-29 08:50:00
ORD_00340,5,BLD_M3,2026-01-29 09:43:00,2026-01-29 10:09:00
ORD_00340,6,CUR_M5,2026-01-29 10:47:00,2026-01-29 11:59:00
ORD_00340,7,FIN_M4,2026-01-29 12:53:00,2026-01-29 13:11:00
ORD_00340,8,INS_M1,2026-01-29 13:48:00,2026-01-29 14:00:00
ORD_00037,1,MIX_M2,2026-01-26 06:07:00,2026-01-26 06:32:00
ORD_00037,2,CAL_M1,2026-01-26 10:52:00,2026-01-26 11:26:00
ORD_00037,3,EXT_M5,2026-01-26 12:42:00,2026-01-26 13:07:00
ORD_00037,4,BLD_M5,2026-01-26 13:26:00,2026-01-26 13:53:00
ORD_00037,5,CUR_M2,2026-01-26 15:54:00,2026-01-26 17:14:00
ORD_00037,6,FIN_M4,2026-01-26 17:36:00,2026-01-26 17:55:00
ORD_00037,7,INS_M3,2026-01-26 19:19:00,2026-01-26 19:42:00
ORD_00199,1,MIX_M4,2026-01-29 03:21:00,2026-01-29 03:48:00
ORD_00199,2,CAL_M3,2026-01-29 06:25:00,2026-01-29 07:06:00
ORD_00199,3,EXT_M5,2026-01-29 08:22:00,2026-01-29 08:58:00
ORD_00199,4,BLD_M5,2026-01-29 09:50:00,2026-01-29 10:13:00
ORD_00199,5,CUR_M3,2026-01-29 13:41:00,2026-01-29 14:27:00
ORD_00199,6,FIN_M4,2026-01-29 14:35:00,2026-01-29 14:56:00
ORD_00199,7,INS_M2,2026-01-29 15:34:00,2026-01-29 16:01:00
ORD_00476,1,MIX_M3,2026-01-27 01:50:00,2026-01-27 02:11:00
ORD_00476,2,CAL_M4,2026-01-27 04:27:00,2026-01-27 04:50:00
ORD_00476,3,EXT_M3,2026-01-27 05:32:00,2026-01-27 05:55:00
ORD_00476,4,BLD_M2,2026-01-27 06:10:00,2026-01-27 06:33:00
ORD_00476,5,CUR_M4,2026-01-27 11:29:00,2026-01-27 12:29:00
ORD_00476,6,FIN_M1,2026-01-27 13:01:00,2026-01-27 13:28:00
ORD_00476,7,INS_M3,2026-01-27 13:58:00,2026-01-27 14:13:00
ORD_00246,1,MIX_M1,2026-01-30 04:42:00,2026-01-30 04:56:00
ORD_00246,2,CAL_M1,2026-01-30 07:29:00,2026-01-30 08:14:00
ORD_00246,3,EXT_M1,2026-01-30 08:31:00,2026-01-30 08:55:00
ORD_00246,4,EXT_M4,2026-01-30 10:14:00,2026-01-30 10:32:00
ORD_00246,5,BLD_M1,2026-01-30 10:55:00,2026-01-30 11:22:00
ORD_00246,6,CUR_M3,2026-01-30 11:42:00,2026-01-30 12:46:00
ORD_00246,7,FIN_M4,2026-01-30 14:11:00,2026-01-30 14:32:00
ORD_00246,8,INS_M3,2026-01-30 16:43:00,2026-01-30 17:10:00
ORD_00488,1,MIX_M2,2026-01-28 03:28:00,2026-01-28 03:44:00
ORD_00488,2,CAL_M4,2026-01-28 04:26:00,2026-01-28 04:49:00
ORD_00488,3,CAL_M3,2026-01-28 06:02:00,2026-01-28 06:20:00
ORD_00488,4,EXT_M2,2026-01-28 06:25:00,2026-01-28 06:49:00
ORD_00488,5,EXT_M2,2026-01-28 06:49:00,2026-01-28 07:15:00
ORD_00488,6,BLD_M2,2026-01-28 08:16:00,2026-01-28 08:45:00
ORD_00488,7,CUR_M1,2026-01-28 11:08:00,2026-01-28 12:33:00
ORD_00488,8,CUR_M3,2026-01-28 12:44:00,2026-01-28 13:41:00
ORD_00488,9,FIN_M1,2026-01-28 13:52:00,2026-01-28 14:03:00
ORD_00488,10,INS_M3,2026-01-28 14:48:00,2026-01-28 15:07:00
ORD_00197,1,MIX_M1,2026-01-26 04:42:00,2026-01-26 05:01:00
ORD_00197,2,CAL_M4,2026-01-26 07:10:00,2026-01-26 07:37:00
ORD_00197,3,EXT_M2,2026-01-26 11:32:00,2026-01-26 11:49:00
ORD_00197,4,BLD_M5,2026-01-26 12:35:00,2026-01-26 13:17:00
ORD_00197,5,CUR_M4,2026-01-26 18:06:00,2026-01-26 18:52:00
ORD_00197,6,FIN_M3,2026-01-26 19:31:00,2026-01-26 20:00:00
ORD_00197,7,INS_M1,2026-01-26 20:15:00,2026-01-26 20:43:00
ORD_00733,1,MIX_M2,2026-01-26 06:32:00,2026-01-26 06:50:00
ORD_00733,2,CAL_M4,2026-01-26 07:44:00,2026-01-26 08:29:00
ORD_00733,3,EXT_M2,2026-01-26 11:49:00,2026-01-26 12:33:00
ORD_00733,4,EXT_M5,2026-01-26 13:14:00,2026-01-26 13:53:00
ORD_00733,5,BLD_M6,2026-01-26 14:28:00,2026-01-26 15:10:00
ORD_00733,6,CUR_M4,2026-01-26 18:52:00,2026-01-26 20:17:00
ORD_00733,7,FIN_M3,2026-01-26 20:41:00,2026-01-26 21:03:00
ORD_00733,8,INS_M3,2026-01-26 21:12:00,2026-01-26 21:42:00
ORD_00317,1,MIX_M1,2026-01-27 02:13:00,2026-01-27 02:40:00
ORD_00317,2,CAL_M2,2026-01-27 04:59:00,2026-01-27 05:22:00
ORD_00317,3,EXT_M3,2026-01-27 06:14:00,2026-01-27 06:48:00
ORD_00317,4,EXT_M2,2026-01-27 07:45:00,2026-01-27 08:22:00
ORD_00317,5,BLD_M3,2026-01-27 08:29:00,2026-01-27 08:55:00
ORD_00317,6,CUR_M5,2026-01-27 08:55:00,2026-01-27 10:07:00
ORD_00317,7,FIN_M4,2026-01-27 11:28:00,2026-01-27 11:46:00
ORD_00317,8,INS_M1,2026-01-27 12:35:00,2026-01-27 12:47:00
ORD_00358,1,MIX_M4,2026-01-28 05:19:00,2026-01-28 05:43:00
ORD_00358,2,CAL_M3,2026-01-28 06:20:00,2026-01-28 06:59:00
ORD_00358,3,EXT_M4,2026-01-28 11:21:00,2026-01-28 11:52:00
ORD_00358,4,EXT_M5,2026-01-28 12:04:00,2026-01-28 12:32:00
ORD_00358,5,BLD_M2,2026-01-28 12:46:00,2026-01-28 13:32:00
ORD_00358,6,CUR_M4,2026-01-28 18:17:00,2026-01-28 19:35:00
ORD_00358,7,FIN_M2,2026-01-28 20:06:00,2026-01-28 20:24:00
ORD_00358,8,INS_M1,2026-01-28 20:31:00,2026-01-28 21:01:00
ORD_00887,1,MIX_M1,2026-01-29 00:42:00,2026-01-29 00:52:00
ORD_00887,2,CAL_M3,2026-01-29 05:29:00,2026-01-29 05:51:00
ORD_00887,3,EXT_M2,2026-01-29 07:51:00,2026-01-29 08:10:00
ORD_00887,4,BLD_M6,2026-01-29 08:58:00,2026-01-29 09:21:00
ORD_00887,5,CUR_M2,2026-01-29 12:22:00,2026-01-29 13:39:00
ORD_00887,6,FIN_M4,2026-01-29 14:56:00,2026-01-29 15:07:00
ORD_00887,7,INS_M1,2026-01-29 15:38:00,2026-01-29 15:50:00
ORD_00297,1,MIX_M4,2026-01-29 03:48:00,2026-01-29 04:00:00
ORD_00297,2,CAL_M2,2026-01-29 04:47:00,2026-01-29 05:31:00
ORD_00297,3,EXT_M3,2026-01-29 07:52:00,2026-01-29 08:32:00
ORD_00297,4,BLD_M6,2026-01-29 09:21:00,2026-01-29 09:59:00
ORD_00297,5,CUR_M4,2026-01-29 10:32:00,2026-01-29 11:39:00
ORD_00297,6,FIN_M1,2026-01-29 11:56:00,2026-01-29 12:23:00
ORD_00297,7,INS_M1,2026-01-29 12:32:00,2026-01-29 13:02:00
ORD_00118,1,MIX_M3,2026-01-29 00:06:00,2026-01-29 00:20:00
ORD_00118,2,CAL_M1,2026-01-29 00:36:00,2026-01-29 00:59:00
ORD_00118,3,EXT_M2,2026-01-29 01:27:00,2026-01-29 01:46:00
ORD_00118,4,BLD_M5,2026-01-29 02:37:00,2026-01-29 03:05:00
ORD_00118,5,CUR_M3,2026-01-29 03:12:00,2026-01-29 03:59:00
ORD_00118,6,FIN_M1,2026-01-29 04:55:00,2026-01-29 05:09:00
ORD_00118,7,INS_M1,2026-01-29 05:31:00,2026-01-29 05:52:00
ORD_00613,1,MIX_M1,2026-01-29 03:35:00,2026-01-29 03:59:00
ORD_00613,2,CAL_M1,2026-01-29 06:00:00,2026-01-29 06:19:00
ORD_00613,3,EXT_M2,2026-01-29 08:50:00,2026-01-29 09:32:00
ORD_00613,4,BLD_M6,2026-01-29 10:03:00,2026-01-29 10:46:00
ORD_00613,5,CUR_M7,2026-01-29 11:25:00,2026-01-29 12:40:00
ORD_00613,6,FIN_M3,2026-01-29 12:57:00,2026-01-29 13:09:00
ORD_00613,7,INS_M2,2026-01-29 13:51:00,2026-01-29 14:01:00
ORD_00139,1,MIX_M1,2026-01-30 04:56:00,2026-01-30 05:16:00
ORD_00139,2,CAL_M4,2026-01-30 06:33:00,2026-01-30 06:56:00
ORD_00139,3,EXT_M1,2026-01-30 07:28:00,2026-01-30 07:49:00
ORD_00139,4,BLD_M5,2026-01-30 08:39:00,2026-01-30 09:27:00
ORD_00139,5,CUR_M6,2026-01-30 14:28:00,2026-01-30 15:21:00
ORD_00139,6,FIN_M4,2026-01-30 15:39:00,2026-01-30 16:01:00
ORD_00139,7,INS_M3,2026-01-30 17:10:00,2026-01-30 17:34:00
