product_id,operation_seq,department,machine_id,proc_time_min,setup_family,buffer_id,transfer_time_min,is_primary,efficiency
TYRE_0000,1,MIX,MIX_M1,10.0,TYRE_0000,BUF_SEC_2,10,1,1.0
TYRE_0000,1,MIX,BLD_M3,12.760044663790344,TYRE_0000,BUF_SEC_2,10,0,0.7836963163912251
TYRE_0000,1,MIX,CUR_M1,11.424826838802089,TYRE_0000,BUF_SEC_2,10,0,0.8752867891211309
TYRE_0000,1,MIX,FIN_M1,10.871726493265047,TYRE_0000,BUF_SEC_2,10,0,0.919817105976215
TYRE_0000,2,CAL,CAL_M3,22.0,TYRE_0000,BUF_SEC_1,1,1,1.0
TYRE_0000,2,CAL,BLD_M3,17.164023147580643,TYRE_0000,BUF_SEC_1,1,0,1.2817507766587353
TYRE_0000,2,CAL,EXT_M5,18.882828456269745,TYRE_0000,BUF_SEC_1,1,0,1.1650796940166688
TYRE_0000,3,EXT,EXT_M2,19.0,TYRE_0000,BUF_SEC_1,11,1,1.0
TYRE_0000,3,EXT,MIX_M2,16.340400357947466,TYRE_0000,BUF_SEC_1,11,0,1.1627622080115674
TYRE_0000,3,EXT,MIX_M4,25.522993299911324,TYRE_0000,BUF_SEC_1,11,0,0.7444267910404542
TYRE_0000,4,BLD,BLD_M6,23.0,TYRE_0000,BUF_SEC_2,7,1,1.0
TYRE_0000,4,BLD,EXT_M3,32.15652224464071,TYRE_0000,BUF_SEC_2,7,0,0.7152514760464571
TYRE_0000,4,BLD,FIN_M2,30.07578353942019,TYRE_0000,BUF_SEC_2,7,0,0.7647348561959826
TYRE_0000,4,BLD,MIX_M4,31.995214120836636,TYRE_0000,BUF_SEC_2,7,0,0.7188575114120405
TYRE_0000,5,CUR,CUR_M2,77.0,TYRE_0000,BUF_SEC_3,11,1,1.0
TYRE_0000,5,CUR,CUR_M8,64.66193073913794,TYRE_0000,BUF_SEC_3,11,0,1.190808859553496
TYRE_0000,5,CUR,FIN_M4,63.29954987272808,TYRE_0000,BUF_SEC_3,11,0,1.216438349953806
TYRE_0000,6,FIN,FIN_M4,11.0,TYRE_0000,BUF_SEC_1,14,1,1.0
TYRE_0000,6,FIN,CUR_M4,12.684679147608339,TYRE_0000,BUF_SEC_1,14,0,0.8671878785419669
TYRE_0000,6,FIN,INS_M3,8.83562856540387,TYRE_0000,BUF_SEC_1,14,0,1.2449595315799922
TYRE_0000,6,FIN,MIX_M4,13.037235830351298,TYRE_0000,BUF_SEC_1,14,0,0.8437371344001834
TYRE_0000,7,INS,INS_M1,12.0,TYRE_0000,BUF_SEC_1,4,1,1.0
TYRE_0000,7,INS,INS_M3,9.49131338579692,TYRE_0000,BUF_SEC_1,4,0,1.2643139586937624
TYRE_0000,7,INS,CAL_M3,12.785772501710994,TYRE_0000,BUF_SEC_1,4,0,0.9385432126525134
TYRE_0001,1,MIX,MIX_M2,17.0,TYRE_0001,BUF_SEC_5,5,1,1.0
TYRE_0001,1,MIX,FIN_M4,13.79129005581041,TYRE_0001,BUF_SEC_5,5,0,1.232662059256576
TYRE_0001,1,MIX,CAL_M2,14.043121494788165,TYRE_0001,BUF_SEC_5,5,0,1.2105570692605077
TYRE_0001,1,MIX,BLD_M6,13.477291989281262,TYRE_0001,BUF_SEC_5,5,0,1.2613809965325684
TYRE_0001,2,CAL,CAL_M1,32.0,TYRE_0001,BUF_SEC_1,11,1,1.0
TYRE_0001,2,CAL,FIN_M4,37.80746093398443,TYRE_0001,BUF_SEC_1,11,0,0.8463937860274502
TYRE_0001,2,CAL,EXT_M4,24.925877977969364,TYRE_0001,BUF_SEC_1,11,0,1.2838063328514675
TYRE_0001,3,CAL,CAL_M2,37.0,TYRE_0001,BUF_SEC_1,8,1,1.0
TYRE_0001,3,CAL,FIN_M4,39.73970974890999,TYRE_0001,BUF_SEC_1,8,0,0.9310586371611551
TYRE_0001,4,EXT,EXT_M5,28.0,TYRE_0001,BUF_SEC_3,7,1,1.0
TYRE_0001,4,EXT,CUR_M5,26.004501682752153,TYRE_0001,BUF_SEC_3,7,0,1.0767366489691816
TYRE_0001,4,EXT,FIN_M1,34.290009405802536,TYRE_0001,BUF_SEC_3,7,0,0.8165643721072253
TYRE_0001,5,EXT,EXT_M2,29.0,TYRE_0001,BUF_SEC_5,14,1,1.0
TYRE_0001,5,EXT,MIX_M3,25.899625120500442,TYRE_0001,BUF_SEC_5,14,0,1.1197073264603163
TYRE_0001,5,EXT,INS_M2,37.036476265494564,TYRE_0001,BUF_SEC_5,14,0,0.7830118554506807
TYRE_0001,6,BLD,BLD_M5,28.0,TYRE_0001,BUF_SEC_1,1,1,1.0
TYRE_0001,6,BLD,EXT_M2,26.93285753081823,TYRE_0001,BUF_SEC_1,1,0,1.039622326296446
TYRE_0001,7,CUR,CUR_M1,88.0,TYRE_0001,BUF_SEC_3,6,1,1.0
TYRE_0001,7,CUR,CUR_M5,80.34943391965783,TYRE_0001,BUF_SEC_3,6,0,1.095216178971367
TYRE_0001,7,CUR,EXT_M1,110.30877407991503,TYRE_0001,BUF_SEC_3,6,0,0.7977606562488577
TYRE_0001,7,CUR,BLD_M5,118.54386400445598,TYRE_0001,BUF_SEC_3,6,0,0.7423412484402578
TYRE_0001,8,CUR,CUR_M3,84.0,TYRE_0001,BUF_SEC_1,3,1,1.0
TYRE_0001,8,CUR,BLD_M3,75.7460853207442,TYRE_0001,BUF_SEC_1,3,0,1.108968201383674
TYRE_0001,8,CUR,CUR_M2,92.88185099474774,TYRE_0001,BUF_SEC_1,3,0,0.904374741678544
TYRE_0001,8,CUR,CAL_M2,98.0830924225569,TYRE_0001,BUF_SEC_1,3,0,0.8564167169415419
TYRE_0001,9,FIN,FIN_M4,20.0,TYRE_0001,BUF_SEC_3,4,1,1.0
TYRE_0001,9,FIN,BLD_M5,16.72416322957952,TYRE_0001,BUF_SEC_3,4,0,1.195874479664645
TYRE_0001,9,FIN,CUR_M4,22.42077661863628,TYRE_0001,BUF_SEC_3,4,0,0.892029760618367
TYRE_0001,9,FIN,MIX_M2,16.164046488405834,TYRE_0001,BUF_SEC_3,4,0,1.2373139370977202
TYRE_0001,10,INS,INS_M2,14.0,TYRE_0001,BUF_SEC_1,14,1,1.0
TYRE_0001,10,INS,MIX_M1,12.58067350024415,TYRE_0001,BUF_SEC_1,14,0,1.1128180061050235
TYRE_0002,1,MIX,MIX_M2,20.0,TYRE_0002,BUF_SEC_1,3,1,1.0
TYRE_0002,1,MIX,EXT_M4,20.952649822709997,TYRE_0002,BUF_SEC_1,3,0,0.9545332055481858
TYRE_0002,1,MIX,INS_M1,16.0795922959927,TYRE_0002,BUF_SEC_1,3,0,1.2438126310568416
TYRE_0002,2,CAL,CAL_M1,17.0,TYRE_0002,BUF_SEC_2,7,1,1.0
TYRE_0002,2,CAL,CUR_M2,20.479818932216826,TYRE_0002,BUF_SEC_2,7,0,0.8300854639518946
TYRE_0002,2,CAL,EXT_M2,19.390978015309823,TYRE_0002,BUF_SEC_2,7,0,0.8766963681036579
TYRE_0002,2,CAL,CUR_M6,13.102131325451573,TYRE_0002,BUF_SEC_2,7,0,1.2974988250176225
TYRE_0002,3,EXT,EXT_M4,18.0,TYRE_0002,BUF_SEC_1,3,1,1.0
TYRE_0002,3,EXT,CAL_M3,14.236912226465456,TYRE_0002,BUF_SEC_1,3,0,1.26431909628123
TYRE_0002,3,EXT,BLD_M2,18.947698816203747,TYRE_0002,BUF_SEC_1,3,0,0.9499834346430875
TYRE_0002,4,EXT,EXT_M3,42.0,TYRE_0002,BUF_SEC_1,5,1,1.0
TYRE_0002,4,EXT,MIX_M4,37.66719396910153,TYRE_0002,BUF_SEC_1,5,0,1.1150286383013472
TYRE_0002,5,BLD,BLD_M3,39.0,TYRE_0002,BUF_SEC_2,7,1,1.0
TYRE_0002,5,BLD,EXT_M3,32.53191125559204,TYRE_0002,BUF_SEC_2,7,0,1.1988228940375008
TYRE_0002,6,CUR,CUR_M5,42.0,TYRE_0002,BUF_SEC_4,8,1,1.0
TYRE_0002,6,CUR,EXT_M1,33.70021724659361,TYRE_0002,BUF_SEC_4,8,0,1.2462827670419638
TYRE_0002,6,CUR,EXT_M5,47.793767385233394,TYRE_0002,BUF_SEC_4,8,0,0.8787756709251703
TYRE_0002,7,FIN,FIN_M4,27.0,TYRE_0002,BUF_SEC_3,3,1,1.0
TYRE_0002,7,FIN,CUR_M6,24.533530288184778,TYRE_0002,BUF_SEC_3,3,0,1.1005346431126164
TYRE_0002,7,FIN,CUR_M8,33.60750741500452,TYRE_0002,BUF_SEC_3,3,0,0.8033919227209778
TYRE_0002,8,INS,INS_M1,22.0,TYRE_0002,BUF_SEC_4,3,1,1.0
TYRE_0002,8,INS,CAL_M3,26.64697716672368,TYRE_0002,BUF_SEC_4,3,0,0.8256095940020262
TYRE_0002,8,INS,FIN_M4,23.85384286390375,TYRE_0002,BUF_SEC_4,3,0,0.9222832616748292
TYRE_0003,1,MIX,MIX_M1,27.0,TYRE_0003,BUF_SEC_1,6,1,1.0
TYRE_0003,1,MIX,CAL_M4,32.65330589680469,TYRE_0003,BUF_SEC_1,6,0,0.8268688041979267
TYRE_0003,1,MIX,BLD_M3,30.117175512496914,TYRE_0003,BUF_SEC_1,6,0,0.8964984113067488
TYRE_0003,2,CAL,CAL_M3,41.0,TYRE_0003,BUF_SEC_3,4,1,1.0
TYRE_0003,2,CAL,CUR_M7,53.871559542182325,TYRE_0003,BUF_SEC_3,4,0,0.7610694835722422
TYRE_0003,3,EXT,EXT_M5,43.0,TYRE_0003,BUF_SEC_5,2,1,1.0
TYRE_0003,3,EXT,BLD_M4,52.24491947234793,TYRE_0003,BUF_SEC_5,2,0,0.8230465360896755
TYRE_0003,3,EXT,CUR_M3,33.57286033936196,TYRE_0003,BUF_SEC_5,2,0,1.2807964399025407
TYRE_0003,4,BLD,BLD_M3,38.0,TYRE_0003,BUF_SEC_4,11,1,1.0
TYRE_0003,4,BLD,EXT_M1,35.93777393629027,TYRE_0003,BUF_SEC_4,11,0,1.0573832443647067
TYRE_0003,4,BLD,BLD_M6,38.65930691023891,TYRE_0003,BUF_SEC_4,11,0,0.982945713130095
TYRE_0003,4,BLD,FIN_M3,40.122286457868256,TYRE_0003,BUF_SEC_4,11,0,0.9471045484883611
TYRE_0003,5,CUR,CUR_M4,85.0,TYRE_0003,BUF_SEC_5,12,1,1.0
TYRE_0003,5,CUR,MIX_M4,80.72297352844632,TYRE_0003,BUF_SEC_5,12,0,1.052984005477034
TYRE_0003,5,CUR,CAL_M3,76.59111936364718,TYRE_0003,BUF_SEC_5,12,0,1.1097892380502794
TYRE_0003,6,FIN,FIN_M1,11.0,TYRE_0003,BUF_SEC_3,4,1,1.0
TYRE_0003,6,FIN,EXT_M3,10.537503597666733,TYRE_0003,BUF_SEC_3,4,0,1.0438905095544333
TYRE_0003,6,FIN,CUR_M1,8.470559153834323,TYRE_0003,BUF_SEC_3,4,0,1.298615569554306
TYRE_0003,6,FIN,CUR_M2,9.553239522782848,TYRE_0003,BUF_SEC_3,4,0,1.1514418720232937
TYRE_0003,7,INS,INS_M3,17.0,TYRE_0003,BUF_SEC_3,7,1,1.0
TYRE_0003,7,INS,CAL_M3,21.014671662877063,TYRE_0003,BUF_SEC_3,7,0,0.8089586300808553
TYRE_0004,1,MIX,MIX_M3,12.0,TYRE_0004,BUF_SEC_3,4,1,1.0
TYRE_0004,1,MIX,BLD_M6,15.736710571921499,TYRE_0004,BUF_SEC_3,4,0,0.7625481796310857
TYRE_0004,1,MIX,BLD_M4,9.96459430847345,TYRE_0004,BUF_SEC_3,4,0,1.2042637791882538
TYRE_0004,2,CAL,CAL_M2,42.0,TYRE_0004,BUF_SEC_5,3,1,1.0
TYRE_0004,2,CAL,EXT_M3,36.76146386922989,TYRE_0004,BUF_SEC_5,3,0,1.142500748865849
TYRE_0004,2,CAL,FIN_M3,43.23964763965309,TYRE_0004,BUF_SEC_5,3,0,0.9713307645338842
TYRE_0004,2,CAL,EXT_M5,50.31368825058793,TYRE_0004,BUF_SEC_5,3,0,0.8347628937639892
TYRE_0004,3,EXT,EXT_M1,27.0,TYRE_0004,BUF_SEC_1,9,1,1.0
TYRE_0004,3,EXT,CUR_M4,32.80346486635813,TYRE_0004,BUF_SEC_1,9,0,0.8230837842892043
TYRE_0004,3,EXT,MIX_M2,33.152727408578045,TYRE_0004,BUF_SEC_1,9,0,0.8144126323981999
TYRE_0004,3,EXT,BLD_M3,37.39975822232151,TYRE_0004,BUF_SEC_1,9,0,0.7219298007088569
TYRE_0004,4,BLD,BLD_M3,34.0,TYRE_0004,BUF_SEC_3,7,1,1.0
TYRE_0004,4,BLD,EXT_M1,40.54159381858388,TYRE_0004,BUF_SEC_3,7,0,0.8386448779528428
TYRE_0004,4,BLD,CUR_M4,30.82123229212749,TYRE_0004,BUF_SEC_3,7,0,1.103135646159237
TYRE_0004,5,CUR,CUR_M6,50.0,TYRE_0004,BUF_SEC_3,2,1,1.0
TYRE_0004,5,CUR,CUR_M3,40.11635662188308,TYRE_0004,BUF_SEC_3,2,0,1.2463744021241823
TYRE_0004,6,FIN,FIN_M3,21.0,TYRE_0004,BUF_SEC_4,6,1,1.0
TYRE_0004,6,FIN,EXT_M5,22.30412139450107,TYRE_0004,BUF_SEC_4,6,0,0.9415300261581883
TYRE_0004,7,INS,INS_M1,18.0,TYRE_0004,BUF_SEC_1,13,1,1.0
TYRE_0004,7,INS,BLD_M1,16.668845377138847,TYRE_0004,BUF_SEC_1,13,0,1.0798588380144685
TYRE_0005,1,MIX,MIX_M1,29.0,TYRE_0005,BUF_SEC_5,5,1,1.0
TYRE_0005,1,MIX,INS_M2,40.35007833503863,TYRE_0005,BUF_SEC_5,5,0,0.7187098810367708
TYRE_0005,2,CAL,CAL_M2,32.0,TYRE_0005,BUF_SEC_5,8,1,1.0
TYRE_0005,2,CAL,EXT_M5,42.55188284257145,TYRE_0005,BUF_SEC_5,8,0,0.7520231271173101
TYRE_0005,2,CAL,MIX_M4,25.099959100684025,TYRE_0005,BUF_SEC_5,8,0,1.2749024758023584
TYRE_0005,2,CAL,CUR_M4,27.7047774120098,TYRE_0005,BUF_SEC_5,8,0,1.1550354483674088
TYRE_0005,3,EXT,EXT_M2,20.0,TYRE_0005,BUF_SEC_5,9,1,1.0
TYRE_0005,3,EXT,FIN_M3,20.31429195872279,TYRE_0005,BUF_SEC_5,9,0,0.9845285299944783
TYRE_0005,3,EXT,CUR_M8,16.43080802322507,TYRE_0005,BUF_SEC_5,9,0,1.217225590593588
TYRE_0005,3,EXT,MIX_M4,16.573720700659678,TYRE_0005,BUF_SEC_5,9,0,1.2067296391210423
TYRE_0005,4,BLD,BLD_M4,32.0,TYRE_0005,BUF_SEC_5,5,1,1.0
TYRE_0005,4,BLD,BLD_M5,39.4436597155952,TYRE_0005,BUF_SEC_5,5,0,0.8112837457460335
TYRE_0005,4,BLD,CUR_M4,34.394610055113986,TYRE_0005,BUF_SEC_5,5,0,0.9303783339518354
TYRE_0005,5,CUR,CUR_M5,80.0,TYRE_0005,BUF_SEC_2,3,1,1.0
TYRE_0005,5,CUR,EXT_M3,72.21595946863239,TYRE_0005,BUF_SEC_2,3,0,1.107788369615842
TYRE_0005,5,CUR,CUR_M7,96.27507722160712,TYRE_0005,BUF_SEC_2,3,0,0.8309523327190385
TYRE_0005,5,CUR,CAL_M2,62.993281173387786,TYRE_0005,BUF_SEC_2,3,0,1.2699767103701354
TYRE_0005,6,FIN,FIN_M2,20.0,TYRE_0005,BUF_SEC_1,9,1,1.0
TYRE_0005,6,FIN,FIN_M1,16.256573850896288,TYRE_0005,BUF_SEC_1,9,0,1.2302715309780554
TYRE_0005,7,INS,INS_M1,17.0,TYRE_0005,BUF_SEC_3,14,1,1.0
TYRE_0005,7,INS,CAL_M3,19.566440451168134,TYRE_0005,BUF_SEC_3,14,0,0.8688345763465161
TYRE_0005,7,INS,BLD_M3,19.962670830066543,TYRE_0005,BUF_SEC_3,14,0,0.851589456376531
TYRE_0005,7,INS,CUR_M2,24.18038164539276,TYRE_0005,BUF_SEC_3,14,0,0.7030492838908156
TYRE_0006,1,MIX,MIX_M1,20.0,TYRE_0006,BUF_SEC_4,12,1,1.0
TYRE_0006,1,MIX,CUR_M5,16.63605636429415,TYRE_0006,BUF_SEC_4,12,0,1.2022079970182031
TYRE_0006,1,MIX,CAL_M3,17.881364490456946,TYRE_0006,BUF_SEC_4,12,0,1.1184828770015702
TYRE_0006,1,MIX,BLD_M2,18.04916562482836,TYRE_0006,BUF_SEC_4,12,0,1.1080844630561804
TYRE_0006,2,CAL,CAL_M4,23.0,TYRE_0006,BUF_SEC_1,12,1,1.0
TYRE_0006,2,CAL,CAL_M2,29.5983923783294,TYRE_0006,BUF_SEC_1,12,0,0.7770692308559148
TYRE_0006,2,CAL,MIX_M3,26.436606308382622,TYRE_0006,BUF_SEC_1,12,0,0.870005768959349
TYRE_0006,3,EXT,EXT_M1,21.0,TYRE_0006,BUF_SEC_1,3,1,1.0
TYRE_0006,3,EXT,FIN_M2,19.874365325108617,TYRE_0006,BUF_SEC_1,3,0,1.0566375155371273
TYRE_0006,3,EXT,MIX_M3,22.576582438682642,TYRE_0006,BUF_SEC_1,3,0,0.9301673562433731
TYRE_0006,4,BLD,BLD_M5,48.0,TYRE_0006,BUF_SEC_5,6,1,1.0
TYRE_0006,5,CUR,CUR_M6,53.0,TYRE_0006,BUF_SEC_1,8,1,1.0
TYRE_0006,5,CUR,EXT_M2,44.9885055621781,TYRE_0006,BUF_SEC_1,8,0,1.1780786967184165
TYRE_0006,6,FIN,FIN_M4,22.0,TYRE_0006,BUF_SEC_4,3,1,1.0
TYRE_0006,6,FIN,CUR_M8,30.39634225013957,TYRE_0006,BUF_SEC_4,3,0,0.7237712952090143
TYRE_0006,7,INS,INS_M3,24.0,TYRE_0006,BUF_SEC_3,11,1,1.0
TYRE_0006,7,INS,FIN_M2,33.11669051362875,TYRE_0006,BUF_SEC_3,11,0,0.724710097167563
TYRE_0006,7,INS,INS_M1,21.77401471367669,TYRE_0006,BUF_SEC_3,11,0,1.1022312750126473
TYRE_0007,1,MIX,MIX_M2,18.0,TYRE_0007,BUF_SEC_5,4,1,1.0
TYRE_0007,1,MIX,BLD_M6,21.64688561953552,TYRE_0007,BUF_SEC_5,4,0,0.8315283924148266
TYRE_0007,1,MIX,CUR_M7,14.002125095617497,TYRE_0007,BUF_SEC_5,4,0,1.285519153491479
TYRE_0007,1,MIX,CUR_M5,19.952613096745246,TYRE_0007,BUF_SEC_5,4,0,0.9021374750626641
TYRE_0007,2,CAL,CAL_M2,22.0,TYRE_0007,BUF_SEC_1,4,1,1.0
TYRE_0007,2,CAL,FIN_M2,21.81679302925137,TYRE_0007,BUF_SEC_1,4,0,1.008397520685235
TYRE_0007,3,EXT,EXT_M5,32.0,TYRE_0007,BUF_SEC_2,1,1,1.0
TYRE_0007,3,EXT,CUR_M2,26.176941020598136,TYRE_0007,BUF_SEC_2,1,0,1.2224499407635068
TYRE_0007,4,EXT,EXT_M3,38.0,TYRE_0007,BUF_SEC_1,10,1,1.0
TYRE_0007,4,EXT,CUR_M5,47.48663579213005,TYRE_0007,BUF_SEC_1,10,0,0.8002251447405699
TYRE_0007,4,EXT,BLD_M2,47.46608964570006,TYRE_0007,BUF_SEC_1,10,0,0.8005715297729905
TYRE_0007,4,EXT,BLD_M6,52.631370742905155,TYRE_0007,BUF_SEC_1,10,0,0.7220028561601257
TYRE_0007,5,BLD,BLD_M5,33.0,TYRE_0007,BUF_SEC_3,11,1,1.0
TYRE_0007,5,BLD,CAL_M4,30.457640932479933,TYRE_0007,BUF_SEC_3,11,0,1.0834719626893001
TYRE_0007,6,CUR,CUR_M7,63.0,TYRE_0007,BUF_SEC_3,5,1,1.0
TYRE_0007,6,CUR,BLD_M4,53.51199099118772,TYRE_0007,BUF_SEC_3,5,0,1.177306223017842
TYRE_0007,7,FIN,FIN_M2,14.0,TYRE_0007,BUF_SEC_2,13,1,1.0
TYRE_0007,7,FIN,FIN_M3,15.724728649947334,TYRE_0007,BUF_SEC_2,13,0,0.8903174300592391
TYRE_0007,8,INS,INS_M3,25.0,TYRE_0007,BUF_SEC_2,5,1,1.0
TYRE_0007,8,INS,CUR_M4,20.023356691800902,TYRE_0007,BUF_SEC_2,5,0,1.248541909570882
TYRE_0008,1,MIX,MIX_M1,11.0,TYRE_0008,BUF_SEC_3,13,1,1.0
TYRE_0008,1,MIX,BLD_M6,14.457467173160602,TYRE_0008,BUF_SEC_3,13,0,0.7608524970695298
TYRE_0008,2,CAL,CAL_M1,19.0,TYRE_0008,BUF_SEC_2,3,1,1.0
TYRE_0008,2,CAL,INS_M1,24.75948742573826,TYRE_0008,BUF_SEC_2,3,0,0.7673826066467315
TYRE_0008,3,EXT,EXT_M2,40.0,TYRE_0008,BUF_SEC_1,1,1,1.0
TYRE_0008,3,EXT,BLD_M1,48.190223385991715,TYRE_0008,BUF_SEC_1,1,0,0.8300438800544654
TYRE_0008,4,EXT,EXT_M4,34.0,TYRE_0008,BUF_SEC_5,3,1,1.0
TYRE_0008,5,BLD,BLD_M1,32.0,TYRE_0008,BUF_SEC_1,14,1,1.0
TYRE_0008,5,BLD,BLD_M5,32.68229629321063,TYRE_0008,BUF_SEC_1,14,0,0.9791233673702309
TYRE_0008,5,BLD,CUR_M4,43.473216230437984,TYRE_0008,BUF_SEC_1,14,0,0.7360854055604711
TYRE_0008,6,CUR,CUR_M7,78.0,TYRE_0008,BUF_SEC_2,7,1,1.0
TYRE_0008,6,CUR,EXT_M3,103.20771064809979,TYRE_0008,BUF_SEC_2,7,0,0.755757486627634
TYRE_0008,6,CUR,EXT_M1,91.31047816400306,TYRE_0008,BUF_SEC_2,7,0,0.8542283598592479
TYRE_0008,7,FIN,FIN_M4,26.0,TYRE_0008,BUF_SEC_1,12,1,1.0
TYRE_0008,7,FIN,BLD_M2,21.4724310874459,TYRE_0008,BUF_SEC_1,12,0,1.2108549746470576
TYRE_0008,7,FIN,BLD_M4,31.511091029787085,TYRE_0008,BUF_SEC_1,12,0,0.8251063086144015
TYRE_0008,8,INS,INS_M2,27.0,TYRE_0008,BUF_SEC_3,11,1,1.0
TYRE_0008,8,INS,CAL_M4,25.38186158462683,TYRE_0008,BUF_SEC_3,11,0,1.0637517626505866
TYRE_0008,8,INS,CUR_M6,23.2982388113807,TYRE_0008,BUF_SEC_3,11,0,1.1588858805417974
TYRE_0008,8,INS,EXT_M4,33.54440731893681,TYRE_0008,BUF_SEC_3,11,0,0.8049031763562475
TYRE_0009,1,MIX,MIX_M1,13.0,TYRE_0009,BUF_SEC_5,3,1,1.0
TYRE_0009,1,MIX,CUR_M4,10.023750194277032,TYRE_0009,BUF_SEC_5,3,0,1.2969197903018603
TYRE_0009,1,MIX,BLD_M6,17.695059596826752,TYRE_0009,BUF_SEC_5,3,0,0.7346683365978199
TYRE_0009,1,MIX,FIN_M2,11.63809668924149,TYRE_0009,BUF_SEC_5,3,0,1.117021137315132
TYRE_0009,2,CAL,CAL_M3,39.0,TYRE_0009,BUF_SEC_5,2,1,1.0
TYRE_0009,2,CAL,CUR_M3,47.74885529628863,TYRE_0009,BUF_SEC_5,2,0,0.816773507092459
TYRE_0009,3,EXT,EXT_M3,18.0,TYRE_0009,BUF_SEC_4,7,1,1.0
TYRE_0009,3,EXT,FIN_M4,18.0071974590482,TYRE_0009,BUF_SEC_4,7,0,0.999600300987171
TYRE_0009,3,EXT,BLD_M6,20.939690314940044,TYRE_0009,BUF_SEC_4,7,0,0.8596115668032285
TYRE_0009,3,EXT,CAL_M4,22.798007957739834,TYRE_0009,BUF_SEC_4,7,0,0.7895426667701057
TYRE_0009,4,EXT,EXT_M3,28.0,TYRE_0009,BUF_SEC_2,1,1,1.0
TYRE_0009,4,EXT,BLD_M1,25.87796042421239,TYRE_0009,BUF_SEC_2,1,0,1.0820018093003245
TYRE_0009,4,EXT,INS_M2,26.208390473535204,TYRE_0009,BUF_SEC_2,1,0,1.0683601508560372
TYRE_0009,5,BLD,BLD_M2,34.0,TYRE_0009,BUF_SEC_3,11,1,1.0
TYRE_0009,5,BLD,CAL_M2,33.01709346820581,TYRE_0009,BUF_SEC_3,11,0,1.0297696262313547
TYRE_0009,5,BLD,CUR_M3,28.37303965637606,TYRE_0009,BUF_SEC_3,11,0,1.198320673842904
TYRE_0009,5,BLD,MIX_M2,45.869845423251405,TYRE_0009,BUF_SEC_3,11,0,0.7412276995109606
TYRE_0009,6,CUR,CUR_M1,86.0,TYRE_0009,BUF_SEC_3,3,1,1.0
TYRE_0009,6,CUR,MIX_M1,72.44778218108215,TYRE_0009,BUF_SEC_3,3,0,1.1870618728540825
TYRE_0009,6,CUR,BLD_M3,78.61871205633679,TYRE_0009,BUF_SEC_3,3,0,1.0938871643989017
TYRE_0009,7,FIN,FIN_M3,26.0,TYRE_0009,BUF_SEC_1,7,1,1.0
TYRE_0009,7,FIN,CUR_M5,21.5731984162578,TYRE_0009,BUF_SEC_1,7,0,1.205199131734037
TYRE_0009,7,FIN,MIX_M4,22.86529584176825,TYRE_0009,BUF_SEC_1,7,0,1.137094406296968
TYRE_0009,7,FIN,EXT_M5,22.30097194997968,TYRE_0009,BUF_SEC_1,7,0,1.1658684678998348
TYRE_0009,8,INS,INS_M1,26.0,TYRE_0009,BUF_SEC_2,5,1,1.0
TYRE_0009,8,INS,CUR_M7,32.64244738156823,TYRE_0009,BUF_SEC_2,5,0,0.7965089043746477
TYRE_0009,8,INS,EXT_M2,25.125011546275708,TYRE_0009,BUF_SEC_2,5,0,1.0348253950893802
TYRE_0009,8,INS,FIN_M4,21.903012397437113,TYRE_0009,BUF_SEC_2,5,0,1.1870513301194259
TYRE_0010,1,MIX,MIX_M1,30.0,TYRE_0010,BUF_SEC_4,4,1,1.0
TYRE_0010,1,MIX,FIN_M3,33.476203453724196,TYRE_0010,BUF_SEC_4,4,0,0.8961589698028475
TYRE_0010,2,CAL,CAL_M3,41.0,TYRE_0010,BUF_SEC_3,13,1,1.0
TYRE_0010,2,CAL,BLD_M3,49.086320796568536,TYRE_0010,BUF_SEC_3,13,0,0.8352632532782163
TYRE_0010,2,CAL,MIX_M2,36.54951000419808,TYRE_0010,BUF_SEC_3,13,0,1.121766064587206
TYRE_0010,2,CAL,BLD_M4,56.03524333658073,TYRE_0010,BUF_SEC_3,13,0,0.7316823762811168
TYRE_0010,3,EXT,EXT_M5,34.0,TYRE_0010,BUF_SEC_2,7,1,1.0
TYRE_0010,3,EXT,EXT_M2,26.98695421442468,TYRE_0010,BUF_SEC_2,7,0,1.2598679988061345
TYRE_0010,3,EXT,CAL_M4,31.320842687580814,TYRE_0010,BUF_SEC_2,7,0,1.085539119721115
TYRE_0010,4,BLD,BLD_M2,24.0,TYRE_0010,BUF_SEC_1,1,1,1.0
TYRE_0010,4,BLD,CUR_M3,24.563997031702225,TYRE_0010,BUF_SEC_1,1,0,0.9770396881674293
TYRE_0010,5,CUR,CUR_M6,88.0,TYRE_0010,BUF_SEC_1,7,1,1.0
TYRE_0010,6,FIN,FIN_M2,27.0,TYRE_0010,BUF_SEC_2,13,1,1.0
TYRE_0010,6,FIN,MIX_M3,27.08970270749859,TYRE_0010,BUF_SEC_2,13,0,0.9966886787770558
TYRE_0010,6,FIN,BLD_M4,20.967119992365568,TYRE_0010,BUF_SEC_2,13,0,1.2877305042290543
TYRE_0010,7,INS,INS_M3,10.0,TYRE_0010,BUF_SEC_1,1,1,1.0
TYRE_0010,7,INS,BLD_M2,8.277109433788223,TYRE_0010,BUF_SEC_1,1,0,1.208151236853136
TYRE_0011,1,MIX,MIX_M3,25.0,TYRE_0011,BUF_SEC_2,11,1,1.0
TYRE_0011,1,MIX,BLD_M1,20.452456523843324,TYRE_0011,BUF_SEC_2,11,0,1.2223470550276043
TYRE_0011,1,MIX,EXT_M5,29.646223544893616,TYRE_0011,BUF_SEC_2,11,0,0.8432777268289235
TYRE_0011,2,CAL,CAL_M1,18.0,TYRE_0011,BUF_SEC_5,6,1,1.0
TYRE_0011,2,CAL,BLD_M1,15.270433060657986,TYRE_0011,BUF_SEC_5,6,0,1.1787484957695364
TYRE_0011,3,CAL,CAL_M3,43.0,TYRE_0011,BUF_SEC_1,6,1,1.0
TYRE_0011,3,CAL,INS_M1,37.5927294858178,TYRE_0011,BUF_SEC_1,6,0,1.1438381992513245
TYRE_0011,3,CAL,CUR_M8,48.21708365566297,TYRE_0011,BUF_SEC_1,6,0,0.8918000994643268
TYRE_0011,3,CAL,INS_M3,33.25471831185675,TYRE_0011,BUF_SEC_1,6,0,1.293049593647246
TYRE_0011,4,EXT,EXT_M3,22.0,TYRE_0011,BUF_SEC_4,9,1,1.0
TYRE_0011,4,EXT,CUR_M8,25.986176445232957,TYRE_0011,BUF_SEC_4,9,0,0.8466039644718797
TYRE_0011,5,EXT,EXT_M1,22.0,TYRE_0011,BUF_SEC_1,9,1,1.0
TYRE_0011,5,EXT,EXT_M2,29.585698435030224,TYRE_0011,BUF_SEC_1,9,0,0.7436025229660097
TYRE_0011,5,EXT,CUR_M5,29.48086315223915,TYRE_0011,BUF_SEC_1,9,0,0.7462468071708763
TYRE_0011,6,BLD,BLD_M5,50.0,TYRE_0011,BUF_SEC_4,2,1,1.0
TYRE_0011,6,BLD,BLD_M6,52.76172392807793,TYRE_0011,BUF_SEC_4,2,0,0.9476566775596156
TYRE_0011,6,BLD,CAL_M1,42.3222167310502,TYRE_0011,BUF_SEC_4,2,0,1.1814125974955585
TYRE_0011,6,BLD,EXT_M2,50.63588350791604,TYRE_0011,BUF_SEC_4,2,0,0.9874420378620108
TYRE_0011,7,CUR,CUR_M2,45.0,TYRE_0011,BUF_SEC_5,5,1,1.0
TYRE_0011,8,CUR,CUR_M8,44.0,TYRE_0011,BUF_SEC_5,4,1,1.0
TYRE_0011,8,CUR,CAL_M2,57.22015650356654,TYRE_0011,BUF_SEC_5,4,0,0.7689597982357401
TYRE_0011,9,FIN,FIN_M2,14.0,TYRE_0011,BUF_SEC_5,6,1,1.0
TYRE_0011,10,INS,INS_M3,25.0,TYRE_0011,BUF_SEC_4,13,1,1.0
TYRE_0011,10,INS,CAL_M3,25.813622542825062,TYRE_0011,BUF_SEC_4,13,0,0.9684808847934747
TYRE_0011,10,INS,BLD_M6,25.39171668638127,TYRE_0011,BUF_SEC_4,13,0,0.9845730522587564
TYRE_0012,1,MIX,MIX_M2,18.0,TYRE_0012,BUF_SEC_3,4,1,1.0
TYRE_0012,2,CAL,CAL_M4,45.0,TYRE_0012,BUF_SEC_1,14,1,1.0
TYRE_0012,2,CAL,EXT_M1,43.69991893251869,TYRE_0012,BUF_SEC_1,14,0,1.0297501940332863
TYRE_0012,2,CAL,CAL_M2,36.28468204358434,TYRE_0012,BUF_SEC_1,14,0,1.2401927608445629
TYRE_0012,3,EXT,EXT_M2,44.0,TYRE_0012,BUF_SEC_3,11,1,1.0
TYRE_0012,3,EXT,CUR_M1,58.61700412686668,TYRE_0012,BUF_SEC_3,11,0,0.7506354283267254
TYRE_0012,3,EXT,CUR_M2,46.827378632724034,TYRE_0012,BUF_SEC_3,11,0,0.9396212490368145
TYRE_0012,4,EXT,EXT_M5,39.0,TYRE_0012,BUF_SEC_3,4,1,1.0
TYRE_0012,4,EXT,BLD_M6,42.17439354731255,TYRE_0012,BUF_SEC_3,4,0,0.9247317322120728
TYRE_0012,5,BLD,BLD_M6,42.0,TYRE_0012,BUF_SEC_1,2,1,1.0
TYRE_0012,5,BLD,CUR_M4,58.61648090200091,TYRE_0012,BUF_SEC_1,2,0,0.7165220319216793
TYRE_0012,6,CUR,CUR_M4,85.0,TYRE_0012,BUF_SEC_2,9,1,1.0
TYRE_0012,6,CUR,CAL_M4,118.29171398130141,TYRE_0012,BUF_SEC_2,9,0,0.7185625868388051
TYRE_0012,6,CUR,FIN_M3,66.27963041898185,TYRE_0012,BUF_SEC_2,9,0,1.282445292206349
TYRE_0012,6,CUR,BLD_M4,73.01631833175769,TYRE_0012,BUF_SEC_2,9,0,1.1641233349207383
TYRE_0012,7,FIN,FIN_M3,22.0,TYRE_0012,BUF_SEC_3,1,1,1.0
TYRE_0012,7,FIN,CAL_M2,24.56744900639717,TYRE_0012,BUF_SEC_3,1,0,0.8954938705386699
TYRE_0012,8,INS,INS_M3,30.0,TYRE_0012,BUF_SEC_1,4,1,1.0
TYRE_0012,8,INS,BLD_M5,34.034115165024104,TYRE_0012,BUF_SEC_1,4,0,0.8814684869736279
TYRE_0012,8,INS,CUR_M5,30.155272316157173,TYRE_0012,BUF_SEC_1,4,0,0.994850906517134
TYRE_0013,1,MIX,MIX_M3,24.0,TYRE_0013,BUF_SEC_2,9,1,1.0
TYRE_0013,1,MIX,MIX_M2,18.70732646280091,TYRE_0013,BUF_SEC_2,9,0,1.2829198254343532
TYRE_0013,1,MIX,FIN_M2,28.830654144410477,TYRE_0013,BUF_SEC_2,9,0,0.8324472930716691
TYRE_0013,1,MIX,BLD_M3,21.044917738735364,TYRE_0013,BUF_SEC_2,9,0,1.140417857553584
TYRE_0013,2,CAL,CAL_M4,18.0,TYRE_0013,BUF_SEC_4,13,1,1.0
TYRE_0013,2,CAL,FIN_M3,16.436490218930928,TYRE_0013,BUF_SEC_4,13,0,1.0951243094020329
TYRE_0013,2,CAL,FIN_M1,15.521662916639839,TYRE_0013,BUF_SEC_4,13,0,1.1596695596773516
TYRE_0013,3,EXT,EXT_M2,22.0,TYRE_0013,BUF_SEC_4,13,1,1.0
TYRE_0013,3,EXT,CAL_M1,26.208241826792772,TYRE_0013,BUF_SEC_4,13,0,0.8394305938336286
TYRE_0013,3,EXT,CUR_M3,25.328035494920847,TYRE_0013,BUF_SEC_4,13,0,0.8686026993452282
TYRE_0013,3,EXT,INS_M2,18.611109635256046,TYRE_0013,BUF_SEC_4,13,0,1.182089645978131
TYRE_0013,4,BLD,BLD_M1,30.0,TYRE_0013,BUF_SEC_2,9,1,1.0
TYRE_0013,4,BLD,EXT_M3,26.492567236503945,TYRE_0013,BUF_SEC_2,9,0,1.132393087169868
TYRE_0013,4,BLD,INS_M3,31.885471517038223,TYRE_0013,BUF_SEC_2,9,0,0.9408673785479161
TYRE_0013,5,CUR,CUR_M1,77.0,TYRE_0013,BUF_SEC_4,13,1,1.0
TYRE_0013,5,CUR,CUR_M7,60.83156159662746,TYRE_0013,BUF_SEC_4,13,0,1.2657902900896256
TYRE_0013,5,CUR,BLD_M3,80.76098129106207,TYRE_0013,BUF_SEC_4,13,0,0.9534307133105835
TYRE_0013,5,CUR,MIX_M4,83.11850287205634,TYRE_0013,BUF_SEC_4,13,0,0.9263881968437941
TYRE_0013,6,FIN,FIN_M2,28.0,TYRE_0013,BUF_SEC_1,8,1,1.0
TYRE_0013,6,FIN,CAL_M2,30.566675169343448,TYRE_0013,BUF_SEC_1,8,0,0.916030279540587
TYRE_0013,6,FIN,INS_M1,21.976643878737345,TYRE_0013,BUF_SEC_1,8,0,1.2740798892905718
TYRE_0013,6,FIN,MIX_M2,27.993262373730545,TYRE_0013,BUF_SEC_1,8,0,1.0002406874261207
TYRE_0013,7,INS,INS_M1,10.0,TYRE_0013,BUF_SEC_3,7,1,1.0
TYRE_0013,7,INS,INS_M2,13.673920100363333,TYRE_0013,BUF_SEC_3,7,0,0.7313191774269829
TYRE_0014,1,MIX,MIX_M1,30.0,TYRE_0014,BUF_SEC_4,14,1,1.0
TYRE_0014,1,MIX,CUR_M8,42.495669069808734,TYRE_0014,BUF_SEC_4,14,0,0.7059542926767013
TYRE_0014,1,MIX,CAL_M3,30.66051657522397,TYRE_0014,BUF_SEC_4,14,0,0.9784570956721024
TYRE_0014,2,CAL,CAL_M1,22.0,TYRE_0014,BUF_SEC_3,7,1,1.0
TYRE_0014,2,CAL,BLD_M6,17.92183210423128,TYRE_0014,BUF_SEC_3,7,0,1.227553068907831
TYRE_0014,2,CAL,FIN_M4,19.903233101191237,TYRE_0014,BUF_SEC_3,7,0,1.1053480551701558
TYRE_0014,3,EXT,EXT_M1,43.0,TYRE_0014,BUF_SEC_1,3,1,1.0
TYRE_0014,3,EXT,CAL_M2,52.599397999550376,TYRE_0014,BUF_SEC_1,3,0,0.817499850480562
TYRE_0014,3,EXT,BLD_M1,54.81325593635862,TYRE_0014,BUF_SEC_1,3,0,0.7844817693356056
TYRE_0014,3,EXT,EXT_M3,40.057825429570755,TYRE_0014,BUF_SEC_1,3,0,1.073448184939598
TYRE_0014,4,BLD,BLD_M1,47.0,TYRE_0014,BUF_SEC_1,8,1,1.0
TYRE_0014,4,BLD,CAL_M3,55.61235269670763,TYRE_0014,BUF_SEC_1,8,0,0.8451359764677335
TYRE_0014,4,BLD,INS_M3,46.98298545513034,TYRE_0014,BUF_SEC_1,8,0,1.0003621426928246
TYRE_0014,5,CUR,CUR_M6,44.0,TYRE_0014,BUF_SEC_2,9,1,1.0
TYRE_0014,5,CUR,FIN_M2,51.41838371622221,TYRE_0014,BUF_SEC_2,9,0,0.8557250699056542
TYRE_0014,6,FIN,FIN_M2,18.0,TYRE_0014,BUF_SEC_4,14,1,1.0
TYRE_0014,6,FIN,CUR_M8,14.837722414057819,TYRE_0014,BUF_SEC_4,14,0,1.213124191011022
TYRE_0014,7,INS,INS_M3,25.0,TYRE_0014,BUF_SEC_4,5,1,1.0
TYRE_0014,7,INS,FIN_M4,26.72439387344054,TYRE_0014,BUF_SEC_4,5,0,0.935474911737688
TYRE_0015,1,MIX,MIX_M2,27.0,TYRE_0015,BUF_SEC_4,9,1,1.0
TYRE_0015,1,MIX,MIX_M3,28.06744671052101,TYRE_0015,BUF_SEC_4,9,0,0.9619685138612597
TYRE_0015,2,CAL,CAL_M2,38.0,TYRE_0015,BUF_SEC_2,14,1,1.0
TYRE_0015,2,CAL,EXT_M3,30.95223889075943,TYRE_0015,BUF_SEC_2,14,0,1.227697942436876
TYRE_0015,2,CAL,CUR_M3,38.93436889113123,TYRE_0015,BUF_SEC_2,14,0,0.9760014373484793
TYRE_0015,2,CAL,BLD_M3,50.19604015136944,TYRE_0015,BUF_SEC_2,14,0,0.7570318273196156
TYRE_0015,3,EXT,EXT_M5,33.0,TYRE_0015,BUF_SEC_2,5,1,1.0
TYRE_0015,3,EXT,EXT_M4,30.05934493275802,TYRE_0015,BUF_SEC_2,5,0,1.0978283150820536
TYRE_0015,3,EXT,MIX_M1,28.81749262859047,TYRE_0015,BUF_SEC_2,5,0,1.1451377961752292
TYRE_0015,3,EXT,CUR_M8,27.29403856057265,TYRE_0015,BUF_SEC_2,5,0,1.2090552274543147
TYRE_0015,4,BLD,BLD_M4,27.0,TYRE_0015,BUF_SEC_3,13,1,1.0
TYRE_0015,4,BLD,FIN_M2,23.368466274310755,TYRE_0015,BUF_SEC_3,13,0,1.1554031695131586
TYRE_0015,4,BLD,CAL_M1,35.45589020077105,TYRE_0015,BUF_SEC_3,13,0,0.7615095784398846
TYRE_0015,4,BLD,CUR_M4,26.77740801545988,TYRE_0015,BUF_SEC_3,13,0,1.0083126785240606
TYRE_0015,5,CUR,CUR_M8,66.0,TYRE_0015,BUF_SEC_3,3,1,1.0
TYRE_0015,5,CUR,BLD_M3,56.32728721373775,TYRE_0015,BUF_SEC_3,3,0,1.1717233913566347
TYRE_0015,6,FIN,FIN_M2,13.0,TYRE_0015,BUF_SEC_4,7,1,1.0
TYRE_0015,6,FIN,CUR_M1,10.925779348072917,TYRE_0015,BUF_SEC_4,7,0,1.1898464709790184
TYRE_0015,6,FIN,BLD_M5,12.98819013889183,TYRE_0015,BUF_SEC_4,7,0,1.0009092768878403
TYRE_0015,7,INS,INS_M1,23.0,TYRE_0015,BUF_SEC_3,2,1,1.0
TYRE_0015,7,INS,CUR_M7,20.785801490225914,TYRE_0015,BUF_SEC_3,2,0,1.1065245673021205
TYRE_0015,7,INS,EXT_M5,30.944479779675536,TYRE_0015,BUF_SEC_3,2,0,0.743266655757661
TYRE_0015,7,INS,CAL_M3,27.938361097200488,TYRE_0015,BUF_SEC_3,2,0,0.8232408450868176
TYRE_0016,1,MIX,MIX_M3,23.0,TYRE_0016,BUF_SEC_3,14,1,1.0
TYRE_0016,1,MIX,FIN_M2,30.896315654530216,TYRE_0016,BUF_SEC_3,14,0,0.7444253307474088
TYRE_0016,1,MIX,CUR_M2,21.63098366327852,TYRE_0016,BUF_SEC_3,14,0,1.0632896015286428
TYRE_0016,1,MIX,INS_M1,22.770609709440468,TYRE_0016,BUF_SEC_3,14,0,1.010073963476895
TYRE_0016,2,CAL,CAL_M4,29.0,TYRE_0016,BUF_SEC_3,1,1,1.0
TYRE_0016,2,CAL,FIN_M4,41.35701725142627,TYRE_0016,BUF_SEC_3,1,0,0.7012111106489403
TYRE_0016,2,CAL,EXT_M5,36.04951937663702,TYRE_0016,BUF_SEC_3,1,0,0.8044490051868576
TYRE_0016,2,CAL,BLD_M4,37.65062074737861,TYRE_0016,BUF_SEC_3,1,0,0.7702396248545011
TYRE_0016,3,EXT,EXT_M1,36.0,TYRE_0016,BUF_SEC_4,4,1,1.0
TYRE_0016,3,EXT,FIN_M3,37.49415420910241,TYRE_0016,BUF_SEC_4,4,0,0.9601496755795687
TYRE_0016,4,BLD,BLD_M6,40.0,TYRE_0016,BUF_SEC_5,1,1,1.0
TYRE_0016,4,BLD,CUR_M3,37.59260580733618,TYRE_0016,BUF_SEC_5,1,0,1.0640390348304618
TYRE_0016,4,BLD,EXT_M4,36.240977091174344,TYRE_0016,BUF_SEC_5,1,0,1.103723001158848
TYRE_0016,4,BLD,CAL_M2,53.426687057196396,TYRE_0016,BUF_SEC_5,1,0,0.7486895071217434
TYRE_0016,5,CUR,CUR_M2,43.0,TYRE_0016,BUF_SEC_1,10,1,1.0
TYRE_0016,5,CUR,BLD_M4,36.676151070904886,TYRE_0016,BUF_SEC_1,10,0,1.1724240070030634
TYRE_0016,5,CUR,CUR_M7,45.41596205515902,TYRE_0016,BUF_SEC_1,10,0,0.9468036798994863
TYRE_0016,5,CUR,MIX_M2,35.12401118324968,TYRE_0016,BUF_SEC_1,10,0,1.2242337521093352
TYRE_0016,6,FIN,FIN_M4,20.0,TYRE_0016,BUF_SEC_1,12,1,1.0
TYRE_0016,6,FIN,CUR_M5,16.828282528119598,TYRE_0016,BUF_SEC_1,12,0,1.1884754113546971
TYRE_0016,6,FIN,CAL_M4,18.000494521605845,TYRE_0016,BUF_SEC_1,12,0,1.1110805859246904
TYRE_0016,6,FIN,INS_M1,26.100831336250533,TYRE_0016,BUF_SEC_1,12,0,0.7662591180466616
TYRE_0016,7,INS,INS_M1,17.0,TYRE_0016,BUF_SEC_2,1,1,1.0
TYRE_0016,7,INS,BLD_M2,13.814108422593531,TYRE_0016,BUF_SEC_2,1,0,1.2306259282137828
TYRE_0017,1,MIX,MIX_M2,16.0,TYRE_0017,BUF_SEC_5,12,1,1.0
TYRE_0017,1,MIX,FIN_M2,14.804074268502887,TYRE_0017,BUF_SEC_5,12,0,1.0807835538924282
TYRE_0017,1,MIX,CUR_M2,15.248460058650673,TYRE_0017,BUF_SEC_5,12,0,1.049286284546679
TYRE_0017,1,MIX,MIX_M4,20.75095034457902,TYRE_0017,BUF_SEC_5,12,0,0.7710490235055592
TYRE_0017,2,CAL,CAL_M4,19.0,TYRE_0017,BUF_SEC_2,2,1,1.0
TYRE_0017,2,CAL,FIN_M4,24.664999220895282,TYRE_0017,BUF_SEC_2,2,0,0.77032234340814
TYRE_0017,2,CAL,INS_M1,21.05673921005417,TYRE_0017,BUF_SEC_2,2,0,0.9023239453394513
TYRE_0017,3,EXT,EXT_M4,20.0,TYRE_0017,BUF_SEC_5,11,1,1.0
TYRE_0017,3,EXT,MIX_M4,25.758860884311098,TYRE_0017,BUF_SEC_5,11,0,0.7764318496002035
TYRE_0017,3,EXT,BLD_M5,22.95406757298271,TYRE_0017,BUF_SEC_5,11,0,0.8713052680711069
TYRE_0017,4,BLD,BLD_M3,34.0,TYRE_0017,BUF_SEC_2,9,1,1.0
TYRE_0017,4,BLD,CUR_M7,35.413592336968414,TYRE_0017,BUF_SEC_2,9,0,0.9600833396533806
TYRE_0017,4,BLD,CAL_M3,26.187902264895353,TYRE_0017,BUF_SEC_2,9,0,1.2983094123417702
TYRE_0017,4,BLD,EXT_M2,32.83642261605482,TYRE_0017,BUF_SEC_2,9,0,1.0354355709679612
TYRE_0017,5,CUR,CUR_M4,44.0,TYRE_0017,BUF_SEC_5,12,1,1.0
TYRE_0017,5,CUR,CAL_M3,39.90225818422629,TYRE_0017,BUF_SEC_5,12,0,1.1026944840278132
TYRE_0017,6,FIN,FIN_M4,27.0,TYRE_0017,BUF_SEC_4,9,1,1.0
TYRE_0017,6,FIN,CUR_M8,26.093096161959675,TYRE_0017,BUF_SEC_4,9,0,1.0347564670904204
TYRE_0017,7,INS,INS_M1,11.0,TYRE_0017,BUF_SEC_5,13,1,1.0
TYRE_0017,7,INS,CUR_M3,13.247608749654242,TYRE_0017,BUF_SEC_5,13,0,0.8303385318718064
TYRE_0017,7,INS,CAL_M4,11.242913502304903,TYRE_0017,BUF_SEC_5,13,0,0.978394078878655
TYRE_0018,1,MIX,MIX_M1,12.0,TYRE_0018,BUF_SEC_5,8,1,1.0
TYRE_0018,1,MIX,EXT_M2,17.059238875318588,TYRE_0018,BUF_SEC_5,8,0,0.7034311488164735
TYRE_0018,1,MIX,FIN_M3,12.251205430620125,TYRE_0018,BUF_SEC_5,8,0,0.9794954519338748
TYRE_0018,2,CAL,CAL_M2,20.0,TYRE_0018,BUF_SEC_5,9,1,1.0
TYRE_0018,2,CAL,CUR_M6,17.330450351527322,TYRE_0018,BUF_SEC_5,9,0,1.1540381002411408
TYRE_0018,2,CAL,BLD_M5,20.717310282618797,TYRE_0018,BUF_SEC_5,9,0,0.9653762832706811
TYRE_0018,2,CAL,INS_M3,17.786660040230398,TYRE_0018,BUF_SEC_5,9,0,1.1244382000197566
TYRE_0018,3,EXT,EXT_M4,30.0,TYRE_0018,BUF_SEC_1,2,1,1.0
TYRE_0018,3,EXT,EXT_M5,26.91716652924967,TYRE_0018,BUF_SEC_1,2,0,1.1145303859304936
TYRE_0018,3,EXT,CAL_M4,26.826877169748617,TYRE_0018,BUF_SEC_1,2,0,1.1182814835350856
TYRE_0018,3,EXT,MIX_M1,27.543571371400564,TYRE_0018,BUF_SEC_1,2,0,1.0891833740612893
TYRE_0018,4,BLD,BLD_M4,26.0,TYRE_0018,BUF_SEC_1,3,1,1.0
TYRE_0018,4,BLD,CUR_M2,21.1559379265616,TYRE_0018,BUF_SEC_1,3,0,1.2289693839267986
TYRE_0018,4,BLD,CUR_M5,24.74541071267226,TYRE_0018,BUF_SEC_1,3,0,1.0506998773184741
TYRE_0018,5,CUR,CUR_M7,43.0,TYRE_0018,BUF_SEC_3,4,1,1.0
TYRE_0018,5,CUR,MIX_M4,38.57446414843671,TYRE_0018,BUF_SEC_3,4,0,1.1147270856319242
TYRE_0018,6,FIN,FIN_M2,22.0,TYRE_0018,BUF_SEC_1,5,1,1.0
TYRE_0018,6,FIN,INS_M2,19.038132879220015,TYRE_0018,BUF_SEC_1,5,0,1.1555755041510842
TYRE_0018,6,FIN,MIX_M1,17.178684125290648,TYRE_0018,BUF_SEC_1,5,0,1.2806568791617372
TYRE_0018,6,FIN,MIX_M3,22.825263566715417,TYRE_0018,BUF_SEC_1,5,0,0.9638442919047452
TYRE_0018,7,INS,INS_M1,22.0,TYRE_0018,BUF_SEC_2,11,1,1.0
TYRE_0018,7,INS,CUR_M1,24.890310640408988,TYRE_0018,BUF_SEC_2,11,0,0.8838780808256922
TYRE_0018,7,INS,BLD_M3,18.43428057964251,TYRE_0018,BUF_SEC_2,11,0,1.1934287267112127
TYRE_0018,7,INS,EXT_M1,29.96510823848522,TYRE_0018,BUF_SEC_2,11,0,0.734187236198421
TYRE_0019,1,MIX,MIX_M3,24.0,TYRE_0019,BUF_SEC_4,5,1,1.0
TYRE_0019,1,MIX,BLD_M1,26.757646726544856,TYRE_0019,BUF_SEC_4,5,0,0.8969398634070036
TYRE_0019,1,MIX,CUR_M8,24.681354795511943,TYRE_0019,BUF_SEC_4,5,0,0.9723939467198194
TYRE_0019,2,CAL,CAL_M3,28.0,TYRE_0019,BUF_SEC_1,12,1,1.0
TYRE_0019,2,CAL,CUR_M2,23.75620651876101,TYRE_0019,BUF_SEC_1,12,0,1.1786393580089285
TYRE_0019,3,EXT,EXT_M5,36.0,TYRE_0019,BUF_SEC_5,2,1,1.0
TYRE_0019,3,EXT,MIX_M3,49.72132087517452,TYRE_0019,BUF_SEC_5,2,0,0.7240354714304167
TYRE_0019,3,EXT,INS_M3,41.14866272085551,TYRE_0019,BUF_SEC_5,2,0,0.8748765480962764
TYRE_0019,3,EXT,CAL_M4,43.6615252852538,TYRE_0019,BUF_SEC_5,2,0,0.824524561723422
TYRE_0019,4,BLD,BLD_M6,35.0,TYRE_0019,BUF_SEC_1,7,1,1.0
TYRE_0019,4,BLD,INS_M2,26.967906374855215,TYRE_0019,BUF_SEC_1,7,0,1.2978389762074332
TYRE_0019,5,CUR,CUR_M3,52.0,TYRE_0019,BUF_SEC_3,6,1,1.0
TYRE_0019,5,CUR,MIX_M4,43.474075705222305,TYRE_0019,BUF_SEC_3,6,0,1.196115136583652
TYRE_0019,5,CUR,MIX_M3,51.23953446492115,TYRE_0019,BUF_SEC_3,6,0,1.0148413825968592
TYRE_0019,5,CUR,FIN_M1,44.629583554458634,TYRE_0019,BUF_SEC_3,6,0,1.1651464311009696
TYRE_0019,6,FIN,FIN_M3,16.0,TYRE_0019,BUF_SEC_4,7,1,1.0
TYRE_0019,6,FIN,BLD_M3,21.408587608237198,TYRE_0019,BUF_SEC_4,7,0,0.7473636417679332
TYRE_0019,6,FIN,CUR_M1,16.56865475621125,TYRE_0019,BUF_SEC_4,7,0,0.9656788819262425
TYRE_0019,6,FIN,CUR_M4,18.677861522557993,TYRE_0019,BUF_SEC_4,7,0,0.8566291157409088
TYRE_0019,7,INS,INS_M1,28.0,TYRE_0019,BUF_SEC_4,2,1,1.0
TYRE_0019,7,INS,CUR_M8,28.646414767038113,TYRE_0019,BUF_SEC_4,2,0,0.9774347061475244
TYRE_0019,7,INS,CUR_M4,22.97007003927297,TYRE_0019,BUF_SEC_4,2,0,1.2189775630691213
TYRE_0020,1,MIX,MIX_M1,20.0,TYRE_0020,BUF_SEC_5,10,1,1.0
TYRE_0020,1,MIX,CAL_M3,18.261557889193718,TYRE_0020,BUF_SEC_5,10,0,1.0951968129638603
TYRE_0020,1,MIX,BLD_M6,15.886469587175723,TYRE_0020,BUF_SEC_5,10,0,1.2589329485856886
TYRE_0020,2,CAL,CAL_M1,16.0,TYRE_0020,BUF_SEC_3,11,1,1.0
TYRE_0020,2,CAL,BLD_M3,13.63215727482044,TYRE_0020,BUF_SEC_3,11,0,1.1736953790544313
TYRE_0020,2,CAL,EXT_M4,13.926406824319466,TYRE_0020,BUF_SEC_3,11,0,1.1488964958326113
TYRE_0020,2,CAL,CAL_M3,15.432792305637232,TYRE_0020,BUF_SEC_3,11,0,1.0367534068449544
TYRE_0020,3,EXT,EXT_M5,30.0,TYRE_0020,BUF_SEC_1,11,1,1.0
TYRE_0020,3,EXT,MIX_M4,37.801395878044815,TYRE_0020,BUF_SEC_1,11,0,0.7936214868039861
TYRE_0020,4,EXT,EXT_M5,44.0,TYRE_0020,BUF_SEC_5,14,1,1.0
TYRE_0020,4,EXT,EXT_M4,38.977652810509156,TYRE_0020,BUF_SEC_5,14,0,1.1288519658663674
TYRE_0020,4,EXT,BLD_M3,59.37358667564391,TYRE_0020,BUF_SEC_5,14,0,0.74107027153961
TYRE_0020,5,BLD,BLD_M5,25.0,TYRE_0020,BUF_SEC_5,5,1,1.0
TYRE_0020,5,BLD,BLD_M1,20.896348189542785,TYRE_0020,BUF_SEC_5,5,0,1.1963812898423476
TYRE_0020,5,BLD,FIN_M3,34.47566709343524,TYRE_0020,BUF_SEC_5,5,0,0.7251491300297545
TYRE_0020,5,BLD,EXT_M5,26.27403517686441,TYRE_0020,BUF_SEC_5,5,0,0.9515097255412728
TYRE_0020,6,CUR,CUR_M1,72.0,TYRE_0020,BUF_SEC_2,4,1,1.0
TYRE_0020,7,FIN,FIN_M1,15.0,TYRE_0020,BUF_SEC_1,8,1,1.0
TYRE_0020,7,FIN,MIX_M2,13.603518630062798,TYRE_0020,BUF_SEC_1,8,0,1.1026558942515856
TYRE_0020,7,FIN,CUR_M3,12.67686309544259,TYRE_0020,BUF_SEC_1,8,0,1.1832580258275875
TYRE_0020,8,INS,INS_M1,29.0,TYRE_0020,BUF_SEC_5,9,1,1.0
TYRE_0020,8,INS,CAL_M2,38.64211102942324,TYRE_0020,BUF_SEC_5,9,0,0.7504765973556297
TYRE_0021,1,MIX,MIX_M1,17.0,TYRE_0021,BUF_SEC_4,14,1,1.0
TYRE_0021,1,MIX,CUR_M3,14.499883970309023,TYRE_0021,BUF_SEC_4,14,0,1.172423174889564
TYRE_0021,1,MIX,BLD_M2,19.23382197725824,TYRE_0021,BUF_SEC_4,14,0,0.8838596936220229
TYRE_0021,2,CAL,CAL_M4,18.0,TYRE_0021,BUF_SEC_2,7,1,1.0
TYRE_0021,2,CAL,CAL_M2,20.74096926822224,TYRE_0021,BUF_SEC_2,7,0,0.8678475806614425
TYRE_0021,2,CAL,EXT_M2,20.017816378315302,TYRE_0021,BUF_SEC_2,7,0,0.8991989765426591
TYRE_0021,3,EXT,EXT_M5,22.0,TYRE_0021,BUF_SEC_5,2,1,1.0
TYRE_0021,3,EXT,MIX_M1,28.45071957452922,TYRE_0021,BUF_SEC_5,2,0,0.7732669095545728
TYRE_0021,3,EXT,CUR_M6,28.695067478257325,TYRE_0021,BUF_SEC_5,2,0,0.7666822883992074
TYRE_0021,3,EXT,EXT_M4,20.20456162194133,TYRE_0021,BUF_SEC_5,2,0,1.0888630207204741
TYRE_0021,4,BLD,BLD_M5,39.0,TYRE_0021,BUF_SEC_4,5,1,1.0
TYRE_0021,4,BLD,CAL_M2,41.195110918294354,TYRE_0021,BUF_SEC_4,5,0,0.9467142855216947
TYRE_0021,4,BLD,MIX_M1,40.77400041041023,TYRE_0021,BUF_SEC_4,5,0,0.9564918724541608
TYRE_0021,4,BLD,CUR_M8,43.42158526889864,TYRE_0021,BUF_SEC_4,5,0,0.8981708005012506
TYRE_0021,5,CUR,CUR_M1,79.0,TYRE_0021,BUF_SEC_5,8,1,1.0
TYRE_0021,6,FIN,FIN_M1,23.0,TYRE_0021,BUF_SEC_5,14,1,1.0
TYRE_0021,6,FIN,FIN_M4,29.945402100471828,TYRE_0021,BUF_SEC_5,14,0,0.76806449026235
TYRE_0021,6,FIN,CAL_M3,17.717582080000508,TYRE_0021,BUF_SEC_5,14,0,1.2981455311536132
TYRE_0021,7,INS,INS_M3,28.0,TYRE_0021,BUF_SEC_5,7,1,1.0
TYRE_0021,7,INS,BLD_M6,22.393535614243667,TYRE_0021,BUF_SEC_5,7,0,1.2503608399466084
TYRE_0021,7,INS,MIX_M3,29.662452234282807,TYRE_0021,BUF_SEC_5,7,0,0.9439543224156833
TYRE_0022,1,MIX,MIX_M3,18.0,TYRE_0022,BUF_SEC_2,6,1,1.0
TYRE_0022,1,MIX,BLD_M6,14.388046120656687,TYRE_0022,BUF_SEC_2,6,0,1.2510385252489349
TYRE_0022,1,MIX,MIX_M2,16.515688378123798,TYRE_0022,BUF_SEC_2,6,0,1.0898728280585797
TYRE_0022,2,CAL,CAL_M2,36.0,TYRE_0022,BUF_SEC_3,12,1,1.0
TYRE_0022,2,CAL,EXT_M4,27.855116667798107,TYRE_0022,BUF_SEC_3,12,0,1.2924016951477277
TYRE_0022,3,EXT,EXT_M3,22.0,TYRE_0022,BUF_SEC_1,2,1,1.0
TYRE_0022,3,EXT,BLD_M5,29.119778091844786,TYRE_0022,BUF_SEC_1,2,0,0.7555002627633782
TYRE_0022,3,EXT,BLD_M6,18.832251178853546,TYRE_0022,BUF_SEC_1,2,0,1.1682087176440952
TYRE_0022,4,BLD,BLD_M3,32.0,TYRE_0022,BUF_SEC_1,1,1,1.0
TYRE_0022,4,BLD,BLD_M4,40.38610602204039,TYRE_0022,BUF_SEC_1,1,0,0.792351705869743
TYRE_0022,5,CUR,CUR_M3,82.0,TYRE_0022,BUF_SEC_1,4,1,1.0
TYRE_0022,5,CUR,CUR_M4,96.41076139543173,TYRE_0022,BUF_SEC_1,4,0,0.8505274599344201
TYRE_0022,5,CUR,FIN_M4,106.18070035689148,TYRE_0022,BUF_SEC_1,4,0,0.7722684039979393
TYRE_0022,5,CUR,CUR_M1,78.04128793320923,TYRE_0022,BUF_SEC_1,4,0,1.0507258679556748
TYRE_0022,6,FIN,FIN_M3,24.0,TYRE_0022,BUF_SEC_4,11,1,1.0
TYRE_0022,6,FIN,EXT_M4,30.721444704831313,TYRE_0022,BUF_SEC_4,11,0,0.7812132609839704
TYRE_0022,6,FIN,INS_M1,29.318938204099148,TYRE_0022,BUF_SEC_4,11,0,0.8185835323546781
TYRE_0022,6,FIN,CUR_M5,29.69154430598446,TYRE_0022,BUF_SEC_4,11,0,0.8083109370354541
TYRE_0022,7,INS,INS_M2,12.0,TYRE_0022,BUF_SEC_1,2,1,1.0
TYRE_0022,7,INS,CAL_M1,12.79607484261544,TYRE_0022,BUF_SEC_1,2,0,0.9377875752989323
TYRE_0023,1,MIX,MIX_M1,24.0,TYRE_0023,BUF_SEC_1,6,1,1.0
TYRE_0023,1,MIX,MIX_M3,23.767789186445917,TYRE_0023,BUF_SEC_1,6,0,1.0097699795186044
TYRE_0023,2,CAL,CAL_M1,17.0,TYRE_0023,BUF_SEC_1,6,1,1.0
TYRE_0023,2,CAL,INS_M1,14.216370812222456,TYRE_0023,BUF_SEC_1,6,0,1.195804486570112
TYRE_0023,2,CAL,EXT_M5,16.147412148638367,TYRE_0023,BUF_SEC_1,6,0,1.052800278057777
TYRE_0023,2,CAL,CAL_M4,18.643177334904017,TYRE_0023,BUF_SEC_1,6,0,0.9118617333630337
TYRE_0023,3,EXT,EXT_M5,21.0,TYRE_0023,BUF_SEC_2,9,1,1.0
TYRE_0023,3,EXT,CAL_M4,18.334588595046082,TYRE_0023,BUF_SEC_2,9,0,1.1453761229021577
TYRE_0023,4,BLD,BLD_M5,28.0,TYRE_0023,BUF_SEC_2,7,1,1.0
TYRE_0023,4,BLD,CUR_M2,27.587837921180814,TYRE_0023,BUF_SEC_2,7,0,1.014939992035503
TYRE_0023,5,CUR,CUR_M3,62.0,TYRE_0023,BUF_SEC_5,3,1,1.0
TYRE_0023,5,CUR,FIN_M3,76.89928649365281,TYRE_0023,BUF_SEC_5,3,0,0.8062493532383739
TYRE_0023,6,FIN,FIN_M1,17.0,TYRE_0023,BUF_SEC_4,14,1,1.0
TYRE_0023,6,FIN,MIX_M1,14.936572277034912,TYRE_0023,BUF_SEC_4,14,0,1.1381460006147208
TYRE_0023,6,FIN,INS_M1,17.103952933676165,TYRE_0023,BUF_SEC_4,14,0,0.9939222860306467
TYRE_0023,7,INS,INS_M2,19.0,TYRE_0023,BUF_SEC_2,5,1,1.0
TYRE_0023,7,INS,CUR_M7,15.475325880252363,TYRE_0023,BUF_SEC_2,5,0,1.2277608980270571
TYRE_0024,1,MIX,MIX_M2,24.0,TYRE_0024,BUF_SEC_4,13,1,1.0
TYRE_0024,1,MIX,CUR_M5,24.887913756584997,TYRE_0024,BUF_SEC_4,13,0,0.9643234959237968
TYRE_0024,2,CAL,CAL_M3,34.0,TYRE_0024,BUF_SEC_1,13,1,1.0
TYRE_0024,2,CAL,INS_M1,27.464875764322098,TYRE_0024,BUF_SEC_1,13,0,1.2379447950814062
TYRE_0024,3,EXT,EXT_M5,15.0,TYRE_0024,BUF_SEC_2,7,1,1.0
TYRE_0024,4,BLD,BLD_M6,46.0,TYRE_0024,BUF_SEC_4,9,1,1.0
TYRE_0024,4,BLD,INS_M2,40.632651207551746,TYRE_0024,BUF_SEC_4,9,0,1.132094476558564
TYRE_0024,4,BLD,BLD_M1,52.732172775492636,TYRE_0024,BUF_SEC_4,9,0,0.8723327255230905
TYRE_0024,4,BLD,CAL_M2,37.463815613090034,TYRE_0024,BUF_SEC_4,9,0,1.2278514413766062
TYRE_0024,5,CUR,CUR_M5,82.0,TYRE_0024,BUF_SEC_4,9,1,1.0
TYRE_0024,5,CUR,CAL_M2,101.30024743097083,TYRE_0024,BUF_SEC_4,9,0,0.809474824391494
TYRE_0024,5,CUR,BLD_M3,64.10628343329252,TYRE_0024,BUF_SEC_4,9,0,1.2791257831274412
TYRE_0024,5,CUR,FIN_M4,85.69245677730936,TYRE_0024,BUF_SEC_4,9,0,0.9569103639203037
TYRE_0024,6,FIN,FIN_M1,14.0,TYRE_0024,BUF_SEC_5,10,1,1.0
TYRE_0024,6,FIN,INS_M1,18.290894401162454,TYRE_0024,BUF_SEC_5,10,0,0.7654081693845571
TYRE_0024,6,FIN,MIX_M2,16.487582227665538,TYRE_0024,BUF_SEC_5,10,0,0.8491238925564556
TYRE_0024,7,INS,INS_M2,13.0,TYRE_0024,BUF_SEC_3,3,1,1.0
TYRE_0024,7,INS,BLD_M3,10.998801662971125,TYRE_0024,BUF_SEC_3,3,0,1.1819469427988838
TYRE_0024,7,INS,MIX_M1,10.062403399792824,TYRE_0024,BUF_SEC_3,3,0,1.2919378684686462
TYRE_0024,7,INS,FIN_M4,12.279164050494185,TYRE_0024,BUF_SEC_3,3,0,1.058703992107411
TYRE_0025,1,MIX,MIX_M1,27.0,TYRE_0025,BUF_SEC_5,4,1,1.0
TYRE_0025,1,MIX,FIN_M4,24.145635751992096,TYRE_0025,BUF_SEC_5,4,0,1.1182144996025798
TYRE_0025,1,MIX,BLD_M1,29.418503906937726,TYRE_0025,BUF_SEC_5,4,0,0.917789704242323
TYRE_0025,2,CAL,CAL_M2,23.0,TYRE_0025,BUF_SEC_4,3,1,1.0
TYRE_0025,2,CAL,BLD_M4,23.84905175983388,TYRE_0025,BUF_SEC_4,3,0,0.9643989300545761
TYRE_0025,3,EXT,EXT_M3,34.0,TYRE_0025,BUF_SEC_4,3,1,1.0
TYRE_0025,3,EXT,FIN_M3,39.730674162883325,TYRE_0025,BUF_SEC_4,3,0,0.8557619702250872
TYRE_0025,4,EXT,EXT_M2,37.0,TYRE_0025,BUF_SEC_2,6,1,1.0
TYRE_0025,4,EXT,CUR_M5,44.0666616502205,TYRE_0025,BUF_SEC_2,6,0,0.839637009349331
TYRE_0025,4,EXT,MIX_M3,50.52585707885333,TYRE_0025,BUF_SEC_2,6,0,0.7322983149450754
TYRE_0025,4,EXT,BLD_M6,45.458722884580105,TYRE_0025,BUF_SEC_2,6,0,0.813925197457552
TYRE_0025,5,BLD,BLD_M3,26.0,TYRE_0025,BUF_SEC_3,13,1,1.0
TYRE_0025,5,BLD,FIN_M2,23.135311714761755,TYRE_0025,BUF_SEC_3,13,0,1.1238231980859976
TYRE_0025,6,CUR,CUR_M5,72.0,TYRE_0025,BUF_SEC_2,7,1,1.0
TYRE_0025,6,CUR,INS_M2,81.01016567962324,TYRE_0025,BUF_SEC_2,7,0,0.8887773453611193
TYRE_0025,6,CUR,FIN_M2,65.19314931855736,TYRE_0025,BUF_SEC_2,7,0,1.1044105209303803
TYRE_0025,7,FIN,FIN_M4,18.0,TYRE_0025,BUF_SEC_4,1,1,1.0
TYRE_0025,7,FIN,BLD_M4,21.96375997535109,TYRE_0025,BUF_SEC_4,1,0,0.8195318115022459
TYRE_0025,7,FIN,EXT_M1,20.677520143640862,TYRE_0025,BUF_SEC_4,1,0,0.8705105774270372
TYRE_0025,8,INS,INS_M1,12.0,TYRE_0025,BUF_SEC_4,4,1,1.0
TYRE_0025,8,INS,CAL_M4,14.861473169473497,TYRE_0025,BUF_SEC_4,4,0,0.8074569635969089
TYRE_0025,8,INS,CUR_M4,12.82968719741704,TYRE_0025,BUF_SEC_4,4,0,0.9353306760601241
TYRE_0025,8,INS,FIN_M4,9.45874075337161,TYRE_0025,BUF_SEC_4,4,0,1.268667818781538
TYRE_0026,1,MIX,MIX_M4,18.0,TYRE_0026,BUF_SEC_5,7,1,1.0
TYRE_0026,1,MIX,FIN_M1,17.456038140276785,TYRE_0026,BUF_SEC_5,7,0,1.03116181663628
TYRE_0026,2,CAL,CAL_M1,15.0,TYRE_0026,BUF_SEC_1,1,1,1.0
TYRE_0026,2,CAL,CUR_M6,16.092964200874402,TYRE_0026,BUF_SEC_1,1,0,0.932084345231128
TYRE_0026,3,EXT,EXT_M3,39.0,TYRE_0026,BUF_SEC_2,14,1,1.0
TYRE_0026,3,EXT,EXT_M5,31.600902368428006,TYRE_0026,BUF_SEC_2,14,0,1.2341419730774625
TYRE_0026,4,BLD,BLD_M2,40.0,TYRE_0026,BUF_SEC_4,14,1,1.0
TYRE_0026,4,BLD,CUR_M4,41.65726779802857,TYRE_0026,BUF_SEC_4,14,0,0.960216598792228
TYRE_0026,5,CUR,CUR_M5,50.0,TYRE_0026,BUF_SEC_3,13,1,1.0
TYRE_0026,5,CUR,INS_M1,39.05143397617217,TYRE_0026,BUF_SEC_3,13,0,1.2803627142221785
TYRE_0026,5,CUR,BLD_M5,44.28403735221922,TYRE_0026,BUF_SEC_3,13,0,1.1290750118901327
TYRE_0026,5,CUR,MIX_M3,39.23781641762189,TYRE_0026,BUF_SEC_3,13,0,1.2742808995238777
TYRE_0026,6,FIN,FIN_M4,27.0,TYRE_0026,BUF_SEC_4,14,1,1.0
TYRE_0026,6,FIN,FIN_M1,21.394022908436266,TYRE_0026,BUF_SEC_4,14,0,1.262034733512094
TYRE_0026,6,FIN,CAL_M1,26.748406345021184,TYRE_0026,BUF_SEC_4,14,0,1.0094059306462437
TYRE_0026,7,INS,INS_M3,23.0,TYRE_0026,BUF_SEC_5,1,1,1.0
TYRE_0026,7,INS,FIN_M2,31.72858451465165,TYRE_0026,BUF_SEC_5,1,0,0.7248983953059438
TYRE_0027,1,MIX,MIX_M1,13.0,TYRE_0027,BUF_SEC_4,12,1,1.0
TYRE_0027,1,MIX,CUR_M2,10.141265339381185,TYRE_0027,BUF_SEC_4,12,0,1.281891318780271
TYRE_0027,2,CAL,CAL_M1,45.0,TYRE_0027,BUF_SEC_3,14,1,1.0
TYRE_0027,2,CAL,MIX_M1,35.896987598939184,TYRE_0027,BUF_SEC_3,14,0,1.2535870837621435
TYRE_0027,3,EXT,EXT_M2,32.0,TYRE_0027,BUF_SEC_3,1,1,1.0
TYRE_0027,3,EXT,CUR_M1,37.50533234389069,TYRE_0027,BUF_SEC_3,1,0,0.8532120101373408
TYRE_0027,3,EXT,EXT_M5,26.738283418556556,TYRE_0027,BUF_SEC_3,1,0,1.196785878101351
TYRE_0027,3,EXT,EXT_M3,34.52753938168122,TYRE_0027,BUF_SEC_3,1,0,0.9267964231756919
TYRE_0027,4,BLD,BLD_M1,46.0,TYRE_0027,BUF_SEC_3,8,1,1.0
TYRE_0027,4,BLD,EXT_M5,39.65662306580861,TYRE_0027,BUF_SEC_3,8,0,1.159957566827231
TYRE_0027,4,BLD,FIN_M2,35.9441109462208,TYRE_0027,BUF_SEC_3,8,0,1.2797645786489116
TYRE_0027,5,CUR,CUR_M6,77.0,TYRE_0027,BUF_SEC_5,4,1,1.0
TYRE_0027,5,CUR,CUR_M1,60.24044009951836,TYRE_0027,BUF_SEC_5,4,0,1.2782111132122296
TYRE_0027,5,CUR,BLD_M1,83.13613690239788,TYRE_0027,BUF_SEC_5,4,0,0.926191700372105
TYRE_0027,6,FIN,FIN_M2,23.0,TYRE_0027,BUF_SEC_3,13,1,1.0
TYRE_0027,6,FIN,MIX_M1,29.006908955153964,TYRE_0027,BUF_SEC_3,13,0,0.7929145444472927
TYRE_0027,6,FIN,BLD_M4,24.89716654725213,TYRE_0027,BUF_SEC_3,13,0,0.9237999013401178
TYRE_0027,7,INS,INS_M1,11.0,TYRE_0027,BUF_SEC_5,11,1,1.0
TYRE_0027,7,INS,INS_M3,13.544148285998347,TYRE_0027,BUF_SEC_5,11,0,0.8121588576648682
TYRE_0027,7,INS,BLD_M2,11.373454017749063,TYRE_0027,BUF_SEC_5,11,0,0.9671644148588228
TYRE_0027,7,INS,MIX_M2,11.078987351602168,TYRE_0027,BUF_SEC_5,11,0,0.992870526060241
TYRE_0028,1,MIX,MIX_M3,21.0,TYRE_0028,BUF_SEC_1,7,1,1.0
TYRE_0028,1,MIX,BLD_M3,19.492747867252273,TYRE_0028,BUF_SEC_1,7,0,1.0773237381929053
TYRE_0028,1,MIX,CUR_M1,19.368611881562263,TYRE_0028,BUF_SEC_1,7,0,1.0842284479865447
TYRE_0028,2,CAL,CAL_M1,43.0,TYRE_0028,BUF_SEC_1,3,1,1.0
TYRE_0028,2,CAL,FIN_M4,40.90648399419227,TYRE_0028,BUF_SEC_1,3,0,1.0511780970005868
TYRE_0028,3,EXT,EXT_M3,21.0,TYRE_0028,BUF_SEC_4,3,1,1.0
TYRE_0028,3,EXT,EXT_M1,22.098318066266053,TYRE_0028,BUF_SEC_4,3,0,0.9502985673854212
TYRE_0028,3,EXT,CAL_M1,17.11980280697893,TYRE_0028,BUF_SEC_4,3,0,1.2266496429175748
TYRE_0028,3,EXT,BLD_M5,25.535119988435163,TYRE_0028,BUF_SEC_4,3,0,0.8223967621656324
TYRE_0028,4,BLD,BLD_M6,27.0,TYRE_0028,BUF_SEC_5,6,1,1.0
TYRE_0028,4,BLD,CAL_M4,27.719647631045248,TYRE_0028,BUF_SEC_5,6,0,0.9740383557315042
TYRE_0028,4,BLD,EXT_M2,30.082279405971608,TYRE_0028,BUF_SEC_5,6,0,0.8975383692048367
TYRE_0028,4,BLD,EXT_M3,36.911011700934765,TYRE_0028,BUF_SEC_5,6,0,0.7314890260598365
TYRE_0028,5,CUR,CUR_M2,62.0,TYRE_0028,BUF_SEC_4,8,1,1.0
TYRE_0028,5,CUR,BLD_M2,60.70542738810085,TYRE_0028,BUF_SEC_4,8,0,1.021325483858679
TYRE_0028,5,CUR,BLD_M3,62.86820771224674,TYRE_0028,BUF_SEC_4,8,0,0.9861900355705923
TYRE_0028,6,FIN,FIN_M4,29.0,TYRE_0028,BUF_SEC_4,4,1,1.0
TYRE_0028,6,FIN,MIX_M4,39.27726765358552,TYRE_0028,BUF_SEC_4,4,0,0.7383405652290242
TYRE_0028,6,FIN,MIX_M2,38.94704565215359,TYRE_0028,BUF_SEC_4,4,0,0.7446007653316429
TYRE_0028,7,INS,INS_M3,14.0,TYRE_0028,BUF_SEC_5,1,1,1.0
TYRE_0028,7,INS,CAL_M4,16.62650211444235,TYRE_0028,BUF_SEC_5,1,0,0.8420291835069218
TYRE_0029,1,MIX,MIX_M2,15.0,TYRE_0029,BUF_SEC_1,6,1,1.0
TYRE_0029,1,MIX,CAL_M2,16.570160930103967,TYRE_0029,BUF_SEC_1,6,0,0.9052416607945332
TYRE_0029,1,MIX,CUR_M1,12.647690814495427,TYRE_0029,BUF_SEC_1,6,0,1.1859872462100836
TYRE_0029,2,CAL,CAL_M2,43.0,TYRE_0029,BUF_SEC_2,6,1,1.0
TYRE_0029,2,CAL,CAL_M1,47.31351791610451,TYRE_0029,BUF_SEC_2,6,0,0.9088311732863923
TYRE_0029,3,EXT,EXT_M4,15.0,TYRE_0029,BUF_SEC_5,11,1,1.0
TYRE_0029,3,EXT,MIX_M3,15.905587271467294,TYRE_0029,BUF_SEC_5,11,0,0.943064832752714
TYRE_0029,3,EXT,INS_M2,21.37894509743394,TYRE_0029,BUF_SEC_5,11,0,0.7016248898922712
TYRE_0029,3,EXT,CUR_M5,12.397023119506356,TYRE_0029,BUF_SEC_5,11,0,1.209967897567113
TYRE_0029,4,BLD,BLD_M2,43.0,TYRE_0029,BUF_SEC_5,7,1,1.0
TYRE_0029,4,BLD,CUR_M2,37.937377242718696,TYRE_0029,BUF_SEC_5,7,0,1.133446830678127
TYRE_0029,4,BLD,CUR_M4,61.0418156412564,TYRE_0029,BUF_SEC_5,7,0,0.7044351408665758
TYRE_0029,4,BLD,CUR_M6,42.76559119933466,TYRE_0029,BUF_SEC_5,7,0,1.0054812477529596
TYRE_0029,5,CUR,CUR_M6,90.0,TYRE_0029,BUF_SEC_3,14,1,1.0
TYRE_0029,5,CUR,EXT_M2,107.71944092429761,TYRE_0029,BUF_SEC_3,14,0,0.8355037793340352
TYRE_0029,6,FIN,FIN_M4,17.0,TYRE_0029,BUF_SEC_1,2,1,1.0
TYRE_0029,6,FIN,MIX_M4,16.321311074247543,TYRE_0029,BUF_SEC_1,2,0,1.0415829906473213
TYRE_0029,6,FIN,BLD_M3,15.754840579139561,TYRE_0029,BUF_SEC_1,2,0,1.0790334509959505
TYRE_0029,6,FIN,CUR_M2,16.81089910028424,TYRE_0029,BUF_SEC_1,2,0,1.0112487082688257
TYRE_0029,7,INS,INS_M2,15.0,TYRE_0029,BUF_SEC_3,12,1,1.0
TYRE_0029,7,INS,BLD_M1,13.788736379388961,TYRE_0029,BUF_SEC_3,12,0,1.0878444251368533
TYRE_0029,7,INS,MIX_M3,15.384329983112618,TYRE_0029,BUF_SEC_3,12,0,0.9750180876557837
TYRE_0029,7,INS,EXT_M2,14.74600896222498,TYRE_0029,BUF_SEC_3,12,0,1.0172243919304316
TYRE_0030,1,MIX,MIX_M1,22.0,TYRE_0030,BUF_SEC_3,14,1,1.0
TYRE_0030,1,MIX,CUR_M1,30.154112504464972,TYRE_0030,BUF_SEC_3,14,0,0.7295853922658948
TYRE_0030,1,MIX,CUR_M3,25.746426051051884,TYRE_0030,BUF_SEC_3,14,0,0.8544875298954815
TYRE_0030,1,MIX,CUR_M2,28.154706724270294,TYRE_0030,BUF_SEC_3,14,0,0.7813968802962266
TYRE_0030,2,CAL,CAL_M1,42.0,TYRE_0030,BUF_SEC_1,14,1,1.0
TYRE_0030,2,CAL,EXT_M4,54.053361449702656,TYRE_0030,BUF_SEC_1,14,0,0.7770099559688168
TYRE_0030,3,EXT,EXT_M4,22.0,TYRE_0030,BUF_SEC_5,13,1,1.0
TYRE_0030,3,EXT,BLD_M4,19.647759354084563,TYRE_0030,BUF_SEC_5,13,0,1.1197205545693143
TYRE_0030,3,EXT,CAL_M4,24.882412397991178,TYRE_0030,BUF_SEC_5,13,0,0.8841586437887395
TYRE_0030,3,EXT,BLD_M1,29.962277380633083,TYRE_0030,BUF_SEC_5,13,0,0.7342566027447662
TYRE_0030,4,EXT,EXT_M2,41.0,TYRE_0030,BUF_SEC_2,11,1,1.0
TYRE_0030,4,EXT,EXT_M4,42.582959981814426,TYRE_0030,BUF_SEC_2,11,0,0.9628264455432303
TYRE_0030,5,BLD,BLD_M4,31.0,TYRE_0030,BUF_SEC_4,8,1,1.0
TYRE_0030,5,BLD,INS_M1,28.826752625344405,TYRE_0030,BUF_SEC_4,8,0,1.0753899477648718
TYRE_0030,6,CUR,CUR_M5,90.0,TYRE_0030,BUF_SEC_4,13,1,1.0
TYRE_0030,6,CUR,CUR_M3,103.24877721292374,TYRE_0030,BUF_SEC_4,13,0,0.8716810254749886
TYRE_0030,6,CUR,CAL_M4,83.0052807545844,TYRE_0030,BUF_SEC_4,13,0,1.0842683643959516
TYRE_0030,6,CUR,BLD_M5,101.29463111441936,TYRE_0030,BUF_SEC_4,13,0,0.8884972383021832
TYRE_0030,7,FIN,FIN_M2,17.0,TYRE_0030,BUF_SEC_4,1,1,1.0
TYRE_0030,7,FIN,BLD_M2,19.420816995012345,TYRE_0030,BUF_SEC_4,1,0,0.8753493740436327
TYRE_0030,8,INS,INS_M1,16.0,TYRE_0030,BUF_SEC_4,4,1,1.0
TYRE_0030,8,INS,CUR_M5,20.38657709079792,TYRE_0030,BUF_SEC_4,4,0,0.784830132529804
TYRE_0030,8,INS,EXT_M3,20.560471781081596,TYRE_0030,BUF_SEC_4,4,0,0.7781922599034015
TYRE_0030,8,INS,CUR_M1,14.73218675756186,TYRE_0030,BUF_SEC_4,4,0,1.0860573697103986
TYRE_0031,1,MIX,MIX_M4,20.0,TYRE_0031,BUF_SEC_3,3,1,1.0
TYRE_0031,1,MIX,FIN_M1,17.117138654212035,TYRE_0031,BUF_SEC_3,3,0,1.1684195825029773
TYRE_0031,2,CAL,CAL_M3,42.0,TYRE_0031,BUF_SEC_3,5,1,1.0
TYRE_0031,2,CAL,CUR_M6,49.163551775949315,TYRE_0031,BUF_SEC_3,5,0,0.8542914106654576
TYRE_0031,3,EXT,EXT_M1,45.0,TYRE_0031,BUF_SEC_5,6,1,1.0
TYRE_0031,3,EXT,CUR_M2,44.92249467909248,TYRE_0031,BUF_SEC_5,6,0,1.001725312039351
TYRE_0031,3,EXT,CUR_M3,38.23064596147751,TYRE_0031,BUF_SEC_5,6,0,1.177066169516035
TYRE_0031,4,BLD,BLD_M3,31.0,TYRE_0031,BUF_SEC_2,8,1,1.0
TYRE_0031,4,BLD,BLD_M2,25.709770260504065,TYRE_0031,BUF_SEC_2,8,0,1.2057672894737184
TYRE_0031,4,BLD,FIN_M2,32.04028486894806,TYRE_0031,BUF_SEC_2,8,0,0.9675319719158847
TYRE_0031,5,CUR,CUR_M7,83.0,TYRE_0031,BUF_SEC_3,5,1,1.0
TYRE_0031,5,CUR,EXT_M1,85.58411069307107,TYRE_0031,BUF_SEC_3,5,0,0.9698061863102321
TYRE_0031,5,CUR,INS_M3,91.49446193068617,TYRE_0031,BUF_SEC_3,5,0,0.9071587312342319
TYRE_0031,6,FIN,FIN_M3,10.0,TYRE_0031,BUF_SEC_5,2,1,1.0
TYRE_0031,6,FIN,BLD_M3,9.286617990628043,TYRE_0031,BUF_SEC_5,2,0,1.0768182787417222
TYRE_0031,7,INS,INS_M1,18.0,TYRE_0031,BUF_SEC_5,5,1,1.0
TYRE_0031,7,INS,INS_M2,18.398102594948465,TYRE_0031,BUF_SEC_5,5,0,0.9783617580729346
TYRE_0032,1,MIX,MIX_M2,28.0,TYRE_0032,BUF_SEC_2,14,1,1.0
TYRE_0032,1,MIX,MIX_M1,30.132399735668148,TYRE_0032,BUF_SEC_2,14,0,0.9292323295066341
TYRE_0032,2,CAL,CAL_M3,16.0,TYRE_0032,BUF_SEC_3,11,1,1.0
TYRE_0032,2,CAL,BLD_M4,16.901235267395187,TYRE_0032,BUF_SEC_3,11,0,0.9466763669556275
TYRE_0032,2,CAL,CUR_M2,19.034135642300253,TYRE_0032,BUF_SEC_3,11,0,0.8405950393903161
TYRE_0032,3,EXT,EXT_M1,34.0,TYRE_0032,BUF_SEC_1,8,1,1.0
TYRE_0032,3,EXT,CUR_M8,30.53410856528363,TYRE_0032,BUF_SEC_1,8,0,1.1135088462565101
TYRE_0032,3,EXT,CUR_M6,37.57397470349463,TYRE_0032,BUF_SEC_1,8,0,0.9048816439650654
TYRE_0032,3,EXT,EXT_M3,40.99517676676127,TYRE_0032,BUF_SEC_1,8,0,0.8293658591458268
TYRE_0032,4,BLD,BLD_M4,31.0,TYRE_0032,BUF_SEC_1,1,1,1.0
TYRE_0032,4,BLD,FIN_M3,34.25396407649065,TYRE_0032,BUF_SEC_1,1,0,0.9050047442910725
TYRE_0032,4,BLD,MIX_M4,24.37126416552088,TYRE_0032,BUF_SEC_1,1,0,1.2719898233205764
TYRE_0032,4,BLD,EXT_M5,24.961462432285554,TYRE_0032,BUF_SEC_1,1,0,1.2419144144336713
TYRE_0032,5,CUR,CUR_M6,67.0,TYRE_0032,BUF_SEC_2,7,1,1.0
TYRE_0032,5,CUR,EXT_M2,58.719613252232264,TYRE_0032,BUF_SEC_2,7,0,1.1410156894630594
TYRE_0032,5,CUR,CUR_M2,54.92385660878393,TYRE_0032,BUF_SEC_2,7,0,1.219870637949425
TYRE_0032,5,CUR,CUR_M5,66.17092417204162,TYRE_0032,BUF_SEC_2,7,0,1.0125293070685066
TYRE_0032,6,FIN,FIN_M1,22.0,TYRE_0032,BUF_SEC_1,11,1,1.0
TYRE_0032,6,FIN,BLD_M6,22.66239678651094,TYRE_0032,BUF_SEC_1,11,0,0.970771106306584
TYRE_0032,7,INS,INS_M3,16.0,TYRE_0032,BUF_SEC_1,3,1,1.0
TYRE_0032,7,INS,EXT_M4,13.601127625900512,TYRE_0032,BUF_SEC_1,3,0,1.1763730508293544
TYRE_0032,7,INS,EXT_M2,16.13082649640896,TYRE_0032,BUF_SEC_1,3,0,0.9918896594394537
TYRE_0033,1,MIX,MIX_M3,11.0,TYRE_0033,BUF_SEC_2,6,1,1.0
TYRE_0033,1,MIX,CUR_M4,10.014385939734783,TYRE_0033,BUF_SEC_2,6,0,1.0984198198667905
TYRE_0033,2,CAL,CAL_M4,15.0,TYRE_0033,BUF_SEC_2,9,1,1.0
TYRE_0033,2,CAL,BLD_M6,12.01137009551647,TYRE_0033,BUF_SEC_2,9,0,1.2488167362022344
TYRE_0033,2,CAL,EXT_M1,15.058333034451483,TYRE_0033,BUF_SEC_2,9,0,0.9961261957536718
TYRE_0033,3,CAL,CAL_M2,26.0,TYRE_0033,BUF_SEC_5,5,1,1.0
TYRE_0033,3,CAL,MIX_M1,22.01346048740833,TYRE_0033,BUF_SEC_5,5,0,1.1810955399253091
TYRE_0033,3,CAL,CUR_M8,26.535357289291465,TYRE_0033,BUF_SEC_5,5,0,0.9798247567027292
TYRE_0033,4,EXT,EXT_M4,17.0,TYRE_0033,BUF_SEC_2,6,1,1.0
TYRE_0033,4,EXT,EXT_M5,18.410536926157455,TYRE_0033,BUF_SEC_2,6,0,0.9233842591438286
TYRE_0033,4,EXT,MIX_M1,19.934374642473912,TYRE_0033,BUF_SEC_2,6,0,0.8527982595339771
TYRE_0033,5,EXT,EXT_M3,34.0,TYRE_0033,BUF_SEC_1,2,1,1.0
TYRE_0033,5,EXT,BLD_M3,47.92664111331878,TYRE_0033,BUF_SEC_1,2,0,0.7094175433577677
TYRE_0033,5,EXT,INS_M2,37.115481761260014,TYRE_0033,BUF_SEC_1,2,0,0.9160597784692679
TYRE_0033,6,BLD,BLD_M3,41.0,TYRE_0033,BUF_SEC_4,12,1,1.0
TYRE_0033,6,BLD,CUR_M2,46.102013754967835,TYRE_0033,BUF_SEC_4,12,0,0.8893320846658666
TYRE_0033,6,BLD,EXT_M1,34.94217700145505,TYRE_0033,BUF_SEC_4,12,0,1.173367074360956
TYRE_0033,7,CUR,CUR_M2,86.0,TYRE_0033,BUF_SEC_3,7,1,1.0
TYRE_0033,7,CUR,EXT_M3,92.75017068394214,TYRE_0033,BUF_SEC_3,7,0,0.9272220133486956
TYRE_0033,7,CUR,FIN_M2,71.31680312947088,TYRE_0033,BUF_SEC_3,7,0,1.2058869190178472
TYRE_0033,8,CUR,CUR_M5,72.0,TYRE_0033,BUF_SEC_5,14,1,1.0
TYRE_0033,8,CUR,CAL_M2,57.57418752236764,TYRE_0033,BUF_SEC_5,14,0,1.25056041775714
TYRE_0033,8,CUR,MIX_M1,65.22526034947718,TYRE_0033,BUF_SEC_5,14,0,1.1038668088747172
TYRE_0033,8,CUR,CAL_M1,55.62210957119742,TYRE_0033,BUF_SEC_5,14,0,1.2944492856359313
TYRE_0033,9,FIN,FIN_M3,23.0,TYRE_0033,BUF_SEC_3,11,1,1.0
TYRE_0033,9,FIN,BLD_M4,22.44510625938582,TYRE_0033,BUF_SEC_3,11,0,1.024722259462779
TYRE_0033,9,FIN,INS_M3,19.453345237402313,TYRE_0033,BUF_SEC_3,11,0,1.1823159317492937
TYRE_0033,10,INS,INS_M2,22.0,TYRE_0033,BUF_SEC_3,12,1,1.0
TYRE_0033,10,INS,EXT_M3,20.741905910490544,TYRE_0033,BUF_SEC_3,12,0,1.0606547004377815
TYRE_0033,10,INS,MIX_M4,18.194389886631598,TYRE_0033,BUF_SEC_3,12,0,1.209163931139268
TYRE_0033,10,INS,BLD_M3,17.83997957605663,TYRE_0033,BUF_SEC_3,12,0,1.2331852683019104
TYRE_0034,1,MIX,MIX_M3,27.0,TYRE_0034,BUF_SEC_3,8,1,1.0
TYRE_0034,1,MIX,CUR_M3,26.859695946621,TYRE_0034,BUF_SEC_3,8,0,1.00522359052976
TYRE_0034,1,MIX,CUR_M5,31.919620503310924,TYRE_0034,BUF_SEC_3,8,0,0.8458747182536012
TYRE_0034,2,CAL,CAL_M2,21.0,TYRE_0034,BUF_SEC_5,12,1,1.0
TYRE_0034,2,CAL,FIN_M1,23.6828703247284,TYRE_0034,BUF_SEC_5,12,0,0.8867168426824055
TYRE_0034,2,CAL,CUR_M3,25.441134822763924,TYRE_0034,BUF_SEC_5,12,0,0.8254348772685196
TYRE_0034,2,CAL,EXT_M1,17.36844379411096,TYRE_0034,BUF_SEC_5,12,0,1.2090893259602438
TYRE_0034,3,CAL,CAL_M4,36.0,TYRE_0034,BUF_SEC_2,9,1,1.0
TYRE_0034,3,CAL,INS_M3,29.144244444783325,TYRE_0034,BUF_SEC_2,9,0,1.2352353161258165
TYRE_0034,4,EXT,EXT_M4,36.0,TYRE_0034,BUF_SEC_2,3,1,1.0
TYRE_0034,4,EXT,CAL_M2,49.40516057603411,TYRE_0034,BUF_SEC_2,3,0,0.7286688188088432
TYRE_0034,4,EXT,EXT_M1,39.50233271240594,TYRE_0034,BUF_SEC_2,3,0,0.9113385850424471
TYRE_0034,4,EXT,FIN_M4,29.65542391222282,TYRE_0034,BUF_SEC_2,3,0,1.2139431932100013
TYRE_0034,5,EXT,EXT_M2,34.0,TYRE_0034,BUF_SEC_3,9,1,1.0
TYRE_0034,5,EXT,BLD_M1,32.957797518078415,TYRE_0034,BUF_SEC_3,9,0,1.031622334027324
TYRE_0034,6,BLD,BLD_M5,29.0,TYRE_0034,BUF_SEC_1,14,1,1.0
TYRE_0034,6,BLD,EXT_M1,26.099770712581805,TYRE_0034,BUF_SEC_1,14,0,1.1111208722619197
TYRE_0034,7,CUR,CUR_M7,75.0,TYRE_0034,BUF_SEC_4,13,1,1.0
TYRE_0034,7,CUR,CUR_M6,106.2280532243684,TYRE_0034,BUF_SEC_4,13,0,0.706028188632899
TYRE_0034,8,CUR,CUR_M1,59.0,TYRE_0034,BUF_SEC_1,12,1,1.0
TYRE_0034,8,CUR,CUR_M4,78.5765977013845,TYRE_0034,BUF_SEC_1,12,0,0.7508596926557999
TYRE_0034,8,CUR,CUR_M3,49.806870830359856,TYRE_0034,BUF_SEC_1,12,0,1.1845755217377851
TYRE_0034,9,FIN,FIN_M3,16.0,TYRE_0034,BUF_SEC_2,2,1,1.0
TYRE_0034,9,FIN,EXT_M1,13.278346859633531,TYRE_0034,BUF_SEC_2,2,0,1.204969275854689
TYRE_0034,10,INS,INS_M2,28.0,TYRE_0034,BUF_SEC_5,9,1,1.0
TYRE_0034,10,INS,CUR_M1,31.44748069307118,TYRE_0034,BUF_SEC_5,9,0,0.8903733902655432
TYRE_0034,10,INS,CAL_M4,28.276307611075435,TYRE_0034,BUF_SEC_5,9,0,0.9902282994344279
TYRE_0035,1,MIX,MIX_M3,24.0,TYRE_0035,BUF_SEC_1,2,1,1.0
TYRE_0035,1,MIX,INS_M3,21.35075255401717,TYRE_0035,BUF_SEC_1,2,0,1.1240821577263032
TYRE_0035,2,CAL,CAL_M4,29.0,TYRE_0035,BUF_SEC_1,8,1,1.0
TYRE_0035,2,CAL,CUR_M8,27.646607265625413,TYRE_0035,BUF_SEC_1,8,0,1.0489533027098532
TYRE_0035,3,EXT,EXT_M2,31.0,TYRE_0035,BUF_SEC_1,13,1,1.0
TYRE_0035,3,EXT,CAL_M3,24.150576583444586,TYRE_0035,BUF_SEC_1,13,0,1.2836132459566514
TYRE_0035,4,EXT,EXT_M4,40.0,TYRE_0035,BUF_SEC_1,6,1,1.0
TYRE_0035,4,EXT,CUR_M4,48.85187002721734,TYRE_0035,BUF_SEC_1,6,0,0.818801818184532
TYRE_0035,4,EXT,CAL_M1,41.544928005106854,TYRE_0035,BUF_SEC_1,6,0,0.9628130778101975
TYRE_0035,5,BLD,BLD_M6,25.0,TYRE_0035,BUF_SEC_1,12,1,1.0
TYRE_0035,5,BLD,BLD_M3,20.571949890388325,TYRE_0035,BUF_SEC_1,12,0,1.215246981117748
TYRE_0035,6,CUR,CUR_M2,58.0,TYRE_0035,BUF_SEC_3,12,1,1.0
TYRE_0035,6,CUR,EXT_M1,81.12844524923123,TYRE_0035,BUF_SEC_3,12,0,0.7149157095494765
TYRE_0035,7,FIN,FIN_M3,12.0,TYRE_0035,BUF_SEC_4,11,1,1.0
TYRE_0035,7,FIN,BLD_M3,12.544409148922327,TYRE_0035,BUF_SEC_4,11,0,0.9566014514945014
TYRE_0035,7,FIN,FIN_M4,11.34603326528326,TYRE_0035,BUF_SEC_4,11,0,1.057638358660357
TYRE_0035,7,FIN,CUR_M7,15.919524917911895,TYRE_0035,BUF_SEC_4,11,0,0.7537913387414074
TYRE_0035,8,INS,INS_M1,19.0,TYRE_0035,BUF_SEC_4,6,1,1.0
TYRE_0035,8,INS,CUR_M7,16.54247797678052,TYRE_0035,BUF_SEC_4,6,0,1.1485582768596654
TYRE_0035,8,INS,INS_M3,14.617060651888833,TYRE_0035,BUF_SEC_4,6,0,1.2998509380574266
TYRE_0036,1,MIX,MIX_M2,16.0,TYRE_0036,BUF_SEC_5,1,1,1.0
TYRE_0036,1,MIX,CUR_M1,20.029078776163747,TYRE_0036,BUF_SEC_5,1,0,0.798838537648637
TYRE_0036,2,CAL,CAL_M2,15.0,TYRE_0036,BUF_SEC_5,4,1,1.0
TYRE_0036,2,CAL,CUR_M5,16.89747154349147,TYRE_0036,BUF_SEC_5,4,0,0.8877067768034008
TYRE_0036,2,CAL,EXT_M3,19.767358670943487,TYRE_0036,BUF_SEC_5,4,0,0.7588267228665638
TYRE_0036,2,CAL,MIX_M3,14.762467475044739,TYRE_0036,BUF_SEC_5,4,0,1.016090299630248
TYRE_0036,3,EXT,EXT_M1,22.0,TYRE_0036,BUF_SEC_3,8,1,1.0
TYRE_0036,3,EXT,EXT_M4,18.642620796907117,TYRE_0036,BUF_SEC_3,8,0,1.1800915890350505
TYRE_0036,4,BLD,BLD_M4,39.0,TYRE_0036,BUF_SEC_2,10,1,1.0
TYRE_0036,4,BLD,CUR_M4,50.47280877569422,TYRE_0036,BUF_SEC_2,10,0,0.7726932767565913
TYRE_0036,4,BLD,CUR_M1,51.913816856167365,TYRE_0036,BUF_SEC_2,10,0,0.7512450896849592
TYRE_0036,5,CUR,CUR_M2,69.0,TYRE_0036,BUF_SEC_2,9,1,1.0
TYRE_0036,5,CUR,CAL_M1,73.7413122749117,TYRE_0036,BUF_SEC_2,9,0,0.9357034458888414
TYRE_0036,6,FIN,FIN_M4,30.0,TYRE_0036,BUF_SEC_4,1,1,1.0
TYRE_0036,6,FIN,BLD_M5,29.80893099229332,TYRE_0036,BUF_SEC_4,1,0,1.0064097906683094
TYRE_0036,6,FIN,BLD_M1,30.41890065487334,TYRE_0036,BUF_SEC_4,1,0,0.9862289351076128
TYRE_0036,7,INS,INS_M3,16.0,TYRE_0036,BUF_SEC_4,5,1,1.0
TYRE_0036,7,INS,MIX_M1,14.964337583952442,TYRE_0036,BUF_SEC_4,5,0,1.0692087043771445
TYRE_0036,7,INS,MIX_M2,16.892463846474797,TYRE_0036,BUF_SEC_4,5,0,0.9471679291673581
TYRE_0036,7,INS,CUR_M5,12.691900778829734,TYRE_0036,BUF_SEC_4,5,0,1.2606464767427288
TYRE_0037,1,MIX,MIX_M4,25.0,TYRE_0037,BUF_SEC_3,4,1,1.0
TYRE_0037,1,MIX,BLD_M1,20.33609796745758,TYRE_0037,BUF_SEC_3,4,0,1.2293410486124592
TYRE_0037,1,MIX,BLD_M6,31.71747703753591,TYRE_0037,BUF_SEC_3,4,0,0.7882089729398671
TYRE_0037,1,MIX,CAL_M4,22.19191106463087,TYRE_0037,BUF_SEC_3,4,0,1.1265365982763251
TYRE_0037,2,CAL,CAL_M4,22.0,TYRE_0037,BUF_SEC_5,1,1,1.0
TYRE_0037,2,CAL,CUR_M4,23.722144678349895,TYRE_0037,BUF_SEC_5,1,0,0.9274034999069196
TYRE_0037,2,CAL,CAL_M1,24.118970351062707,TYRE_0037,BUF_SEC_5,1,0,0.9121450741793651
TYRE_0037,2,CAL,CUR_M7,28.223894474809956,TYRE_0037,BUF_SEC_5,1,0,0.7794813724107128
TYRE_0037,3,EXT,EXT_M2,35.0,TYRE_0037,BUF_SEC_4,2,1,1.0
TYRE_0037,3,EXT,CAL_M3,37.42519666884088,TYRE_0037,BUF_SEC_4,2,0,0.935198826333489
TYRE_0037,3,EXT,EXT_M4,37.99302375648468,TYRE_0037,BUF_SEC_4,2,0,0.9212217544023767
TYRE_0037,3,EXT,CUR_M5,31.417875403940794,TYRE_0037,BUF_SEC_4,2,0,1.1140154943643927
TYRE_0037,4,BLD,BLD_M6,20.0,TYRE_0037,BUF_SEC_2,3,1,1.0
TYRE_0037,4,BLD,BLD_M5,20.56494681340926,TYRE_0037,BUF_SEC_2,3,0,0.9725286518591485
TYRE_0037,5,CUR,CUR_M2,89.0,TYRE_0037,BUF_SEC_5,14,1,1.0
TYRE_0037,5,CUR,EXT_M5,104.93065028931127,TYRE_0037,BUF_SEC_5,14,0,0.8481792474802374
TYRE_0037,5,CUR,CUR_M3,71.7876541026942,TYRE_0037,BUF_SEC_5,14,0,1.2397674936233891
TYRE_0037,5,CUR,CAL_M2,71.40023297418347,TYRE_0037,BUF_SEC_5,14,0,1.2464945321982377
TYRE_0037,6,FIN,FIN_M4,17.0,TYRE_0037,BUF_SEC_1,1,1,1.0
TYRE_0037,6,FIN,CAL_M3,23.61869793067082,TYRE_0037,BUF_SEC_1,1,0,0.7197687209473179
TYRE_0037,6,FIN,CUR_M2,16.127862551078863,TYRE_0037,BUF_SEC_1,1,0,1.0540764435559253
TYRE_0037,6,FIN,INS_M3,16.75714208091304,TYRE_0037,BUF_SEC_1,1,0,1.0144928006168534
TYRE_0037,7,INS,INS_M1,26.0,TYRE_0037,BUF_SEC_1,13,1,1.0
TYRE_0037,7,INS,BLD_M1,20.286114081544977,TYRE_0037,BUF_SEC_1,13,0,1.281664881479354
TYRE_0037,7,INS,MIX_M3,22.9197364348706,TYRE_0037,BUF_SEC_1,13,0,1.134393498541415
TYRE_0038,1,MIX,MIX_M4,11.0,TYRE_0038,BUF_SEC_2,1,1,1.0
TYRE_0038,1,MIX,FIN_M3,10.22537122740433,TYRE_0038,BUF_SEC_2,1,0,1.075755564797456
TYRE_0038,2,CAL,CAL_M2,44.0,TYRE_0038,BUF_SEC_4,1,1,1.0
TYRE_0038,2,CAL,CAL_M3,45.68557808273694,TYRE_0038,BUF_SEC_4,1,0,0.963104810019382
TYRE_0038,2,CAL,FIN_M1,41.252035004455095,TYRE_0038,BUF_SEC_4,1,0,1.0666140469251548
TYRE_0038,2,CAL,BLD_M5,40.94869780250255,TYRE_0038,BUF_SEC_4,1,0,1.0745152437377623
TYRE_0038,3,EXT,EXT_M1,29.0,TYRE_0038,BUF_SEC_1,3,1,1.0
TYRE_0038,3,EXT,CAL_M4,27.28018223512708,TYRE_0038,BUF_SEC_1,3,0,1.0630427520626462
TYRE_0038,3,EXT,INS_M3,27.994052774490083,TYRE_0038,BUF_SEC_1,3,0,1.0359343191074712
TYRE_0038,3,EXT,BLD_M3,29.238497803165743,TYRE_0038,BUF_SEC_1,3,0,0.9918430213217069
TYRE_0038,4,EXT,EXT_M2,40.0,TYRE_0038,BUF_SEC_4,4,1,1.0
TYRE_0038,4,EXT,BLD_M3,32.98819878628813,TYRE_0038,BUF_SEC_4,4,0,1.2125548369323638
TYRE_0038,4,EXT,INS_M1,34.21782805258639,TYRE_0038,BUF_SEC_4,4,0,1.1689812672659263
TYRE_0038,5,BLD,BLD_M4,41.0,TYRE_0038,BUF_SEC_5,6,1,1.0
TYRE_0038,5,BLD,INS_M2,33.57131691927453,TYRE_0038,BUF_SEC_5,6,0,1.2212806574906923
TYRE_0038,5,BLD,BLD_M3,37.36985676621206,TYRE_0038,BUF_SEC_5,6,0,1.0971409458831571
TYRE_0038,5,BLD,CUR_M7,42.689242300100446,TYRE_0038,BUF_SEC_5,6,0,0.9604293210869084
TYRE_0038,6,CUR,CUR_M6,88.0,TYRE_0038,BUF_SEC_2,10,1,1.0
TYRE_0038,6,CUR,FIN_M1,98.20728637433587,TYRE_0038,BUF_SEC_2,10,0,0.8960638588930271
TYRE_0038,6,CUR,BLD_M3,76.727287190737,TYRE_0038,BUF_SEC_2,10,0,1.1469192150797678
TYRE_0038,7,FIN,FIN_M4,29.0,TYRE_0038,BUF_SEC_4,6,1,1.0
TYRE_0038,7,FIN,FIN_M1,28.076412977337043,TYRE_0038,BUF_SEC_4,6,0,1.0328954779019837
TYRE_0038,8,INS,INS_M3,26.0,TYRE_0038,BUF_SEC_3,5,1,1.0
TYRE_0038,8,INS,CAL_M4,20.310606509179575,TYRE_0038,BUF_SEC_3,5,0,1.2801193301760363
TYRE_0039,1,MIX,MIX_M4,27.0,TYRE_0039,BUF_SEC_4,5,1,1.0
TYRE_0039,1,MIX,BLD_M5,26.853671734158052,TYRE_0039,BUF_SEC_4,5,0,1.0054490971398826
TYRE_0039,1,MIX,CUR_M6,22.54099811868904,TYRE_0039,BUF_SEC_4,5,0,1.1978174106502384
TYRE_0039,1,MIX,FIN_M2,29.674177116298363,TYRE_0039,BUF_SEC_4,5,0,0.9098820127069476
TYRE_0039,2,CAL,CAL_M4,43.0,TYRE_0039,BUF_SEC_1,10,1,1.0
TYRE_0039,2,CAL,CUR_M5,43.5187009730131,TYRE_0039,BUF_SEC_1,10,0,0.9880809637830239
TYRE_0039,3,EXT,EXT_M2,38.0,TYRE_0039,BUF_SEC_1,14,1,1.0
TYRE_0039,3,EXT,MIX_M1,35.46890033907898,TYRE_0039,BUF_SEC_1,14,0,1.0713610976580603
TYRE_0039,3,EXT,BLD_M2,43.69164276076567,TYRE_0039,BUF_SEC_1,14,0,0.8697315458718191
TYRE_0039,4,BLD,BLD_M4,34.0,TYRE_0039,BUF_SEC_4,10,1,1.0
TYRE_0039,4,BLD,CUR_M6,42.213520711840815,TYRE_0039,BUF_SEC_4,10,0,0.8054291475020955
TYRE_0039,4,BLD,CUR_M3,32.12790771663428,TYRE_0039,BUF_SEC_4,10,0,1.058269972009302
TYRE_0039,5,CUR,CUR_M5,88.0,TYRE_0039,BUF_SEC_2,14,1,1.0
TYRE_0039,5,CUR,EXT_M1,106.06555153012054,TYRE_0039,BUF_SEC_2,14,0,0.8296755990092572
TYRE_0039,5,CUR,CUR_M7,108.63618014972256,TYRE_0039,BUF_SEC_2,14,0,0.8100432091658438
TYRE_0039,6,FIN,FIN_M2,30.0,TYRE_0039,BUF_SEC_5,8,1,1.0
TYRE_0039,6,FIN,CAL_M4,23.251504090771327,TYRE_0039,BUF_SEC_5,8,0,1.2902391123982038
TYRE_0039,6,FIN,MIX_M2,23.50307263616965,TYRE_0039,BUF_SEC_5,8,0,1.2764288510018904
TYRE_0039,7,INS,INS_M2,26.0,TYRE_0039,BUF_SEC_5,2,1,1.0
TYRE_0039,7,INS,BLD_M5,33.207852804729434,TYRE_0039,BUF_SEC_5,2,0,0.7829473393804343
TYRE_0039,7,INS,EXT_M2,26.97993205196004,TYRE_0039,BUF_SEC_5,2,0,0.9636792246150653
TYRE_0040,1,MIX,MIX_M4,30.0,TYRE_0040,BUF_SEC_4,14,1,1.0
TYRE_0040,1,MIX,CUR_M7,31.6122681957755,TYRE_0040,BUF_SEC_4,14,0,0.9489986550224525
TYRE_0040,1,MIX,BLD_M1,33.475968478050916,TYRE_0040,BUF_SEC_4,14,0,0.896165260152817
TYRE_0040,1,MIX,BLD_M3,28.195128494092693,TYRE_0040,BUF_SEC_4,14,0,1.0640135939187316
TYRE_0040,2,CAL,CAL_M2,23.0,TYRE_0040,BUF_SEC_1,8,1,1.0
TYRE_0040,3,EXT,EXT_M4,17.0,TYRE_0040,BUF_SEC_3,12,1,1.0
TYRE_0040,3,EXT,BLD_M3,19.92640217100407,TYRE_0040,BUF_SEC_3,12,0,0.8531394606065701
TYRE_0040,3,EXT,INS_M1,15.379236989602953,TYRE_0040,BUF_SEC_3,12,0,1.1053864383189331
TYRE_0040,3,EXT,FIN_M1,16.57654759090381,TYRE_0040,BUF_SEC_3,12,0,1.0255452715213482
TYRE_0040,4,BLD,BLD_M6,29.0,TYRE_0040,BUF_SEC_2,12,1,1.0
TYRE_0040,4,BLD,CUR_M2,28.410963259100733,TYRE_0040,BUF_SEC_2,12,0,1.0207327268536235
TYRE_0040,4,BLD,FIN_M1,26.2424931067637,TYRE_0040,BUF_SEC_2,12,0,1.105077931506652
TYRE_0040,5,CUR,CUR_M4,57.0,TYRE_0040,BUF_SEC_4,11,1,1.0
TYRE_0040,5,CUR,MIX_M4,64.95773641725,TYRE_0040,BUF_SEC_4,11,0,0.8774936311491179
TYRE_0040,5,CUR,EXT_M5,46.231503252712336,TYRE_0040,BUF_SEC_4,11,0,1.2329255159284895
TYRE_0040,6,FIN,FIN_M3,20.0,TYRE_0040,BUF_SEC_3,11,1,1.0
TYRE_0040,6,FIN,CUR_M4,27.536522976111193,TYRE_0040,BUF_SEC_3,11,0,0.7263081114979779
TYRE_0040,6,FIN,EXT_M2,22.322097650176694,TYRE_0040,BUF_SEC_3,11,0,0.8959731434488052
TYRE_0040,7,INS,INS_M3,12.0,TYRE_0040,BUF_SEC_3,7,1,1.0
TYRE_0040,7,INS,BLD_M2,10.882054604611666,TYRE_0040,BUF_SEC_3,7,0,1.1027329338077907
TYRE_0041,1,MIX,MIX_M2,14.0,TYRE_0041,BUF_SEC_5,2,1,1.0
TYRE_0041,1,MIX,CUR_M5,16.215501298713804,TYRE_0041,BUF_SEC_5,2,0,0.8633713964248805
TYRE_0041,1,MIX,INS_M2,17.464244147963218,TYRE_0041,BUF_SEC_5,2,0,0.8016378997789471
TYRE_0041,1,MIX,INS_M1,13.05371916174558,TYRE_0041,BUF_SEC_5,2,0,1.072491282103535
TYRE_0041,2,CAL,CAL_M2,27.0,TYRE_0041,BUF_SEC_1,2,1,1.0
TYRE_0041,2,CAL,BLD_M1,22.4164791285361,TYRE_0041,BUF_SEC_1,2,0,1.2044710431634686
TYRE_0041,3,EXT,EXT_M2,37.0,TYRE_0041,BUF_SEC_5,5,1,1.0
TYRE_0041,3,EXT,EXT_M1,29.002399229368685,TYRE_0041,BUF_SEC_5,5,0,1.2757565230166443
TYRE_0041,4,BLD,BLD_M2,22.0,TYRE_0041,BUF_SEC_1,6,1,1.0
TYRE_0041,4,BLD,FIN_M1,21.7468963294653,TYRE_0041,BUF_SEC_1,6,0,1.0116386111700806
TYRE_0041,5,CUR,CUR_M7,66.0,TYRE_0041,BUF_SEC_4,13,1,1.0
TYRE_0041,5,CUR,MIX_M4,68.5779448328157,TYRE_0041,BUF_SEC_4,13,0,0.9624085434595568
TYRE_0041,5,CUR,INS_M3,52.398225600225125,TYRE_0041,BUF_SEC_4,13,0,1.2595846375323907
TYRE_0041,6,FIN,FIN_M3,27.0,TYRE_0041,BUF_SEC_4,12,1,1.0
TYRE_0041,6,FIN,CAL_M1,27.76860236883509,TYRE_0041,BUF_SEC_4,12,0,0.9723211719975616
TYRE_0041,6,FIN,MIX_M2,24.4936992719702,TYRE_0041,BUF_SEC_4,12,0,1.1023243039036545
TYRE_0041,7,INS,INS_M2,23.0,TYRE_0041,BUF_SEC_3,4,1,1.0
TYRE_0041,7,INS,BLD_M2,18.16090268569615,TYRE_0041,BUF_SEC_3,4,0,1.2664568715582187
TYRE_0041,7,INS,MIX_M4,25.511118248125964,TYRE_0041,BUF_SEC_3,4,0,0.9015676920273603
TYRE_0041,7,INS,CAL_M4,22.191846433953476,TYRE_0041,BUF_SEC_3,4,0,1.036416688825408
TYRE_0042,1,MIX,MIX_M1,16.0,TYRE_0042,BUF_SEC_1,2,1,1.0
TYRE_0042,1,MIX,CUR_M8,13.311907433363727,TYRE_0042,BUF_SEC_1,2,0,1.2019314347017684
TYRE_0042,2,CAL,CAL_M4,27.0,TYRE_0042,BUF_SEC_4,5,1,1.0
TYRE_0042,2,CAL,BLD_M4,24.719236309918955,TYRE_0042,BUF_SEC_4,5,0,1.0922667537736939
TYRE_0042,2,CAL,CUR_M3,28.962809384593164,TYRE_0042,BUF_SEC_4,5,0,0.9322300071609322
TYRE_0042,2,CAL,CAL_M1,24.808574967281928,TYRE_0042,BUF_SEC_4,5,0,1.0883333700387132
TYRE_0042,3,EXT,EXT_M5,45.0,TYRE_0042,BUF_SEC_3,1,1,1.0
TYRE_0042,3,EXT,MIX_M2,36.55695105377892,TYRE_0042,BUF_SEC_3,1,0,1.2309560481069801
TYRE_0042,3,EXT,EXT_M2,43.01230499498946,TYRE_0042,BUF_SEC_3,1,0,1.046212241014335
TYRE_0042,4,BLD,BLD_M6,20.0,TYRE_0042,BUF_SEC_1,1,1,1.0
TYRE_0042,4,BLD,FIN_M1,17.742400293498505,TYRE_0042,BUF_SEC_1,1,0,1.1272431953487583
TYRE_0042,4,BLD,BLD_M5,24.780985511921845,TYRE_0042,BUF_SEC_1,1,0,0.8070704044590249
TYRE_0042,4,BLD,FIN_M3,26.74680407075883,TYRE_0042,BUF_SEC_1,1,0,0.7477528884232254
TYRE_0042,5,CUR,CUR_M7,70.0,TYRE_0042,BUF_SEC_1,2,1,1.0
TYRE_0042,5,CUR,INS_M2,54.04838984991858,TYRE_0042,BUF_SEC_1,2,0,1.295135714391785
TYRE_0042,5,CUR,MIX_M2,59.63247326477021,TYRE_0042,BUF_SEC_1,2,0,1.1738570642407806
TYRE_0042,5,CUR,CUR_M3,63.74639909818773,TYRE_0042,BUF_SEC_1,2,0,1.0981012416431544
TYRE_0042,6,FIN,FIN_M1,21.0,TYRE_0042,BUF_SEC_3,4,1,1.0
TYRE_0042,6,FIN,BLD_M5,29.104590991779776,TYRE_0042,BUF_SEC_3,4,0,0.7215356507133595
TYRE_0042,6,FIN,MIX_M1,16.814599328968477,TYRE_0042,BUF_SEC_3,4,0,1.2489146835524558
TYRE_0042,7,INS,INS_M2,22.0,TYRE_0042,BUF_SEC_1,2,1,1.0
TYRE_0042,7,INS,FIN_M3,24.250270193393117,TYRE_0042,BUF_SEC_1,2,0,0.9072063867557981
TYRE_0043,1,MIX,MIX_M4,27.0,TYRE_0043,BUF_SEC_1,3,1,1.0
TYRE_0043,1,MIX,EXT_M1,32.603168068466175,TYRE_0043,BUF_SEC_1,3,0,0.8281403802017153
TYRE_0043,2,CAL,CAL_M2,30.0,TYRE_0043,BUF_SEC_5,7,1,1.0
TYRE_0043,2,CAL,BLD_M3,38.64051701415678,TYRE_0043,BUF_SEC_5,7,0,0.7763871272480349
TYRE_0043,3,CAL,CAL_M2,23.0,TYRE_0043,BUF_SEC_4,1,1,1.0
TYRE_0043,3,CAL,BLD_M4,31.01801749866863,TYRE_0043,BUF_SEC_4,1,0,0.7415045143032503
TYRE_0043,4,EXT,EXT_M4,30.0,TYRE_0043,BUF_SEC_2,12,1,1.0
TYRE_0043,4,EXT,CUR_M8,33.62807475333626,TYRE_0043,BUF_SEC_2,12,0,0.8921117316424332
TYRE_0043,4,EXT,BLD_M1,24.037174565689927,TYRE_0043,BUF_SEC_2,12,0,1.2480668190853539
TYRE_0043,4,EXT,CAL_M4,31.72805962620912,TYRE_0043,BUF_SEC_2,12,0,0.9455352881150776
TYRE_0043,5,EXT,EXT_M1,27.0,TYRE_0043,BUF_SEC_1,5,1,1.0
TYRE_0043,5,EXT,EXT_M5,25.061654292815447,TYRE_0043,BUF_SEC_1,5,0,1.0773430869541691
TYRE_0043,5,EXT,CAL_M1,35.03021398464834,TYRE_0043,BUF_SEC_1,5,0,0.7707632049245401
TYRE_0043,6,BLD,BLD_M3,41.0,TYRE_0043,BUF_SEC_5,13,1,1.0
TYRE_0043,6,BLD,BLD_M2,46.47291483653428,TYRE_0043,BUF_SEC_5,13,0,0.8822343109790954
TYRE_0043,7,CUR,CUR_M7,86.0,TYRE_0043,BUF_SEC_2,7,1,1.0
TYRE_0043,7,CUR,EXT_M4,86.70797260330627,TYRE_0043,BUF_SEC_2,7,0,0.9918349768533363
TYRE_0043,7,CUR,CUR_M2,97.83061780256826,TYRE_0043,BUF_SEC_2,7,0,0.8790703966886563
TYRE_0043,7,CUR,BLD_M5,79.41963562118566,TYRE_0043,BUF_SEC_2,7,0,1.0828556354778716
TYRE_0043,8,CUR,CUR_M3,69.0,TYRE_0043,BUF_SEC_1,4,1,1.0
TYRE_0043,8,CUR,MIX_M4,59.75883585450974,TYRE_0043,BUF_SEC_1,4,0,1.1546409667013764
TYRE_0043,8,CUR,MIX_M3,65.74931576493739,TYRE_0043,BUF_SEC_1,4,0,1.049440578920764
TYRE_0043,9,FIN,FIN_M2,29.0,TYRE_0043,BUF_SEC_1,2,1,1.0
TYRE_0043,9,FIN,EXT_M1,24.5225952203316,TYRE_0043,BUF_SEC_1,2,0,1.1825828277733101
TYRE_0043,9,FIN,INS_M2,36.34682771869425,TYRE_0043,BUF_SEC_1,2,0,0.7978688050700072
TYRE_0043,9,FIN,BLD_M2,34.13683347110354,TYRE_0043,BUF_SEC_1,2,0,0.8495222623547724
TYRE_0043,10,INS,INS_M3,10.0,TYRE_0043,BUF_SEC_2,8,1,1.0
TYRE_0043,10,INS,EXT_M3,8.484056677324322,TYRE_0043,BUF_SEC_2,8,0,1.1786814233251648
TYRE_0043,10,INS,BLD_M3,7.981644505305341,TYRE_0043,BUF_SEC_2,8,0,1.2528746417299184
TYRE_0043,10,INS,BLD_M6,7.7693824756201035,TYRE_0043,BUF_SEC_2,8,0,1.287103580159614
TYRE_0044,1,MIX,MIX_M4,28.0,TYRE_0044,BUF_SEC_1,2,1,1.0
TYRE_0044,1,MIX,MIX_M3,38.87863820980783,TYRE_0044,BUF_SEC_1,2,0,0.7201898340394159
TYRE_0044,1,MIX,EXT_M3,35.683982139324094,TYRE_0044,BUF_SEC_1,2,0,0.7846657889995895
TYRE_0044,2,CAL,CAL_M1,17.0,TYRE_0044,BUF_SEC_2,3,1,1.0
TYRE_0044,2,CAL,BLD_M4,19.873253382508267,TYRE_0044,BUF_SEC_2,3,0,0.8554210864620082
TYRE_0044,3,EXT,EXT_M4,19.0,TYRE_0044,BUF_SEC_2,8,1,1.0
TYRE_0044,3,EXT,CUR_M1,17.217733167089754,TYRE_0044,BUF_SEC_2,8,0,1.1035134425428836
TYRE_0044,3,EXT,BLD_M4,16.92566731530408,TYRE_0044,BUF_SEC_2,8,0,1.1225554447014519
TYRE_0044,4,BLD,BLD_M4,25.0,TYRE_0044,BUF_SEC_4,11,1,1.0
TYRE_0044,4,BLD,BLD_M6,24.294474797294896,TYRE_0044,BUF_SEC_4,11,0,1.029040562045147
TYRE_0044,5,CUR,CUR_M1,56.0,TYRE_0044,BUF_SEC_2,8,1,1.0
TYRE_0044,5,CUR,CAL_M4,63.90818228797819,TYRE_0044,BUF_SEC_2,8,0,0.8762571238164318
TYRE_0044,5,CUR,BLD_M4,64.63467132526004,TYRE_0044,BUF_SEC_2,8,0,0.8664080570347775
TYRE_0044,6,FIN,FIN_M4,20.0,TYRE_0044,BUF_SEC_3,14,1,1.0
TYRE_0044,6,FIN,EXT_M2,16.529027308850367,TYRE_0044,BUF_SEC_3,14,0,1.2099925559014064
TYRE_0044,6,FIN,CUR_M2,16.559411333353573,TYRE_0044,BUF_SEC_3,14,0,1.207772401891876
TYRE_0044,6,FIN,MIX_M2,21.88614867223116,TYRE_0044,BUF_SEC_3,14,0,0.913819982653034
TYRE_0044,7,INS,INS_M1,24.0,TYRE_0044,BUF_SEC_2,8,1,1.0
TYRE_0044,7,INS,MIX_M2,29.287958915262323,TYRE_0044,BUF_SEC_2,8,0,0.8194493876967746
TYRE_0045,1,MIX,MIX_M3,20.0,TYRE_0045,BUF_SEC_4,13,1,1.0
TYRE_0045,1,MIX,EXT_M3,24.42913218200489,TYRE_0045,BUF_SEC_4,13,0,0.8186946573047937
TYRE_0045,1,MIX,CUR_M7,16.583418013199577,TYRE_0045,BUF_SEC_4,13,0,1.2060239924050034
TYRE_0045,1,MIX,CAL_M2,24.323040512726816,TYRE_0045,BUF_SEC_4,13,0,0.8222656205146383
TYRE_0045,2,CAL,CAL_M4,23.0,TYRE_0045,BUF_SEC_3,4,1,1.0
TYRE_0045,2,CAL,MIX_M3,18.264399991550537,TYRE_0045,BUF_SEC_3,4,0,1.25928034923897
TYRE_0045,3,EXT,EXT_M4,23.0,TYRE_0045,BUF_SEC_4,7,1,1.0
TYRE_0045,3,EXT,FIN_M2,18.406393609950026,TYRE_0045,BUF_SEC_4,7,0,1.2495658023724314
TYRE_0045,4,EXT,EXT_M1,30.0,TYRE_0045,BUF_SEC_1,14,1,1.0
TYRE_0045,5,BLD,BLD_M1,43.0,TYRE_0045,BUF_SEC_3,11,1,1.0
TYRE_0045,5,BLD,BLD_M6,56.98218714151827,TYRE_0045,BUF_SEC_3,11,0,0.7546217889672651
TYRE_0045,6,CUR,CUR_M1,62.0,TYRE_0045,BUF_SEC_3,9,1,1.0
TYRE_0045,6,CUR,MIX_M1,83.56728213997513,TYRE_0045,BUF_SEC_3,9,0,0.7419171524107969
TYRE_0045,6,CUR,BLD_M4,56.029157104749,TYRE_0045,BUF_SEC_3,9,0,1.1065667092597564
TYRE_0045,7,FIN,FIN_M2,30.0,TYRE_0045,BUF_SEC_1,11,1,1.0
TYRE_0045,7,FIN,INS_M1,30.052484090656797,TYRE_0045,BUF_SEC_1,11,0,0.9982535856104783
TYRE_0045,7,FIN,CUR_M3,26.048780409814086,TYRE_0045,BUF_SEC_1,11,0,1.1516853967066059
TYRE_0045,8,INS,INS_M1,30.0,TYRE_0045,BUF_SEC_3,13,1,1.0
TYRE_0045,8,INS,CUR_M2,24.642661896522565,TYRE_0045,BUF_SEC_3,13,0,1.217400949863839
TYRE_0045,8,INS,BLD_M4,34.47971927075142,TYRE_0045,BUF_SEC_3,13,0,0.8700766895584475
TYRE_0046,1,MIX,MIX_M1,10.0,TYRE_0046,BUF_SEC_1,4,1,1.0
TYRE_0046,1,MIX,CUR_M2,11.952186402223939,TYRE_0046,BUF_SEC_1,4,0,0.8366670049706808
TYRE_0046,1,MIX,CUR_M5,9.520953596944148,TYRE_0046,BUF_SEC_1,4,0,1.0503149603848092
TYRE_0046,1,MIX,FIN_M4,10.835668377601582,TYRE_0046,BUF_SEC_1,4,0,0.922878003600683
TYRE_0046,2,CAL,CAL_M2,21.0,TYRE_0046,BUF_SEC_1,4,1,1.0
TYRE_0046,2,CAL,EXT_M1,22.356959046161457,TYRE_0046,BUF_SEC_1,4,0,0.9393048471681824
TYRE_0046,3,EXT,EXT_M1,34.0,TYRE_0046,BUF_SEC_3,2,1,1.0
TYRE_0046,3,EXT,INS_M3,27.05411602700939,TYRE_0046,BUF_SEC_3,2,0,1.2567403779172164
TYRE_0046,3,EXT,FIN_M1,28.40370618153593,TYRE_0046,BUF_SEC_3,2,0,1.1970268873609877
TYRE_0046,4,BLD,BLD_M2,27.0,TYRE_0046,BUF_SEC_2,1,1,1.0
TYRE_0046,4,BLD,CUR_M1,22.51285687898159,TYRE_0046,BUF_SEC_2,1,0,1.1993146913845345
TYRE_0046,4,BLD,BLD_M6,25.13886353909459,TYRE_0046,BUF_SEC_2,1,0,1.0740342322162286
TYRE_0046,5,CUR,CUR_M3,70.0,TYRE_0046,BUF_SEC_5,10,1,1.0
TYRE_0046,5,CUR,BLD_M5,62.23724672830705,TYRE_0046,BUF_SEC_5,10,0,1.1247284171419212
TYRE_0046,6,FIN,FIN_M1,28.0,TYRE_0046,BUF_SEC_1,10,1,1.0
TYRE_0046,6,FIN,INS_M1,33.397616424170145,TYRE_0046,BUF_SEC_1,10,0,0.8383831841285583
TYRE_0046,7,INS,INS_M1,24.0,TYRE_0046,BUF_SEC_5,10,1,1.0
TYRE_0046,7,INS,EXT_M1,30.45123610721905,TYRE_0046,BUF_SEC_5,10,0,0.7881453454137561
TYRE_0046,7,INS,BLD_M5,23.27167801775448,TYRE_0046,BUF_SEC_5,10,0,1.0312964961826074
TYRE_0047,1,MIX,MIX_M3,21.0,TYRE_0047,BUF_SEC_1,4,1,1.0
TYRE_0047,1,MIX,BLD_M6,23.40084639250337,TYRE_0047,BUF_SEC_1,4,0,0.8974034377973397
TYRE_0047,1,MIX,INS_M2,22.4629546773374,TYRE_0047,BUF_SEC_1,4,0,0.9348725624766827
TYRE_0047,2,CAL,CAL_M2,34.0,TYRE_0047,BUF_SEC_5,4,1,1.0
TYRE_0047,2,CAL,BLD_M3,27.155068398453366,TYRE_0047,BUF_SEC_5,4,0,1.2520682879935774
TYRE_0047,3,EXT,EXT_M5,45.0,TYRE_0047,BUF_SEC_4,4,1,1.0
TYRE_0047,3,EXT,BLD_M3,43.431969635292305,TYRE_0047,BUF_SEC_4,4,0,1.036103137340415
TYRE_0047,3,EXT,CAL_M2,56.79698659521893,TYRE_0047,BUF_SEC_4,4,0,0.7922955547044466
TYRE_0047,4,BLD,BLD_M6,42.0,TYRE_0047,BUF_SEC_3,6,1,1.0
TYRE_0047,4,BLD,FIN_M2,46.925560928383405,TYRE_0047,BUF_SEC_3,6,0,0.8950345860350892
TYRE_0047,4,BLD,EXT_M1,52.83843401519487,TYRE_0047,BUF_SEC_3,6,0,0.7948759417798409
TYRE_0047,4,BLD,CAL_M1,46.50565474560261,TYRE_0047,BUF_SEC_3,6,0,0.9031159808361015
TYRE_0047,5,CUR,CUR_M2,89.0,TYRE_0047,BUF_SEC_1,14,1,1.0
TYRE_0047,5,CUR,CUR_M1,84.32306718323976,TYRE_0047,BUF_SEC_1,14,0,1.0554644532390758
TYRE_0047,5,CUR,MIX_M4,73.64844667769583,TYRE_0047,BUF_SEC_1,14,0,1.2084436809575418
TYRE_0047,6,FIN,FIN_M2,19.0,TYRE_0047,BUF_SEC_4,2,1,1.0
TYRE_0047,6,FIN,CUR_M8,20.231284535470703,TYRE_0047,BUF_SEC_4,2,0,0.9391395769600324
TYRE_0047,6,FIN,EXT_M3,23.688463399907764,TYRE_0047,BUF_SEC_4,2,0,0.8020781964301653
TYRE_0047,7,INS,INS_M1,28.0,TYRE_0047,BUF_SEC_5,11,1,1.0
TYRE_0047,7,INS,MIX_M3,25.77646147539085,TYRE_0047,BUF_SEC_5,11,0,1.0862623648607468
TYRE_0047,7,INS,BLD_M1,31.121795685036744,TYRE_0047,BUF_SEC_5,11,0,0.8996910166550032
TYRE_0048,1,MIX,MIX_M1,19.0,TYRE_0048,BUF_SEC_4,8,1,1.0
TYRE_0048,1,MIX,FIN_M2,17.62489271309327,TYRE_0048,BUF_SEC_4,8,0,1.078020746525463
TYRE_0048,1,MIX,CUR_M4,21.009667973014864,TYRE_0048,BUF_SEC_4,8,0,0.9043455624526712
TYRE_0048,1,MIX,CAL_M2,21.573860546893894,TYRE_0048,BUF_SEC_4,8,0,0.8806954118712672
TYRE_0048,2,CAL,CAL_M4,27.0,TYRE_0048,BUF_SEC_1,5,1,1.0
TYRE_0048,2,CAL,INS_M3,20.798119329982065,TYRE_0048,BUF_SEC_1,5,0,1.2981943016875306
TYRE_0048,3,EXT,EXT_M2,17.0,TYRE_0048,BUF_SEC_5,13,1,1.0
TYRE_0048,3,EXT,CUR_M6,13.529249500925074,TYRE_0048,BUF_SEC_5,13,0,1.2565368092914253
TYRE_0048,4,BLD,BLD_M5,42.0,TYRE_0048,BUF_SEC_2,11,1,1.0
TYRE_0048,4,BLD,CUR_M8,34.95201190417358,TYRE_0048,BUF_SEC_2,11,0,1.201647565100103
TYRE_0048,4,BLD,MIX_M4,37.13303382822779,TYRE_0048,BUF_SEC_2,11,0,1.1310683687814498
TYRE_0048,4,BLD,CUR_M7,41.4219521933795,TYRE_0048,BUF_SEC_2,11,0,1.0139551077631945
TYRE_0048,5,CUR,CUR_M4,46.0,TYRE_0048,BUF_SEC_1,6,1,1.0
TYRE_0048,5,CUR,CUR_M1,40.71882092744872,TYRE_0048,BUF_SEC_1,6,0,1.1296987229065667
TYRE_0048,5,CUR,CUR_M8,58.87990127841931,TYRE_0048,BUF_SEC_1,6,0,0.7812513098906968
TYRE_0048,5,CUR,BLD_M3,52.58487537603918,TYRE_0048,BUF_SEC_1,6,0,0.8747762483233031
TYRE_0048,6,FIN,FIN_M3,29.0,TYRE_0048,BUF_SEC_5,13,1,1.0
TYRE_0048,6,FIN,FIN_M2,28.64227653525072,TYRE_0048,BUF_SEC_5,13,0,1.0124893516864493
TYRE_0048,7,INS,INS_M1,28.0,TYRE_0048,BUF_SEC_3,3,1,1.0
TYRE_0048,7,INS,CUR_M1,34.936139346463165,TYRE_0048,BUF_SEC_3,3,0,0.8014623402523908
TYRE_0048,7,INS,EXT_M5,36.09729124486955,TYRE_0048,BUF_SEC_3,3,0,0.775681471777459
TYRE_0049,1,MIX,MIX_M1,21.0,TYRE_0049,BUF_SEC_2,6,1,1.0
TYRE_0049,1,MIX,FIN_M2,25.0263441501061,TYRE_0049,BUF_SEC_2,6,0,0.839115768329709
TYRE_0049,1,MIX,FIN_M4,17.815241990431005,TYRE_0049,BUF_SEC_2,6,0,1.1787659135519801
TYRE_0049,2,CAL,CAL_M4,36.0,TYRE_0049,BUF_SEC_4,8,1,1.0
TYRE_0049,2,CAL,CUR_M2,28.405105258371375,TYRE_0049,BUF_SEC_4,8,0,1.2673778066493981
TYRE_0049,3,EXT,EXT_M3,17.0,TYRE_0049,BUF_SEC_5,4,1,1.0
TYRE_0049,3,EXT,CUR_M6,18.171795143378834,TYRE_0049,BUF_SEC_5,4,0,0.9355157190506963
TYRE_0049,3,EXT,FIN_M1,19.432332826145494,TYRE_0049,BUF_SEC_5,4,0,0.8748306316124392
TYRE_0049,3,EXT,CAL_M3,14.242127491723219,TYRE_0049,BUF_SEC_5,4,0,1.193641891626059
TYRE_0049,4,BLD,BLD_M5,40.0,TYRE_0049,BUF_SEC_3,8,1,1.0
TYRE_0049,4,BLD,FIN_M1,40.26097523320891,TYRE_0049,BUF_SEC_3,8,0,0.9935179107883694
TYRE_0049,4,BLD,MIX_M1,41.23035009028368,TYRE_0049,BUF_SEC_3,8,0,0.9701591160979829
TYRE_0049,5,CUR,CUR_M6,40.0,TYRE_0049,BUF_SEC_2,9,1,1.0
TYRE_0049,5,CUR,EXT_M5,45.75767934855337,TYRE_0049,BUF_SEC_2,9,0,0.8741702063888562
TYRE_0049,6,FIN,FIN_M4,25.0,TYRE_0049,BUF_SEC_5,9,1,1.0
TYRE_0049,6,FIN,CAL_M4,21.28169796836164,TYRE_0049,BUF_SEC_5,9,0,1.174718297250819
TYRE_0049,7,INS,INS_M1,23.0,TYRE_0049,BUF_SEC_1,5,1,1.0
TYRE_0049,7,INS,FIN_M4,28.41607172471604,TYRE_0049,BUF_SEC_1,5,0,0.8094011101469317
TYRE_0050,1,MIX,MIX_M3,30.0,TYRE_0050,BUF_SEC_5,1,1,1.0
TYRE_0050,1,MIX,CUR_M4,27.504802109632944,TYRE_0050,BUF_SEC_5,1,0,1.0907186272572078
TYRE_0050,2,CAL,CAL_M4,37.0,TYRE_0050,BUF_SEC_3,5,1,1.0
TYRE_0050,2,CAL,FIN_M2,29.51561157310237,TYRE_0050,BUF_SEC_3,5,0,1.2535738894774644
TYRE_0050,2,CAL,BLD_M5,50.40652370029816,TYRE_0050,BUF_SEC_3,5,0,0.7340319721310427
TYRE_0050,2,CAL,CUR_M6,51.55459313635445,TYRE_0050,BUF_SEC_3,5,0,0.7176858112746686
TYRE_0050,3,CAL,CAL_M2,28.0,TYRE_0050,BUF_SEC_1,3,1,1.0
TYRE_0050,3,CAL,BLD_M4,29.868510771778336,TYRE_0050,BUF_SEC_1,3,0,0.9374421180200312
TYRE_0050,3,CAL,MIX_M2,34.644307716816606,TYRE_0050,BUF_SEC_1,3,0,0.8082135809689911
TYRE_0050,3,CAL,FIN_M1,23.238261067377877,TYRE_0050,BUF_SEC_1,3,0,1.204909434437274
TYRE_0050,4,EXT,EXT_M2,38.0,TYRE_0050,BUF_SEC_4,6,1,1.0
TYRE_0050,4,EXT,BLD_M1,32.5813459887972,TYRE_0050,BUF_SEC_4,6,0,1.1663115456637658
TYRE_0050,4,EXT,CUR_M8,43.615836687260845,TYRE_0050,BUF_SEC_4,6,0,0.8712431741817049
TYRE_0050,4,EXT,BLD_M5,31.49539075633982,TYRE_0050,BUF_SEC_4,6,0,1.2065257514657393
TYRE_0050,5,EXT,EXT_M5,45.0,TYRE_0050,BUF_SEC_5,13,1,1.0
TYRE_0050,5,EXT,CAL_M4,46.739728488536784,TYRE_0050,BUF_SEC_5,13,0,0.962778378377541
TYRE_0050,5,EXT,MIX_M3,49.288221961710185,TYRE_0050,BUF_SEC_5,13,0,0.9129970246230121
TYRE_0050,6,BLD,BLD_M6,28.0,TYRE_0050,BUF_SEC_5,14,1,1.0
TYRE_0050,6,BLD,EXT_M4,25.751699197686417,TYRE_0050,BUF_SEC_5,14,0,1.0873068912872195
TYRE_0050,7,CUR,CUR_M8,69.0,TYRE_0050,BUF_SEC_2,4,1,1.0
TYRE_0050,7,CUR,EXT_M4,83.24876996947576,TYRE_0050,BUF_SEC_2,4,0,0.8288410750729379
TYRE_0050,7,CUR,CUR_M6,68.3169293624214,TYRE_0050,BUF_SEC_2,4,0,1.0099985559063245
TYRE_0050,8,CUR,CUR_M7,86.0,TYRE_0050,BUF_SEC_5,8,1,1.0
TYRE_0050,8,CUR,CAL_M4,71.70593971485403,TYRE_0050,BUF_SEC_5,8,0,1.199342764936737
TYRE_0050,8,CUR,CUR_M2,98.76359931675192,TYRE_0050,BUF_SEC_5,8,0,0.8707661587361063
TYRE_0050,9,FIN,FIN_M3,20.0,TYRE_0050,BUF_SEC_1,4,1,1.0
TYRE_0050,9,FIN,BLD_M5,25.400784915842472,TYRE_0050,BUF_SEC_1,4,0,0.7873772431152708
TYRE_0050,10,INS,INS_M1,12.0,TYRE_0050,BUF_SEC_4,5,1,1.0
TYRE_0050,10,INS,EXT_M5,9.811306800451753,TYRE_0050,BUF_SEC_4,5,0,1.2230786626147978
TYRE_0050,10,INS,CAL_M3,15.122331752671265,TYRE_0050,BUF_SEC_4,5,0,0.7935284185178834
TYRE_0051,1,MIX,MIX_M3,24.0,TYRE_0051,BUF_SEC_3,2,1,1.0
TYRE_0051,1,MIX,CUR_M1,24.03234902785251,TYRE_0051,BUF_SEC_3,2,0,0.9986539381641378
TYRE_0051,2,CAL,CAL_M2,39.0,TYRE_0051,BUF_SEC_4,2,1,1.0
TYRE_0051,2,CAL,CUR_M1,40.402211981890424,TYRE_0051,BUF_SEC_4,2,0,0.965293682867687
TYRE_0051,2,CAL,EXT_M3,52.49684310039304,TYRE_0051,BUF_SEC_4,2,0,0.7429018145989812
TYRE_0051,3,EXT,EXT_M4,33.0,TYRE_0051,BUF_SEC_2,3,1,1.0
TYRE_0051,4,EXT,EXT_M5,36.0,TYRE_0051,BUF_SEC_3,8,1,1.0
TYRE_0051,4,EXT,MIX_M4,49.75455581160269,TYRE_0051,BUF_SEC_3,8,0,0.7235518318425999
TYRE_0051,4,EXT,EXT_M3,40.757799073789634,TYRE_0051,BUF_SEC_3,8,0,0.883266535929089
TYRE_0051,4,EXT,EXT_M1,31.392733181848957,TYRE_0051,BUF_SEC_3,8,0,1.146762207402028
TYRE_0051,5,BLD,BLD_M4,30.0,TYRE_0051,BUF_SEC_2,7,1,1.0
TYRE_0051,5,BLD,BLD_M5,34.13646910927158,TYRE_0051,BUF_SEC_2,7,0,0.8788255136748135
TYRE_0051,6,CUR,CUR_M1,71.0,TYRE_0051,BUF_SEC_4,14,1,1.0
TYRE_0051,6,CUR,CAL_M2,71.00096852581265,TYRE_0051,BUF_SEC_4,14,0,0.9999863589774511
TYRE_0051,6,CUR,CUR_M8,90.49861812146267,TYRE_0051,BUF_SEC_4,14,0,0.78454236621279
TYRE_0051,6,CUR,MIX_M2,85.46569418888598,TYRE_0051,BUF_SEC_4,14,0,0.830742681889231
TYRE_0051,7,FIN,FIN_M3,15.0,TYRE_0051,BUF_SEC_5,8,1,1.0
TYRE_0051,7,FIN,MIX_M2,15.278176572306565,TYRE_0051,BUF_SEC_5,8,0,0.9817925541709741
TYRE_0051,8,INS,INS_M2,16.0,TYRE_0051,BUF_SEC_3,5,1,1.0
TYRE_0051,8,INS,MIX_M1,21.39628106217073,TYRE_0051,BUF_SEC_3,5,0,0.7477935045585321
TYRE_0051,8,INS,BLD_M4,21.56522892296751,TYRE_0051,BUF_SEC_3,5,0,0.7419350871327686
TYRE_0052,1,MIX,MIX_M3,18.0,TYRE_0052,BUF_SEC_2,14,1,1.0
TYRE_0052,1,MIX,EXT_M5,19.5833847915992,TYRE_0052,BUF_SEC_2,14,0,0.9191465209692231
TYRE_0052,2,CAL,CAL_M3,23.0,TYRE_0052,BUF_SEC_1,11,1,1.0
TYRE_0052,2,CAL,EXT_M3,22.20227451154375,TYRE_0052,BUF_SEC_1,11,0,1.0359298993461903
TYRE_0052,3,CAL,CAL_M3,32.0,TYRE_0052,BUF_SEC_1,14,1,1.0
TYRE_0052,3,CAL,CUR_M8,45.24408014454075,TYRE_0052,BUF_SEC_1,14,0,0.7072748500526469
TYRE_0052,3,CAL,FIN_M3,37.66900884989382,TYRE_0052,BUF_SEC_1,14,0,0.8495046983454199
TYRE_0052,4,EXT,EXT_M1,31.0,TYRE_0052,BUF_SEC_3,10,1,1.0
TYRE_0052,4,EXT,CAL_M4,25.45537891933601,TYRE_0052,BUF_SEC_3,10,0,1.2178172675501708
TYRE_0052,5,EXT,EXT_M2,17.0,TYRE_0052,BUF_SEC_4,12,1,1.0
TYRE_0052,5,EXT,BLD_M3,23.13237834115205,TYRE_0052,BUF_SEC_4,12,0,0.7349006552325548
TYRE_0052,5,EXT,BLD_M4,18.41127630148645,TYRE_0052,BUF_SEC_4,12,0,0.9233471771116428
TYRE_0052,6,BLD,BLD_M2,43.0,TYRE_0052,BUF_SEC_1,2,1,1.0
TYRE_0052,6,BLD,EXT_M1,35.32332967001039,TYRE_0052,BUF_SEC_1,2,0,1.2173257844519434
TYRE_0052,7,CUR,CUR_M7,71.0,TYRE_0052,BUF_SEC_5,13,1,1.0
TYRE_0052,7,CUR,BLD_M2,65.60920604571925,TYRE_0052,BUF_SEC_5,13,0,1.0821652063663783
TYRE_0052,8,CUR,CUR_M4,84.0,TYRE_0052,BUF_SEC_2,13,1,1.0
TYRE_0052,8,CUR,CUR_M2,85.5248776288181,TYRE_0052,BUF_SEC_2,13,0,0.982170361757942
TYRE_0052,8,CUR,MIX_M3,80.65363329843538,TYRE_0052,BUF_SEC_2,13,0,1.041490588392743
TYRE_0052,8,CUR,CAL_M2,66.83302500919372,TYRE_0052,BUF_SEC_2,13,0,1.2568636536868525
TYRE_0052,9,FIN,FIN_M4,30.0,TYRE_0052,BUF_SEC_1,12,1,1.0
TYRE_0052,9,FIN,MIX_M1,23.334539775371322,TYRE_0052,BUF_SEC_1,12,0,1.2856478117328805
TYRE_0052,9,FIN,MIX_M4,23.54427584177593,TYRE_0052,BUF_SEC_1,12,0,1.2741950613222648
TYRE_0052,9,FIN,MIX_M3,40.74636878711383,TYRE_0052,BUF_SEC_1,12,0,0.7362619269643383
TYRE_0052,10,INS,INS_M3,25.0,TYRE_0052,BUF_SEC_3,12,1,1.0
TYRE_0052,10,INS,CAL_M4,29.406651575636616,TYRE_0052,BUF_SEC_3,12,0,0.8501477951577621
TYRE_0053,1,MIX,MIX_M4,10.0,TYRE_0053,BUF_SEC_5,7,1,1.0
TYRE_0053,1,MIX,MIX_M1,7.925134937131691,TYRE_0053,BUF_SEC_5,7,0,1.2618081684826499
TYRE_0053,1,MIX,CUR_M1,9.479036030615353,TYRE_0053,BUF_SEC_5,7,0,1.0549595937500438
TYRE_0053,1,MIX,MIX_M3,14.139521516887706,TYRE_0053,BUF_SEC_5,7,0,0.7072375106934404
TYRE_0053,2,CAL,CAL_M1,24.0,TYRE_0053,BUF_SEC_5,6,1,1.0
TYRE_0053,2,CAL,EXT_M1,19.497540670991807,TYRE_0053,BUF_SEC_5,6,0,1.2309244742700753
TYRE_0053,2,CAL,CUR_M7,21.433801960230518,TYRE_0053,BUF_SEC_5,6,0,1.1197266842593279
TYRE_0053,2,CAL,INS_M3,24.503244766820824,TYRE_0053,BUF_SEC_5,6,0,0.9794621172987565
TYRE_0053,3,EXT,EXT_M2,27.0,TYRE_0053,BUF_SEC_4,14,1,1.0
TYRE_0053,3,EXT,MIX_M1,25.004228880849556,TYRE_0053,BUF_SEC_4,14,0,1.0798173432446454
TYRE_0053,3,EXT,FIN_M3,25.788626487062242,TYRE_0053,BUF_SEC_4,14,0,1.0469731691040423
TYRE_0053,4,EXT,EXT_M2,24.0,TYRE_0053,BUF_SEC_4,2,1,1.0
TYRE_0053,4,EXT,MIX_M3,18.702402445282736,TYRE_0053,BUF_SEC_4,2,0,1.2832575959273866
TYRE_0053,4,EXT,BLD_M6,22.41871001126973,TYRE_0053,BUF_SEC_4,2,0,1.0705343879257712
TYRE_0053,4,EXT,INS_M1,18.621259693826612,TYRE_0053,BUF_SEC_4,2,0,1.2888494331001983
TYRE_0053,5,BLD,BLD_M6,38.0,TYRE_0053,BUF_SEC_2,7,1,1.0
TYRE_0053,5,BLD,EXT_M2,48.26654094634548,TYRE_0053,BUF_SEC_2,7,0,0.7872948683486958
TYRE_0053,6,CUR,CUR_M6,70.0,TYRE_0053,BUF_SEC_3,5,1,1.0
TYRE_0053,6,CUR,CAL_M2,80.63309937808054,TYRE_0053,BUF_SEC_3,5,0,0.8681298441943426
TYRE_0053,6,CUR,MIX_M1,95.6450911895219,TYRE_0053,BUF_SEC_3,5,0,0.7318723745194006
TYRE_0053,7,FIN,FIN_M3,23.0,TYRE_0053,BUF_SEC_4,8,1,1.0
TYRE_0053,7,FIN,MIX_M4,20.650370950399157,TYRE_0053,BUF_SEC_4,8,0,1.1137814451490726
TYRE_0053,8,INS,INS_M3,27.0,TYRE_0053,BUF_SEC_5,4,1,1.0
TYRE_0053,8,INS,FIN_M4,26.659803517080462,TYRE_0053,BUF_SEC_5,4,0,1.0127606522944395
TYRE_0053,8,INS,CUR_M4,33.61303061490777,TYRE_0053,BUF_SEC_5,4,0,0.8032599115899173
TYRE_0053,8,INS,INS_M2,30.568609572989946,TYRE_0053,BUF_SEC_5,4,0,0.8832590156098193
TYRE_0054,1,MIX,MIX_M3,21.0,TYRE_0054,BUF_SEC_4,12,1,1.0
TYRE_0054,1,MIX,EXT_M1,19.03434807467665,TYRE_0054,BUF_SEC_4,12,0,1.1032686760592794
TYRE_0054,1,MIX,BLD_M1,19.73058042422528,TYRE_0054,BUF_SEC_4,12,0,1.0643376701790344
TYRE_0054,2,CAL,CAL_M4,23.0,TYRE_0054,BUF_SEC_4,4,1,1.0
TYRE_0054,2,CAL,CUR_M3,18.316687208252983,TYRE_0054,BUF_SEC_4,4,0,1.2556855799577584
TYRE_0054,3,EXT,EXT_M3,23.0,TYRE_0054,BUF_SEC_1,14,1,1.0
TYRE_0054,3,EXT,FIN_M1,21.410378977031566,TYRE_0054,BUF_SEC_1,14,0,1.0742453472997247
TYRE_0054,3,EXT,BLD_M2,19.196905312436456,TYRE_0054,BUF_SEC_1,14,0,1.1981097799706164
TYRE_0054,4,BLD,BLD_M2,23.0,TYRE_0054,BUF_SEC_5,5,1,1.0
TYRE_0054,4,BLD,EXT_M2,20.12089361942349,TYRE_0054,BUF_SEC_5,5,0,1.1430903833116635
TYRE_0054,5,CUR,CUR_M4,60.0,TYRE_0054,BUF_SEC_5,13,1,1.0
TYRE_0054,5,CUR,CUR_M6,70.39951609535649,TYRE_0054,BUF_SEC_5,13,0,0.8522785855335953
TYRE_0054,5,CUR,INS_M2,62.92690330028359,TYRE_0054,BUF_SEC_5,13,0,0.953487250336846
TYRE_0054,5,CUR,FIN_M4,51.197625006059404,TYRE_0054,BUF_SEC_5,13,0,1.1719293618190063
TYRE_0054,6,FIN,FIN_M1,27.0,TYRE_0054,BUF_SEC_3,12,1,1.0
TYRE_0054,6,FIN,CUR_M3,38.30770093772581,TYRE_0054,BUF_SEC_3,12,0,0.7048191183253737
TYRE_0054,6,FIN,MIX_M3,27.128888720022022,TYRE_0054,BUF_SEC_3,12,0,0.9952490232330491
TYRE_0054,6,FIN,CAL_M1,26.50133760696511,TYRE_0054,BUF_SEC_3,12,0,1.0188164990171602
TYRE_0054,7,INS,INS_M3,15.0,TYRE_0054,BUF_SEC_1,14,1,1.0
TYRE_0054,7,INS,EXT_M3,14.971001062676248,TYRE_0054,BUF_SEC_1,14,0,1.0019370072316707
TYRE_0055,1,MIX,MIX_M2,16.0,TYRE_0055,BUF_SEC_2,11,1,1.0
TYRE_0055,1,MIX,CAL_M4,17.781264066887793,TYRE_0055,BUF_SEC_2,11,0,0.8998235412180365
TYRE_0055,1,MIX,BLD_M5,17.021688108629274,TYRE_0055,BUF_SEC_2,11,0,0.9399772747503626
TYRE_0055,1,MIX,CAL_M2,16.77155815395757,TYRE_0055,BUF_SEC_2,11,0,0.9539960362135163
TYRE_0055,2,CAL,CAL_M4,23.0,TYRE_0055,BUF_SEC_3,9,1,1.0
TYRE_0055,2,CAL,BLD_M1,21.685520742890198,TYRE_0055,BUF_SEC_3,9,0,1.060615526493214
TYRE_0055,3,CAL,CAL_M3,18.0,TYRE_0055,BUF_SEC_4,5,1,1.0
TYRE_0055,3,CAL,EXT_M1,24.692606807560754,TYRE_0055,BUF_SEC_4,5,0,0.7289631321747888
TYRE_0055,3,CAL,INS_M1,25.691773123504454,TYRE_0055,BUF_SEC_4,5,0,0.7006133797566687
TYRE_0055,4,EXT,EXT_M2,24.0,TYRE_0055,BUF_SEC_2,10,1,1.0
TYRE_0055,4,EXT,BLD_M5,19.80511542961497,TYRE_0055,BUF_SEC_2,10,0,1.2118081353927552
TYRE_0055,4,EXT,CUR_M1,20.277859189722854,TYRE_0055,BUF_SEC_2,10,0,1.1835568920492152
TYRE_0055,4,EXT,MIX_M4,30.795805429452386,TYRE_0055,BUF_SEC_2,10,0,0.7793269136921798
TYRE_0055,5,EXT,EXT_M2,26.0,TYRE_0055,BUF_SEC_2,8,1,1.0
TYRE_0055,5,EXT,CAL_M2,32.502951546051726,TYRE_0055,BUF_SEC_2,8,0,0.7999273531562807
TYRE_0055,5,EXT,INS_M1,25.560917058398626,TYRE_0055,BUF_SEC_2,8,0,1.0171779025219716
TYRE_0055,5,EXT,BLD_M5,24.666296940349593,TYRE_0055,BUF_SEC_2,8,0,1.0540698534066826
TYRE_0055,6,BLD,BLD_M2,29.0,TYRE_0055,BUF_SEC_4,10,1,1.0
TYRE_0055,6,BLD,BLD_M6,24.2477940828273,TYRE_0055,BUF_SEC_4,10,0,1.1959850822280897
TYRE_0055,6,BLD,MIX_M2,23.792850503398608,TYRE_0055,BUF_SEC_4,10,0,1.2188535373623095
TYRE_0055,6,BLD,CUR_M6,29.981125960397804,TYRE_0055,BUF_SEC_4,10,0,0.9672752130225604
TYRE_0055,7,CUR,CUR_M1,85.0,TYRE_0055,BUF_SEC_3,11,1,1.0
TYRE_0055,7,CUR,EXT_M2,102.81119189474553,TYRE_0055,BUF_SEC_3,11,0,0.8267582393852607
TYRE_0055,7,CUR,CAL_M3,91.47751537989205,TYRE_0055,BUF_SEC_3,11,0,0.9291900818141821
TYRE_0055,7,CUR,INS_M3,82.83337858369536,TYRE_0055,BUF_SEC_3,11,0,1.0261563810791017
TYRE_0055,8,CUR,CUR_M3,57.0,TYRE_0055,BUF_SEC_2,13,1,1.0
TYRE_0055,8,CUR,CUR_M5,73.41356931734835,TYRE_0055,BUF_SEC_2,13,0,0.7764232216200165
TYRE_0055,8,CUR,CUR_M7,47.729316628064204,TYRE_0055,BUF_SEC_2,13,0,1.1942345716821925
TYRE_0055,8,CUR,CUR_M2,60.259873121747724,TYRE_0055,BUF_SEC_2,13,0,0.9459030868657564
TYRE_0055,9,FIN,FIN_M1,11.0,TYRE_0055,BUF_SEC_5,14,1,1.0
TYRE_0055,9,FIN,BLD_M3,13.332845150718539,TYRE_0055,BUF_SEC_5,14,0,0.8250302074052952
TYRE_0055,9,FIN,CUR_M5,10.0293369285855,TYRE_0055,BUF_SEC_5,14,0,1.09678237737212
TYRE_0055,9,FIN,MIX_M1,8.822913522148662,TYRE_0055,BUF_SEC_5,14,0,1.2467536911005728
TYRE_0055,10,INS,INS_M3,19.0,TYRE_0055,BUF_SEC_4,8,1,1.0
TYRE_0055,10,INS,BLD_M4,16.587012073104532,TYRE_0055,BUF_SEC_4,8,0,1.145474538528134
TYRE_0055,10,INS,CUR_M5,22.838465626596154,TYRE_0055,BUF_SEC_4,8,0,0.8319297938244095
TYRE_0055,10,INS,INS_M2,20.630058731095772,TYRE_0055,BUF_SEC_4,8,0,0.920986229252039
TYRE_0056,1,MIX,MIX_M2,30.0,TYRE_0056,BUF_SEC_2,10,1,1.0
TYRE_0056,1,MIX,CUR_M7,31.00234986183127,TYRE_0056,BUF_SEC_2,10,0,0.9676685842751127
TYRE_0056,2,CAL,CAL_M4,18.0,TYRE_0056,BUF_SEC_3,14,1,1.0
TYRE_0056,2,CAL,FIN_M2,21.216136699468827,TYRE_0056,BUF_SEC_3,14,0,0.8484108230906456
TYRE_0056,2,CAL,CUR_M4,15.803509108476469,TYRE_0056,BUF_SEC_3,14,0,1.138987542351933
TYRE_0056,3,EXT,EXT_M1,33.0,TYRE_0056,BUF_SEC_5,12,1,1.0
TYRE_0056,3,EXT,INS_M2,37.07663913399087,TYRE_0056,BUF_SEC_5,12,0,0.8900483099544609
TYRE_0056,4,BLD,BLD_M3,35.0,TYRE_0056,BUF_SEC_5,8,1,1.0
TYRE_0056,5,CUR,CUR_M8,68.0,TYRE_0056,BUF_SEC_4,7,1,1.0
TYRE_0056,5,CUR,MIX_M3,68.05579868636396,TYRE_0056,BUF_SEC_4,7,0,0.9991801038641673
TYRE_0056,6,FIN,FIN_M3,15.0,TYRE_0056,BUF_SEC_3,3,1,1.0
TYRE_0056,6,FIN,BLD_M5,18.028961518870524,TYRE_0056,BUF_SEC_3,3,0,0.8319946761381584
TYRE_0056,7,INS,INS_M1,18.0,TYRE_0056,BUF_SEC_1,11,1,1.0
TYRE_0056,7,INS,FIN_M3,23.352742932601384,TYRE_0056,BUF_SEC_1,11,0,0.7707873996622154
TYRE_0056,7,INS,EXT_M4,15.000929130721726,TYRE_0056,BUF_SEC_1,11,0,1.1999256741461575
TYRE_0057,1,MIX,MIX_M4,13.0,TYRE_0057,BUF_SEC_2,10,1,1.0
TYRE_0057,1,MIX,FIN_M1,12.948017328054966,TYRE_0057,BUF_SEC_2,10,0,1.0040147206037793
TYRE_0057,1,MIX,CUR_M6,10.157475422640992,TYRE_0057,BUF_SEC_2,10,0,1.2798455776740574
TYRE_0057,2,CAL,CAL_M1,27.0,TYRE_0057,BUF_SEC_4,2,1,1.0
TYRE_0057,2,CAL,MIX_M4,26.826293890894465,TYRE_0057,BUF_SEC_4,2,0,1.0064752182993304
TYRE_0057,2,CAL,INS_M1,26.11063945351154,TYRE_0057,BUF_SEC_4,2,0,1.0340612319384945
TYRE_0057,2,CAL,FIN_M4,28.518522555138485,TYRE_0057,BUF_SEC_4,2,0,0.9467531127461974
TYRE_0057,3,EXT,EXT_M4,17.0,TYRE_0057,BUF_SEC_5,14,1,1.0
TYRE_0057,3,EXT,CUR_M1,16.448891525227015,TYRE_0057,BUF_SEC_5,14,0,1.033504292610099
TYRE_0057,4,BLD,BLD_M5,40.0,TYRE_0057,BUF_SEC_3,2,1,1.0
TYRE_0057,4,BLD,CAL_M2,42.23556135441183,TYRE_0057,BUF_SEC_3,2,0,0.9470692164914648
TYRE_0057,4,BLD,CUR_M7,40.63863364982225,TYRE_0057,BUF_SEC_3,2,0,0.9842850609760831
TYRE_0057,5,CUR,CUR_M1,49.0,TYRE_0057,BUF_SEC_1,7,1,1.0
TYRE_0057,5,CUR,INS_M2,57.4047126521243,TYRE_0057,BUF_SEC_1,7,0,0.8535884553057983
TYRE_0057,6,FIN,FIN_M2,28.0,TYRE_0057,BUF_SEC_3,9,1,1.0
TYRE_0057,6,FIN,EXT_M4,35.105654316999335,TYRE_0057,BUF_SEC_3,9,0,0.7975923122572726
TYRE_0057,6,FIN,FIN_M3,29.64079124885633,TYRE_0057,BUF_SEC_3,9,0,0.9446441481578316
TYRE_0057,6,FIN,CUR_M7,23.360162714520957,TYRE_0057,BUF_SEC_3,9,0,1.1986217879636114
TYRE_0057,7,INS,INS_M2,12.0,TYRE_0057,BUF_SEC_2,9,1,1.0
TYRE_0057,7,INS,MIX_M3,13.637426053322603,TYRE_0057,BUF_SEC_2,9,0,0.8799314440334829
TYRE_0057,7,INS,FIN_M2,14.487446219053126,TYRE_0057,BUF_SEC_2,9,0,0.8283033336971586
TYRE_0058,1,MIX,MIX_M2,13.0,TYRE_0058,BUF_SEC_3,13,1,1.0
TYRE_0058,1,MIX,BLD_M4,11.759011187710941,TYRE_0058,BUF_SEC_3,13,0,1.105535133224976
TYRE_0058,1,MIX,EXT_M2,10.029461395526097,TYRE_0058,BUF_SEC_3,13,0,1.2961812690957653
TYRE_0058,1,MIX,CUR_M5,17.212650696086047,TYRE_0058,BUF_SEC_3,13,0,0.7552584566743138
TYRE_0058,2,CAL,CAL_M4,34.0,TYRE_0058,BUF_SEC_1,7,1,1.0
TYRE_0058,2,CAL,BLD_M1,26.832632143402012,TYRE_0058,BUF_SEC_1,7,0,1.267113856676204
TYRE_0058,3,EXT,EXT_M5,40.0,TYRE_0058,BUF_SEC_3,10,1,1.0
TYRE_0058,3,EXT,INS_M3,47.00576884483159,TYRE_0058,BUF_SEC_3,10,0,0.8509593818588951
TYRE_0058,3,EXT,MIX_M3,46.34032686536287,TYRE_0058,BUF_SEC_3,10,0,0.8631790646668496
TYRE_0058,4,BLD,BLD_M5,27.0,TYRE_0058,BUF_SEC_2,4,1,1.0
TYRE_0058,4,BLD,EXT_M5,29.064365547079667,TYRE_0058,BUF_SEC_2,4,0,0.9289726265059624
TYRE_0058,5,CUR,CUR_M7,68.0,TYRE_0058,BUF_SEC_4,13,1,1.0
TYRE_0058,5,CUR,INS_M1,62.93695853493809,TYRE_0058,BUF_SEC_4,13,0,1.0804462367251393
TYRE_0058,6,FIN,FIN_M4,19.0,TYRE_0058,BUF_SEC_2,11,1,1.0
TYRE_0058,6,FIN,CUR_M1,16.303516124844357,TYRE_0058,BUF_SEC_2,11,0,1.16539278119562
TYRE_0058,6,FIN,CAL_M3,21.76678238181168,TYRE_0058,BUF_SEC_2,11,0,0.872889693420025
TYRE_0058,7,INS,INS_M3,23.0,TYRE_0058,BUF_SEC_5,12,1,1.0
TYRE_0058,7,INS,CUR_M6,20.95417182825945,TYRE_0058,BUF_SEC_5,12,0,1.0976334540209067
TYRE_0058,7,INS,BLD_M3,20.84724962385976,TYRE_0058,BUF_SEC_5,12,0,1.1032630402082588
TYRE_0058,7,INS,MIX_M1,27.01696005509702,TYRE_0058,BUF_SEC_5,12,0,0.8513170968567509
TYRE_0059,1,MIX,MIX_M3,28.0,TYRE_0059,BUF_SEC_4,12,1,1.0
TYRE_0059,1,MIX,CAL_M3,27.416709897875503,TYRE_0059,BUF_SEC_4,12,0,1.0212749853756047
TYRE_0059,1,MIX,CUR_M7,22.375983255572663,TYRE_0059,BUF_SEC_4,12,0,1.251341658607413
TYRE_0059,1,MIX,CUR_M5,25.192954846860566,TYRE_0059,BUF_SEC_4,12,0,1.1114218308333623
TYRE_0059,2,CAL,CAL_M1,34.0,TYRE_0059,BUF_SEC_2,9,1,1.0
TYRE_0059,2,CAL,CAL_M3,28.287218861401858,TYRE_0059,BUF_SEC_2,9,0,1.2019562674785707
TYRE_0059,2,CAL,CUR_M8,40.03551575213808,TYRE_0059,BUF_SEC_2,9,0,0.8492459597747093
TYRE_0059,3,EXT,EXT_M1,45.0,TYRE_0059,BUF_SEC_2,10,1,1.0
TYRE_0059,3,EXT,BLD_M1,53.66215537366558,TYRE_0059,BUF_SEC_2,10,0,0.8385798089296189
TYRE_0059,4,BLD,BLD_M2,40.0,TYRE_0059,BUF_SEC_5,14,1,1.0
TYRE_0059,4,BLD,CUR_M5,45.37342133235857,TYRE_0059,BUF_SEC_5,14,0,0.8815733710491332
TYRE_0059,5,CUR,CUR_M4,56.0,TYRE_0059,BUF_SEC_2,13,1,1.0
TYRE_0059,5,CUR,MIX_M1,45.323560591182606,TYRE_0059,BUF_SEC_2,13,0,1.2355604738365242
TYRE_0059,5,CUR,INS_M1,51.84037002423735,TYRE_0059,BUF_SEC_2,13,0,1.0802392030345822
TYRE_0059,5,CUR,CUR_M7,67.1966698165506,TYRE_0059,BUF_SEC_2,13,0,0.8333746322977327
TYRE_0059,6,FIN,FIN_M1,15.0,TYRE_0059,BUF_SEC_4,6,1,1.0
TYRE_0059,6,FIN,CAL_M1,19.09923594744054,TYRE_0059,BUF_SEC_4,6,0,0.7853717311665614
TYRE_0059,7,INS,INS_M1,15.0,TYRE_0059,BUF_SEC_3,8,1,1.0
TYRE_0059,7,INS,MIX_M4,20.932790261390576,TYRE_0059,BUF_SEC_3,8,0,0.7165790997135584
TYRE_0059,7,INS,BLD_M1,12.49589242043446,TYRE_0059,BUF_SEC_3,8,0,1.200394457259458
TYRE_0059,7,INS,EXT_M3,19.128480718148687,TYRE_0059,BUF_SEC_3,8,0,0.78417100767278
TYRE_0060,1,MIX,MIX_M1,15.0,TYRE_0060,BUF_SEC_4,3,1,1.0
TYRE_0060,1,MIX,CUR_M8,12.829059365178892,TYRE_0060,BUF_SEC_4,3,0,1.1692205619309515
TYRE_0060,2,CAL,CAL_M1,28.0,TYRE_0060,BUF_SEC_3,1,1,1.0
TYRE_0060,2,CAL,EXT_M1,22.768201898583516,TYRE_0060,BUF_SEC_3,1,0,1.2297852998985384
TYRE_0060,2,CAL,CUR_M6,24.893163907590917,TYRE_0060,BUF_SEC_3,1,0,1.1248067985227737
TYRE_0060,2,CAL,EXT_M4,22.93056658059285,TYRE_0060,BUF_SEC_3,1,0,1.2210775473684823
TYRE_0060,3,EXT,EXT_M4,37.0,TYRE_0060,BUF_SEC_3,4,1,1.0
TYRE_0060,3,EXT,BLD_M3,34.33217720220439,TYRE_0060,BUF_SEC_3,4,0,1.07770619329159
TYRE_0060,3,EXT,CAL_M2,37.25243362743476,TYRE_0060,BUF_SEC_3,4,0,0.9932237010349612
TYRE_0060,4,BLD,BLD_M5,35.0,TYRE_0060,BUF_SEC_4,14,1,1.0
TYRE_0060,4,BLD,INS_M2,37.96273082335546,TYRE_0060,BUF_SEC_4,14,0,0.9219568571833952
TYRE_0060,5,CUR,CUR_M5,42.0,TYRE_0060,BUF_SEC_4,2,1,1.0
TYRE_0060,5,CUR,MIX_M4,48.469293795805484,TYRE_0060,BUF_SEC_4,2,0,0.8665279955788145
TYRE_0060,5,CUR,EXT_M2,41.44341562212175,TYRE_0060,BUF_SEC_4,2,0,1.0134299832560412
TYRE_0060,6,FIN,FIN_M2,19.0,TYRE_0060,BUF_SEC_4,9,1,1.0
TYRE_0060,6,FIN,CUR_M3,24.704252805362387,TYRE_0060,BUF_SEC_4,9,0,0.7690983471427153
TYRE_0060,6,FIN,CUR_M6,19.98554835025163,TYRE_0060,BUF_SEC_4,9,0,0.9506869497409001
TYRE_0060,7,INS,INS_M3,19.0,TYRE_0060,BUF_SEC_1,2,1,1.0
TYRE_0060,7,INS,CAL_M3,15.474726877037888,TYRE_0060,BUF_SEC_1,2,0,1.2278084227898765
TYRE_0060,7,INS,BLD_M6,20.80686091854073,TYRE_0060,BUF_SEC_1,2,0,0.9131603308344001
TYRE_0060,7,INS,CUR_M3,24.81853296247316,TYRE_0060,BUF_SEC_1,2,0,0.7655569339545143
TYRE_0061,1,MIX,MIX_M4,12.0,TYRE_0061,BUF_SEC_5,10,1,1.0
TYRE_0061,1,MIX,CUR_M7,15.551285585159826,TYRE_0061,BUF_SEC_5,10,0,0.7716403852457882
TYRE_0061,1,MIX,EXT_M1,10.257644630240648,TYRE_0061,BUF_SEC_5,10,0,1.16985920575009
TYRE_0061,2,CAL,CAL_M2,44.0,TYRE_0061,BUF_SEC_3,14,1,1.0
TYRE_0061,2,CAL,EXT_M5,41.347423517603225,TYRE_0061,BUF_SEC_3,14,0,1.0641533681359243
TYRE_0061,3,EXT,EXT_M3,40.0,TYRE_0061,BUF_SEC_5,6,1,1.0
TYRE_0061,3,EXT,EXT_M5,31.98834314878839,TYRE_0061,BUF_SEC_5,6,0,1.2504555116827007
TYRE_0061,3,EXT,BLD_M3,36.104274550825814,TYRE_0061,BUF_SEC_5,6,0,1.1079020558546322
TYRE_0061,3,EXT,FIN_M2,33.70938928056891,TYRE_0061,BUF_SEC_5,6,0,1.186613013575336
TYRE_0061,4,BLD,BLD_M6,38.0,TYRE_0061,BUF_SEC_2,5,1,1.0
TYRE_0061,4,BLD,EXT_M4,41.013364522477396,TYRE_0061,BUF_SEC_2,5,0,0.9265272537973342
TYRE_0061,5,CUR,CUR_M4,67.0,TYRE_0061,BUF_SEC_3,7,1,1.0
TYRE_0061,5,CUR,BLD_M3,62.72073315150719,TYRE_0061,BUF_SEC_3,7,0,1.0682273091125367
TYRE_0061,5,CUR,CUR_M8,62.37341638773941,TYRE_0061,BUF_SEC_3,7,0,1.0741755683783585
TYRE_0061,5,CUR,CUR_M6,67.74383388020367,TYRE_0061,BUF_SEC_3,7,0,0.9890199028074046
TYRE_0061,6,FIN,FIN_M1,27.0,TYRE_0061,BUF_SEC_1,8,1,1.0
TYRE_0061,6,FIN,FIN_M3,21.860880195232188,TYRE_0061,BUF_SEC_1,8,0,1.2350829316510614
TYRE_0061,7,INS,INS_M1,30.0,TYRE_0061,BUF_SEC_1,14,1,1.0
TYRE_0061,7,INS,CAL_M3,26.372238938784044,TYRE_0061,BUF_SEC_1,14,0,1.13755984350198
TYRE_0061,7,INS,CAL_M2,33.43336697308931,TYRE_0061,BUF_SEC_1,14,0,0.8973071729253937
TYRE_0062,1,MIX,MIX_M2,18.0,TYRE_0062,BUF_SEC_2,4,1,1.0
TYRE_0062,1,MIX,CAL_M1,17.61009898409784,TYRE_0062,BUF_SEC_2,4,0,1.0221407623122531
TYRE_0062,1,MIX,FIN_M2,17.363929672905698,TYRE_0062,BUF_SEC_2,4,0,1.0366317037143276
TYRE_0062,2,CAL,CAL_M2,17.0,TYRE_0062,BUF_SEC_3,6,1,1.0
TYRE_0062,2,CAL,BLD_M4,15.065144364143285,TYRE_0062,BUF_SEC_3,6,0,1.1284325983932744
TYRE_0062,2,CAL,BLD_M1,19.41597575356658,TYRE_0062,BUF_SEC_3,6,0,0.8755676364540792
TYRE_0062,2,CAL,FIN_M1,19.028430989301455,TYRE_0062,BUF_SEC_3,6,0,0.8933999870802842
TYRE_0062,3,EXT,EXT_M1,20.0,TYRE_0062,BUF_SEC_3,9,1,1.0
TYRE_0062,3,EXT,CUR_M4,26.07289225701952,TYRE_0062,BUF_SEC_3,9,0,0.7670802227403622
TYRE_0062,3,EXT,MIX_M3,19.246066597198308,TYRE_0062,BUF_SEC_3,9,0,1.0391733759723893
TYRE_0062,3,EXT,FIN_M1,23.551159579227296,TYRE_0062,BUF_SEC_3,9,0,0.849215085682681
TYRE_0062,4,EXT,EXT_M3,34.0,TYRE_0062,BUF_SEC_1,7,1,1.0
TYRE_0062,4,EXT,INS_M1,30.285665266522518,TYRE_0062,BUF_SEC_1,7,0,1.122643326497545
TYRE_0062,4,EXT,BLD_M6,30.16015832799543,TYRE_0062,BUF_SEC_1,7,0,1.1273150369519225
TYRE_0062,4,EXT,CUR_M7,44.925337896955604,TYRE_0062,BUF_SEC_1,7,0,0.7568112248367537
TYRE_0062,5,BLD,BLD_M6,46.0,TYRE_0062,BUF_SEC_3,13,1,1.0
TYRE_0062,5,BLD,FIN_M1,40.73412913447186,TYRE_0062,BUF_SEC_3,13,0,1.12927417321589
TYRE_0062,6,CUR,CUR_M5,68.0,TYRE_0062,BUF_SEC_4,8,1,1.0
TYRE_0062,6,CUR,MIX_M1,58.4694320678392,TYRE_0062,BUF_SEC_4,8,0,1.1630008637864475
TYRE_0062,6,CUR,MIX_M3,54.32531888210115,TYRE_0062,BUF_SEC_4,8,0,1.2517183773476996
TYRE_0062,6,CUR,BLD_M2,66.67186977720245,TYRE_0062,BUF_SEC_4,8,0,1.0199203986214243
TYRE_0062,7,FIN,FIN_M1,24.0,TYRE_0062,BUF_SEC_5,14,1,1.0
TYRE_0062,7,FIN,FIN_M4,22.307535720825364,TYRE_0062,BUF_SEC_5,14,0,1.0758696209368668
TYRE_0062,7,FIN,EXT_M4,20.05413622578585,TYRE_0062,BUF_SEC_5,14,0,1.1967605949111142
TYRE_0062,8,INS,INS_M3,19.0,TYRE_0062,BUF_SEC_5,8,1,1.0
TYRE_0062,8,INS,FIN_M2,27.13918766310853,TYRE_0062,BUF_SEC_5,8,0,0.700094646746834
TYRE_0062,8,INS,CAL_M2,16.8001423684638,TYRE_0062,BUF_SEC_5,8,0,1.1309427969887706
TYRE_0063,1,MIX,MIX_M4,18.0,TYRE_0063,BUF_SEC_1,3,1,1.0
TYRE_0063,1,MIX,BLD_M1,13.874662593816263,TYRE_0063,BUF_SEC_1,3,0,1.2973288451729514
TYRE_0063,1,MIX,FIN_M3,15.813070007468662,TYRE_0063,BUF_SEC_1,3,0,1.138298887660551
TYRE_0063,1,MIX,CAL_M2,21.51799977852703,TYRE_0063,BUF_SEC_1,3,0,0.836508977844787
TYRE_0063,2,CAL,CAL_M4,29.0,TYRE_0063,BUF_SEC_2,4,1,1.0
TYRE_0063,2,CAL,CUR_M1,24.93553384269623,TYRE_0063,BUF_SEC_2,4,0,1.1629989629636213
TYRE_0063,2,CAL,BLD_M6,28.691727575158584,TYRE_0063,BUF_SEC_2,4,0,1.0107442963841717
TYRE_0063,3,EXT,EXT_M1,34.0,TYRE_0063,BUF_SEC_5,4,1,1.0
TYRE_0063,3,EXT,BLD_M4,37.114702476497506,TYRE_0063,BUF_SEC_5,4,0,0.9160790126643246
TYRE_0063,4,BLD,BLD_M1,48.0,TYRE_0063,BUF_SEC_3,3,1,1.0
TYRE_0063,4,BLD,CUR_M6,43.71050652067992,TYRE_0063,BUF_SEC_3,3,0,1.0981341517351366
TYRE_0063,4,BLD,CAL_M4,60.69675544267886,TYRE_0063,BUF_SEC_3,3,0,0.7908165708351661
TYRE_0063,5,CUR,CUR_M7,87.0,TYRE_0063,BUF_SEC_5,5,1,1.0
TYRE_0063,5,CUR,BLD_M6,116.30712184834061,TYRE_0063,BUF_SEC_5,5,0,0.748019541859562
TYRE_0063,5,CUR,CUR_M6,102.91012238258344,TYRE_0063,BUF_SEC_5,5,0,0.8453978868722434
TYRE_0063,5,CUR,EXT_M2,74.72893958995948,TYRE_0063,BUF_SEC_5,5,0,1.1642076078875505
TYRE_0063,6,FIN,FIN_M3,29.0,TYRE_0063,BUF_SEC_4,9,1,1.0
TYRE_0063,6,FIN,CUR_M8,28.958325589862326,TYRE_0063,BUF_SEC_4,9,0,1.0014391167061214
TYRE_0063,6,FIN,CAL_M3,32.107784275609816,TYRE_0063,BUF_SEC_4,9,0,0.9032077626742185
TYRE_0063,6,FIN,EXT_M4,25.125473133200078,TYRE_0063,BUF_SEC_4,9,0,1.1542071206484161
TYRE_0063,7,INS,INS_M2,10.0,TYRE_0063,BUF_SEC_4,4,1,1.0
TYRE_0063,7,INS,BLD_M6,10.613979636421188,TYRE_0063,BUF_SEC_4,4,0,0.9421536824590886
TYRE_0063,7,INS,FIN_M4,10.608674618531493,TYRE_0063,BUF_SEC_4,4,0,0.9426248197424921
TYRE_0063,7,INS,BLD_M5,11.964834322604462,TYRE_0063,BUF_SEC_4,4,0,0.8357825716907408
TYRE_0064,1,MIX,MIX_M1,17.0,TYRE_0064,BUF_SEC_1,14,1,1.0
TYRE_0064,1,MIX,CAL_M4,17.62119056472166,TYRE_0064,BUF_SEC_1,14,0,0.9647475258587064
TYRE_0064,1,MIX,EXT_M2,15.417158857984795,TYRE_0064,BUF_SEC_1,14,0,1.1026674990246614
TYRE_0064,1,MIX,BLD_M1,23.62997484242157,TYRE_0064,BUF_SEC_1,14,0,0.7194252263646448
TYRE_0064,2,CAL,CAL_M1,39.0,TYRE_0064,BUF_SEC_4,7,1,1.0
TYRE_0064,2,CAL,EXT_M4,53.43386924691198,TYRE_0064,BUF_SEC_4,7,0,0.7298741519126254
TYRE_0064,3,EXT,EXT_M3,33.0,TYRE_0064,BUF_SEC_1,3,1,1.0
TYRE_0064,3,EXT,CAL_M1,33.93972467810411,TYRE_0064,BUF_SEC_1,3,0,0.9723119534110314
TYRE_0064,4,BLD,BLD_M1,44.0,TYRE_0064,BUF_SEC_2,3,1,1.0
TYRE_0064,4,BLD,INS_M1,54.65126221951563,TYRE_0064,BUF_SEC_2,3,0,0.8051049182225085
TYRE_0064,4,BLD,FIN_M3,44.70318024815236,TYRE_0064,BUF_SEC_2,3,0,0.9842700173846933
TYRE_0064,5,CUR,CUR_M3,70.0,TYRE_0064,BUF_SEC_5,12,1,1.0
TYRE_0064,5,CUR,CUR_M8,65.51738447729952,TYRE_0064,BUF_SEC_5,12,0,1.0684187190691903
TYRE_0064,6,FIN,FIN_M4,18.0,TYRE_0064,BUF_SEC_5,1,1,1.0
TYRE_0064,6,FIN,BLD_M1,24.59022974607617,TYRE_0064,BUF_SEC_5,1,0,0.7319980409240477
TYRE_0064,6,FIN,FIN_M2,14.070853797915225,TYRE_0064,BUF_SEC_5,1,0,1.2792400701844353
TYRE_0064,7,INS,INS_M1,28.0,TYRE_0064,BUF_SEC_4,3,1,1.0
TYRE_0064,7,INS,BLD_M6,36.796365127951155,TYRE_0064,BUF_SEC_4,3,0,0.7609447265412288
TYRE_0064,7,INS,MIX_M4,31.214770359176374,TYRE_0064,BUF_SEC_4,3,0,0.8970112442864309
TYRE_0065,1,MIX,MIX_M4,30.0,TYRE_0065,BUF_SEC_2,11,1,1.0
TYRE_0065,1,MIX,EXT_M2,29.808392482777133,TYRE_0065,BUF_SEC_2,11,0,1.0064279721670188
TYRE_0065,1,MIX,FIN_M1,40.03330105503633,TYRE_0065,BUF_SEC_2,11,0,0.7493761246107856
TYRE_0065,2,CAL,CAL_M4,17.0,TYRE_0065,BUF_SEC_4,12,1,1.0
TYRE_0065,2,CAL,FIN_M1,13.31824907657666,TYRE_0065,BUF_SEC_4,12,0,1.27644406575175
TYRE_0065,2,CAL,CUR_M7,23.463413534307602,TYRE_0065,BUF_SEC_4,12,0,0.7245322584944017
TYRE_0065,2,CAL,CAL_M2,22.76320931036591,TYRE_0065,BUF_SEC_4,12,0,0.7468191223923132
TYRE_0065,3,EXT,EXT_M4,26.0,TYRE_0065,BUF_SEC_2,6,1,1.0
TYRE_0065,3,EXT,FIN_M2,26.140090764058762,TYRE_0065,BUF_SEC_2,6,0,0.9946407697921471
TYRE_0065,3,EXT,FIN_M3,24.539752664927224,TYRE_0065,BUF_SEC_2,6,0,1.0595053811263466
TYRE_0065,4,BLD,BLD_M4,30.0,TYRE_0065,BUF_SEC_2,12,1,1.0
TYRE_0065,4,BLD,FIN_M2,38.25583429696703,TYRE_0065,BUF_SEC_2,12,0,0.7841941118606957
TYRE_0065,4,BLD,CUR_M3,28.505727818636437,TYRE_0065,BUF_SEC_2,12,0,1.0524200676744917
TYRE_0065,4,BLD,EXT_M3,36.55930978057218,TYRE_0065,BUF_SEC_2,12,0,0.8205844196747437
TYRE_0065,5,CUR,CUR_M6,82.0,TYRE_0065,BUF_SEC_4,10,1,1.0
TYRE_0065,5,CUR,EXT_M2,106.21012904922016,TYRE_0065,BUF_SEC_4,10,0,0.7720544239429307
TYRE_0065,5,CUR,MIX_M4,116.57699236935704,TYRE_0065,BUF_SEC_4,10,0,0.7033978003154779
TYRE_0065,6,FIN,FIN_M1,15.0,TYRE_0065,BUF_SEC_5,11,1,1.0
TYRE_0065,6,FIN,MIX_M4,17.223952935382613,TYRE_0065,BUF_SEC_5,11,0,0.8708802245497305
TYRE_0065,7,INS,INS_M2,23.0,TYRE_0065,BUF_SEC_4,2,1,1.0
TYRE_0065,7,INS,CAL_M1,24.75495608857237,TYRE_0065,BUF_SEC_4,2,0,0.9291068793540495
TYRE_0066,1,MIX,MIX_M4,19.0,TYRE_0066,BUF_SEC_2,5,1,1.0
TYRE_0066,1,MIX,EXT_M5,17.050709444552506,TYRE_0066,BUF_SEC_2,5,0,1.1143231348693394
TYRE_0066,1,MIX,CAL_M2,18.48423291716119,TYRE_0066,BUF_SEC_2,5,0,1.0279030828679918
TYRE_0066,1,MIX,CAL_M4,16.955478058790753,TYRE_0066,BUF_SEC_2,5,0,1.1205817927468722
TYRE_0066,2,CAL,CAL_M4,41.0,TYRE_0066,BUF_SEC_4,13,1,1.0
TYRE_0066,2,CAL,BLD_M6,38.32575069933734,TYRE_0066,BUF_SEC_4,13,0,1.0697768276384707
TYRE_0066,3,EXT,EXT_M5,16.0,TYRE_0066,BUF_SEC_4,11,1,1.0
TYRE_0066,3,EXT,BLD_M6,17.856634082811027,TYRE_0066,BUF_SEC_4,11,0,0.8960255289882296
TYRE_0066,4,BLD,BLD_M4,22.0,TYRE_0066,BUF_SEC_4,9,1,1.0
TYRE_0066,4,BLD,CUR_M4,18.602482291921653,TYRE_0066,BUF_SEC_4,9,0,1.1826378681491212
TYRE_0066,4,BLD,BLD_M3,26.690902169779587,TYRE_0066,BUF_SEC_4,9,0,0.8242508949326263
TYRE_0066,4,BLD,EXT_M4,24.402463880882102,TYRE_0066,BUF_SEC_4,9,0,0.9015483070640137
TYRE_0066,5,CUR,CUR_M6,56.0,TYRE_0066,BUF_SEC_4,3,1,1.0
TYRE_0066,5,CUR,BLD_M6,43.29999868582429,TYRE_0066,BUF_SEC_4,3,0,1.2933025796680562
TYRE_0066,5,CUR,MIX_M4,47.872468035928236,TYRE_0066,BUF_SEC_4,3,0,1.169774659580368
TYRE_0066,6,FIN,FIN_M3,13.0,TYRE_0066,BUF_SEC_4,2,1,1.0
TYRE_0066,6,FIN,MIX_M2,13.602724065451396,TYRE_0066,BUF_SEC_4,2,0,0.9556909290704343
TYRE_0066,6,FIN,BLD_M3,10.25635648285814,TYRE_0066,BUF_SEC_4,2,0,1.2675066454376291
TYRE_0066,7,INS,INS_M2,26.0,TYRE_0066,BUF_SEC_3,1,1,1.0
TYRE_0066,7,INS,FIN_M1,23.6337857989602,TYRE_0066,BUF_SEC_3,1,0,1.1001199816723355
TYRE_0066,7,INS,BLD_M5,20.968964352668745,TYRE_0066,BUF_SEC_3,1,0,1.2399277123426913
TYRE_0067,1,MIX,MIX_M1,27.0,TYRE_0067,BUF_SEC_5,11,1,1.0
TYRE_0067,1,MIX,CUR_M1,27.16881268155541,TYRE_0067,BUF_SEC_5,11,0,0.9937865270914097
TYRE_0067,1,MIX,MIX_M2,28.891667191314998,TYRE_0067,BUF_SEC_5,11,0,0.934525509421497
TYRE_0067,2,CAL,CAL_M4,28.0,TYRE_0067,BUF_SEC_5,7,1,1.0
TYRE_0067,2,CAL,FIN_M3,36.827720377682155,TYRE_0067,BUF_SEC_5,7,0,0.7602968555438524
TYRE_0067,2,CAL,MIX_M2,24.49888758413218,TYRE_0067,BUF_SEC_5,7,0,1.1429090363325507
TYRE_0067,2,CAL,FIN_M2,24.918273245529292,TYRE_0067,BUF_SEC_5,7,0,1.1236733670951142
TYRE_0067,3,EXT,EXT_M1,21.0,TYRE_0067,BUF_SEC_5,8,1,1.0
TYRE_0067,3,EXT,BLD_M1,24.12152251609952,TYRE_0067,BUF_SEC_5,8,0,0.8705918121869749
TYRE_0067,4,EXT,EXT_M5,26.0,TYRE_0067,BUF_SEC_3,7,1,1.0
TYRE_0067,4,EXT,EXT_M3,34.009192688665564,TYRE_0067,BUF_SEC_3,7,0,0.7644991822656574
TYRE_0067,5,BLD,BLD_M5,44.0,TYRE_0067,BUF_SEC_1,3,1,1.0
TYRE_0067,5,BLD,CUR_M5,34.045493106707,TYRE_0067,BUF_SEC_1,3,0,1.2923883893263968
TYRE_0067,5,BLD,CUR_M8,42.47384288810043,TYRE_0067,BUF_SEC_1,3,0,1.0359316936760423
TYRE_0067,5,BLD,FIN_M1,39.37770500556218,TYRE_0067,BUF_SEC_1,3,0,1.1173835548258821
TYRE_0067,6,CUR,CUR_M8,80.0,TYRE_0067,BUF_SEC_3,2,1,1.0
TYRE_0067,6,CUR,MIX_M4,108.83486105353319,TYRE_0067,BUF_SEC_3,2,0,0.735058594512745
TYRE_0067,7,FIN,FIN_M4,11.0,TYRE_0067,BUF_SEC_5,1,1,1.0
TYRE_0067,7,FIN,CUR_M8,8.893730864109921,TYRE_0067,BUF_SEC_5,1,0,1.2368262732561193
TYRE_0067,8,INS,INS_M1,18.0,TYRE_0067,BUF_SEC_5,7,1,1.0
TYRE_0067,8,INS,EXT_M3,18.74973882920963,TYRE_0067,BUF_SEC_5,7,0,0.9600133721307288
TYRE_0067,8,INS,FIN_M2,20.785858666551913,TYRE_0067,BUF_SEC_5,7,0,0.8659733662562207
TYRE_0068,1,MIX,MIX_M2,19.0,TYRE_0068,BUF_SEC_4,4,1,1.0
TYRE_0068,1,MIX,EXT_M1,18.76250963640198,TYRE_0068,BUF_SEC_4,4,0,1.0126577077480752
TYRE_0068,1,MIX,EXT_M5,14.772669798012881,TYRE_0068,BUF_SEC_4,4,0,1.2861588500783894
TYRE_0068,1,MIX,FIN_M3,23.825164573205157,TYRE_0068,BUF_SEC_4,4,0,0.7974761283020998
TYRE_0068,2,CAL,CAL_M4,43.0,TYRE_0068,BUF_SEC_2,8,1,1.0
TYRE_0068,2,CAL,MIX_M4,45.84399282876921,TYRE_0068,BUF_SEC_2,8,0,0.9379636752105834
TYRE_0068,2,CAL,FIN_M2,42.814028749128354,TYRE_0068,BUF_SEC_2,8,0,1.0043436989301184
TYRE_0068,3,EXT,EXT_M4,18.0,TYRE_0068,BUF_SEC_4,9,1,1.0
TYRE_0068,3,EXT,MIX_M1,14.384910450403629,TYRE_0068,BUF_SEC_4,9,0,1.2513112307553458
TYRE_0068,3,EXT,CUR_M5,19.14166184055846,TYRE_0068,BUF_SEC_4,9,0,0.9403572244631634
TYRE_0068,3,EXT,CAL_M4,22.074895625586844,TYRE_0068,BUF_SEC_4,9,0,0.8154058938850128
TYRE_0068,4,BLD,BLD_M1,40.0,TYRE_0068,BUF_SEC_5,9,1,1.0
TYRE_0068,4,BLD,FIN_M3,44.4174078400143,TYRE_0068,BUF_SEC_5,9,0,0.9005478244942788
TYRE_0068,4,BLD,MIX_M2,31.35027050819834,TYRE_0068,BUF_SEC_5,9,0,1.275906056043111
TYRE_0068,5,CUR,CUR_M4,85.0,TYRE_0068,BUF_SEC_3,14,1,1.0
TYRE_0068,5,CUR,CUR_M6,98.72291555843451,TYRE_0068,BUF_SEC_3,14,0,0.8609956413786032
TYRE_0068,6,FIN,FIN_M2,19.0,TYRE_0068,BUF_SEC_2,14,1,1.0
TYRE_0068,6,FIN,CUR_M8,18.109164688428386,TYRE_0068,BUF_SEC_2,14,0,1.0491925125702153
TYRE_0068,7,INS,INS_M3,10.0,TYRE_0068,BUF_SEC_5,1,1,1.0
TYRE_0068,7,INS,CUR_M1,8.137458826720918,TYRE_0068,BUF_SEC_5,1,0,1.2288848660177631
TYRE_0068,7,INS,CUR_M3,8.513040272682769,TYRE_0068,BUF_SEC_5,1,0,1.1746684709208637
TYRE_0069,1,MIX,MIX_M4,12.0,TYRE_0069,BUF_SEC_2,3,1,1.0
TYRE_0069,1,MIX,BLD_M4,10.675998645285155,TYRE_0069,BUF_SEC_2,3,0,1.1240166282055088
TYRE_0069,1,MIX,CAL_M3,9.346111417729972,TYRE_0069,BUF_SEC_2,3,0,1.2839564460183397
TYRE_0069,2,CAL,CAL_M2,41.0,TYRE_0069,BUF_SEC_5,1,1,1.0
TYRE_0069,2,CAL,FIN_M3,50.602081117250066,TYRE_0069,BUF_SEC_5,1,0,0.8102433555054567
TYRE_0069,2,CAL,EXT_M2,40.719359667898026,TYRE_0069,BUF_SEC_5,1,0,1.0068920615253
TYRE_0069,3,CAL,CAL_M1,29.0,TYRE_0069,BUF_SEC_4,10,1,1.0
TYRE_0069,3,CAL,BLD_M4,41.07333152795847,TYRE_0069,BUF_SEC_4,10,0,0.7060542430131289
TYRE_0069,3,CAL,INS_M1,26.044137795204488,TYRE_0069,BUF_SEC_4,10,0,1.113494339034705
TYRE_0069,4,EXT,EXT_M1,35.0,TYRE_0069,BUF_SEC_3,2,1,1.0
TYRE_0069,4,EXT,MIX_M1,28.440237010575768,TYRE_0069,BUF_SEC_3,2,0,1.2306507849067827
TYRE_0069,4,EXT,CUR_M5,45.60066274502254,TYRE_0069,BUF_SEC_3,2,0,0.7675327044193094
TYRE_0069,4,EXT,FIN_M3,31.59288620548046,TYRE_0069,BUF_SEC_3,2,0,1.1078443347138225
TYRE_0069,5,EXT,EXT_M2,30.0,TYRE_0069,BUF_SEC_2,10,1,1.0
TYRE_0069,5,EXT,BLD_M1,32.51273566681098,TYRE_0069,BUF_SEC_2,10,0,0.9227153416875964
TYRE_0069,6,BLD,BLD_M6,29.0,TYRE_0069,BUF_SEC_1,8,1,1.0
TYRE_0069,6,BLD,CAL_M1,33.02406468521537,TYRE_0069,BUF_SEC_1,8,0,0.878147504749259
TYRE_0069,6,BLD,MIX_M1,24.284977115185594,TYRE_0069,BUF_SEC_1,8,0,1.194153894502378
TYRE_0069,6,BLD,EXT_M4,31.695894634383052,TYRE_0069,BUF_SEC_1,8,0,0.9149449900221904
TYRE_0069,7,CUR,CUR_M5,66.0,TYRE_0069,BUF_SEC_1,4,1,1.0
TYRE_0069,7,CUR,FIN_M3,91.7636923835159,TYRE_0069,BUF_SEC_1,4,0,0.7192387128905027
TYRE_0069,7,CUR,INS_M1,90.74053446108177,TYRE_0069,BUF_SEC_1,4,0,0.7273485922469095
TYRE_0069,8,CUR,CUR_M8,70.0,TYRE_0069,BUF_SEC_1,10,1,1.0
TYRE_0069,8,CUR,CUR_M7,73.9039145778315,TYRE_0069,BUF_SEC_1,10,0,0.9471758079374792
TYRE_0069,8,CUR,BLD_M6,64.08614903408592,TYRE_0069,BUF_SEC_1,10,0,1.09227970560017
TYRE_0069,9,FIN,FIN_M2,24.0,TYRE_0069,BUF_SEC_2,7,1,1.0
TYRE_0069,9,FIN,EXT_M2,27.958463965005283,TYRE_0069,BUF_SEC_2,7,0,0.8584162574181484
TYRE_0069,10,INS,INS_M3,14.0,TYRE_0069,BUF_SEC_1,5,1,1.0
TYRE_0069,10,INS,BLD_M3,16.63922384832742,TYRE_0069,BUF_SEC_1,5,0,0.8413853991998121
TYRE_0069,10,INS,CUR_M8,11.101443987360486,TYRE_0069,BUF_SEC_1,5,0,1.261097206448067
TYRE_0070,1,MIX,MIX_M4,16.0,TYRE_0070,BUF_SEC_2,11,1,1.0
TYRE_0070,1,MIX,FIN_M4,20.27932126488101,TYRE_0070,BUF_SEC_2,11,0,0.7889810408846483
TYRE_0070,1,MIX,EXT_M2,13.188244203539423,TYRE_0070,BUF_SEC_2,11,0,1.2132016781813888
TYRE_0070,2,CAL,CAL_M2,42.0,TYRE_0070,BUF_SEC_2,14,1,1.0
TYRE_0070,2,CAL,CUR_M2,54.85476110181235,TYRE_0070,BUF_SEC_2,14,0,0.7656582429015876
TYRE_0070,2,CAL,EXT_M3,48.7079936009046,TYRE_0070,BUF_SEC_2,14,0,0.8622814633699053
TYRE_0070,3,EXT,EXT_M1,23.0,TYRE_0070,BUF_SEC_5,4,1,1.0
TYRE_0070,3,EXT,FIN_M2,23.986845691686245,TYRE_0070,BUF_SEC_5,4,0,0.9588588802224929
TYRE_0070,3,EXT,BLD_M3,18.823460208362476,TYRE_0070,BUF_SEC_5,4,0,1.2218794921553298
TYRE_0070,4,EXT,EXT_M4,25.0,TYRE_0070,BUF_SEC_2,10,1,1.0
TYRE_0070,4,EXT,MIX_M1,23.56841588978904,TYRE_0070,BUF_SEC_2,10,0,1.0607416347753431
TYRE_0070,4,EXT,FIN_M2,31.804497033156526,TYRE_0070,BUF_SEC_2,10,0,0.7860523615241339
TYRE_0070,5,BLD,BLD_M5,28.0,TYRE_0070,BUF_SEC_1,13,1,1.0
TYRE_0070,5,BLD,CUR_M4,25.29822490474403,TYRE_0070,BUF_SEC_1,13,0,1.106797022535337
TYRE_0070,5,BLD,CAL_M2,22.772937111738774,TYRE_0070,BUF_SEC_1,13,0,1.2295295886786088
TYRE_0070,6,CUR,CUR_M1,58.0,TYRE_0070,BUF_SEC_2,2,1,1.0
TYRE_0070,6,CUR,CAL_M4,64.75302594167312,TYRE_0070,BUF_SEC_2,2,0,0.8957110367667456
TYRE_0070,6,CUR,EXT_M4,45.434945085050245,TYRE_0070,BUF_SEC_2,2,0,1.2765504589348369
TYRE_0070,6,CUR,CUR_M3,71.63882187538248,TYRE_0070,BUF_SEC_2,2,0,0.8096168876268296
TYRE_0070,7,FIN,FIN_M3,28.0,TYRE_0070,BUF_SEC_4,9,1,1.0
TYRE_0070,7,FIN,CAL_M3,32.69114315879508,TYRE_0070,BUF_SEC_4,9,0,0.8565010976823858
TYRE_0070,7,FIN,BLD_M2,22.937713188804036,TYRE_0070,BUF_SEC_4,9,0,1.2206971012989596
TYRE_0070,7,FIN,BLD_M5,25.769760212775747,TYRE_0070,BUF_SEC_4,9,0,1.086544840495589
TYRE_0070,8,INS,INS_M3,25.0,TYRE_0070,BUF_SEC_5,10,1,1.0
TYRE_0070,8,INS,FIN_M1,21.046062102831606,TYRE_0070,BUF_SEC_5,10,0,1.187870675181388
TYRE_0070,8,INS,BLD_M4,19.774130214395765,TYRE_0070,BUF_SEC_5,10,0,1.2642781112971406
TYRE_0070,8,INS,MIX_M3,27.734127792535585,TYRE_0070,BUF_SEC_5,10,0,0.9014164853862304
TYRE_0071,1,MIX,MIX_M2,24.0,TYRE_0071,BUF_SEC_4,7,1,1.0
TYRE_0071,1,MIX,BLD_M6,22.51756873107877,TYRE_0071,BUF_SEC_4,7,0,1.0658344285133756
TYRE_0071,1,MIX,CUR_M6,21.580278167671985,TYRE_0071,BUF_SEC_4,7,0,1.1121265357901107
TYRE_0071,2,CAL,CAL_M4,26.0,TYRE_0071,BUF_SEC_3,8,1,1.0
TYRE_0071,2,CAL,INS_M1,22.32451194895028,TYRE_0071,BUF_SEC_3,8,0,1.1646391222103534
TYRE_0071,3,EXT,EXT_M3,32.0,TYRE_0071,BUF_SEC_2,11,1,1.0
TYRE_0071,3,EXT,BLD_M4,27.33393164025761,TYRE_0071,BUF_SEC_2,11,0,1.1707060814065318
TYRE_0071,3,EXT,MIX_M4,30.25439182009618,TYRE_0071,BUF_SEC_2,11,0,1.0576976787464065
TYRE_0071,3,EXT,CUR_M4,25.889863217258743,TYRE_0071,BUF_SEC_2,11,0,1.236004985096565
TYRE_0071,4,BLD,BLD_M5,32.0,TYRE_0071,BUF_SEC_5,13,1,1.0
TYRE_0071,4,BLD,EXT_M2,34.32741833943631,TYRE_0071,BUF_SEC_5,13,0,0.9321994355525853
TYRE_0071,5,CUR,CUR_M8,60.0,TYRE_0071,BUF_SEC_5,7,1,1.0
TYRE_0071,5,CUR,CUR_M7,83.2994613956445,TYRE_0071,BUF_SEC_5,7,0,0.7202927725429115
TYRE_0071,6,FIN,FIN_M2,17.0,TYRE_0071,BUF_SEC_5,1,1,1.0
TYRE_0071,6,FIN,EXT_M2,19.89688281507989,TYRE_0071,BUF_SEC_5,1,0,0.8544051929137193
TYRE_0071,7,INS,INS_M3,22.0,TYRE_0071,BUF_SEC_4,5,1,1.0
TYRE_0071,7,INS,MIX_M3,17.835615946254112,TYRE_0071,BUF_SEC_4,5,0,1.2334869771974712
TYRE_0071,7,INS,BLD_M5,26.457870536394033,TYRE_0071,BUF_SEC_4,5,0,0.8315106073913989
TYRE_0071,7,INS,CUR_M2,19.871314334322282,TYRE_0071,BUF_SEC_4,5,0,1.1071235465286255
TYRE_0072,1,MIX,MIX_M2,23.0,TYRE_0072,BUF_SEC_5,14,1,1.0
TYRE_0072,1,MIX,CUR_M2,32.03929533685231,TYRE_0072,BUF_SEC_5,14,0,0.7178684723925525
TYRE_0072,2,CAL,CAL_M1,25.0,TYRE_0072,BUF_SEC_4,3,1,1.0
TYRE_0072,2,CAL,BLD_M4,31.497793207490215,TYRE_0072,BUF_SEC_4,3,0,0.7937063982645923
TYRE_0072,2,CAL,FIN_M4,32.75734840864758,TYRE_0072,BUF_SEC_4,3,0,0.7631875354538853
TYRE_0072,3,EXT,EXT_M4,37.0,TYRE_0072,BUF_SEC_2,2,1,1.0
TYRE_0072,3,EXT,FIN_M3,52.06346619917133,TYRE_0072,BUF_SEC_2,2,0,0.71067108475749
TYRE_0072,4,BLD,BLD_M4,32.0,TYRE_0072,BUF_SEC_2,13,1,1.0
TYRE_0072,4,BLD,MIX_M1,28.964295492576674,TYRE_0072,BUF_SEC_2,13,0,1.1048085049471117
TYRE_0072,4,BLD,BLD_M5,24.98163314974594,TYRE_0072,BUF_SEC_2,13,0,1.2809410741157023
TYRE_0072,5,CUR,CUR_M3,71.0,TYRE_0072,BUF_SEC_4,7,1,1.0
TYRE_0072,5,CUR,CUR_M1,60.22449509542771,TYRE_0072,BUF_SEC_4,7,0,1.1789222954463652
TYRE_0072,6,FIN,FIN_M1,14.0,TYRE_0072,BUF_SEC_2,1,1,1.0
TYRE_0072,6,FIN,CUR_M1,18.006851396126336,TYRE_0072,BUF_SEC_2,1,0,0.7774818424398006
TYRE_0072,6,FIN,MIX_M4,11.044482064865678,TYRE_0072,BUF_SEC_2,1,0,1.2676013160034287
TYRE_0072,7,INS,INS_M3,28.0,TYRE_0072,BUF_SEC_3,14,1,1.0
TYRE_0072,7,INS,EXT_M4,29.807444043790838,TYRE_0072,BUF_SEC_3,14,0,0.9393626625236475
TYRE_0073,1,MIX,MIX_M3,13.0,TYRE_0073,BUF_SEC_2,5,1,1.0
TYRE_0073,1,MIX,CUR_M2,12.003439435150078,TYRE_0073,BUF_SEC_2,5,0,1.0830229177423647
TYRE_0073,2,CAL,CAL_M4,18.0,TYRE_0073,BUF_SEC_3,1,1,1.0
TYRE_0073,2,CAL,MIX_M3,16.003148792315677,TYRE_0073,BUF_SEC_3,1,0,1.124778644103038
TYRE_0073,3,EXT,EXT_M5,44.0,TYRE_0073,BUF_SEC_4,3,1,1.0
TYRE_0073,3,EXT,BLD_M1,39.42456248332393,TYRE_0073,BUF_SEC_4,3,0,1.116055505209764
TYRE_0073,4,EXT,EXT_M4,15.0,TYRE_0073,BUF_SEC_4,5,1,1.0
TYRE_0073,4,EXT,EXT_M3,16.907370494594943,TYRE_0073,BUF_SEC_4,5,0,0.887187040988739
TYRE_0073,4,EXT,MIX_M4,12.599968076298476,TYRE_0073,BUF_SEC_4,5,0,1.1904792067065766
TYRE_0073,5,BLD,BLD_M6,24.0,TYRE_0073,BUF_SEC_4,10,1,1.0
TYRE_0073,5,BLD,CUR_M6,25.893185364237347,TYRE_0073,BUF_SEC_4,10,0,0.9268848024062679
TYRE_0073,5,BLD,EXT_M4,33.55168458683682,TYRE_0073,BUF_SEC_4,10,0,0.7153143067342679
TYRE_0073,6,CUR,CUR_M7,81.0,TYRE_0073,BUF_SEC_3,8,1,1.0
TYRE_0073,6,CUR,FIN_M1,65.19947962297537,TYRE_0073,BUF_SEC_3,8,0,1.2423412037702328
TYRE_0073,6,CUR,CUR_M8,111.47711578441657,TYRE_0073,BUF_SEC_3,8,0,0.7266065275374035
TYRE_0073,6,CUR,CUR_M3,90.65830394280182,TYRE_0073,BUF_SEC_3,8,0,0.8934647624899817
TYRE_0073,7,FIN,FIN_M2,12.0,TYRE_0073,BUF_SEC_4,14,1,1.0
TYRE_0073,7,FIN,FIN_M1,10.576932235996763,TYRE_0073,BUF_SEC_4,14,0,1.1345444720880475
TYRE_0073,7,FIN,BLD_M2,9.698989949668736,TYRE_0073,BUF_SEC_4,14,0,1.2372422347349534
TYRE_0073,7,FIN,CAL_M3,10.376946847724502,TYRE_0073,BUF_SEC_4,14,0,1.1564095081234234
TYRE_0073,8,INS,INS_M2,18.0,TYRE_0073,BUF_SEC_2,9,1,1.0
TYRE_0073,8,INS,FIN_M1,14.340368821484086,TYRE_0073,BUF_SEC_2,9,0,1.2551978421247592
TYRE_0073,8,INS,CUR_M8,18.59311020670019,TYRE_0073,BUF_SEC_2,9,0,0.9681005383119572
TYRE_0073,8,INS,FIN_M4,22.391533633775385,TYRE_0073,BUF_SEC_2,9,0,0.8038752634990934
TYRE_0074,1,MIX,MIX_M3,29.0,TYRE_0074,BUF_SEC_2,9,1,1.0
TYRE_0074,1,MIX,EXT_M5,35.08658564432064,TYRE_0074,BUF_SEC_2,9,0,0.8265267043644112
TYRE_0074,1,MIX,MIX_M1,34.39126855754808,TYRE_0074,BUF_SEC_2,9,0,0.843237287146687
TYRE_0074,1,MIX,BLD_M6,23.189241776975912,TYRE_0074,BUF_SEC_2,9,0,1.250579914553026
TYRE_0074,2,CAL,CAL_M4,35.0,TYRE_0074,BUF_SEC_5,11,1,1.0
TYRE_0074,2,CAL,CAL_M1,42.55006001497315,TYRE_0074,BUF_SEC_5,11,0,0.8225605319401119
TYRE_0074,2,CAL,MIX_M2,34.07515162355342,TYRE_0074,BUF_SEC_5,11,0,1.0271414309953446
TYRE_0074,2,CAL,BLD_M2,30.19294509072215,TYRE_0074,BUF_SEC_5,11,0,1.1592111963517924
TYRE_0074,3,EXT,EXT_M1,42.0,TYRE_0074,BUF_SEC_2,5,1,1.0
TYRE_0074,3,EXT,CUR_M8,42.05202541861187,TYRE_0074,BUF_SEC_2,5,0,0.9987628320373638
TYRE_0074,3,EXT,CUR_M6,44.714055107340144,TYRE_0074,BUF_SEC_2,5,0,0.9393019689038534
TYRE_0074,4,EXT,EXT_M3,42.0,TYRE_0074,BUF_SEC_3,11,1,1.0
TYRE_0074,4,EXT,BLD_M3,50.59907943921906,TYRE_0074,BUF_SEC_3,11,0,0.830054626793191
TYRE_0074,4,EXT,FIN_M2,39.950217254730376,TYRE_0074,BUF_SEC_3,11,0,1.0513084254886478
TYRE_0074,5,BLD,BLD_M6,47.0,TYRE_0074,BUF_SEC_3,11,1,1.0
TYRE_0074,5,BLD,MIX_M4,57.66732744975143,TYRE_0074,BUF_SEC_3,11,0,0.8150195626969806
TYRE_0074,6,CUR,CUR_M7,60.0,TYRE_0074,BUF_SEC_4,9,1,1.0
TYRE_0074,6,CUR,EXT_M4,76.17553902683765,TYRE_0074,BUF_SEC_4,9,0,0.7876544198638517
TYRE_0074,6,CUR,CUR_M5,55.5843494281252,TYRE_0074,BUF_SEC_4,9,0,1.079440537081118
TYRE_0074,6,CUR,EXT_M2,56.83042168335935,TYRE_0074,BUF_SEC_4,9,0,1.0557725637564421
TYRE_0074,7,FIN,FIN_M4,27.0,TYRE_0074,BUF_SEC_5,3,1,1.0
TYRE_0074,7,FIN,EXT_M1,21.06146136025386,TYRE_0074,BUF_SEC_5,3,0,1.281962326268255
TYRE_0074,7,FIN,CUR_M4,28.096689125001514,TYRE_0074,BUF_SEC_5,3,0,0.9609673182444248
TYRE_0074,7,FIN,EXT_M3,28.613197058059324,TYRE_0074,BUF_SEC_5,3,0,0.9436205239566215
TYRE_0074,8,INS,INS_M1,29.0,TYRE_0074,BUF_SEC_4,11,1,1.0
TYRE_0074,8,INS,FIN_M4,37.178024075255856,TYRE_0074,BUF_SEC_4,11,0,0.7800306961257039
TYRE_0075,1,MIX,MIX_M1,17.0,TYRE_0075,BUF_SEC_5,7,1,1.0
TYRE_0075,1,MIX,CAL_M3,16.790124719265826,TYRE_0075,BUF_SEC_5,7,0,1.0124999238685435
TYRE_0075,1,MIX,EXT_M1,16.125326257369426,TYRE_0075,BUF_SEC_5,7,0,1.0542422353923437
TYRE_0075,2,CAL,CAL_M3,22.0,TYRE_0075,BUF_SEC_5,2,1,1.0
TYRE_0075,2,CAL,EXT_M3,31.066910308769927,TYRE_0075,BUF_SEC_5,2,0,0.7081489527392618
TYRE_0075,2,CAL,EXT_M5,24.1904574631223,TYRE_0075,BUF_SEC_5,2,0,0.9094495229591423
TYRE_0075,2,CAL,CAL_M2,28.231947069509236,TYRE_0075,BUF_SEC_5,2,0,0.7792590410372441
TYRE_0075,3,EXT,EXT_M1,28.0,TYRE_0075,BUF_SEC_2,6,1,1.0
TYRE_0075,3,EXT,MIX_M2,38.00796412379905,TYRE_0075,BUF_SEC_2,6,0,0.7366877086286117
TYRE_0075,3,EXT,BLD_M4,28.180396839264375,TYRE_0075,BUF_SEC_2,6,0,0.9935984989745416
TYRE_0075,3,EXT,CUR_M8,23.56890458519676,TYRE_0075,BUF_SEC_2,6,0,1.188005997427065
TYRE_0075,4,EXT,EXT_M1,39.0,TYRE_0075,BUF_SEC_5,1,1,1.0
TYRE_0075,4,EXT,CAL_M1,49.12428161986178,TYRE_0075,BUF_SEC_5,1,0,0.7939047394482739
TYRE_0075,4,EXT,FIN_M3,45.88581235784115,TYRE_0075,BUF_SEC_5,1,0,0.8499359169204188
TYRE_0075,4,EXT,CAL_M4,39.27053422495096,TYRE_0075,BUF_SEC_5,1,0,0.9931110123584957
TYRE_0075,5,BLD,BLD_M6,42.0,TYRE_0075,BUF_SEC_5,10,1,1.0
TYRE_0075,5,BLD,CUR_M8,52.15880635435586,TYRE_0075,BUF_SEC_5,10,0,0.8052331511319664
TYRE_0075,6,CUR,CUR_M2,68.0,TYRE_0075,BUF_SEC_1,5,1,1.0
TYRE_0075,6,CUR,CAL_M1,57.01038673645533,TYRE_0075,BUF_SEC_1,5,0,1.1927651063717017
TYRE_0075,6,CUR,EXT_M1,60.754813876613355,TYRE_0075,BUF_SEC_1,5,0,1.119252873329525
TYRE_0075,7,FIN,FIN_M2,19.0,TYRE_0075,BUF_SEC_3,14,1,1.0
TYRE_0075,7,FIN,CAL_M4,16.317240773758712,TYRE_0075,BUF_SEC_3,14,0,1.1644125537790486
TYRE_0075,7,FIN,INS_M1,26.179392196272687,TYRE_0075,BUF_SEC_3,14,0,0.7257616929206302
TYRE_0075,7,FIN,EXT_M3,19.858031726154515,TYRE_0075,BUF_SEC_3,14,0,0.9567917033275547
TYRE_0075,8,INS,INS_M1,11.0,TYRE_0075,BUF_SEC_2,6,1,1.0
TYRE_0075,8,INS,INS_M2,9.276838545309563,TYRE_0075,BUF_SEC_2,6,0,1.1857487813627716
TYRE_0076,1,MIX,MIX_M3,11.0,TYRE_0076,BUF_SEC_3,3,1,1.0
TYRE_0076,1,MIX,EXT_M1,9.769980244782452,TYRE_0076,BUF_SEC_3,3,0,1.125897875369239
TYRE_0076,2,CAL,CAL_M3,26.0,TYRE_0076,BUF_SEC_2,14,1,1.0
TYRE_0076,2,CAL,FIN_M2,32.36259080980195,TYRE_0076,BUF_SEC_2,14,0,0.803396741404435
TYRE_0076,2,CAL,MIX_M2,21.809671501154916,TYRE_0076,BUF_SEC_2,14,0,1.1921316650103229
TYRE_0076,3,EXT,EXT_M3,28.0,TYRE_0076,BUF_SEC_4,1,1,1.0
TYRE_0076,3,EXT,INS_M2,27.558685805794365,TYRE_0076,BUF_SEC_4,1,0,1.0160136153558108
TYRE_0076,3,EXT,FIN_M2,22.292501861094195,TYRE_0076,BUF_SEC_4,1,0,1.2560277071846642
TYRE_0076,4,EXT,EXT_M2,22.0,TYRE_0076,BUF_SEC_4,5,1,1.0
TYRE_0076,4,EXT,BLD_M2,28.202184957066674,TYRE_0076,BUF_SEC_4,5,0,0.7800814026817954
TYRE_0076,5,BLD,BLD_M5,33.0,TYRE_0076,BUF_SEC_5,4,1,1.0
TYRE_0076,5,BLD,INS_M2,41.913242739857736,TYRE_0076,BUF_SEC_5,4,0,0.7873406551915006
TYRE_0076,5,BLD,CAL_M1,27.53020571358604,TYRE_0076,BUF_SEC_5,4,0,1.1986833786612296
TYRE_0076,5,BLD,BLD_M4,36.294896540528136,TYRE_0076,BUF_SEC_5,4,0,0.909218737216982
TYRE_0076,6,CUR,CUR_M3,50.0,TYRE_0076,BUF_SEC_5,1,1,1.0
TYRE_0076,6,CUR,EXT_M3,56.35816308582145,TYRE_0076,BUF_SEC_5,1,0,0.8871829254594524
TYRE_0076,7,FIN,FIN_M2,12.0,TYRE_0076,BUF_SEC_2,9,1,1.0
TYRE_0076,7,FIN,EXT_M4,13.139496788177649,TYRE_0076,BUF_SEC_2,9,0,0.9132769841533872
TYRE_0076,7,FIN,INS_M3,14.263464356597758,TYRE_0076,BUF_SEC_2,9,0,0.8413103366749213
TYRE_0076,7,FIN,CUR_M8,14.173278551395253,TYRE_0076,BUF_SEC_2,9,0,0.8466636675830159
TYRE_0076,8,INS,INS_M3,22.0,TYRE_0076,BUF_SEC_5,12,1,1.0
TYRE_0076,8,INS,BLD_M2,22.067372507715948,TYRE_0076,BUF_SEC_5,12,0,0.9969469628659964
TYRE_0076,8,INS,BLD_M1,22.384546510224087,TYRE_0076,BUF_SEC_5,12,0,0.9828208934208944
TYRE_0076,8,INS,INS_M1,17.27176029858725,TYRE_0076,BUF_SEC_5,12,0,1.273755518816429
TYRE_0077,1,MIX,MIX_M2,25.0,TYRE_0077,BUF_SEC_4,3,1,1.0
TYRE_0077,1,MIX,MIX_M4,30.858949799890677,TYRE_0077,BUF_SEC_4,3,0,0.8101377448719452
TYRE_0077,2,CAL,CAL_M2,22.0,TYRE_0077,BUF_SEC_5,11,1,1.0
TYRE_0077,2,CAL,CUR_M4,27.867366813899782,TYRE_0077,BUF_SEC_5,11,0,0.7894538492609486
TYRE_0077,2,CAL,CUR_M6,17.04078540101466,TYRE_0077,BUF_SEC_5,11,0,1.291020307003576
TYRE_0077,2,CAL,FIN_M2,17.834397092271512,TYRE_0077,BUF_SEC_5,11,0,1.233571277244558
TYRE_0077,3,EXT,EXT_M4,35.0,TYRE_0077,BUF_SEC_1,12,1,1.0
TYRE_0077,3,EXT,FIN_M2,27.80471897138103,TYRE_0077,BUF_SEC_1,12,0,1.258779131557667
TYRE_0077,4,BLD,BLD_M3,34.0,TYRE_0077,BUF_SEC_2,14,1,1.0
TYRE_0077,4,BLD,CAL_M1,39.943194189236245,TYRE_0077,BUF_SEC_2,14,0,0.8512088402074315
TYRE_0077,4,BLD,BLD_M6,36.610765214817185,TYRE_0077,BUF_SEC_2,14,0,0.9286885920166305
TYRE_0077,4,BLD,CUR_M7,29.144883749670395,TYRE_0077,BUF_SEC_2,14,0,1.1665855418066133
TYRE_0077,5,CUR,CUR_M5,82.0,TYRE_0077,BUF_SEC_1,13,1,1.0
TYRE_0077,5,CUR,EXT_M2,64.55345517433051,TYRE_0077,BUF_SEC_1,13,0,1.2702650815290064
TYRE_0077,5,CUR,CUR_M4,72.57364316558537,TYRE_0077,BUF_SEC_1,13,0,1.1298867801483699
TYRE_0077,6,FIN,FIN_M1,24.0,TYRE_0077,BUF_SEC_5,10,1,1.0
TYRE_0077,6,FIN,CUR_M1,23.25980989881531,TYRE_0077,BUF_SEC_5,10,0,1.0318227063937608
TYRE_0077,6,FIN,BLD_M5,22.033850588092008,TYRE_0077,BUF_SEC_5,10,0,1.0892331280929435
TYRE_0077,6,FIN,INS_M3,25.69269704891868,TYRE_0077,BUF_SEC_5,10,0,0.9341175803499414
TYRE_0077,7,INS,INS_M2,27.0,TYRE_0077,BUF_SEC_3,11,1,1.0
TYRE_0077,7,INS,BLD_M4,24.66887887701488,TYRE_0077,BUF_SEC_3,11,0,1.0944964355537508
TYRE_0077,7,INS,EXT_M1,33.10259174506094,TYRE_0077,BUF_SEC_3,11,0,0.815646104327421
TYRE_0078,1,MIX,MIX_M2,12.0,TYRE_0078,BUF_SEC_2,7,1,1.0
TYRE_0078,1,MIX,INS_M2,10.205495887517948,TYRE_0078,BUF_SEC_2,7,0,1.1758370325421286
TYRE_0078,1,MIX,CUR_M6,12.77974025095099,TYRE_0078,BUF_SEC_2,7,0,0.9389862207181428
TYRE_0078,2,CAL,CAL_M4,45.0,TYRE_0078,BUF_SEC_4,2,1,1.0
TYRE_0078,2,CAL,CUR_M3,47.04855807790187,TYRE_0078,BUF_SEC_4,2,0,0.9564586426961286
TYRE_0078,3,EXT,EXT_M3,33.0,TYRE_0078,BUF_SEC_5,3,1,1.0
TYRE_0078,3,EXT,CUR_M8,33.309004682752985,TYRE_0078,BUF_SEC_5,3,0,0.9907230886753879
TYRE_0078,3,EXT,CUR_M1,39.53321235861528,TYRE_0078,BUF_SEC_5,3,0,0.8347411715660509
TYRE_0078,3,EXT,EXT_M2,32.27804636444551,TYRE_0078,BUF_SEC_5,3,0,1.0223667079290688
TYRE_0078,4,BLD,BLD_M3,40.0,TYRE_0078,BUF_SEC_5,9,1,1.0
TYRE_0078,4,BLD,CUR_M4,35.43997096126101,TYRE_0078,BUF_SEC_5,9,0,1.128669096363637
TYRE_0078,5,CUR,CUR_M7,84.0,TYRE_0078,BUF_SEC_2,12,1,1.0
TYRE_0078,5,CUR,BLD_M1,67.55251058239324,TYRE_0078,BUF_SEC_2,12,0,1.2434771006407808
TYRE_0078,5,CUR,FIN_M4,95.87384283655035,TYRE_0078,BUF_SEC_2,12,0,0.8761513830545693
TYRE_0078,5,CUR,BLD_M4,72.9216332448949,TYRE_0078,BUF_SEC_2,12,0,1.1519215390842974
TYRE_0078,6,FIN,FIN_M3,24.0,TYRE_0078,BUF_SEC_5,10,1,1.0
TYRE_0078,6,FIN,CUR_M6,21.6219685166458,TYRE_0078,BUF_SEC_5,10,0,1.1099821915624128
TYRE_0078,7,INS,INS_M2,16.0,TYRE_0078,BUF_SEC_1,14,1,1.0
TYRE_0078,7,INS,FIN_M1,16.863155940117856,TYRE_0078,BUF_SEC_1,14,0,0.9488140924994718
TYRE_0079,1,MIX,MIX_M4,25.0,TYRE_0079,BUF_SEC_2,13,1,1.0
TYRE_0079,1,MIX,INS_M3,33.544135925046845,TYRE_0079,BUF_SEC_2,13,0,0.7452867486544174
TYRE_0079,1,MIX,MIX_M2,33.730881411802024,TYRE_0079,BUF_SEC_2,13,0,0.7411605909370873
TYRE_0079,1,MIX,BLD_M1,24.45154439026898,TYRE_0079,BUF_SEC_2,13,0,1.0224303054636208
TYRE_0079,2,CAL,CAL_M1,22.0,TYRE_0079,BUF_SEC_1,6,1,1.0
TYRE_0079,2,CAL,BLD_M6,19.966214597721727,TYRE_0079,BUF_SEC_1,6,0,1.1018613414337608
TYRE_0079,2,CAL,EXT_M1,24.602179176015177,TYRE_0079,BUF_SEC_1,6,0,0.8942297282936603
TYRE_0079,3,EXT,EXT_M4,33.0,TYRE_0079,BUF_SEC_5,2,1,1.0
TYRE_0079,4,BLD,BLD_M3,38.0,TYRE_0079,BUF_SEC_3,8,1,1.0
TYRE_0079,4,BLD,BLD_M6,31.52294186761815,TYRE_0079,BUF_SEC_3,8,0,1.2054712456591936
TYRE_0079,5,CUR,CUR_M5,84.0,TYRE_0079,BUF_SEC_4,9,1,1.0
TYRE_0079,5,CUR,CUR_M4,81.7025138993233,TYRE_0079,BUF_SEC_4,9,0,1.028120139650877
TYRE_0079,6,FIN,FIN_M3,10.0,TYRE_0079,BUF_SEC_2,2,1,1.0
TYRE_0079,6,FIN,FIN_M2,8.04494900640021,TYRE_0079,BUF_SEC_2,2,0,1.243015958465919
TYRE_0079,7,INS,INS_M3,22.0,TYRE_0079,BUF_SEC_4,11,1,1.0
TYRE_0079,7,INS,INS_M2,21.55181407686345,TYRE_0079,BUF_SEC_4,11,0,1.020795740049451
TYRE_0079,7,INS,EXT_M4,30.893801756916947,TYRE_0079,BUF_SEC_4,11,0,0.7121169538505997
TYRE_0080,1,MIX,MIX_M3,10.0,TYRE_0080,BUF_SEC_3,5,1,1.0
TYRE_0080,1,MIX,EXT_M2,12.2577969581255,TYRE_0080,BUF_SEC_3,5,0,0.8158072803915355
TYRE_0080,2,CAL,CAL_M1,44.0,TYRE_0080,BUF_SEC_5,6,1,1.0
TYRE_0080,2,CAL,FIN_M1,37.14649917155668,TYRE_0080,BUF_SEC_5,6,0,1.1844992389939963
TYRE_0080,2,CAL,MIX_M3,56.32764997686701,TYRE_0080,BUF_SEC_5,6,0,0.7811438967908335
TYRE_0080,3,EXT,EXT_M5,38.0,TYRE_0080,BUF_SEC_5,3,1,1.0
TYRE_0080,3,EXT,BLD_M3,53.893706306055954,TYRE_0080,BUF_SEC_5,3,0,0.7050916072500658
TYRE_0080,3,EXT,CUR_M8,45.782550794226985,TYRE_0080,BUF_SEC_5,3,0,0.8300105463934015
TYRE_0080,4,EXT,EXT_M4,41.0,TYRE_0080,BUF_SEC_2,8,1,1.0
TYRE_0080,4,EXT,CUR_M4,47.44177135254857,TYRE_0080,BUF_SEC_2,8,0,0.8642173095798094
TYRE_0080,5,BLD,BLD_M3,44.0,TYRE_0080,BUF_SEC_4,8,1,1.0
TYRE_0080,5,BLD,MIX_M4,49.486804500267965,TYRE_0080,BUF_SEC_4,8,0,0.88912590829666
TYRE_0080,5,BLD,INS_M2,38.585798151506346,TYRE_0080,BUF_SEC_4,8,0,1.1403159221233392
TYRE_0080,6,CUR,CUR_M4,78.0,TYRE_0080,BUF_SEC_4,12,1,1.0
TYRE_0080,6,CUR,CUR_M7,107.21646380649271,TYRE_0080,BUF_SEC_4,12,0,0.7275002106092269
TYRE_0080,6,CUR,BLD_M4,94.89392214222987,TYRE_0080,BUF_SEC_4,12,0,0.8219704512064666
TYRE_0080,7,FIN,FIN_M3,17.0,TYRE_0080,BUF_SEC_1,5,1,1.0
TYRE_0080,7,FIN,MIX_M2,23.132692575717673,TYRE_0080,BUF_SEC_1,5,0,0.7348906723398406
TYRE_0080,7,FIN,CUR_M8,16.733776164950818,TYRE_0080,BUF_SEC_1,5,0,1.0159093699129782
TYRE_0080,8,INS,INS_M3,16.0,TYRE_0080,BUF_SEC_1,8,1,1.0
TYRE_0080,8,INS,FIN_M3,12.372846887415053,TYRE_0080,BUF_SEC_1,8,0,1.293154287415799
TYRE_0080,8,INS,INS_M2,12.951101693246029,TYRE_0080,BUF_SEC_1,8,0,1.2354161351650852
TYRE_0081,1,MIX,MIX_M3,14.0,TYRE_0081,BUF_SEC_5,7,1,1.0
TYRE_0081,1,MIX,EXT_M4,12.818377986028043,TYRE_0081,BUF_SEC_5,7,0,1.09218186694603
TYRE_0081,1,MIX,CUR_M2,11.638031102118465,TYRE_0081,BUF_SEC_5,7,0,1.202952619490043
TYRE_0081,1,MIX,CAL_M4,11.094503941657898,TYRE_0081,BUF_SEC_5,7,0,1.2618860720245886
TYRE_0081,2,CAL,CAL_M1,43.0,TYRE_0081,BUF_SEC_4,13,1,1.0
TYRE_0081,2,CAL,CUR_M2,35.83934701616852,TYRE_0081,BUF_SEC_4,13,0,1.1997986453436509
TYRE_0081,3,EXT,EXT_M1,24.0,TYRE_0081,BUF_SEC_4,2,1,1.0
TYRE_0081,3,EXT,CAL_M4,33.66136355648901,TYRE_0081,BUF_SEC_4,2,0,0.7129835949670982
TYRE_0081,4,EXT,EXT_M4,16.0,TYRE_0081,BUF_SEC_2,8,1,1.0
TYRE_0081,4,EXT,INS_M2,22.54130697223313,TYRE_0081,BUF_SEC_2,8,0,0.7098079991417156
TYRE_0081,5,BLD,BLD_M5,31.0,TYRE_0081,BUF_SEC_1,2,1,1.0
TYRE_0081,5,BLD,CAL_M1,31.412631054513476,TYRE_0081,BUF_SEC_1,2,0,0.986864167671998
TYRE_0081,5,BLD,CUR_M6,28.073496733860676,TYRE_0081,BUF_SEC_1,2,0,1.1042443445461334
TYRE_0081,5,BLD,FIN_M4,29.71719153133585,TYRE_0081,BUF_SEC_1,2,0,1.0431672174442013
TYRE_0081,6,CUR,CUR_M3,45.0,TYRE_0081,BUF_SEC_3,8,1,1.0
TYRE_0081,6,CUR,EXT_M5,37.31235035078261,TYRE_0081,BUF_SEC_3,8,0,1.2060349877974423
TYRE_0081,7,FIN,FIN_M3,20.0,TYRE_0081,BUF_SEC_1,7,1,1.0
TYRE_0081,7,FIN,INS_M2,23.51992701231646,TYRE_0081,BUF_SEC_1,7,0,0.8503427748532887
TYRE_0081,7,FIN,MIX_M4,17.538804412384263,TYRE_0081,BUF_SEC_1,7,0,1.1403285839642452
TYRE_0081,8,INS,INS_M3,23.0,TYRE_0081,BUF_SEC_5,14,1,1.0
TYRE_0081,8,INS,EXT_M5,23.556979767625066,TYRE_0081,BUF_SEC_5,14,0,0.9763560620623134
TYRE_0081,8,INS,CUR_M6,31.741758049534486,TYRE_0081,BUF_SEC_5,14,0,0.7245975463648684
TYRE_0082,1,MIX,MIX_M2,16.0,TYRE_0082,BUF_SEC_4,10,1,1.0
TYRE_0082,1,MIX,CAL_M3,19.595901969774932,TYRE_0082,BUF_SEC_4,10,0,0.8164972464487057
TYRE_0082,1,MIX,CAL_M1,16.223230849540275,TYRE_0082,BUF_SEC_4,10,0,0.9862400497403635
TYRE_0082,2,CAL,CAL_M2,40.0,TYRE_0082,BUF_SEC_4,13,1,1.0
TYRE_0082,2,CAL,CUR_M5,44.1525881376613,TYRE_0082,BUF_SEC_4,13,0,0.9059491569392459
TYRE_0082,3,EXT,EXT_M5,43.0,TYRE_0082,BUF_SEC_2,6,1,1.0
TYRE_0082,3,EXT,BLD_M3,34.04160482433295,TYRE_0082,BUF_SEC_2,6,0,1.2631601894768365
TYRE_0082,3,EXT,CUR_M7,39.173463539085695,TYRE_0082,BUF_SEC_2,6,0,1.0976818518254414
TYRE_0082,3,EXT,CUR_M1,35.63732420376922,TYRE_0082,BUF_SEC_2,6,0,1.2066001295196025
TYRE_0082,4,BLD,BLD_M3,36.0,TYRE_0082,BUF_SEC_2,12,1,1.0
TYRE_0082,4,BLD,BLD_M5,46.256816631542236,TYRE_0082,BUF_SEC_2,12,0,0.7782636727200078
TYRE_0082,4,BLD,MIX_M1,30.546286438779994,TYRE_0082,BUF_SEC_2,12,0,1.178539331520713
TYRE_0082,5,CUR,CUR_M5,50.0,TYRE_0082,BUF_SEC_3,1,1,1.0
TYRE_0082,5,CUR,EXT_M5,59.13987507387942,TYRE_0082,BUF_SEC_3,1,0,0.8454532570036444
TYRE_0082,5,CUR,FIN_M4,62.41034737228398,TYRE_0082,BUF_SEC_3,1,0,0.8011492020985717
TYRE_0082,5,CUR,CUR_M6,53.38432741768751,TYRE_0082,BUF_SEC_3,1,0,0.9366044758565938
TYRE_0082,6,FIN,FIN_M3,25.0,TYRE_0082,BUF_SEC_3,3,1,1.0
TYRE_0082,6,FIN,CUR_M8,20.207256900393105,TYRE_0082,BUF_SEC_3,3,0,1.2371793026253681
TYRE_0082,7,INS,INS_M2,20.0,TYRE_0082,BUF_SEC_3,4,1,1.0
TYRE_0082,7,INS,CUR_M8,22.866359206583418,TYRE_0082,BUF_SEC_3,4,0,0.8746473288253878
TYRE_0082,7,INS,FIN_M2,25.716329451744265,TYRE_0082,BUF_SEC_3,4,0,0.7777159659402114
TYRE_0083,1,MIX,MIX_M1,24.0,TYRE_0083,BUF_SEC_2,4,1,1.0
TYRE_0083,1,MIX,FIN_M4,24.14151638910414,TYRE_0083,BUF_SEC_2,4,0,0.9941380488771612
TYRE_0083,2,CAL,CAL_M1,19.0,TYRE_0083,BUF_SEC_2,11,1,1.0
TYRE_0083,2,CAL,INS_M1,17.899084541598253,TYRE_0083,BUF_SEC_2,11,0,1.0615068025318932
TYRE_0083,2,CAL,BLD_M3,17.52640042134899,TYRE_0083,BUF_SEC_2,11,0,1.0840788492345532
TYRE_0083,2,CAL,CAL_M4,22.01466082640851,TYRE_0083,BUF_SEC_2,11,0,0.8630612186042785
TYRE_0083,3,EXT,EXT_M2,42.0,TYRE_0083,BUF_SEC_5,3,1,1.0
TYRE_0083,3,EXT,CUR_M5,51.30331324362063,TYRE_0083,BUF_SEC_5,3,0,0.8186605765705111
TYRE_0083,4,BLD,BLD_M6,43.0,TYRE_0083,BUF_SEC_1,14,1,1.0
TYRE_0083,4,BLD,MIX_M4,42.228162097775154,TYRE_0083,BUF_SEC_1,14,0,1.0182778000244892
TYRE_0083,5,CUR,CUR_M7,75.0,TYRE_0083,BUF_SEC_3,11,1,1.0
TYRE_0083,5,CUR,BLD_M1,64.95265449994895,TYRE_0083,BUF_SEC_3,11,0,1.1546872191352695
TYRE_0083,5,CUR,EXT_M5,81.78714849243245,TYRE_0083,BUF_SEC_3,11,0,0.9170144867801517
TYRE_0083,6,FIN,FIN_M3,12.0,TYRE_0083,BUF_SEC_4,3,1,1.0
TYRE_0083,6,FIN,MIX_M1,12.540630792108534,TYRE_0083,BUF_SEC_4,3,0,0.9568896651954113
TYRE_0083,6,FIN,CUR_M3,12.736092737753378,TYRE_0083,BUF_SEC_4,3,0,0.9422041945744167
TYRE_0083,7,INS,INS_M2,10.0,TYRE_0083,BUF_SEC_1,9,1,1.0
TYRE_0083,7,INS,EXT_M2,8.934136011500406,TYRE_0083,BUF_SEC_1,9,0,1.1193024134765317
TYRE_0083,7,INS,CAL_M1,8.07862810559964,TYRE_0083,BUF_SEC_1,9,0,1.2378339328516157
TYRE_0084,1,MIX,MIX_M3,27.0,TYRE_0084,BUF_SEC_2,4,1,1.0
TYRE_0084,1,MIX,FIN_M2,26.23692392183407,TYRE_0084,BUF_SEC_2,4,0,1.0290840527052376
TYRE_0084,1,MIX,CAL_M2,30.99551486795643,TYRE_0084,BUF_SEC_2,4,0,0.8710937732450108
TYRE_0084,2,CAL,CAL_M1,29.0,TYRE_0084,BUF_SEC_2,4,1,1.0
TYRE_0084,2,CAL,CUR_M5,33.47207836160648,TYRE_0084,BUF_SEC_2,4,0,0.8663937651766467
TYRE_0084,2,CAL,INS_M3,35.22973738268368,TYRE_0084,BUF_SEC_2,4,0,0.8231682139718204
TYRE_0084,3,EXT,EXT_M3,36.0,TYRE_0084,BUF_SEC_4,5,1,1.0
TYRE_0084,3,EXT,MIX_M2,31.26732523122913,TYRE_0084,BUF_SEC_4,5,0,1.1513616765672037
TYRE_0084,4,BLD,BLD_M6,41.0,TYRE_0084,BUF_SEC_1,5,1,1.0
TYRE_0084,4,BLD,BLD_M3,31.75323968933994,TYRE_0084,BUF_SEC_1,5,0,1.2912068312123863
TYRE_0084,4,BLD,CAL_M2,38.94129291539192,TYRE_0084,BUF_SEC_1,5,0,1.0528669422733614
TYRE_0084,4,BLD,INS_M1,48.01388961351003,TYRE_0084,BUF_SEC_1,5,0,0.8539195705665871
TYRE_0084,5,CUR,CUR_M5,77.0,TYRE_0084,BUF_SEC_2,2,1,1.0
TYRE_0084,5,CUR,CUR_M4,61.09558391522743,TYRE_0084,BUF_SEC_2,2,0,1.2603202239107918
TYRE_0084,5,CUR,BLD_M6,106.58752709599142,TYRE_0084,BUF_SEC_2,2,0,0.7224109808894876
TYRE_0084,6,FIN,FIN_M4,30.0,TYRE_0084,BUF_SEC_2,7,1,1.0
TYRE_0084,6,FIN,CUR_M3,24.962848520434516,TYRE_0084,BUF_SEC_2,7,0,1.201785925009403
TYRE_0084,6,FIN,MIX_M3,31.748858936885384,TYRE_0084,BUF_SEC_2,7,0,0.9449158490904508
TYRE_0084,7,INS,INS_M2,13.0,TYRE_0084,BUF_SEC_4,4,1,1.0
TYRE_0084,7,INS,EXT_M4,16.17751694939121,TYRE_0084,BUF_SEC_4,4,0,0.8035843844681747
TYRE_0085,1,MIX,MIX_M2,25.0,TYRE_0085,BUF_SEC_3,1,1,1.0
TYRE_0085,1,MIX,CUR_M7,33.98001918431026,TYRE_0085,BUF_SEC_3,1,0,0.7357264828014977
TYRE_0085,2,CAL,CAL_M1,34.0,TYRE_0085,BUF_SEC_2,4,1,1.0
TYRE_0085,2,CAL,EXT_M1,40.277329098783,TYRE_0085,BUF_SEC_2,4,0,0.844147334511993
TYRE_0085,2,CAL,MIX_M3,26.688287057367006,TYRE_0085,BUF_SEC_2,4,0,1.2739671124983152
TYRE_0085,3,EXT,EXT_M5,25.0,TYRE_0085,BUF_SEC_3,11,1,1.0
TYRE_0085,3,EXT,CAL_M4,30.165504956795317,TYRE_0085,BUF_SEC_3,11,0,0.8287611971291833
TYRE_0085,4,BLD,BLD_M5,27.0,TYRE_0085,BUF_SEC_3,12,1,1.0
TYRE_0085,4,BLD,FIN_M1,23.530420691922323,TYRE_0085,BUF_SEC_3,12,0,1.1474507979905662
TYRE_0085,4,BLD,BLD_M3,31.68711030971044,TYRE_0085,BUF_SEC_3,12,0,0.8520814847457363
TYRE_0085,4,BLD,MIX_M4,22.033268830013398,TYRE_0085,BUF_SEC_3,12,0,1.2254196237655393
TYRE_0085,5,CUR,CUR_M2,80.0,TYRE_0085,BUF_SEC_5,11,1,1.0
TYRE_0085,5,CUR,EXT_M2,64.49765667572206,TYRE_0085,BUF_SEC_5,11,0,1.2403551403769568
TYRE_0085,5,CUR,EXT_M4,109.48288148464731,TYRE_0085,BUF_SEC_5,11,0,0.7307078414009256
TYRE_0085,6,FIN,FIN_M4,19.0,TYRE_0085,BUF_SEC_5,11,1,1.0
TYRE_0085,6,FIN,CUR_M7,25.47476959114533,TYRE_0085,BUF_SEC_5,11,0,0.7458359900771834
TYRE_0085,7,INS,INS_M3,23.0,TYRE_0085,BUF_SEC_5,3,1,1.0
TYRE_0085,7,INS,FIN_M3,22.073097829402215,TYRE_0085,BUF_SEC_5,3,0,1.0419923917232459
TYRE_0085,7,INS,MIX_M2,28.712370138961337,TYRE_0085,BUF_SEC_5,3,0,0.8010484640830846
TYRE_0086,1,MIX,MIX_M1,14.0,TYRE_0086,BUF_SEC_1,1,1,1.0
TYRE_0086,1,MIX,BLD_M2,16.983924699109316,TYRE_0086,BUF_SEC_1,1,0,0.8243088831366638
TYRE_0086,2,CAL,CAL_M1,45.0,TYRE_0086,BUF_SEC_1,6,1,1.0
TYRE_0086,2,CAL,FIN_M3,55.43334415950877,TYRE_0086,BUF_SEC_1,6,0,0.8117857705014702
TYRE_0086,2,CAL,MIX_M4,35.82546371867946,TYRE_0086,BUF_SEC_1,6,0,1.2560898123570392
TYRE_0086,2,CAL,BLD_M3,40.056521073226655,TYRE_0086,BUF_SEC_1,6,0,1.1234125878714294
TYRE_0086,3,EXT,EXT_M1,24.0,TYRE_0086,BUF_SEC_5,3,1,1.0
TYRE_0086,3,EXT,MIX_M3,27.608192303195015,TYRE_0086,BUF_SEC_5,3,0,0.8693071873895398
TYRE_0086,3,EXT,CUR_M7,22.961628349668864,TYRE_0086,BUF_SEC_5,3,0,1.04522203889543
TYRE_0086,3,EXT,INS_M3,24.731284512698018,TYRE_0086,BUF_SEC_5,3,0,0.9704307913192884
TYRE_0086,4,EXT,EXT_M4,18.0,TYRE_0086,BUF_SEC_5,13,1,1.0
TYRE_0086,4,EXT,BLD_M5,19.797914176600894,TYRE_0086,BUF_SEC_5,13,0,0.9091866870134306
TYRE_0086,4,EXT,BLD_M1,17.138872189160175,TYRE_0086,BUF_SEC_5,13,0,1.0502441351645333
TYRE_0086,5,BLD,BLD_M1,27.0,TYRE_0086,BUF_SEC_3,6,1,1.0
TYRE_0086,5,BLD,CUR_M4,30.169891220196675,TYRE_0086,BUF_SEC_3,6,0,0.8949319638887312
TYRE_0086,5,BLD,CUR_M2,26.726613131797883,TYRE_0086,BUF_SEC_3,6,0,1.0102290128140798
TYRE_0086,5,BLD,INS_M3,37.1166688972101,TYRE_0086,BUF_SEC_3,6,0,0.7274359688573636
TYRE_0086,6,CUR,CUR_M3,64.0,TYRE_0086,BUF_SEC_5,7,1,1.0
TYRE_0086,6,CUR,EXT_M3,57.434955985317586,TYRE_0086,BUF_SEC_5,7,0,1.1143039792066816
TYRE_0086,7,FIN,FIN_M4,21.0,TYRE_0086,BUF_SEC_1,3,1,1.0
TYRE_0086,7,FIN,INS_M3,19.491494162065386,TYRE_0086,BUF_SEC_1,3,0,1.0773930323346113
TYRE_0086,7,FIN,BLD_M1,17.888954390886983,TYRE_0086,BUF_SEC_1,3,0,1.1739087450912085
TYRE_0086,7,FIN,MIX_M1,26.152548723725925,TYRE_0086,BUF_SEC_1,3,0,0.8029810104492238
TYRE_0086,8,INS,INS_M3,27.0,TYRE_0086,BUF_SEC_4,1,1,1.0
TYRE_0086,8,INS,CUR_M7,32.07610140579327,TYRE_0086,BUF_SEC_4,1,0,0.8417481806290688
TYRE_0087,1,MIX,MIX_M4,28.0,TYRE_0087,BUF_SEC_3,13,1,1.0
TYRE_0087,1,MIX,CAL_M2,34.34715226024695,TYRE_0087,BUF_SEC_3,13,0,0.8152058659141567
TYRE_0087,1,MIX,MIX_M1,32.0901072117128,TYRE_0087,BUF_SEC_3,13,0,0.872543049335157
TYRE_0087,1,MIX,EXT_M5,21.71042263485807,TYRE_0087,BUF_SEC_3,13,0,1.289703128811663
TYRE_0087,2,CAL,CAL_M2,43.0,TYRE_0087,BUF_SEC_5,11,1,1.0
TYRE_0087,2,CAL,CUR_M1,37.394439946818956,TYRE_0087,BUF_SEC_5,11,0,1.1499035701872544
TYRE_0087,3,EXT,EXT_M4,35.0,TYRE_0087,BUF_SEC_5,7,1,1.0
TYRE_0087,3,EXT,BLD_M6,38.97078756247121,TYRE_0087,BUF_SEC_5,7,0,0.8981086138917278
TYRE_0087,4,EXT,EXT_M1,41.0,TYRE_0087,BUF_SEC_4,5,1,1.0
TYRE_0087,4,EXT,CUR_M3,43.25658309341921,TYRE_0087,BUF_SEC_4,5,0,0.9478326087720388
TYRE_0087,4,EXT,MIX_M3,41.435685180821906,TYRE_0087,BUF_SEC_4,5,0,0.9894852666506995
TYRE_0087,4,EXT,FIN_M1,42.027900106293146,TYRE_0087,BUF_SEC_4,5,0,0.9755424348184545
TYRE_0087,5,BLD,BLD_M4,39.0,TYRE_0087,BUF_SEC_5,9,1,1.0
TYRE_0087,5,BLD,EXT_M1,38.50570831558236,TYRE_0087,BUF_SEC_5,9,0,1.0128368417577611
TYRE_0087,6,CUR,CUR_M7,57.0,TYRE_0087,BUF_SEC_1,14,1,1.0
TYRE_0087,6,CUR,BLD_M6,47.65839337720797,TYRE_0087,BUF_SEC_1,14,0,1.1960117822028709
TYRE_0087,7,FIN,FIN_M1,21.0,TYRE_0087,BUF_SEC_4,14,1,1.0
TYRE_0087,7,FIN,FIN_M2,18.08629647310566,TYRE_0087,BUF_SEC_4,14,0,1.1611000644176668
TYRE_0087,7,FIN,INS_M2,26.210009509098448,TYRE_0087,BUF_SEC_4,14,0,0.8012206173641462
TYRE_0087,8,INS,INS_M1,24.0,TYRE_0087,BUF_SEC_4,1,1,1.0
TYRE_0087,8,INS,INS_M2,22.01249188742926,TYRE_0087,BUF_SEC_4,1,0,1.0902900099968125
TYRE_0087,8,INS,EXT_M5,21.741730356076236,TYRE_0087,BUF_SEC_4,1,0,1.1038679813859726
TYRE_0087,8,INS,EXT_M1,29.726622573581427,TYRE_0087,BUF_SEC_4,1,0,0.8073571069365015
TYRE_0088,1,MIX,MIX_M4,17.0,TYRE_0088,BUF_SEC_5,8,1,1.0
TYRE_0088,1,MIX,CUR_M6,23.53330970431587,TYRE_0088,BUF_SEC_5,8,0,0.7223803287168868
TYRE_0088,1,MIX,CUR_M7,19.050769978908683,TYRE_0088,BUF_SEC_5,8,0,0.8923523835950403
TYRE_0088,2,CAL,CAL_M3,18.0,TYRE_0088,BUF_SEC_5,10,1,1.0
TYRE_0088,2,CAL,INS_M2,24.564226463894887,TYRE_0088,BUF_SEC_5,10,0,0.7327729218934229
TYRE_0088,2,CAL,CUR_M5,18.09723839716463,TYRE_0088,BUF_SEC_5,10,0,0.9946268930634263
TYRE_0088,2,CAL,MIX_M1,23.84579940633898,TYRE_0088,BUF_SEC_5,10,0,0.7548499294687105
TYRE_0088,3,EXT,EXT_M3,32.0,TYRE_0088,BUF_SEC_5,5,1,1.0
TYRE_0088,3,EXT,EXT_M4,38.42361658279599,TYRE_0088,BUF_SEC_5,5,0,0.8328211356951721
TYRE_0088,3,EXT,CUR_M7,40.358853553424616,TYRE_0088,BUF_SEC_5,5,0,0.7928867443580956
TYRE_0088,3,EXT,MIX_M4,36.3049947099751,TYRE_0088,BUF_SEC_5,5,0,0.8814214202655629
TYRE_0088,4,EXT,EXT_M3,16.0,TYRE_0088,BUF_SEC_4,3,1,1.0
TYRE_0088,4,EXT,FIN_M3,16.98874756426685,TYRE_0088,BUF_SEC_4,3,0,0.9417998554321613
TYRE_0088,5,BLD,BLD_M4,28.0,TYRE_0088,BUF_SEC_4,2,1,1.0
TYRE_0088,5,BLD,MIX_M2,22.544486703770986,TYRE_0088,BUF_SEC_4,2,0,1.2419888005397115
TYRE_0088,5,BLD,CAL_M4,28.28308731787302,TYRE_0088,BUF_SEC_4,2,0,0.989990932931352
TYRE_0088,5,BLD,INS_M2,26.810493645418322,TYRE_0088,BUF_SEC_4,2,0,1.0443671933204017
TYRE_0088,6,CUR,CUR_M4,47.0,TYRE_0088,BUF_SEC_1,14,1,1.0
TYRE_0088,6,CUR,BLD_M1,46.67951245497327,TYRE_0088,BUF_SEC_1,14,0,1.0068657003505739
TYRE_0088,7,FIN,FIN_M4,12.0,TYRE_0088,BUF_SEC_1,5,1,1.0
TYRE_0088,7,FIN,CAL_M1,15.992037631788737,TYRE_0088,BUF_SEC_1,5,0,0.750373421842541
TYRE_0088,7,FIN,EXT_M5,9.748202562754983,TYRE_0088,BUF_SEC_1,5,0,1.2309961680370156
TYRE_0088,8,INS,INS_M3,16.0,TYRE_0088,BUF_SEC_1,10,1,1.0
TYRE_0088,8,INS,FIN_M4,16.182112306949403,TYRE_0088,BUF_SEC_1,10,0,0.988746073226102
TYRE_0089,1,MIX,MIX_M1,11.0,TYRE_0089,BUF_SEC_2,1,1,1.0
TYRE_0089,1,MIX,CUR_M3,11.265310672252225,TYRE_0089,BUF_SEC_2,1,0,0.9764488809966231
TYRE_0089,2,CAL,CAL_M3,22.0,TYRE_0089,BUF_SEC_5,7,1,1.0
TYRE_0089,2,CAL,CUR_M3,17.74737537856376,TYRE_0089,BUF_SEC_5,7,0,1.2396199173525562
TYRE_0089,3,EXT,EXT_M2,40.0,TYRE_0089,BUF_SEC_2,4,1,1.0
TYRE_0089,3,EXT,CUR_M7,35.64582550669567,TYRE_0089,BUF_SEC_2,4,0,1.1221510353992628
TYRE_0089,4,BLD,BLD_M5,26.0,TYRE_0089,BUF_SEC_2,7,1,1.0
TYRE_0089,4,BLD,BLD_M2,22.928215912044045,TYRE_0089,BUF_SEC_2,7,0,1.1339739690056898
TYRE_0089,4,BLD,FIN_M1,35.021508598959485,TYRE_0089,BUF_SEC_2,7,0,0.742400914184847
TYRE_0089,5,CUR,CUR_M2,88.0,TYRE_0089,BUF_SEC_3,6,1,1.0
TYRE_0089,5,CUR,MIX_M1,106.2258211316827,TYRE_0089,BUF_SEC_3,6,0,0.8284238150619794
TYRE_0089,5,CUR,INS_M3,83.2217328722735,TYRE_0089,BUF_SEC_3,6,0,1.057416097488141
TYRE_0089,5,CUR,EXT_M5,116.37848983786431,TYRE_0089,BUF_SEC_3,6,0,0.7561534792434536
TYRE_0089,6,FIN,FIN_M2,28.0,TYRE_0089,BUF_SEC_3,8,1,1.0
TYRE_0089,6,FIN,CUR_M3,30.80581218615598,TYRE_0089,BUF_SEC_3,8,0,0.9089193893281963
TYRE_0089,6,FIN,CUR_M8,36.80330245280036,TYRE_0089,BUF_SEC_3,8,0,0.7608012904795581
TYRE_0089,6,FIN,MIX_M4,30.04295926174557,TYRE_0089,BUF_SEC_3,8,0,0.9319987340812023
TYRE_0089,7,INS,INS_M1,17.0,TYRE_0089,BUF_SEC_4,9,1,1.0
TYRE_0089,7,INS,INS_M3,14.731805566569331,TYRE_0089,BUF_SEC_4,9,0,1.1539658138427953
TYRE_0090,1,MIX,MIX_M3,14.0,TYRE_0090,BUF_SEC_5,3,1,1.0
TYRE_0090,1,MIX,EXT_M1,18.715621802455832,TYRE_0090,BUF_SEC_5,3,0,0.7480381975961357
TYRE_0090,2,CAL,CAL_M1,23.0,TYRE_0090,BUF_SEC_3,12,1,1.0
TYRE_0090,2,CAL,INS_M2,28.81164979403642,TYRE_0090,BUF_SEC_3,12,0,0.7982881981565892
TYRE_0090,2,CAL,CUR_M6,31.764065930716445,TYRE_0090,BUF_SEC_3,12,0,0.7240886620172442
TYRE_0090,2,CAL,BLD_M2,28.748298777175602,TYRE_0090,BUF_SEC_3,12,0,0.800047341175562
TYRE_0090,3,EXT,EXT_M2,19.0,TYRE_0090,BUF_SEC_2,13,1,1.0
TYRE_0090,3,EXT,CUR_M1,17.7168577172333,TYRE_0090,BUF_SEC_2,13,0,1.0724249358010354
TYRE_0090,4,BLD,BLD_M5,28.0,TYRE_0090,BUF_SEC_3,12,1,1.0
TYRE_0090,4,BLD,MIX_M1,23.132114572118862,TYRE_0090,BUF_SEC_3,12,0,1.2104384107516224
TYRE_0090,4,BLD,BLD_M1,31.93536356100385,TYRE_0090,BUF_SEC_3,12,0,0.876770979810942
TYRE_0090,4,BLD,INS_M3,39.74310874184775,TYRE_0090,BUF_SEC_3,12,0,0.7045246556295992
TYRE_0090,5,CUR,CUR_M3,47.0,TYRE_0090,BUF_SEC_1,11,1,1.0
TYRE_0090,5,CUR,EXT_M1,39.89187206776182,TYRE_0090,BUF_SEC_1,11,0,1.178184867337488
TYRE_0090,5,CUR,CUR_M7,44.1074980460119,TYRE_0090,BUF_SEC_1,11,0,1.0655784635748486
TYRE_0090,6,FIN,FIN_M1,14.0,TYRE_0090,BUF_SEC_4,13,1,1.0
TYRE_0090,6,FIN,EXT_M1,14.139925239471191,TYRE_0090,BUF_SEC_4,13,0,0.9901042447465992
TYRE_0090,6,FIN,EXT_M3,11.670227460422533,TYRE_0090,BUF_SEC_4,13,0,1.199633858678288
TYRE_0090,6,FIN,MIX_M3,18.34547207501865,TYRE_0090,BUF_SEC_4,13,0,0.7631310844850945
TYRE_0090,7,INS,INS_M1,21.0,TYRE_0090,BUF_SEC_5,6,1,1.0
TYRE_0090,7,INS,EXT_M2,20.299374680618254,TYRE_0090,BUF_SEC_5,6,0,1.0345146257165596
TYRE_0090,7,INS,MIX_M3,29.121487862031966,TYRE_0090,BUF_SEC_5,6,0,0.7211170012841066
TYRE_0091,1,MIX,MIX_M2,28.0,TYRE_0091,BUF_SEC_3,1,1,1.0
TYRE_0091,1,MIX,CUR_M5,38.52974294203134,TYRE_0091,BUF_SEC_3,1,0,0.72671131084696
TYRE_0091,2,CAL,CAL_M3,15.0,TYRE_0091,BUF_SEC_5,1,1,1.0
TYRE_0091,2,CAL,CAL_M1,13.245089989283544,TYRE_0091,BUF_SEC_5,1,0,1.1324951368496805
TYRE_0091,3,EXT,EXT_M2,23.0,TYRE_0091,BUF_SEC_1,11,1,1.0
TYRE_0091,3,EXT,EXT_M5,20.307274634247953,TYRE_0091,BUF_SEC_1,11,0,1.1325990520269422
TYRE_0091,4,EXT,EXT_M1,19.0,TYRE_0091,BUF_SEC_5,5,1,1.0
TYRE_0091,4,EXT,EXT_M4,17.651827868499094,TYRE_0091,BUF_SEC_5,5,0,1.076375780544904
TYRE_0091,4,EXT,EXT_M2,24.00147284352107,TYRE_0091,BUF_SEC_5,5,0,0.7916180862679365
TYRE_0091,5,BLD,BLD_M6,33.0,TYRE_0091,BUF_SEC_2,14,1,1.0
TYRE_0091,5,BLD,FIN_M3,39.597263408011585,TYRE_0091,BUF_SEC_2,14,0,0.8333909255285358
TYRE_0091,5,BLD,CUR_M6,39.8668413532465,TYRE_0091,BUF_SEC_2,14,0,0.8277555702895607
TYRE_0091,5,BLD,CUR_M7,34.90166522546694,TYRE_0091,BUF_SEC_2,14,0,0.9455136248318793
TYRE_0091,6,CUR,CUR_M2,87.0,TYRE_0091,BUF_SEC_4,5,1,1.0
TYRE_0091,6,CUR,FIN_M4,110.6420558177969,TYRE_0091,BUF_SEC_4,5,0,0.7863194456841063
TYRE_0091,6,CUR,CAL_M4,81.0632739374372,TYRE_0091,BUF_SEC_4,5,0,1.0732357055692647
TYRE_0091,7,FIN,FIN_M1,25.0,TYRE_0091,BUF_SEC_1,6,1,1.0
TYRE_0091,7,FIN,INS_M1,26.524032345811506,TYRE_0091,BUF_SEC_1,6,0,0.9425414535036876
TYRE_0091,7,FIN,CUR_M6,21.44674631622045,TYRE_0091,BUF_SEC_1,6,0,1.1656779835686393
TYRE_0091,7,FIN,EXT_M5,19.65321987797118,TYRE_0091,BUF_SEC_1,6,0,1.2720561900404879
TYRE_0091,8,INS,INS_M2,21.0,TYRE_0091,BUF_SEC_4,13,1,1.0
TYRE_0092,1,MIX,MIX_M1,24.0,TYRE_0092,BUF_SEC_4,10,1,1.0
TYRE_0092,1,MIX,EXT_M5,26.830852350348486,TYRE_0092,BUF_SEC_4,10,0,0.8944926417773038
TYRE_0092,1,MIX,CAL_M1,23.97269729747455,TYRE_0092,BUF_SEC_4,10,0,1.001138908241599
TYRE_0092,2,CAL,CAL_M2,45.0,TYRE_0092,BUF_SEC_3,11,1,1.0
TYRE_0092,2,CAL,MIX_M4,35.60862356898281,TYRE_0092,BUF_SEC_3,11,0,1.2637388219408074
TYRE_0092,2,CAL,FIN_M2,41.258230418056485,TYRE_0092,BUF_SEC_3,11,0,1.0906914703812878
TYRE_0092,2,CAL,BLD_M6,47.46368075791258,TYRE_0092,BUF_SEC_3,11,0,0.9480933480385029
TYRE_0092,3,EXT,EXT_M5,16.0,TYRE_0092,BUF_SEC_5,9,1,1.0
TYRE_0092,3,EXT,FIN_M4,22.518448100531995,TYRE_0092,BUF_SEC_5,9,0,0.7105285376935901
TYRE_0092,4,EXT,EXT_M5,24.0,TYRE_0092,BUF_SEC_5,8,1,1.0
TYRE_0092,4,EXT,FIN_M3,24.20089616286851,TYRE_0092,BUF_SEC_5,8,0,0.9916988130721892
TYRE_0092,4,EXT,EXT_M3,26.94665623574988,TYRE_0092,BUF_SEC_5,8,0,0.8906485387288765
TYRE_0092,5,BLD,BLD_M4,40.0,TYRE_0092,BUF_SEC_2,13,1,1.0
TYRE_0092,5,BLD,CUR_M2,34.3895585873894,TYRE_0092,BUF_SEC_2,13,0,1.1631437460400535
TYRE_0092,6,CUR,CUR_M1,43.0,TYRE_0092,BUF_SEC_4,6,1,1.0
TYRE_0092,6,CUR,EXT_M3,34.96405019623421,TYRE_0092,BUF_SEC_4,6,0,1.2298346375395406
TYRE_0092,6,CUR,BLD_M2,45.44980882416265,TYRE_0092,BUF_SEC_4,6,0,0.9460985890250819
TYRE_0092,7,FIN,FIN_M4,22.0,TYRE_0092,BUF_SEC_2,10,1,1.0
TYRE_0092,7,FIN,CUR_M1,17.032568533692128,TYRE_0092,BUF_SEC_2,10,0,1.2916431222033127
TYRE_0092,8,INS,INS_M2,13.0,TYRE_0092,BUF_SEC_5,8,1,1.0
TYRE_0092,8,INS,CAL_M1,13.907656308684137,TYRE_0092,BUF_SEC_5,8,0,0.9347369327700898
TYRE_0092,8,INS,MIX_M3,17.59267236502766,TYRE_0092,BUF_SEC_5,8,0,0.7389440177288018
TYRE_0093,1,MIX,MIX_M4,24.0,TYRE_0093,BUF_SEC_1,12,1,1.0
TYRE_0093,1,MIX,BLD_M5,22.434600327772507,TYRE_0093,BUF_SEC_1,12,0,1.069776133711178
TYRE_0093,1,MIX,FIN_M2,19.603130659764577,TYRE_0093,BUF_SEC_1,12,0,1.224294242412004
TYRE_0093,2,CAL,CAL_M1,43.0,TYRE_0093,BUF_SEC_5,1,1,1.0
TYRE_0093,2,CAL,CUR_M8,40.97978207746067,TYRE_0093,BUF_SEC_5,1,0,1.0492979176590223
TYRE_0093,3,EXT,EXT_M1,25.0,TYRE_0093,BUF_SEC_1,8,1,1.0
TYRE_0093,3,EXT,BLD_M6,20.122575410436475,TYRE_0093,BUF_SEC_1,8,0,1.2423857031259464
TYRE_0093,3,EXT,CAL_M2,20.319404162467325,TYRE_0093,BUF_SEC_1,8,0,1.230351037860567
TYRE_0093,3,EXT,BLD_M2,24.86957960574391,TYRE_0093,BUF_SEC_1,8,0,1.005244173658085
TYRE_0093,4,BLD,BLD_M5,24.0,TYRE_0093,BUF_SEC_4,12,1,1.0
TYRE_0093,4,BLD,CUR_M7,33.908554166024324,TYRE_0093,BUF_SEC_4,12,0,0.7077860023901434
TYRE_0093,5,CUR,CUR_M2,48.0,TYRE_0093,BUF_SEC_1,11,1,1.0
TYRE_0093,5,CUR,CAL_M2,40.93604748672563,TYRE_0093,BUF_SEC_1,11,0,1.1725606878769868
TYRE_0093,5,CUR,EXT_M5,66.97968554219663,TYRE_0093,BUF_SEC_1,11,0,0.7166351948571095
TYRE_0093,5,CUR,CUR_M4,65.38329581960598,TYRE_0093,BUF_SEC_1,11,0,0.7341324630136894
TYRE_0093,6,FIN,FIN_M3,29.0,TYRE_0093,BUF_SEC_1,13,1,1.0
TYRE_0093,6,FIN,INS_M3,24.403115154540593,TYRE_0093,BUF_SEC_1,13,0,1.1883728702810339
TYRE_0093,7,INS,INS_M3,28.0,TYRE_0093,BUF_SEC_4,4,1,1.0
TYRE_0093,7,INS,CUR_M3,32.95000696755258,TYRE_0093,BUF_SEC_4,4,0,0.8497722027061455
TYRE_0093,7,INS,CAL_M3,22.233557970947466,TYRE_0093,BUF_SEC_4,4,0,1.2593575907458234
TYRE_0094,1,MIX,MIX_M3,22.0,TYRE_0094,BUF_SEC_5,11,1,1.0
TYRE_0094,1,MIX,MIX_M4,18.139777042512677,TYRE_0094,BUF_SEC_5,11,0,1.212804322150181
TYRE_0094,2,CAL,CAL_M3,29.0,TYRE_0094,BUF_SEC_5,4,1,1.0
TYRE_0094,2,CAL,EXT_M3,28.750792247577294,TYRE_0094,BUF_SEC_5,4,0,1.0086678568811858
TYRE_0094,2,CAL,BLD_M2,27.839240016934056,TYRE_0094,BUF_SEC_5,4,0,1.0416951031120059
TYRE_0094,2,CAL,EXT_M5,40.774156223857574,TYRE_0094,BUF_SEC_5,4,0,0.7112348282766343
TYRE_0094,3,EXT,EXT_M5,34.0,TYRE_0094,BUF_SEC_1,2,1,1.0
TYRE_0094,3,EXT,CUR_M3,37.12198818952593,TYRE_0094,BUF_SEC_1,2,0,0.9158992192555352
TYRE_0094,4,EXT,EXT_M4,18.0,TYRE_0094,BUF_SEC_5,1,1,1.0
TYRE_0094,4,EXT,CUR_M4,20.089131855622316,TYRE_0094,BUF_SEC_5,1,0,0.8960068622857074
TYRE_0094,4,EXT,BLD_M3,21.2829906269377,TYRE_0094,BUF_SEC_5,1,0,0.8457458030929899
TYRE_0094,5,BLD,BLD_M6,23.0,TYRE_0094,BUF_SEC_5,9,1,1.0
TYRE_0094,5,BLD,BLD_M4,20.57117450643663,TYRE_0094,BUF_SEC_5,9,0,1.118069364138805
TYRE_0094,5,BLD,CUR_M7,28.190637696467615,TYRE_0094,BUF_SEC_5,9,0,0.8158737041582419
TYRE_0094,6,CUR,CUR_M4,67.0,TYRE_0094,BUF_SEC_1,14,1,1.0
TYRE_0094,6,CUR,MIX_M1,83.50094244338149,TYRE_0094,BUF_SEC_1,14,0,0.8023861532512632
TYRE_0094,6,CUR,CUR_M1,75.55035029211027,TYRE_0094,BUF_SEC_1,14,0,0.8868258021431943
TYRE_0094,7,FIN,FIN_M4,17.0,TYRE_0094,BUF_SEC_5,13,1,1.0
TYRE_0094,7,FIN,MIX_M2,20.10790313029047,TYRE_0094,BUF_SEC_5,13,0,0.8454387257511333
TYRE_0094,7,FIN,EXT_M4,19.61753424959527,TYRE_0094,BUF_SEC_5,13,0,0.8665716997716331
TYRE_0094,8,INS,INS_M2,20.0,TYRE_0094,BUF_SEC_1,5,1,1.0
TYRE_0094,8,INS,CUR_M5,23.246402267948035,TYRE_0094,BUF_SEC_1,5,0,0.8603481850426313
TYRE_0094,8,INS,CAL_M1,16.29262299251658,TYRE_0094,BUF_SEC_1,5,0,1.227549425846671
TYRE_0095,1,MIX,MIX_M4,22.0,TYRE_0095,BUF_SEC_2,6,1,1.0
TYRE_0095,1,MIX,EXT_M2,22.592530707694163,TYRE_0095,BUF_SEC_2,6,0,0.9737731591312004
TYRE_0095,2,CAL,CAL_M4,38.0,TYRE_0095,BUF_SEC_5,11,1,1.0
TYRE_0095,2,CAL,BLD_M6,38.856634823122604,TYRE_0095,BUF_SEC_5,11,0,0.9779539626367015
TYRE_0095,3,EXT,EXT_M1,25.0,TYRE_0095,BUF_SEC_3,10,1,1.0
TYRE_0095,3,EXT,BLD_M3,29.161220724542982,TYRE_0095,BUF_SEC_3,10,0,0.8573029310449692
TYRE_0095,3,EXT,MIX_M1,25.133410541225263,TYRE_0095,BUF_SEC_3,10,0,0.9946919045862703
TYRE_0095,4,BLD,BLD_M4,30.0,TYRE_0095,BUF_SEC_3,6,1,1.0
TYRE_0095,4,BLD,BLD_M6,30.46338170789472,TYRE_0095,BUF_SEC_3,6,0,0.9847888946690829
TYRE_0095,5,CUR,CUR_M5,63.0,TYRE_0095,BUF_SEC_5,8,1,1.0
TYRE_0095,5,CUR,BLD_M3,53.883154933985416,TYRE_0095,BUF_SEC_5,8,0,1.1691965713066361
TYRE_0095,5,CUR,CUR_M8,78.75593130109051,TYRE_0095,BUF_SEC_5,8,0,0.7999397500506435
TYRE_0095,5,CUR,INS_M2,86.37862605810037,TYRE_0095,BUF_SEC_5,8,0,0.7293470951670922
TYRE_0095,6,FIN,FIN_M2,25.0,TYRE_0095,BUF_SEC_4,5,1,1.0
TYRE_0095,6,FIN,FIN_M1,29.132616219892444,TYRE_0095,BUF_SEC_4,5,0,0.8581446929208303
TYRE_0095,6,FIN,CUR_M3,21.615490007560794,TYRE_0095,BUF_SEC_4,5,0,1.1565779906564853
TYRE_0095,6,FIN,EXT_M1,24.536734248535655,TYRE_0095,BUF_SEC_4,5,0,1.0188804975744477
TYRE_0095,7,INS,INS_M1,12.0,TYRE_0095,BUF_SEC_2,7,1,1.0
TYRE_0095,7,INS,BLD_M1,10.523564231417037,TYRE_0095,BUF_SEC_2,7,0,1.1402980716528734
TYRE_0095,7,INS,BLD_M5,11.725000810753016,TYRE_0095,BUF_SEC_2,7,0,1.0234540870133486
TYRE_0096,1,MIX,MIX_M1,12.0,TYRE_0096,BUF_SEC_2,9,1,1.0
TYRE_0096,1,MIX,BLD_M1,11.25886396062495,TYRE_0096,BUF_SEC_2,9,0,1.0658268935451203
TYRE_0096,1,MIX,EXT_M5,11.353678180872413,TYRE_0096,BUF_SEC_2,9,0,1.05692620566051
TYRE_0096,1,MIX,CUR_M2,11.927729882199948,TYRE_0096,BUF_SEC_2,9,0,1.0060590002048841
TYRE_0096,2,CAL,CAL_M4,18.0,TYRE_0096,BUF_SEC_5,2,1,1.0
TYRE_0096,2,CAL,CUR_M8,14.608488161204793,TYRE_0096,BUF_SEC_5,2,0,1.232160357825522
TYRE_0096,2,CAL,BLD_M2,18.52205508464026,TYRE_0096,BUF_SEC_5,2,0,0.9718144081607238
TYRE_0096,2,CAL,BLD_M6,15.4774211460095,TYRE_0096,BUF_SEC_5,2,0,1.162984442317181
TYRE_0096,3,EXT,EXT_M3,40.0,TYRE_0096,BUF_SEC_3,2,1,1.0
TYRE_0096,3,EXT,BLD_M6,52.363026196721364,TYRE_0096,BUF_SEC_3,2,0,0.7638977902026706
TYRE_0096,3,EXT,MIX_M3,33.23134286956137,TYRE_0096,BUF_SEC_3,2,0,1.2036829253938595
TYRE_0096,4,BLD,BLD_M2,37.0,TYRE_0096,BUF_SEC_3,3,1,1.0
TYRE_0096,4,BLD,BLD_M6,50.41498518465119,TYRE_0096,BUF_SEC_3,3,0,0.7339087746328373
TYRE_0096,5,CUR,CUR_M1,77.0,TYRE_0096,BUF_SEC_5,6,1,1.0
TYRE_0096,5,CUR,CAL_M3,98.38101739463012,TYRE_0096,BUF_SEC_5,6,0,0.782671312405058
TYRE_0096,6,FIN,FIN_M3,13.0,TYRE_0096,BUF_SEC_1,12,1,1.0
TYRE_0096,6,FIN,CUR_M2,10.023362208426471,TYRE_0096,BUF_SEC_1,12,0,1.2969699916731652
TYRE_0096,6,FIN,MIX_M3,13.259688198607323,TYRE_0096,BUF_SEC_1,12,0,0.9804152107713514
TYRE_0096,7,INS,INS_M2,21.0,TYRE_0096,BUF_SEC_4,1,1,1.0
TYRE_0096,7,INS,CUR_M7,21.885516456612383,TYRE_0096,BUF_SEC_4,1,0,0.9595386995610589
TYRE_0096,7,INS,CUR_M4,26.254619303439686,TYRE_0096,BUF_SEC_4,1,0,0.7998592459974743
TYRE_0097,1,MIX,MIX_M4,11.0,TYRE_0097,BUF_SEC_4,7,1,1.0
TYRE_0097,1,MIX,EXT_M2,9.348522832300272,TYRE_0097,BUF_SEC_4,7,0,1.1766564833102482
TYRE_0097,1,MIX,BLD_M2,9.656193571305623,TYRE_0097,BUF_SEC_4,7,0,1.1391652330466568
TYRE_0097,1,MIX,CUR_M4,14.740973972772505,TYRE_0097,BUF_SEC_4,7,0,0.7462193488922566
TYRE_0097,2,CAL,CAL_M3,34.0,TYRE_0097,BUF_SEC_5,9,1,1.0
TYRE_0097,2,CAL,INS_M3,31.04080666142018,TYRE_0097,BUF_SEC_5,9,0,1.0953323594601594
TYRE_0097,3,EXT,EXT_M3,26.0,TYRE_0097,BUF_SEC_1,10,1,1.0
TYRE_0097,3,EXT,MIX_M2,23.463450573428144,TYRE_0097,BUF_SEC_1,10,0,1.1081064108040632
TYRE_0097,3,EXT,BLD_M1,28.302038360472974,TYRE_0097,BUF_SEC_1,10,0,0.918661746862444
TYRE_0097,3,EXT,BLD_M6,32.98579811374345,TYRE_0097,BUF_SEC_1,10,0,0.7882180055290876
TYRE_0097,4,BLD,BLD_M1,38.0,TYRE_0097,BUF_SEC_3,9,1,1.0
TYRE_0097,4,BLD,EXT_M2,34.225174846729246,TYRE_0097,BUF_SEC_3,9,0,1.110293816472102
TYRE_0097,5,CUR,CUR_M4,49.0,TYRE_0097,BUF_SEC_1,14,1,1.0
TYRE_0097,5,CUR,BLD_M5,57.87725404130544,TYRE_0097,BUF_SEC_1,14,0,0.8466192947756301
TYRE_0097,5,CUR,MIX_M4,42.837384981917886,TYRE_0097,BUF_SEC_1,14,0,1.1438606726503828
TYRE_0097,6,FIN,FIN_M4,17.0,TYRE_0097,BUF_SEC_3,1,1,1.0
TYRE_0097,6,FIN,CAL_M3,15.770747048753604,TYRE_0097,BUF_SEC_3,1,0,1.0779451314161776
TYRE_0097,6,FIN,EXT_M4,16.490133425125784,TYRE_0097,BUF_SEC_3,1,0,1.030919493598356
TYRE_0097,7,INS,INS_M1,21.0,TYRE_0097,BUF_SEC_4,11,1,1.0
TYRE_0097,7,INS,FIN_M3,24.599835752289515,TYRE_0097,BUF_SEC_4,11,0,0.8536642362762736
TYRE_0097,7,INS,BLD_M1,25.19593738722389,TYRE_0097,BUF_SEC_4,11,0,0.833467700655919
TYRE_0098,1,MIX,MIX_M3,13.0,TYRE_0098,BUF_SEC_4,13,1,1.0
TYRE_0098,1,MIX,FIN_M2,11.777609192616339,TYRE_0098,BUF_SEC_4,13,0,1.1037893843641888
TYRE_0098,2,CAL,CAL_M3,33.0,TYRE_0098,BUF_SEC_2,6,1,1.0
TYRE_0098,2,CAL,INS_M1,33.53073818357116,TYRE_0098,BUF_SEC_2,6,0,0.9841715926244892
TYRE_0098,3,EXT,EXT_M2,40.0,TYRE_0098,BUF_SEC_1,3,1,1.0
TYRE_0098,3,EXT,CUR_M2,54.193652737271286,TYRE_0098,BUF_SEC_1,3,0,0.7380938168888235
TYRE_0098,3,EXT,BLD_M6,32.984166917189654,TYRE_0098,BUF_SEC_1,3,0,1.2127030553909202
TYRE_0098,3,EXT,FIN_M4,38.52200033523364,TYRE_0098,BUF_SEC_1,3,0,1.0383676769613266
TYRE_0098,4,BLD,BLD_M4,47.0,TYRE_0098,BUF_SEC_3,4,1,1.0
TYRE_0098,4,BLD,EXT_M3,67.07137215633546,TYRE_0098,BUF_SEC_3,4,0,0.7007460633196612
TYRE_0098,4,BLD,BLD_M2,40.53932935825813,TYRE_0098,BUF_SEC_3,4,0,1.159367970413299
TYRE_0098,4,BLD,FIN_M3,41.08833395636577,TYRE_0098,BUF_SEC_3,4,0,1.1438769955947152
TYRE_0098,5,CUR,CUR_M1,78.0,TYRE_0098,BUF_SEC_4,5,1,1.0
TYRE_0098,5,CUR,BLD_M6,69.5287478913993,TYRE_0098,BUF_SEC_4,5,0,1.1218381225825094
TYRE_0098,5,CUR,INS_M1,61.44309834809497,TYRE_0098,BUF_SEC_4,5,0,1.2694672322366434
TYRE_0098,5,CUR,BLD_M4,86.91208172323624,TYRE_0098,BUF_SEC_4,5,0,0.8974586553844612
TYRE_0098,6,FIN,FIN_M3,10.0,TYRE_0098,BUF_SEC_2,6,1,1.0
TYRE_0098,6,FIN,EXT_M2,10.191917762881621,TYRE_0098,BUF_SEC_2,6,0,0.9811696122999958
TYRE_0098,7,INS,INS_M1,18.0,TYRE_0098,BUF_SEC_4,13,1,1.0
TYRE_0098,7,INS,EXT_M1,19.488836883771942,TYRE_0098,BUF_SEC_4,13,0,0.9236056572975028
TYRE_0098,7,INS,MIX_M1,15.78962885527086,TYRE_0098,BUF_SEC_4,13,0,1.1399887967595437
TYRE_0098,7,INS,FIN_M4,19.082292608534686,TYRE_0098,BUF_SEC_4,13,0,0.9432828837321872
TYRE_0099,1,MIX,MIX_M3,20.0,TYRE_0099,BUF_SEC_4,9,1,1.0
TYRE_0099,1,MIX,MIX_M2,23.88587428172627,TYRE_0099,BUF_SEC_4,9,0,0.8373149654940982
TYRE_0099,2,CAL,CAL_M3,15.0,TYRE_0099,BUF_SEC_4,10,1,1.0
TYRE_0099,2,CAL,EXT_M3,17.710098055152315,TYRE_0099,BUF_SEC_4,10,0,0.8469744183960698
TYRE_0099,2,CAL,CUR_M7,13.17631358176516,TYRE_0099,BUF_SEC_4,10,0,1.138406422017662
TYRE_0099,3,EXT,EXT_M2,42.0,TYRE_0099,BUF_SEC_5,12,1,1.0
TYRE_0099,3,EXT,CUR_M7,37.457588307750655,TYRE_0099,BUF_SEC_5,12,0,1.1212681301030114
TYRE_0099,4,BLD,BLD_M2,38.0,TYRE_0099,BUF_SEC_4,3,1,1.0
TYRE_0099,4,BLD,CUR_M6,42.20124645277655,TYRE_0099,BUF_SEC_4,3,0,0.9004473373202905
TYRE_0099,5,CUR,CUR_M7,44.0,TYRE_0099,BUF_SEC_4,1,1,1.0
TYRE_0099,5,CUR,MIX_M3,44.35635781595224,TYRE_0099,BUF_SEC_4,1,0,0.9919660262136294
TYRE_0099,5,CUR,BLD_M5,34.49000128904645,TYRE_0099,BUF_SEC_4,1,0,1.2757320485799402
TYRE_0099,5,CUR,EXT_M1,38.60965187528562,TYRE_0099,BUF_SEC_4,1,0,1.1396114148380807
TYRE_0099,6,FIN,FIN_M2,30.0,TYRE_0099,BUF_SEC_1,7,1,1.0
TYRE_0099,6,FIN,CUR_M7,38.21121127333607,TYRE_0099,BUF_SEC_1,7,0,0.7851098931515452
TYRE_0099,7,INS,INS_M1,12.0,TYRE_0099,BUF_SEC_3,9,1,1.0
TYRE_0099,7,INS,CUR_M6,12.32935541564727,TYRE_0099,BUF_SEC_3,9,0,0.9732868909570664
TYRE_0100,1,MIX,MIX_M2,22.0,TYRE_0100,BUF_SEC_5,3,1,1.0
TYRE_0100,1,MIX,EXT_M1,24.484951179918802,TYRE_0100,BUF_SEC_5,3,0,0.898511082923587
TYRE_0100,1,MIX,EXT_M4,25.71236418488298,TYRE_0100,BUF_SEC_5,3,0,0.8556194927004969
TYRE_0100,2,CAL,CAL_M4,29.0,TYRE_0100,BUF_SEC_2,10,1,1.0
TYRE_0100,2,CAL,MIX_M4,24.164506765624985,TYRE_0100,BUF_SEC_2,10,0,1.2001072598449931
TYRE_0100,2,CAL,BLD_M2,35.47883870590027,TYRE_0100,BUF_SEC_2,10,0,0.8173886479316242
TYRE_0100,3,EXT,EXT_M3,20.0,TYRE_0100,BUF_SEC_3,5,1,1.0
TYRE_0100,3,EXT,CAL_M2,17.324941259707682,TYRE_0100,BUF_SEC_3,5,0,1.1544050684035307
TYRE_0100,4,BLD,BLD_M3,29.0,TYRE_0100,BUF_SEC_3,8,1,1.0
TYRE_0100,4,BLD,INS_M1,29.875220032793408,TYRE_0100,BUF_SEC_3,8,0,0.9707041477240101
TYRE_0100,5,CUR,CUR_M6,89.0,TYRE_0100,BUF_SEC_4,8,1,1.0
TYRE_0100,6,FIN,FIN_M1,11.0,TYRE_0100,BUF_SEC_2,14,1,1.0
TYRE_0100,6,FIN,CUR_M2,10.968814233771267,TYRE_0100,BUF_SEC_2,14,0,1.0028431301291179
TYRE_0100,6,FIN,CAL_M4,11.294051184095846,TYRE_0100,BUF_SEC_2,14,0,0.9739640648600987
TYRE_0100,6,FIN,EXT_M5,13.668280283827293,TYRE_0100,BUF_SEC_2,14,0,0.8047830284118127
TYRE_0100,7,INS,INS_M1,15.0,TYRE_0100,BUF_SEC_3,6,1,1.0
TYRE_0100,7,INS,BLD_M3,20.873380667305547,TYRE_0100,BUF_SEC_3,6,0,0.7186186195269673
TYRE_0100,7,INS,CAL_M2,17.384563969213545,TYRE_0100,BUF_SEC_3,6,0,0.8628344102597921
TYRE_0100,7,INS,CUR_M5,13.1723265867148,TYRE_0100,BUF_SEC_3,6,0,1.1387509944620213
TYRE_0101,1,MIX,MIX_M1,12.0,TYRE_0101,BUF_SEC_5,2,1,1.0
TYRE_0101,1,MIX,FIN_M2,13.544264401953459,TYRE_0101,BUF_SEC_5,2,0,0.8859838854201094
TYRE_0101,1,MIX,CUR_M4,15.056340679091214,TYRE_0101,BUF_SEC_5,2,0,0.7970064078494475
TYRE_0101,1,MIX,BLD_M5,11.2496693545524,TYRE_0101,BUF_SEC_5,2,0,1.0666980176749785
TYRE_0101,2,CAL,CAL_M3,29.0,TYRE_0101,BUF_SEC_3,5,1,1.0
TYRE_0101,2,CAL,CUR_M2,23.142239537809616,TYRE_0101,BUF_SEC_3,5,0,1.2531198613090155
TYRE_0101,2,CAL,CUR_M3,29.34275845711234,TYRE_0101,BUF_SEC_3,5,0,0.988318805895045
TYRE_0101,3,EXT,EXT_M4,30.0,TYRE_0101,BUF_SEC_3,1,1,1.0
TYRE_0101,3,EXT,INS_M1,38.312072177511254,TYRE_0101,BUF_SEC_3,1,0,0.7830430017202165
TYRE_0101,4,EXT,EXT_M5,29.0,TYRE_0101,BUF_SEC_5,10,1,1.0
TYRE_0101,4,EXT,CAL_M1,34.39619702893865,TYRE_0101,BUF_SEC_5,10,0,0.8431164635904762
TYRE_0101,4,EXT,FIN_M4,29.67623016834747,TYRE_0101,BUF_SEC_5,10,0,0.9772130703761446
TYRE_0101,4,EXT,INS_M3,35.673620165277654,TYRE_0101,BUF_SEC_5,10,0,0.8129256258726072
TYRE_0101,5,BLD,BLD_M4,28.0,TYRE_0101,BUF_SEC_3,9,1,1.0
TYRE_0101,5,BLD,CUR_M6,22.788274773131096,TYRE_0101,BUF_SEC_3,9,0,1.2287020530845045
TYRE_0101,6,CUR,CUR_M4,88.0,TYRE_0101,BUF_SEC_5,2,1,1.0
TYRE_0101,6,CUR,FIN_M4,117.19600933945107,TYRE_0101,BUF_SEC_5,2,0,0.750878809747808
TYRE_0101,6,CUR,CUR_M5,72.41682119850422,TYRE_0101,BUF_SEC_5,2,0,1.2151872802974903
TYRE_0101,6,CUR,BLD_M3,110.81751836738017,TYRE_0101,BUF_SEC_5,2,0,0.794098273417963
TYRE_0101,7,FIN,FIN_M1,21.0,TYRE_0101,BUF_SEC_1,11,1,1.0
TYRE_0101,7,FIN,INS_M3,20.330385695893515,TYRE_0101,BUF_SEC_1,11,0,1.0329366257051256
TYRE_0101,8,INS,INS_M2,13.0,TYRE_0101,BUF_SEC_5,14,1,1.0
TYRE_0101,8,INS,BLD_M2,13.128790447414726,TYRE_0101,BUF_SEC_5,14,0,0.9901902275056811
TYRE_0101,8,INS,CUR_M3,10.022890338905137,TYRE_0101,BUF_SEC_5,14,0,1.2970310519650035
TYRE_0101,8,INS,FIN_M1,11.773308404730173,TYRE_0101,BUF_SEC_5,14,0,1.104192598469346
TYRE_0102,1,MIX,MIX_M3,28.0,TYRE_0102,BUF_SEC_4,9,1,1.0
TYRE_0102,1,MIX,BLD_M5,27.892946236622446,TYRE_0102,BUF_SEC_4,9,0,1.0038380227914754
TYRE_0102,2,CAL,CAL_M4,31.0,TYRE_0102,BUF_SEC_3,7,1,1.0
TYRE_0102,2,CAL,CUR_M3,29.29399914489818,TYRE_0102,BUF_SEC_3,7,0,1.0582372125657324
TYRE_0102,2,CAL,EXT_M1,34.24963165813902,TYRE_0102,BUF_SEC_3,7,0,0.9051192231620164
TYRE_0102,2,CAL,BLD_M2,31.76987938990756,TYRE_0102,BUF_SEC_3,7,0,0.9757670030641623
TYRE_0102,3,EXT,EXT_M3,16.0,TYRE_0102,BUF_SEC_5,6,1,1.0
TYRE_0102,3,EXT,CUR_M7,18.227776473847317,TYRE_0102,BUF_SEC_5,6,0,0.8777812270715704
TYRE_0102,3,EXT,EXT_M1,18.953226346127384,TYRE_0102,BUF_SEC_5,6,0,0.8441834497095635
TYRE_0102,4,BLD,BLD_M2,32.0,TYRE_0102,BUF_SEC_2,6,1,1.0
TYRE_0102,4,BLD,FIN_M4,43.759678579718404,TYRE_0102,BUF_SEC_2,6,0,0.7312667971659019
TYRE_0102,5,CUR,CUR_M1,40.0,TYRE_0102,BUF_SEC_3,5,1,1.0
TYRE_0102,5,CUR,CUR_M6,32.206309414242476,TYRE_0102,BUF_SEC_3,5,0,1.2419926631615528
TYRE_0102,6,FIN,FIN_M2,19.0,TYRE_0102,BUF_SEC_3,12,1,1.0
TYRE_0102,6,FIN,CUR_M5,18.70241998208791,TYRE_0102,BUF_SEC_3,12,0,1.0159113108462485
TYRE_0102,6,FIN,MIX_M1,25.93640586654354,TYRE_0102,BUF_SEC_3,12,0,0.7325610224394621
TYRE_0102,7,INS,INS_M1,14.0,TYRE_0102,BUF_SEC_3,9,1,1.0
TYRE_0102,7,INS,EXT_M4,12.281437113525461,TYRE_0102,BUF_SEC_3,9,0,1.1399317417488462
TYRE_0102,7,INS,CAL_M3,15.266068147242935,TYRE_0102,BUF_SEC_3,9,0,0.9170665206632405
TYRE_0102,7,INS,FIN_M4,17.24522043772244,TYRE_0102,BUF_SEC_3,9,0,0.8118191385583103
TYRE_0103,1,MIX,MIX_M3,19.0,TYRE_0103,BUF_SEC_3,11,1,1.0
TYRE_0103,1,MIX,EXT_M2,20.782296314699785,TYRE_0103,BUF_SEC_3,11,0,0.9142396832519837
TYRE_0103,2,CAL,CAL_M3,18.0,TYRE_0103,BUF_SEC_5,4,1,1.0
TYRE_0103,2,CAL,CUR_M7,20.646850560094666,TYRE_0103,BUF_SEC_5,4,0,0.8718036655328739
TYRE_0103,3,EXT,EXT_M1,30.0,TYRE_0103,BUF_SEC_5,4,1,1.0
TYRE_0103,3,EXT,MIX_M4,27.916422158789608,TYRE_0103,BUF_SEC_5,4,0,1.0746362778639371
TYRE_0103,3,EXT,EXT_M5,32.72966906921832,TYRE_0103,BUF_SEC_5,4,0,0.9165995518180927
TYRE_0103,4,BLD,BLD_M6,33.0,TYRE_0103,BUF_SEC_3,1,1,1.0
TYRE_0103,4,BLD,CUR_M4,36.07828526263348,TYRE_0103,BUF_SEC_3,1,0,0.9146776172918152
TYRE_0103,4,BLD,EXT_M4,33.106592706845234,TYRE_0103,BUF_SEC_3,1,0,0.9967803178119506
TYRE_0103,4,BLD,FIN_M4,44.708538624875,TYRE_0103,BUF_SEC_3,1,0,0.738114038503585
TYRE_0103,5,CUR,CUR_M3,48.0,TYRE_0103,BUF_SEC_4,14,1,1.0
TYRE_0103,5,CUR,EXT_M2,40.23628702920335,TYRE_0103,BUF_SEC_4,14,0,1.1929530168914884
TYRE_0103,6,FIN,FIN_M4,27.0,TYRE_0103,BUF_SEC_4,2,1,1.0
TYRE_0103,6,FIN,CAL_M2,25.748052580902367,TYRE_0103,BUF_SEC_4,2,0,1.048622994502746
TYRE_0103,6,FIN,CUR_M3,30.96393794946548,TYRE_0103,BUF_SEC_4,2,0,0.8719821117089563
TYRE_0103,6,FIN,BLD_M2,23.674467016180362,TYRE_0103,BUF_SEC_4,2,0,1.1404691806386515
TYRE_0103,7,INS,INS_M3,17.0,TYRE_0103,BUF_SEC_4,14,1,1.0
TYRE_0103,7,INS,CAL_M1,14.985289913953666,TYRE_0103,BUF_SEC_4,14,0,1.1344458530742418
TYRE_0103,7,INS,EXT_M5,17.00016797929049,TYRE_0103,BUF_SEC_4,14,0,0.999990118962901
TYRE_0104,1,MIX,MIX_M3,12.0,TYRE_0104,BUF_SEC_5,8,1,1.0
TYRE_0104,1,MIX,FIN_M1,12.317607434793693,TYRE_0104,BUF_SEC_5,8,0,0.9742151682885636
TYRE_0104,2,CAL,CAL_M4,42.0,TYRE_0104,BUF_SEC_4,6,1,1.0
TYRE_0104,2,CAL,BLD_M6,35.45198079169585,TYRE_0104,BUF_SEC_4,6,0,1.1847010819163575
TYRE_0104,3,CAL,CAL_M1,28.0,TYRE_0104,BUF_SEC_1,1,1,1.0
TYRE_0104,3,CAL,CAL_M2,30.955253655566892,TYRE_0104,BUF_SEC_1,1,0,0.9045314346815108
TYRE_0104,3,CAL,CUR_M1,31.40491482996398,TYRE_0104,BUF_SEC_1,1,0,0.8915801921960542
TYRE_0104,4,EXT,EXT_M1,29.0,TYRE_0104,BUF_SEC_1,14,1,1.0
TYRE_0104,4,EXT,BLD_M6,28.489819077580105,TYRE_0104,BUF_SEC_1,14,0,1.017907482003681
TYRE_0104,5,EXT,EXT_M1,42.0,TYRE_0104,BUF_SEC_1,7,1,1.0
TYRE_0104,5,EXT,BLD_M6,33.9507124321641,TYRE_0104,BUF_SEC_1,7,0,1.2370874420947406
TYRE_0104,5,EXT,FIN_M1,37.796865043441585,TYRE_0104,BUF_SEC_1,7,0,1.1112032691528138
TYRE_0104,6,BLD,BLD_M3,38.0,TYRE_0104,BUF_SEC_1,8,1,1.0
TYRE_0104,6,BLD,CUR_M8,35.91102555854328,TYRE_0104,BUF_SEC_1,8,0,1.0581708377570895
TYRE_0104,6,BLD,MIX_M1,53.790580515662334,TYRE_0104,BUF_SEC_1,8,0,0.7064433890787895
TYRE_0104,6,BLD,CAL_M2,30.94772208220371,TYRE_0104,BUF_SEC_1,8,0,1.2278771244960758
TYRE_0104,7,CUR,CUR_M7,76.0,TYRE_0104,BUF_SEC_2,2,1,1.0
TYRE_0104,7,CUR,CUR_M4,78.11714143298198,TYRE_0104,BUF_SEC_2,2,0,0.9728978634631898
TYRE_0104,8,CUR,CUR_M7,85.0,TYRE_0104,BUF_SEC_4,10,1,1.0
TYRE_0104,8,CUR,FIN_M3,88.67134802907813,TYRE_0104,BUF_SEC_4,10,0,0.9585960052409017
TYRE_0104,8,CUR,BLD_M4,74.84070685345219,TYRE_0104,BUF_SEC_4,10,0,1.1357455531044225
TYRE_0104,9,FIN,FIN_M4,19.0,TYRE_0104,BUF_SEC_3,1,1,1.0
TYRE_0104,9,FIN,BLD_M6,16.09615045384646,TYRE_0104,BUF_SEC_3,1,0,1.1804064614380898
TYRE_0104,9,FIN,FIN_M1,21.71896601904827,TYRE_0104,BUF_SEC_3,1,0,0.8748114428346337
TYRE_0104,9,FIN,CUR_M8,18.858306538431012,TYRE_0104,BUF_SEC_3,1,0,1.0075135835383857
TYRE_0104,10,INS,INS_M1,22.0,TYRE_0104,BUF_SEC_3,10,1,1.0
TYRE_0104,10,INS,BLD_M2,19.63296066853909,TYRE_0104,BUF_SEC_3,10,0,1.1205645634106516
TYRE_0104,10,INS,CUR_M8,22.947486950780593,TYRE_0104,BUF_SEC_3,10,0,0.9587106443153086
TYRE_0104,10,INS,FIN_M3,23.51292805207464,TYRE_0104,BUF_SEC_3,10,0,0.9356554807328156
TYRE_0105,1,MIX,MIX_M1,20.0,TYRE_0105,BUF_SEC_5,12,1,1.0
TYRE_0105,1,MIX,BLD_M4,19.562745959823467,TYRE_0105,BUF_SEC_5,12,0,1.0223513632020031
TYRE_0105,1,MIX,EXT_M3,28.123533164846425,TYRE_0105,BUF_SEC_5,12,0,0.7111482004330595
TYRE_0105,2,CAL,CAL_M2,40.0,TYRE_0105,BUF_SEC_1,2,1,1.0
TYRE_0105,2,CAL,CUR_M6,37.331160577100846,TYRE_0105,BUF_SEC_1,2,0,1.0714909309445964
TYRE_0105,3,EXT,EXT_M5,29.0,TYRE_0105,BUF_SEC_2,11,1,1.0
TYRE_0105,3,EXT,CAL_M4,39.62594911509778,TYRE_0105,BUF_SEC_2,11,0,0.7318436693028202
TYRE_0105,4,BLD,BLD_M6,49.0,TYRE_0105,BUF_SEC_1,14,1,1.0
TYRE_0105,4,BLD,EXT_M3,54.610868305603674,TYRE_0105,BUF_SEC_1,14,0,0.897257295485486
TYRE_0105,4,BLD,MIX_M4,64.90246307938983,TYRE_0105,BUF_SEC_1,14,0,0.7549790512582295
TYRE_0105,5,CUR,CUR_M6,45.0,TYRE_0105,BUF_SEC_5,9,1,1.0
TYRE_0105,5,CUR,MIX_M4,42.27008001145736,TYRE_0105,BUF_SEC_5,9,0,1.064582796810479
TYRE_0105,6,FIN,FIN_M4,13.0,TYRE_0105,BUF_SEC_4,2,1,1.0
TYRE_0105,6,FIN,INS_M3,13.108469793974159,TYRE_0105,BUF_SEC_4,2,0,0.9917252131119056
TYRE_0105,7,INS,INS_M1,23.0,TYRE_0105,BUF_SEC_1,14,1,1.0
TYRE_0105,7,INS,EXT_M3,18.265166515312476,TYRE_0105,BUF_SEC_1,14,0,1.2592275017431738
TYRE_0105,7,INS,CAL_M3,20.77466171320233,TYRE_0105,BUF_SEC_1,14,0,1.1071179072621655
TYRE_0105,7,INS,EXT_M2,19.231054019804546,TYRE_0105,BUF_SEC_1,14,0,1.1959822886626035
TYRE_0106,1,MIX,MIX_M4,26.0,TYRE_0106,BUF_SEC_5,3,1,1.0
TYRE_0106,1,MIX,EXT_M1,31.63425379378106,TYRE_0106,BUF_SEC_5,3,0,0.8218938929139941
TYRE_0106,2,CAL,CAL_M1,27.0,TYRE_0106,BUF_SEC_3,2,1,1.0
TYRE_0106,2,CAL,FIN_M1,38.361737754744,TYRE_0106,BUF_SEC_3,2,0,0.7038263014209009
TYRE_0106,2,CAL,BLD_M3,23.970126694488535,TYRE_0106,BUF_SEC_3,2,0,1.1264020563649388
TYRE_0106,3,EXT,EXT_M3,38.0,TYRE_0106,BUF_SEC_3,14,1,1.0
TYRE_0106,3,EXT,CAL_M2,42.702160391562025,TYRE_0106,BUF_SEC_3,14,0,0.889884718982715
TYRE_0106,3,EXT,INS_M3,45.76733482043372,TYRE_0106,BUF_SEC_3,14,0,0.8302864947039512
TYRE_0106,4,BLD,BLD_M3,27.0,TYRE_0106,BUF_SEC_4,13,1,1.0
TYRE_0106,4,BLD,CAL_M2,36.59084351561973,TYRE_0106,BUF_SEC_4,13,0,0.737889521144118
TYRE_0106,4,BLD,CAL_M1,25.568031840535856,TYRE_0106,BUF_SEC_4,13,0,1.056006194313083
TYRE_0106,4,BLD,CUR_M1,21.231555449702505,TYRE_0106,BUF_SEC_4,13,0,1.271692037070149
TYRE_0106,5,CUR,CUR_M6,89.0,TYRE_0106,BUF_SEC_4,7,1,1.0
TYRE_0106,5,CUR,FIN_M3,79.3633635719316,TYRE_0106,BUF_SEC_4,7,0,1.1214242440636246
TYRE_0106,6,FIN,FIN_M2,12.0,TYRE_0106,BUF_SEC_3,7,1,1.0
TYRE_0106,6,FIN,INS_M2,16.851640825713673,TYRE_0106,BUF_SEC_3,7,0,0.7120968292707364
TYRE_0106,7,INS,INS_M3,30.0,TYRE_0106,BUF_SEC_5,10,1,1.0
TYRE_0106,7,INS,FIN_M2,41.21216251605309,TYRE_0106,BUF_SEC_5,10,0,0.7279404469084656
TYRE_0107,1,MIX,MIX_M1,26.0,TYRE_0107,BUF_SEC_4,7,1,1.0
TYRE_0107,1,MIX,CAL_M1,28.998664365422652,TYRE_0107,BUF_SEC_4,7,0,0.8965930179529857
TYRE_0107,1,MIX,INS_M2,29.151199349433497,TYRE_0107,BUF_SEC_4,7,0,0.8919015539751802
TYRE_0107,2,CAL,CAL_M2,43.0,TYRE_0107,BUF_SEC_4,3,1,1.0
TYRE_0107,2,CAL,EXT_M3,48.4115068414999,TYRE_0107,BUF_SEC_4,3,0,0.8882185828419416
TYRE_0107,2,CAL,CUR_M6,52.60401824340153,TYRE_0107,BUF_SEC_4,3,0,0.8174280489569591
TYRE_0107,3,EXT,EXT_M3,26.0,TYRE_0107,BUF_SEC_4,7,1,1.0
TYRE_0107,3,EXT,FIN_M3,23.70934258665367,TYRE_0107,BUF_SEC_4,7,0,1.0966141260549238
TYRE_0107,4,EXT,EXT_M2,22.0,TYRE_0107,BUF_SEC_3,2,1,1.0
TYRE_0107,4,EXT,CUR_M2,21.029144427651676,TYRE_0107,BUF_SEC_3,2,0,1.0461671455863761
TYRE_0107,4,EXT,FIN_M3,23.08651963450153,TYRE_0107,BUF_SEC_3,2,0,0.9529370536701518
TYRE_0107,5,BLD,BLD_M1,24.0,TYRE_0107,BUF_SEC_2,8,1,1.0
TYRE_0107,5,BLD,BLD_M3,18.781716631203246,TYRE_0107,BUF_SEC_2,8,0,1.277838467657812
TYRE_0107,6,CUR,CUR_M5,52.0,TYRE_0107,BUF_SEC_2,2,1,1.0
TYRE_0107,6,CUR,CUR_M7,48.108378977238345,TYRE_0107,BUF_SEC_2,2,0,1.0808927905179035
TYRE_0107,6,CUR,EXT_M5,62.657153529004965,TYRE_0107,BUF_SEC_2,2,0,0.829913219341003
TYRE_0107,7,FIN,FIN_M2,29.0,TYRE_0107,BUF_SEC_3,12,1,1.0
TYRE_0107,7,FIN,MIX_M4,30.27630608549733,TYRE_0107,BUF_SEC_3,12,0,0.9578447224739648
TYRE_0107,7,FIN,BLD_M4,22.539886901942285,TYRE_0107,BUF_SEC_3,12,0,1.2866080529224413
TYRE_0107,8,INS,INS_M1,30.0,TYRE_0107,BUF_SEC_5,4,1,1.0
TYRE_0107,8,INS,INS_M3,24.71463059594857,TYRE_0107,BUF_SEC_5,4,0,1.2138558933151868
TYRE_0107,8,INS,BLD_M1,25.822845327661103,TYRE_0107,BUF_SEC_5,4,0,1.1617619832104398
TYRE_0108,1,MIX,MIX_M1,15.0,TYRE_0108,BUF_SEC_3,11,1,1.0
TYRE_0108,1,MIX,EXT_M1,13.978266288741176,TYRE_0108,BUF_SEC_3,11,0,1.0730944517834649
TYRE_0108,1,MIX,CAL_M1,12.60105460946995,TYRE_0108,BUF_SEC_3,11,0,1.190376556953193
TYRE_0108,2,CAL,CAL_M4,29.0,TYRE_0108,BUF_SEC_1,4,1,1.0
TYRE_0108,2,CAL,FIN_M2,32.84568014720576,TYRE_0108,BUF_SEC_1,4,0,0.8829167144668514
TYRE_0108,3,EXT,EXT_M5,39.0,TYRE_0108,BUF_SEC_1,12,1,1.0
TYRE_0108,3,EXT,BLD_M3,50.9469722049447,TYRE_0108,BUF_SEC_1,12,0,0.7655018210525733
TYRE_0108,3,EXT,MIX_M1,35.6966009233402,TYRE_0108,BUF_SEC_1,12,0,1.0925409980562009
TYRE_0108,4,BLD,BLD_M5,34.0,TYRE_0108,BUF_SEC_5,6,1,1.0
TYRE_0108,4,BLD,CAL_M3,26.269549283532093,TYRE_0108,BUF_SEC_5,6,0,1.2942742044422508
TYRE_0108,4,BLD,FIN_M1,35.11318391612688,TYRE_0108,BUF_SEC_5,6,0,0.9682972663833082
TYRE_0108,4,BLD,EXT_M2,27.197860171839093,TYRE_0108,BUF_SEC_5,6,0,1.250098345428068
TYRE_0108,5,CUR,CUR_M6,80.0,TYRE_0108,BUF_SEC_2,14,1,1.0
TYRE_0108,5,CUR,EXT_M2,81.40371536786958,TYRE_0108,BUF_SEC_2,14,0,0.9827561265290401
TYRE_0108,6,FIN,FIN_M3,14.0,TYRE_0108,BUF_SEC_3,11,1,1.0
TYRE_0108,6,FIN,FIN_M1,11.706668182288068,TYRE_0108,BUF_SEC_3,11,0,1.1958996173806047
TYRE_0108,6,FIN,EXT_M5,14.677155693993189,TYRE_0108,BUF_SEC_3,11,0,0.9538632887657978
TYRE_0108,7,INS,INS_M2,12.0,TYRE_0108,BUF_SEC_5,10,1,1.0
TYRE_0108,7,INS,FIN_M1,11.543342494154512,TYRE_0108,BUF_SEC_5,10,0,1.0395602492152283
TYRE_0109,1,MIX,MIX_M4,24.0,TYRE_0109,BUF_SEC_4,3,1,1.0
TYRE_0109,1,MIX,INS_M2,26.176271979699617,TYRE_0109,BUF_SEC_4,3,0,0.9168608890759016
TYRE_0109,1,MIX,BLD_M5,21.902350138808067,TYRE_0109,BUF_SEC_4,3,0,1.0957728210853124
TYRE_0109,1,MIX,CUR_M1,26.72377797069619,TYRE_0109,BUF_SEC_4,3,0,0.898076612757263
TYRE_0109,2,CAL,CAL_M3,40.0,TYRE_0109,BUF_SEC_5,8,1,1.0
TYRE_0109,2,CAL,FIN_M4,42.326609224721395,TYRE_0109,BUF_SEC_5,8,0,0.9450319960106204
TYRE_0109,3,EXT,EXT_M3,33.0,TYRE_0109,BUF_SEC_2,14,1,1.0
TYRE_0109,3,EXT,EXT_M1,26.370574016134537,TYRE_0109,BUF_SEC_2,14,0,1.251394830457969
TYRE_0109,3,EXT,CAL_M2,27.080283212690826,TYRE_0109,BUF_SEC_2,14,0,1.2185987768597255
TYRE_0109,4,BLD,BLD_M1,31.0,TYRE_0109,BUF_SEC_1,2,1,1.0
TYRE_0109,4,BLD,MIX_M3,29.568373516255427,TYRE_0109,BUF_SEC_1,2,0,1.048417491850119
TYRE_0109,5,CUR,CUR_M2,59.0,TYRE_0109,BUF_SEC_4,2,1,1.0
TYRE_0109,5,CUR,BLD_M4,52.80847001253759,TYRE_0109,BUF_SEC_4,2,0,1.1172450174374005
TYRE_0109,5,CUR,MIX_M3,46.43502852926988,TYRE_0109,BUF_SEC_4,2,0,1.2705925218245513
TYRE_0109,5,CUR,BLD_M5,77.3310473829084,TYRE_0109,BUF_SEC_4,2,0,0.7629535871647861
TYRE_0109,6,FIN,FIN_M4,24.0,TYRE_0109,BUF_SEC_1,9,1,1.0
TYRE_0109,6,FIN,INS_M3,30.394487451693422,TYRE_0109,BUF_SEC_1,9,0,0.7896168684582587
TYRE_0109,6,FIN,CUR_M2,21.82497274466487,TYRE_0109,BUF_SEC_1,9,0,1.0996577306547528
TYRE_0109,7,INS,INS_M1,11.0,TYRE_0109,BUF_SEC_4,5,1,1.0
TYRE_0109,7,INS,EXT_M2,8.843516613507944,TYRE_0109,BUF_SEC_4,5,0,1.2438490795842636
TYRE_0109,7,INS,CUR_M7,8.79246659242247,TYRE_0109,BUF_SEC_4,5,0,1.2510710031562735
TYRE_0109,7,INS,INS_M3,10.60921769991572,TYRE_0109,BUF_SEC_4,5,0,1.0368342238926236
TYRE_0110,1,MIX,MIX_M3,19.0,TYRE_0110,BUF_SEC_2,3,1,1.0
TYRE_0110,1,MIX,CAL_M2,19.660124097575483,TYRE_0110,BUF_SEC_2,3,0,0.9664231978242247
TYRE_0110,1,MIX,BLD_M3,19.469817100943867,TYRE_0110,BUF_SEC_2,3,0,0.9758694651054995
TYRE_0110,2,CAL,CAL_M1,35.0,TYRE_0110,BUF_SEC_2,10,1,1.0
TYRE_0110,2,CAL,CAL_M2,32.440880655937136,TYRE_0110,BUF_SEC_2,10,0,1.07888563110245
TYRE_0110,3,EXT,EXT_M1,34.0,TYRE_0110,BUF_SEC_4,11,1,1.0
TYRE_0110,3,EXT,EXT_M2,30.460321160908844,TYRE_0110,BUF_SEC_4,11,0,1.1162062218711533
TYRE_0110,3,EXT,CUR_M1,36.416289038998436,TYRE_0110,BUF_SEC_4,11,0,0.9336481255294624
TYRE_0110,4,BLD,BLD_M5,36.0,TYRE_0110,BUF_SEC_5,5,1,1.0
TYRE_0110,4,BLD,CAL_M3,50.983918710097505,TYRE_0110,BUF_SEC_5,5,0,0.7061050015535605
TYRE_0110,5,CUR,CUR_M7,69.0,TYRE_0110,BUF_SEC_3,9,1,1.0
TYRE_0110,5,CUR,EXT_M4,89.03888219033607,TYRE_0110,BUF_SEC_3,9,0,0.7749423431945217
TYRE_0110,5,CUR,EXT_M3,73.17854773563651,TYRE_0110,BUF_SEC_3,9,0,0.9428992803911351
TYRE_0110,5,CUR,FIN_M1,95.33062542151654,TYRE_0110,BUF_SEC_3,9,0,0.7237967829845622
TYRE_0110,6,FIN,FIN_M1,24.0,TYRE_0110,BUF_SEC_1,4,1,1.0
TYRE_0110,6,FIN,MIX_M2,20.419593717234193,TYRE_0110,BUF_SEC_1,4,0,1.1753417003465614
TYRE_0110,7,INS,INS_M3,30.0,TYRE_0110,BUF_SEC_2,11,1,1.0
TYRE_0110,7,INS,MIX_M1,29.229994816663115,TYRE_0110,BUF_SEC_2,11,0,1.0263429804954303
TYRE_0111,1,MIX,MIX_M2,20.0,TYRE_0111,BUF_SEC_1,1,1,1.0
TYRE_0111,1,MIX,BLD_M2,19.498971394279646,TYRE_0111,BUF_SEC_1,1,0,1.025695130045031
TYRE_0111,1,MIX,BLD_M6,16.07725646153976,TYRE_0111,BUF_SEC_1,1,0,1.2439933422623617
TYRE_0111,2,CAL,CAL_M4,31.0,TYRE_0111,BUF_SEC_4,13,1,1.0
TYRE_0111,3,EXT,EXT_M2,45.0,TYRE_0111,BUF_SEC_4,2,1,1.0
TYRE_0111,3,EXT,CUR_M5,36.45939170452836,TYRE_0111,BUF_SEC_4,2,0,1.2342498844930228
TYRE_0111,4,BLD,BLD_M1,34.0,TYRE_0111,BUF_SEC_2,6,1,1.0
TYRE_0111,4,BLD,CAL_M3,41.17329690067729,TYRE_0111,BUF_SEC_2,6,0,0.8257779327708077
TYRE_0111,4,BLD,MIX_M3,27.090511433455156,TYRE_0111,BUF_SEC_2,6,0,1.2550519794916843
TYRE_0111,4,BLD,CUR_M3,46.42376064984108,TYRE_0111,BUF_SEC_2,6,0,0.7323835795305478
TYRE_0111,5,CUR,CUR_M2,61.0,TYRE_0111,BUF_SEC_3,5,1,1.0
TYRE_0111,5,CUR,EXT_M5,55.82757953946633,TYRE_0111,BUF_SEC_3,5,0,1.0926499143112074
TYRE_0111,6,FIN,FIN_M1,26.0,TYRE_0111,BUF_SEC_5,14,1,1.0
TYRE_0111,6,FIN,EXT_M3,21.001418833422047,TYRE_0111,BUF_SEC_5,14,0,1.2380115937035225
TYRE_0111,6,FIN,CUR_M2,21.258443386943206,TYRE_0111,BUF_SEC_5,14,0,1.2230434527472989
TYRE_0111,7,INS,INS_M3,15.0,TYRE_0111,BUF_SEC_1,12,1,1.0
TYRE_0111,7,INS,EXT_M3,18.620471820352837,TYRE_0111,BUF_SEC_1,12,0,0.8055649794869573
TYRE_0111,7,INS,CUR_M8,11.992051266170263,TYRE_0111,BUF_SEC_1,12,0,1.2508285419288692
TYRE_0112,1,MIX,MIX_M1,17.0,TYRE_0112,BUF_SEC_3,11,1,1.0
TYRE_0112,1,MIX,FIN_M2,13.435332301477626,TYRE_0112,BUF_SEC_3,11,0,1.2653203968859281
TYRE_0112,2,CAL,CAL_M4,29.0,TYRE_0112,BUF_SEC_4,7,1,1.0
TYRE_0112,2,CAL,BLD_M4,24.949923205706604,TYRE_0112,BUF_SEC_4,7,0,1.1623282268607165
TYRE_0112,2,CAL,EXT_M5,28.700705879937896,TYRE_0112,BUF_SEC_4,7,0,1.0104281100720702
TYRE_0112,3,CAL,CAL_M2,26.0,TYRE_0112,BUF_SEC_4,8,1,1.0
TYRE_0112,3,CAL,CAL_M4,20.703137025312135,TYRE_0112,BUF_SEC_4,8,0,1.2558483271502188
TYRE_0112,3,CAL,BLD_M6,28.822415648063565,TYRE_0112,BUF_SEC_4,8,0,0.9020756732354879
TYRE_0112,4,EXT,EXT_M3,44.0,TYRE_0112,BUF_SEC_1,7,1,1.0
TYRE_0112,4,EXT,CUR_M3,40.42532746325613,TYRE_0112,BUF_SEC_1,7,0,1.088426557335695
TYRE_0112,4,EXT,FIN_M1,43.41211514687898,TYRE_0112,BUF_SEC_1,7,0,1.0135419536949994
TYRE_0112,5,EXT,EXT_M3,27.0,TYRE_0112,BUF_SEC_1,5,1,1.0
TYRE_0112,5,EXT,MIX_M3,25.09204943959268,TYRE_0112,BUF_SEC_1,5,0,1.076038052013271
TYRE_0112,6,BLD,BLD_M4,44.0,TYRE_0112,BUF_SEC_4,12,1,1.0
TYRE_0112,6,BLD,CUR_M1,34.22554515794777,TYRE_0112,BUF_SEC_4,12,0,1.2855894565577848
TYRE_0112,6,BLD,EXT_M2,48.06140041555425,TYRE_0112,BUF_SEC_4,12,0,0.9154955873021159
TYRE_0112,7,CUR,CUR_M6,83.0,TYRE_0112,BUF_SEC_4,6,1,1.0
TYRE_0112,7,CUR,FIN_M4,77.10454842859994,TYRE_0112,BUF_SEC_4,6,0,1.0764604902246375
TYRE_0112,7,CUR,CUR_M7,117.35927741709894,TYRE_0112,BUF_SEC_4,6,0,0.7072299849377491
TYRE_0112,8,CUR,CUR_M1,90.0,TYRE_0112,BUF_SEC_2,1,1,1.0
TYRE_0112,8,CUR,CUR_M5,91.67318019787237,TYRE_0112,BUF_SEC_2,1,0,0.9817484220110955
TYRE_0112,9,FIN,FIN_M3,12.0,TYRE_0112,BUF_SEC_1,7,1,1.0
TYRE_0112,9,FIN,FIN_M4,13.790895486139906,TYRE_0112,BUF_SEC_1,7,0,0.8701392895088076
TYRE_0112,9,FIN,CUR_M3,11.20788051890552,TYRE_0112,BUF_SEC_1,7,0,1.07067522532546
TYRE_0112,9,FIN,CAL_M3,15.334104282291895,TYRE_0112,BUF_SEC_1,7,0,0.7825693486288482
TYRE_0112,10,INS,INS_M2,13.0,TYRE_0112,BUF_SEC_4,7,1,1.0
TYRE_0112,10,INS,CUR_M2,16.351940280355088,TYRE_0112,BUF_SEC_4,7,0,0.7950126882262379
TYRE_0112,10,INS,INS_M1,15.961694393532936,TYRE_0112,BUF_SEC_4,7,0,0.8144498747743911
TYRE_0112,10,INS,CUR_M8,12.93400454487915,TYRE_0112,BUF_SEC_4,7,0,1.0051024765680154
TYRE_0113,1,MIX,MIX_M4,19.0,TYRE_0113,BUF_SEC_2,1,1,1.0
TYRE_0113,1,MIX,FIN_M2,24.176052985208685,TYRE_0113,BUF_SEC_2,1,0,0.7859016528307793
TYRE_0113,2,CAL,CAL_M3,38.0,TYRE_0113,BUF_SEC_2,6,1,1.0
TYRE_0113,2,CAL,CUR_M5,42.874014832624795,TYRE_0113,BUF_SEC_2,6,0,0.8863177416052034
TYRE_0113,2,CAL,CAL_M2,41.47223680510279,TYRE_0113,BUF_SEC_2,6,0,0.916275632264051
TYRE_0113,3,EXT,EXT_M5,42.0,TYRE_0113,BUF_SEC_5,9,1,1.0
TYRE_0113,3,EXT,BLD_M3,40.01405364904207,TYRE_0113,BUF_SEC_5,9,0,1.0496312212798133
TYRE_0113,4,EXT,EXT_M2,25.0,TYRE_0113,BUF_SEC_5,12,1,1.0
TYRE_0113,4,EXT,CUR_M3,22.44436611193849,TYRE_0113,BUF_SEC_5,12,0,1.1138652735976415
TYRE_0113,5,BLD,BLD_M1,38.0,TYRE_0113,BUF_SEC_1,4,1,1.0
TYRE_0113,5,BLD,CUR_M1,33.01751167204661,TYRE_0113,BUF_SEC_1,4,0,1.150904416342546
TYRE_0113,5,BLD,BLD_M3,32.345443220425345,TYRE_0113,BUF_SEC_1,4,0,1.1748177244330955
TYRE_0113,5,BLD,BLD_M2,48.27859953462693,TYRE_0113,BUF_SEC_1,4,0,0.7870982250167635
TYRE_0113,6,CUR,CUR_M3,62.0,TYRE_0113,BUF_SEC_3,1,1,1.0
TYRE_0113,6,CUR,FIN_M4,49.709725831435975,TYRE_0113,BUF_SEC_3,1,0,1.247240835932991
TYRE_0113,7,FIN,FIN_M3,30.0,TYRE_0113,BUF_SEC_3,7,1,1.0
TYRE_0113,7,FIN,CAL_M3,28.09675234555783,TYRE_0113,BUF_SEC_3,7,0,1.067739062188911
TYRE_0113,8,INS,INS_M3,22.0,TYRE_0113,BUF_SEC_3,11,1,1.0
TYRE_0113,8,INS,CUR_M7,20.923362937683997,TYRE_0113,BUF_SEC_3,11,0,1.0514562150225348
TYRE_0113,8,INS,CUR_M6,24.958216884756713,TYRE_0113,BUF_SEC_3,11,0,0.8814732278986064
TYRE_0114,1,MIX,MIX_M2,29.0,TYRE_0114,BUF_SEC_2,14,1,1.0
TYRE_0114,1,MIX,CUR_M6,22.324648551545362,TYRE_0114,BUF_SEC_2,14,0,1.299012610793936
TYRE_0114,1,MIX,INS_M3,36.195996677121535,TYRE_0114,BUF_SEC_2,14,0,0.8011935755958912
TYRE_0114,2,CAL,CAL_M1,24.0,TYRE_0114,BUF_SEC_1,13,1,1.0
TYRE_0114,2,CAL,CAL_M4,31.341122485426624,TYRE_0114,BUF_SEC_1,13,0,0.7657670847992063
TYRE_0114,2,CAL,FIN_M3,18.848840312099874,TYRE_0114,BUF_SEC_1,13,0,1.273287884167249
TYRE_0114,3,EXT,EXT_M5,27.0,TYRE_0114,BUF_SEC_3,11,1,1.0
TYRE_0114,3,EXT,CUR_M5,20.79714356642229,TYRE_0114,BUF_SEC_3,11,0,1.2982552105661491
TYRE_0114,3,EXT,BLD_M3,34.91448279552374,TYRE_0114,BUF_SEC_3,11,0,0.7733180570975428
TYRE_0114,3,EXT,FIN_M2,26.32383190749004,TYRE_0114,BUF_SEC_3,11,0,1.0256865373888657
TYRE_0114,4,EXT,EXT_M3,41.0,TYRE_0114,BUF_SEC_2,3,1,1.0
TYRE_0114,4,EXT,EXT_M4,32.093137895714065,TYRE_0114,BUF_SEC_2,3,0,1.277531668396795
TYRE_0114,4,EXT,INS_M3,48.88045795648134,TYRE_0114,BUF_SEC_2,3,0,0.8387810121685568
TYRE_0114,4,EXT,CAL_M4,44.54218231078429,TYRE_0114,BUF_SEC_2,3,0,0.9204757798782868
TYRE_0114,5,BLD,BLD_M2,41.0,TYRE_0114,BUF_SEC_1,12,1,1.0
TYRE_0114,5,BLD,CAL_M2,49.53160441767598,TYRE_0114,BUF_SEC_1,12,0,0.8277543294230265
TYRE_0114,5,BLD,BLD_M5,35.723085493344385,TYRE_0114,BUF_SEC_1,12,0,1.147717209579748
TYRE_0114,6,CUR,CUR_M2,81.0,TYRE_0114,BUF_SEC_4,3,1,1.0
TYRE_0114,6,CUR,CAL_M3,90.65435183524612,TYRE_0114,BUF_SEC_4,3,0,0.8935037133926919
TYRE_0114,7,FIN,FIN_M4,26.0,TYRE_0114,BUF_SEC_2,12,1,1.0
TYRE_0114,7,FIN,CAL_M4,36.164567895892276,TYRE_0114,BUF_SEC_2,12,0,0.7189357294368002
TYRE_0114,7,FIN,BLD_M1,20.2144511351336,TYRE_0114,BUF_SEC_2,12,0,1.2862085557599365
TYRE_0114,8,INS,INS_M2,10.0,TYRE_0114,BUF_SEC_2,8,1,1.0
TYRE_0114,8,INS,EXT_M1,8.889156785204833,TYRE_0114,BUF_SEC_2,8,0,1.1249660953943417
TYRE_0115,1,MIX,MIX_M3,19.0,TYRE_0115,BUF_SEC_4,13,1,1.0
TYRE_0115,1,MIX,EXT_M3,19.780939282247548,TYRE_0115,BUF_SEC_4,13,0,0.9605206167864635
TYRE_0115,1,MIX,EXT_M4,16.62404811708187,TYRE_0115,BUF_SEC_4,13,0,1.1429225821643734
TYRE_0115,2,CAL,CAL_M2,45.0,TYRE_0115,BUF_SEC_3,7,1,1.0
TYRE_0115,2,CAL,CUR_M5,43.811804535942706,TYRE_0115,BUF_SEC_3,7,0,1.027120441092138
TYRE_0115,3,EXT,EXT_M2,25.0,TYRE_0115,BUF_SEC_3,5,1,1.0
TYRE_0115,3,EXT,BLD_M5,30.76970041903488,TYRE_0115,BUF_SEC_3,5,0,0.812487598499152
TYRE_0115,3,EXT,CAL_M4,20.882109021005462,TYRE_0115,BUF_SEC_3,5,0,1.1971970826726517
TYRE_0115,4,EXT,EXT_M4,21.0,TYRE_0115,BUF_SEC_4,5,1,1.0
TYRE_0115,4,EXT,CUR_M6,21.753501125018474,TYRE_0115,BUF_SEC_4,5,0,0.9653618458615896
TYRE_0115,4,EXT,CUR_M2,21.3056328413224,TYRE_0115,BUF_SEC_4,5,0,0.9856548339306015
TYRE_0115,4,EXT,CUR_M3,19.556978094639966,TYRE_0115,BUF_SEC_4,5,0,1.0737855254721345
TYRE_0115,5,BLD,BLD_M2,24.0,TYRE_0115,BUF_SEC_4,1,1,1.0
TYRE_0115,5,BLD,CUR_M3,20.594867241244373,TYRE_0115,BUF_SEC_4,1,0,1.1653389030804884
TYRE_0115,6,CUR,CUR_M3,44.0,TYRE_0115,BUF_SEC_1,6,1,1.0
TYRE_0115,6,CUR,EXT_M3,60.08203034644966,TYRE_0115,BUF_SEC_1,6,0,0.7323321090562983
TYRE_0115,7,FIN,FIN_M3,13.0,TYRE_0115,BUF_SEC_3,8,1,1.0
TYRE_0115,7,FIN,MIX_M2,13.829997781748032,TYRE_0115,BUF_SEC_3,8,0,0.9399856894522852
TYRE_0115,7,FIN,CUR_M3,12.954600376592948,TYRE_0115,BUF_SEC_3,8,0,1.0035045174754353
TYRE_0115,7,FIN,MIX_M1,11.961524035362972,TYRE_0115,BUF_SEC_3,8,0,1.086818031010671
TYRE_0115,8,INS,INS_M3,27.0,TYRE_0115,BUF_SEC_4,11,1,1.0
TYRE_0115,8,INS,BLD_M5,27.383411581854915,TYRE_0115,BUF_SEC_4,11,0,0.9859983997717445
TYRE_0116,1,MIX,MIX_M1,20.0,TYRE_0116,BUF_SEC_1,9,1,1.0
TYRE_0116,1,MIX,CUR_M7,24.099796738497012,TYRE_0116,BUF_SEC_1,9,0,0.8298825179737721
TYRE_0116,2,CAL,CAL_M2,34.0,TYRE_0116,BUF_SEC_3,12,1,1.0
TYRE_0116,2,CAL,CAL_M4,28.295562923701336,TYRE_0116,BUF_SEC_3,12,0,1.2016018232851777
TYRE_0116,2,CAL,MIX_M2,27.36970622591552,TYRE_0116,BUF_SEC_3,12,0,1.2422493584460348
TYRE_0116,3,EXT,EXT_M4,19.0,TYRE_0116,BUF_SEC_3,7,1,1.0
TYRE_0116,3,EXT,EXT_M5,17.323334875341057,TYRE_0116,BUF_SEC_3,7,0,1.0967865100296361
TYRE_0116,4,EXT,EXT_M2,20.0,TYRE_0116,BUF_SEC_1,5,1,1.0
TYRE_0116,4,EXT,INS_M2,17.021218414372093,TYRE_0116,BUF_SEC_1,5,0,1.175004016346605
TYRE_0116,5,BLD,BLD_M6,44.0,TYRE_0116,BUF_SEC_3,14,1,1.0
TYRE_0116,5,BLD,INS_M2,47.87879920995953,TYRE_0116,BUF_SEC_3,14,0,0.9189871242812481
TYRE_0116,6,CUR,CUR_M3,86.0,TYRE_0116,BUF_SEC_4,4,1,1.0
TYRE_0116,6,CUR,MIX_M2,106.3955777409689,TYRE_0116,BUF_SEC_4,4,0,0.8083042719066382
TYRE_0116,7,FIN,FIN_M4,11.0,TYRE_0116,BUF_SEC_5,8,1,1.0
TYRE_0116,7,FIN,BLD_M1,15.009777539664872,TYRE_0116,BUF_SEC_5,8,0,0.732855631666184
TYRE_0116,7,FIN,FIN_M1,9.825727107765037,TYRE_0116,BUF_SEC_5,8,0,1.1195100249941772
TYRE_0116,7,FIN,BLD_M4,11.417178170728347,TYRE_0116,BUF_SEC_5,8,0,0.9634604834495866
TYRE_0116,8,INS,INS_M2,21.0,TYRE_0116,BUF_SEC_4,14,1,1.0
TYRE_0116,8,INS,CUR_M2,17.64889561291615,TYRE_0116,BUF_SEC_4,14,0,1.1898761520597008
TYRE_0116,8,INS,INS_M3,18.057648750212916,TYRE_0116,BUF_SEC_4,14,0,1.16294210229072
TYRE_0117,1,MIX,MIX_M2,24.0,TYRE_0117,BUF_SEC_3,7,1,1.0
TYRE_0117,1,MIX,EXT_M3,22.258167538193486,TYRE_0117,BUF_SEC_3,7,0,1.0782558788281942
TYRE_0117,1,MIX,CUR_M5,20.26878075028984,TYRE_0117,BUF_SEC_3,7,0,1.1840870102488432
TYRE_0117,1,MIX,CUR_M2,18.75312905722477,TYRE_0117,BUF_SEC_3,7,0,1.2797864253354476
TYRE_0117,2,CAL,CAL_M3,39.0,TYRE_0117,BUF_SEC_2,2,1,1.0
TYRE_0117,2,CAL,MIX_M2,30.757252583941877,TYRE_0117,BUF_SEC_2,2,0,1.2679936185315068
TYRE_0117,2,CAL,FIN_M4,31.635550351134118,TYRE_0117,BUF_SEC_2,2,0,1.2327903123898671
TYRE_0117,3,EXT,EXT_M4,22.0,TYRE_0117,BUF_SEC_2,7,1,1.0
TYRE_0117,3,EXT,CUR_M8,18.634092795181704,TYRE_0117,BUF_SEC_2,7,0,1.1806316648636972
TYRE_0117,3,EXT,BLD_M1,22.100571557603516,TYRE_0117,BUF_SEC_2,7,0,0.9954493684771282
TYRE_0117,3,EXT,CUR_M5,21.72952785513631,TYRE_0117,BUF_SEC_2,7,0,1.0124472168317158
TYRE_0117,4,BLD,BLD_M5,27.0,TYRE_0117,BUF_SEC_1,5,1,1.0
TYRE_0117,4,BLD,CUR_M4,24.971335346641347,TYRE_0117,BUF_SEC_1,5,0,1.0812397344874674
TYRE_0117,4,BLD,FIN_M1,23.92612291476886,TYRE_0117,BUF_SEC_1,5,0,1.1284736810966447
TYRE_0117,4,BLD,CAL_M4,28.198683667672753,TYRE_0117,BUF_SEC_1,5,0,0.9574915027311386
TYRE_0117,5,CUR,CUR_M5,90.0,TYRE_0117,BUF_SEC_5,8,1,1.0
TYRE_0117,5,CUR,BLD_M3,101.99985330479483,TYRE_0117,BUF_SEC_5,8,0,0.8823542101679598
TYRE_0117,6,FIN,FIN_M4,16.0,TYRE_0117,BUF_SEC_4,2,1,1.0
TYRE_0117,6,FIN,CUR_M8,13.144722723943072,TYRE_0117,BUF_SEC_4,2,0,1.217218524576106
TYRE_0117,6,FIN,CUR_M4,15.12148793151715,TYRE_0117,BUF_SEC_4,2,0,1.058096932819144
TYRE_0117,7,INS,INS_M2,28.0,TYRE_0117,BUF_SEC_4,14,1,1.0
TYRE_0117,7,INS,CUR_M6,23.288593031480776,TYRE_0117,BUF_SEC_4,14,0,1.2023053501836927
TYRE_0118,1,MIX,MIX_M4,24.0,TYRE_0118,BUF_SEC_5,13,1,1.0
TYRE_0118,1,MIX,BLD_M5,22.77192228761804,TYRE_0118,BUF_SEC_5,13,0,1.0539294705502185
TYRE_0118,1,MIX,INS_M1,21.38340347382349,TYRE_0118,BUF_SEC_5,13,0,1.1223657650841046
TYRE_0118,2,CAL,CAL_M3,39.0,TYRE_0118,BUF_SEC_3,8,1,1.0
TYRE_0118,2,CAL,CAL_M4,31.256904926153442,TYRE_0118,BUF_SEC_3,8,0,1.2477243057858782
TYRE_0118,2,CAL,FIN_M3,37.4700904859557,TYRE_0118,BUF_SEC_3,8,0,1.0408301526418178
TYRE_0118,3,EXT,EXT_M4,31.0,TYRE_0118,BUF_SEC_3,4,1,1.0
TYRE_0118,3,EXT,INS_M2,25.38371098301671,TYRE_0118,BUF_SEC_3,4,0,1.2212556320366608
TYRE_0118,3,EXT,CUR_M6,29.060156011803105,TYRE_0118,BUF_SEC_3,4,0,1.0667527038536546
TYRE_0118,3,EXT,CAL_M1,43.52343858687197,TYRE_0118,BUF_SEC_3,4,0,0.7122598996429149
TYRE_0118,4,EXT,EXT_M5,28.0,TYRE_0118,BUF_SEC_2,6,1,1.0
TYRE_0118,4,EXT,BLD_M1,39.531870039635486,TYRE_0118,BUF_SEC_2,6,0,0.7082892858831775
TYRE_0118,4,EXT,CUR_M2,22.602302455499895,TYRE_0118,BUF_SEC_2,6,0,1.2388118447280871
TYRE_0118,5,BLD,BLD_M2,46.0,TYRE_0118,BUF_SEC_1,1,1,1.0
TYRE_0118,5,BLD,FIN_M1,43.01051085121342,TYRE_0118,BUF_SEC_1,1,0,1.0695060135213958
TYRE_0118,6,CUR,CUR_M4,78.0,TYRE_0118,BUF_SEC_3,5,1,1.0
TYRE_0118,6,CUR,INS_M1,72.95334501140839,TYRE_0118,BUF_SEC_3,5,0,1.0691764714531242
TYRE_0118,7,FIN,FIN_M2,18.0,TYRE_0118,BUF_SEC_4,14,1,1.0
TYRE_0118,7,FIN,CAL_M1,15.64422996623527,TYRE_0118,BUF_SEC_4,14,0,1.1505839558002635
TYRE_0118,8,INS,INS_M1,30.0,TYRE_0118,BUF_SEC_1,10,1,1.0
TYRE_0118,8,INS,CUR_M6,27.485744564344337,TYRE_0118,BUF_SEC_1,10,0,1.0914748890927721
TYRE_0118,8,INS,CUR_M4,36.45500200116671,TYRE_0118,BUF_SEC_1,10,0,0.8229323372150652
TYRE_0118,8,INS,CUR_M7,30.54122130120647,TYRE_0118,BUF_SEC_1,10,0,0.9822789895705615
TYRE_0119,1,MIX,MIX_M4,21.0,TYRE_0119,BUF_SEC_1,8,1,1.0
TYRE_0119,1,MIX,CUR_M3,19.90425854495791,TYRE_0119,BUF_SEC_1,8,0,1.0550506039984926
TYRE_0119,1,MIX,EXT_M4,22.96669912243988,TYRE_0119,BUF_SEC_1,8,0,0.9143673580624264
TYRE_0119,1,MIX,EXT_M1,18.17815861938947,TYRE_0119,BUF_SEC_1,8,0,1.1552325205040654
TYRE_0119,2,CAL,CAL_M1,37.0,TYRE_0119,BUF_SEC_5,3,1,1.0
TYRE_0119,2,CAL,MIX_M4,29.405541272992878,TYRE_0119,BUF_SEC_5,3,0,1.2582662450081186
TYRE_0119,3,EXT,EXT_M5,42.0,TYRE_0119,BUF_SEC_2,14,1,1.0
TYRE_0119,3,EXT,BLD_M3,56.93659222208312,TYRE_0119,BUF_SEC_2,14,0,0.7376626938995149
TYRE_0119,3,EXT,FIN_M3,53.301625325414676,TYRE_0119,BUF_SEC_2,14,0,0.7879684670698782
TYRE_0119,4,BLD,BLD_M1,29.0,TYRE_0119,BUF_SEC_2,9,1,1.0
TYRE_0119,4,BLD,EXT_M3,22.94696809810191,TYRE_0119,BUF_SEC_2,9,0,1.263783514929747
TYRE_0119,5,CUR,CUR_M2,88.0,TYRE_0119,BUF_SEC_4,11,1,1.0
TYRE_0119,5,CUR,FIN_M1,74.66333977099244,TYRE_0119,BUF_SEC_4,11,0,1.178623944092426
TYRE_0119,6,FIN,FIN_M2,18.0,TYRE_0119,BUF_SEC_5,8,1,1.0
TYRE_0119,6,FIN,INS_M2,25.2396051610151,TYRE_0119,BUF_SEC_5,8,0,0.7131648805585383
TYRE_0119,6,FIN,INS_M3,15.500851296818078,TYRE_0119,BUF_SEC_5,8,0,1.1612265452604484
TYRE_0119,6,FIN,CUR_M8,14.069817938103514,TYRE_0119,BUF_SEC_5,8,0,1.2793342514584265
TYRE_0119,7,INS,INS_M2,26.0,TYRE_0119,BUF_SEC_1,1,1,1.0
TYRE_0119,7,INS,EXT_M3,28.76060123078102,TYRE_0119,BUF_SEC_1,1,0,0.9040144811775879
TYRE_0119,7,INS,BLD_M3,20.79643047693669,TYRE_0119,BUF_SEC_1,1,0,1.2502145514267022
TYRE_0120,1,MIX,MIX_M2,23.0,TYRE_0120,BUF_SEC_5,6,1,1.0
TYRE_0120,1,MIX,CUR_M6,23.283781500185757,TYRE_0120,BUF_SEC_5,6,0,0.9878120527722916
TYRE_0120,1,MIX,CAL_M2,18.736337101722157,TYRE_0120,BUF_SEC_5,6,0,1.2275611756518807
TYRE_0120,1,MIX,CUR_M3,25.313898712406022,TYRE_0120,BUF_SEC_5,6,0,0.908591768549978
TYRE_0120,2,CAL,CAL_M1,45.0,TYRE_0120,BUF_SEC_4,1,1,1.0
TYRE_0120,2,CAL,EXT_M4,36.822833472703444,TYRE_0120,BUF_SEC_4,1,0,1.2220678246653192
TYRE_0120,2,CAL,INS_M2,54.14048380825104,TYRE_0120,BUF_SEC_4,1,0,0.8311709987553154
TYRE_0120,2,CAL,CAL_M2,46.222399223696925,TYRE_0120,BUF_SEC_4,1,0,0.9735539642202251
TYRE_0120,3,EXT,EXT_M2,41.0,TYRE_0120,BUF_SEC_5,9,1,1.0
TYRE_0120,3,EXT,CAL_M3,35.56796179355,TYRE_0120,BUF_SEC_5,9,0,1.1527227856906623
TYRE_0120,4,EXT,EXT_M4,43.0,TYRE_0120,BUF_SEC_2,10,1,1.0
TYRE_0120,4,EXT,BLD_M4,43.077462603765575,TYRE_0120,BUF_SEC_2,10,0,0.99820178350619
TYRE_0120,4,EXT,EXT_M1,33.136922586560935,TYRE_0120,BUF_SEC_2,10,0,1.2976461494779588
TYRE_0120,5,BLD,BLD_M3,49.0,TYRE_0120,BUF_SEC_4,9,1,1.0
TYRE_0120,5,BLD,FIN_M2,69.96941402919408,TYRE_0120,BUF_SEC_4,9,0,0.7003059934095661
TYRE_0120,5,BLD,CUR_M1,48.85264804881232,TYRE_0120,BUF_SEC_4,9,0,1.0030162531013764
TYRE_0120,6,CUR,CUR_M1,66.0,TYRE_0120,BUF_SEC_3,5,1,1.0
TYRE_0120,6,CUR,CUR_M3,50.85376070629642,TYRE_0120,BUF_SEC_3,5,0,1.2978391191396836
TYRE_0120,6,CUR,CUR_M4,93.03060079305405,TYRE_0120,BUF_SEC_3,5,0,0.7094439833492697
TYRE_0120,6,CUR,MIX_M2,51.53898375528905,TYRE_0120,BUF_SEC_3,5,0,1.2805840393239598
TYRE_0120,7,FIN,FIN_M1,22.0,TYRE_0120,BUF_SEC_3,13,1,1.0
TYRE_0120,7,FIN,INS_M1,21.082531972230825,TYRE_0120,BUF_SEC_3,13,0,1.0435179241742705
TYRE_0120,8,INS,INS_M3,21.0,TYRE_0120,BUF_SEC_4,5,1,1.0
TYRE_0120,8,INS,CUR_M6,26.38452171011139,TYRE_0120,BUF_SEC_4,5,0,0.7959211931422706
TYRE_0120,8,INS,CUR_M5,21.346013326241035,TYRE_0120,BUF_SEC_4,5,0,0.9837902599912802
TYRE_0121,1,MIX,MIX_M2,22.0,TYRE_0121,BUF_SEC_5,6,1,1.0
TYRE_0121,1,MIX,BLD_M6,18.680030632573366,TYRE_0121,BUF_SEC_5,6,0,1.1777282614107403
TYRE_0121,2,CAL,CAL_M1,26.0,TYRE_0121,BUF_SEC_4,7,1,1.0
TYRE_0121,2,CAL,CUR_M2,22.08333558659939,TYRE_0121,BUF_SEC_4,7,0,1.1773583704346422
TYRE_0121,3,EXT,EXT_M2,15.0,TYRE_0121,BUF_SEC_1,8,1,1.0
TYRE_0121,3,EXT,BLD_M3,21.22743723895275,TYRE_0121,BUF_SEC_1,8,0,0.7066326392182056
TYRE_0121,4,EXT,EXT_M3,44.0,TYRE_0121,BUF_SEC_2,8,1,1.0
TYRE_0121,4,EXT,CUR_M4,46.39210868592828,TYRE_0121,BUF_SEC_2,8,0,0.9484371641280048
TYRE_0121,4,EXT,CAL_M3,49.168784834298386,TYRE_0121,BUF_SEC_2,8,0,0.8948767017180211
TYRE_0121,5,BLD,BLD_M1,46.0,TYRE_0121,BUF_SEC_2,3,1,1.0
TYRE_0121,5,BLD,MIX_M2,58.5178133119997,TYRE_0121,BUF_SEC_2,3,0,0.7860854224805288
TYRE_0121,5,BLD,CAL_M2,45.78564393696048,TYRE_0121,BUF_SEC_2,3,0,1.004681730879108
TYRE_0121,5,BLD,MIX_M1,36.97530309683904,TYRE_0121,BUF_SEC_2,3,0,1.2440736423316152
TYRE_0121,6,CUR,CUR_M6,90.0,TYRE_0121,BUF_SEC_2,4,1,1.0
TYRE_0121,6,CUR,EXT_M3,118.72727993530587,TYRE_0121,BUF_SEC_2,4,0,0.7580397702115362
TYRE_0121,6,CUR,CAL_M4,76.21689665763951,TYRE_0121,BUF_SEC_2,4,0,1.180840521548301
TYRE_0121,7,FIN,FIN_M2,14.0,TYRE_0121,BUF_SEC_4,2,1,1.0
TYRE_0121,7,FIN,CAL_M2,19.383464417439946,TYRE_0121,BUF_SEC_4,2,0,0.722265106922978
TYRE_0121,7,FIN,BLD_M4,12.833088897753646,TYRE_0121,BUF_SEC_4,2,0,1.090929869772087
TYRE_0121,7,FIN,MIX_M4,10.826760116449575,TYRE_0121,BUF_SEC_4,2,0,1.2930922870203045
TYRE_0121,8,INS,INS_M1,19.0,TYRE_0121,BUF_SEC_4,1,1,1.0
TYRE_0121,8,INS,FIN_M3,16.72471199437975,TYRE_0121,BUF_SEC_4,1,0,1.1360434790377765
TYRE_0121,8,INS,CAL_M3,16.886833331233575,TYRE_0121,BUF_SEC_4,1,0,1.1251369411491703
TYRE_0121,8,INS,CUR_M7,16.30424211874118,TYRE_0121,BUF_SEC_4,1,0,1.165340888685659
TYRE_0122,1,MIX,MIX_M4,14.0,TYRE_0122,BUF_SEC_2,3,1,1.0
TYRE_0122,1,MIX,MIX_M3,16.815793521636504,TYRE_0122,BUF_SEC_2,3,0,0.8325506603055344
TYRE_0122,1,MIX,EXT_M3,12.702796749971967,TYRE_0122,BUF_SEC_2,3,0,1.1021194997889654
TYRE_0122,2,CAL,CAL_M4,29.0,TYRE_0122,BUF_SEC_3,7,1,1.0
TYRE_0122,2,CAL,INS_M1,23.599595925522614,TYRE_0122,BUF_SEC_3,7,0,1.228834599182138
TYRE_0122,2,CAL,MIX_M1,37.233542168241236,TYRE_0122,BUF_SEC_3,7,0,0.7788676099889275
TYRE_0122,3,EXT,EXT_M5,15.0,TYRE_0122,BUF_SEC_2,5,1,1.0
TYRE_0122,3,EXT,CUR_M4,11.745361504331143,TYRE_0122,BUF_SEC_2,5,0,1.2770998997747918
TYRE_0122,3,EXT,INS_M1,14.233696289920431,TYRE_0122,BUF_SEC_2,5,0,1.053837295279528
TYRE_0122,3,EXT,MIX_M4,12.793946734141137,TYRE_0122,BUF_SEC_2,5,0,1.1724294552494834
TYRE_0122,4,BLD,BLD_M1,20.0,TYRE_0122,BUF_SEC_3,2,1,1.0
TYRE_0122,4,BLD,MIX_M1,26.91018691489443,TYRE_0122,BUF_SEC_3,2,0,0.7432129722194633
TYRE_0122,4,BLD,BLD_M5,21.162518435559978,TYRE_0122,BUF_SEC_3,2,0,0.9450671034688118
TYRE_0122,5,CUR,CUR_M5,53.0,TYRE_0122,BUF_SEC_5,6,1,1.0
TYRE_0122,5,CUR,EXT_M3,41.95288945199077,TYRE_0122,BUF_SEC_5,6,0,1.2633218043455887
TYRE_0122,5,CUR,FIN_M3,40.931687853336484,TYRE_0122,BUF_SEC_5,6,0,1.2948403249312814
TYRE_0122,6,FIN,FIN_M2,27.0,TYRE_0122,BUF_SEC_5,2,1,1.0
TYRE_0122,6,FIN,MIX_M3,23.21599441874147,TYRE_0122,BUF_SEC_5,2,0,1.162991320251345
TYRE_0122,6,FIN,BLD_M4,23.61362554338474,TYRE_0122,BUF_SEC_5,2,0,1.1434076461657088
TYRE_0122,7,INS,INS_M3,29.0,TYRE_0122,BUF_SEC_3,5,1,1.0
TYRE_0123,1,MIX,MIX_M4,13.0,TYRE_0123,BUF_SEC_3,13,1,1.0
TYRE_0123,1,MIX,CUR_M3,18.49311858886699,TYRE_0123,BUF_SEC_3,13,0,0.7029641830029743
TYRE_0123,2,CAL,CAL_M3,22.0,TYRE_0123,BUF_SEC_4,12,1,1.0
TYRE_0123,2,CAL,INS_M1,17.31007001571595,TYRE_0123,BUF_SEC_4,12,0,1.2709365115234095
TYRE_0123,2,CAL,EXT_M2,29.506707225211226,TYRE_0123,BUF_SEC_4,12,0,0.7455931911373249
TYRE_0123,3,EXT,EXT_M3,18.0,TYRE_0123,BUF_SEC_5,14,1,1.0
TYRE_0123,3,EXT,EXT_M2,21.866123637755305,TYRE_0123,BUF_SEC_5,14,0,0.8231911745399704
TYRE_0123,4,BLD,BLD_M1,27.0,TYRE_0123,BUF_SEC_5,12,1,1.0
TYRE_0123,4,BLD,CAL_M3,21.304553182124515,TYRE_0123,BUF_SEC_5,12,0,1.2673347227321445
TYRE_0123,4,BLD,CUR_M8,24.46134659887416,TYRE_0123,BUF_SEC_5,12,0,1.1037822423579362
TYRE_0123,4,BLD,MIX_M1,36.86668734712851,TYRE_0123,BUF_SEC_5,12,0,0.7323684861016673
TYRE_0123,5,CUR,CUR_M7,80.0,TYRE_0123,BUF_SEC_5,4,1,1.0
TYRE_0123,5,CUR,BLD_M3,63.72450132360992,TYRE_0123,BUF_SEC_5,4,0,1.2554040963575184
TYRE_0123,5,CUR,CUR_M4,95.30815457932016,TYRE_0123,BUF_SEC_5,4,0,0.839382530834967
TYRE_0123,5,CUR,CUR_M1,78.58179804944145,TYRE_0123,BUF_SEC_5,4,0,1.0180474611902652
TYRE_0123,6,FIN,FIN_M4,12.0,TYRE_0123,BUF_SEC_5,8,1,1.0
TYRE_0123,6,FIN,CUR_M4,12.588210122310407,TYRE_0123,BUF_SEC_5,8,0,0.953272934230109
TYRE_0123,6,FIN,FIN_M3,13.259390071437622,TYRE_0123,BUF_SEC_5,8,0,0.9050190042941337
TYRE_0123,7,INS,INS_M1,25.0,TYRE_0123,BUF_SEC_2,10,1,1.0
TYRE_0123,7,INS,EXT_M2,35.15120988282015,TYRE_0123,BUF_SEC_2,10,0,0.7112130729878102
TYRE_0123,7,INS,FIN_M2,27.34833214514576,TYRE_0123,BUF_SEC_2,10,0,0.914132527984432
TYRE_0124,1,MIX,MIX_M1,30.0,TYRE_0124,BUF_SEC_3,4,1,1.0
TYRE_0124,1,MIX,BLD_M6,26.175728236172727,TYRE_0124,BUF_SEC_3,4,0,1.146099918570458
TYRE_0124,1,MIX,INS_M2,28.367483197800762,TYRE_0124,BUF_SEC_3,4,0,1.057548877029944
TYRE_0124,2,CAL,CAL_M2,37.0,TYRE_0124,BUF_SEC_5,2,1,1.0
TYRE_0124,2,CAL,INS_M2,35.48979252817195,TYRE_0124,BUF_SEC_5,2,0,1.0425532910802238
TYRE_0124,2,CAL,CAL_M1,30.67201807369177,TYRE_0124,BUF_SEC_5,2,0,1.2063112349211842
TYRE_0124,2,CAL,EXT_M1,29.5429687239882,TYRE_0124,BUF_SEC_5,2,0,1.2524130647018175
TYRE_0124,3,EXT,EXT_M2,24.0,TYRE_0124,BUF_SEC_1,3,1,1.0
TYRE_0124,3,EXT,EXT_M1,23.20248878417522,TYRE_0124,BUF_SEC_1,3,0,1.0343717962001002
TYRE_0124,3,EXT,CAL_M3,32.42955396210618,TYRE_0124,BUF_SEC_1,3,0,0.74006568292749
TYRE_0124,3,EXT,CUR_M6,33.870349080917755,TYRE_0124,BUF_SEC_1,3,0,0.7085843710279732
TYRE_0124,4,BLD,BLD_M4,20.0,TYRE_0124,BUF_SEC_5,12,1,1.0
TYRE_0124,4,BLD,CUR_M3,17.122110386630037,TYRE_0124,BUF_SEC_5,12,0,1.1680803095170553
TYRE_0124,5,CUR,CUR_M6,55.0,TYRE_0124,BUF_SEC_3,11,1,1.0
TYRE_0124,5,CUR,CUR_M7,65.31163426318281,TYRE_0124,BUF_SEC_3,11,0,0.8421164256642153
TYRE_0124,5,CUR,CUR_M1,77.61541472060702,TYRE_0124,BUF_SEC_3,11,0,0.7086221235560494
TYRE_0124,5,CUR,CAL_M4,77.19115331480555,TYRE_0124,BUF_SEC_3,11,0,0.7125168835824454
TYRE_0124,6,FIN,FIN_M4,15.0,TYRE_0124,BUF_SEC_1,6,1,1.0
TYRE_0124,6,FIN,FIN_M1,18.56840104862203,TYRE_0124,BUF_SEC_1,6,0,0.8078239995313521
TYRE_0124,6,FIN,MIX_M4,14.687034841015443,TYRE_0124,BUF_SEC_1,6,0,1.0213089410062923
TYRE_0124,7,INS,INS_M3,12.0,TYRE_0124,BUF_SEC_1,6,1,1.0
TYRE_0124,7,INS,CUR_M8,12.073262194863009,TYRE_0124,BUF_SEC_1,6,0,0.9939318641738617
TYRE_0125,1,MIX,MIX_M3,12.0,TYRE_0125,BUF_SEC_2,5,1,1.0
TYRE_0125,1,MIX,BLD_M4,16.244123554313408,TYRE_0125,BUF_SEC_2,5,0,0.7387286830143299
TYRE_0125,1,MIX,BLD_M3,11.001060126566133,TYRE_0125,BUF_SEC_2,5,0,1.0908039645217062
TYRE_0125,1,MIX,INS_M2,9.356471588117813,TYRE_0125,BUF_SEC_2,5,0,1.2825347554348712
TYRE_0125,2,CAL,CAL_M1,27.0,TYRE_0125,BUF_SEC_1,2,1,1.0
TYRE_0125,2,CAL,INS_M1,32.82781055376444,TYRE_0125,BUF_SEC_1,2,0,0.8224733707348586
TYRE_0125,2,CAL,FIN_M1,32.911262829618835,TYRE_0125,BUF_SEC_1,2,0,0.8203878453336366
TYRE_0125,3,EXT,EXT_M4,16.0,TYRE_0125,BUF_SEC_2,1,1,1.0
TYRE_0125,3,EXT,CUR_M3,20.02727762247754,TYRE_0125,BUF_SEC_2,1,0,0.7989103812113963
TYRE_0125,3,EXT,CUR_M7,14.191733974738169,TYRE_0125,BUF_SEC_2,1,0,1.1274168490249756
TYRE_0125,3,EXT,EXT_M1,14.045851116824542,TYRE_0125,BUF_SEC_2,1,0,1.1391264129828857
TYRE_0125,4,BLD,BLD_M6,32.0,TYRE_0125,BUF_SEC_5,7,1,1.0
TYRE_0125,4,BLD,CUR_M5,34.7266857175014,TYRE_0125,BUF_SEC_5,7,0,0.921481544778481
TYRE_0125,5,CUR,CUR_M6,56.0,TYRE_0125,BUF_SEC_4,14,1,1.0
TYRE_0125,5,CUR,BLD_M1,55.11001364566375,TYRE_0125,BUF_SEC_4,14,0,1.0161492675370853
TYRE_0125,6,FIN,FIN_M1,21.0,TYRE_0125,BUF_SEC_5,9,1,1.0
TYRE_0125,6,FIN,CUR_M7,22.51335202511672,TYRE_0125,BUF_SEC_5,9,0,0.9327798000302945
TYRE_0125,6,FIN,BLD_M1,16.822206020665206,TYRE_0125,BUF_SEC_5,9,0,1.2483499473376198
TYRE_0125,6,FIN,EXT_M3,23.189526448762617,TYRE_0125,BUF_SEC_5,9,0,0.9055812349769027
TYRE_0125,7,INS,INS_M1,21.0,TYRE_0125,BUF_SEC_5,5,1,1.0
TYRE_0125,7,INS,BLD_M2,16.68653888446428,TYRE_0125,BUF_SEC_5,5,0,1.2584994494904929
TYRE_0125,7,INS,CAL_M3,16.963383509069423,TYRE_0125,BUF_SEC_5,5,0,1.2379605748329872
TYRE_0126,1,MIX,MIX_M2,30.0,TYRE_0126,BUF_SEC_1,7,1,1.0
TYRE_0126,2,CAL,CAL_M1,39.0,TYRE_0126,BUF_SEC_5,2,1,1.0
TYRE_0126,2,CAL,MIX_M4,46.127559123375505,TYRE_0126,BUF_SEC_5,2,0,0.8454815459818346
TYRE_0126,2,CAL,BLD_M3,47.85284104621118,TYRE_0126,BUF_SEC_5,2,0,0.8149986322094847
TYRE_0126,3,EXT,EXT_M5,38.0,TYRE_0126,BUF_SEC_4,7,1,1.0
TYRE_0126,3,EXT,INS_M1,33.80150011293019,TYRE_0126,BUF_SEC_4,7,0,1.1242104602766947
TYRE_0126,4,EXT,EXT_M3,19.0,TYRE_0126,BUF_SEC_5,8,1,1.0
TYRE_0126,4,EXT,INS_M3,18.932204002999757,TYRE_0126,BUF_SEC_5,8,0,1.003580988087256
TYRE_0126,4,EXT,BLD_M6,20.270488358753823,TYRE_0126,BUF_SEC_5,8,0,0.9373232486426425
TYRE_0126,5,BLD,BLD_M1,31.0,TYRE_0126,BUF_SEC_3,14,1,1.0
TYRE_0126,5,BLD,INS_M2,24.15145610086164,TYRE_0126,BUF_SEC_3,14,0,1.2835665009404558
TYRE_0126,6,CUR,CUR_M6,81.0,TYRE_0126,BUF_SEC_5,2,1,1.0
TYRE_0126,6,CUR,BLD_M5,63.66610944077877,TYRE_0126,BUF_SEC_5,2,0,1.2722624440456025
TYRE_0126,6,CUR,FIN_M2,68.79947887899556,TYRE_0126,BUF_SEC_5,2,0,1.1773344990368706
TYRE_0126,7,FIN,FIN_M2,24.0,TYRE_0126,BUF_SEC_4,1,1,1.0
TYRE_0126,7,FIN,MIX_M1,23.015750497974523,TYRE_0126,BUF_SEC_4,1,0,1.0427641715229792
TYRE_0126,8,INS,INS_M3,25.0,TYRE_0126,BUF_SEC_3,13,1,1.0
TYRE_0126,8,INS,BLD_M2,24.511423564708736,TYRE_0126,BUF_SEC_3,13,0,1.0199326013848788
TYRE_0126,8,INS,CUR_M1,31.294378084379865,TYRE_0126,BUF_SEC_3,13,0,0.7988655320962709
TYRE_0126,8,INS,CUR_M3,26.104344088212226,TYRE_0126,BUF_SEC_3,13,0,0.9576950072187063
TYRE_0127,1,MIX,MIX_M2,14.0,TYRE_0127,BUF_SEC_3,13,1,1.0
TYRE_0127,1,MIX,INS_M2,11.831219435004702,TYRE_0127,BUF_SEC_3,13,0,1.1833099772098374
TYRE_0127,1,MIX,CUR_M6,15.101128065903346,TYRE_0127,BUF_SEC_3,13,0,0.927083058888192
TYRE_0127,1,MIX,CUR_M4,12.193972818664038,TYRE_0127,BUF_SEC_3,13,0,1.1481081849363863
TYRE_0127,2,CAL,CAL_M1,37.0,TYRE_0127,BUF_SEC_1,4,1,1.0
TYRE_0127,2,CAL,BLD_M1,30.729164065806312,TYRE_0127,BUF_SEC_1,4,0,1.20406789852027
TYRE_0127,2,CAL,BLD_M3,30.906894646201856,TYRE_0127,BUF_SEC_1,4,0,1.1971438872635793
TYRE_0127,3,EXT,EXT_M4,16.0,TYRE_0127,BUF_SEC_5,9,1,1.0
TYRE_0127,3,EXT,BLD_M1,15.046437985606987,TYRE_0127,BUF_SEC_5,9,0,1.0633746017034174
TYRE_0127,3,EXT,CUR_M3,13.312109501084148,TYRE_0127,BUF_SEC_5,9,0,1.2019131902946674
TYRE_0127,3,EXT,CAL_M1,17.327002359088862,TYRE_0127,BUF_SEC_5,9,0,0.9234141987409159
TYRE_0127,4,EXT,EXT_M3,21.0,TYRE_0127,BUF_SEC_1,6,1,1.0
TYRE_0127,4,EXT,INS_M3,16.234879217610864,TYRE_0127,BUF_SEC_1,6,0,1.2935113171165542
TYRE_0127,4,EXT,CUR_M5,16.9346227303214,TYRE_0127,BUF_SEC_1,6,0,1.2400630551042364
TYRE_0127,5,BLD,BLD_M1,45.0,TYRE_0127,BUF_SEC_4,9,1,1.0
TYRE_0127,5,BLD,INS_M2,45.03008094307269,TYRE_0127,BUF_SEC_4,9,0,0.9993319811458763
TYRE_0127,6,CUR,CUR_M4,42.0,TYRE_0127,BUF_SEC_1,9,1,1.0
TYRE_0127,6,CUR,INS_M3,36.34701903753149,TYRE_0127,BUF_SEC_1,9,0,1.1555280491264308
TYRE_0127,6,CUR,INS_M1,40.720485270333334,TYRE_0127,BUF_SEC_1,9,0,1.0314218929654762
TYRE_0127,7,FIN,FIN_M3,19.0,TYRE_0127,BUF_SEC_4,3,1,1.0
TYRE_0127,7,FIN,CUR_M2,17.18767641861704,TYRE_0127,BUF_SEC_4,3,0,1.1054431987921252
TYRE_0127,7,FIN,MIX_M3,22.92507475875435,TYRE_0127,BUF_SEC_4,3,0,0.8287868283938534
TYRE_0127,7,FIN,MIX_M2,14.68599810949763,TYRE_0127,BUF_SEC_4,3,0,1.293749315391267
TYRE_0127,8,INS,INS_M3,22.0,TYRE_0127,BUF_SEC_1,13,1,1.0
TYRE_0127,8,INS,FIN_M4,22.344600632022743,TYRE_0127,BUF_SEC_1,13,0,0.984577901494069
TYRE_0127,8,INS,CUR_M3,29.898048738970182,TYRE_0127,BUF_SEC_1,13,0,0.7358339733831665
TYRE_0128,1,MIX,MIX_M4,18.0,TYRE_0128,BUF_SEC_5,12,1,1.0
TYRE_0128,1,MIX,CAL_M1,18.90964334348627,TYRE_0128,BUF_SEC_5,12,0,0.9518952670358212
TYRE_0128,2,CAL,CAL_M1,39.0,TYRE_0128,BUF_SEC_1,5,1,1.0
TYRE_0128,2,CAL,BLD_M2,38.26600534555907,TYRE_0128,BUF_SEC_1,5,0,1.0191813764675102
TYRE_0128,2,CAL,EXT_M3,42.155561096490175,TYRE_0128,BUF_SEC_1,5,0,0.9251448441341491
TYRE_0128,3,EXT,EXT_M2,24.0,TYRE_0128,BUF_SEC_5,9,1,1.0
TYRE_0128,3,EXT,CUR_M4,21.125489846324903,TYRE_0128,BUF_SEC_5,9,0,1.1360683314131605
TYRE_0128,4,BLD,BLD_M3,47.0,TYRE_0128,BUF_SEC_3,14,1,1.0
TYRE_0128,4,BLD,CUR_M5,40.84470654375962,TYRE_0128,BUF_SEC_3,14,0,1.1506999064773744
TYRE_0128,4,BLD,BLD_M5,52.96986142351297,TYRE_0128,BUF_SEC_3,14,0,0.8872970163961391
TYRE_0128,5,CUR,CUR_M1,81.0,TYRE_0128,BUF_SEC_4,13,1,1.0
TYRE_0128,5,CUR,CUR_M5,65.37020689758596,TYRE_0128,BUF_SEC_4,13,0,1.2390965830489247
TYRE_0128,5,CUR,CUR_M3,91.8192682646568,TYRE_0128,BUF_SEC_4,13,0,0.8821677794962197
TYRE_0128,6,FIN,FIN_M3,18.0,TYRE_0128,BUF_SEC_3,11,1,1.0
TYRE_0128,6,FIN,EXT_M4,24.69866694479833,TYRE_0128,BUF_SEC_3,11,0,0.7287842716463244
TYRE_0128,7,INS,INS_M1,21.0,TYRE_0128,BUF_SEC_5,12,1,1.0
TYRE_0128,7,INS,BLD_M2,29.49271447274149,TYRE_0128,BUF_SEC_5,12,0,0.71204025724418
TYRE_0128,7,INS,CUR_M3,20.46614167213724,TYRE_0128,BUF_SEC_5,12,0,1.026084952230618
TYRE_0128,7,INS,EXT_M2,27.921750141666273,TYRE_0128,BUF_SEC_5,12,0,0.7521018522640068
TYRE_0129,1,MIX,MIX_M4,22.0,TYRE_0129,BUF_SEC_5,5,1,1.0
TYRE_0129,1,MIX,CAL_M1,18.261607475706565,TYRE_0129,BUF_SEC_5,5,0,1.2047132230427482
TYRE_0129,1,MIX,MIX_M2,20.197651609754953,TYRE_0129,BUF_SEC_5,5,0,1.0892355420852273
TYRE_0129,1,MIX,INS_M2,21.116305044658375,TYRE_0129,BUF_SEC_5,5,0,1.041848938697974
TYRE_0129,2,CAL,CAL_M4,43.0,TYRE_0129,BUF_SEC_4,8,1,1.0
TYRE_0129,2,CAL,EXT_M1,56.57544949992447,TYRE_0129,BUF_SEC_4,8,0,0.7600469882268882
TYRE_0129,3,EXT,EXT_M4,25.0,TYRE_0129,BUF_SEC_4,12,1,1.0
TYRE_0129,3,EXT,CAL_M3,24.30788029295589,TYRE_0129,BUF_SEC_4,12,0,1.028473058888836
TYRE_0129,3,EXT,MIX_M1,24.6741970850708,TYRE_0129,BUF_SEC_4,12,0,1.0132041952086994
TYRE_0129,3,EXT,CAL_M4,22.018193028295997,TYRE_0129,BUF_SEC_4,12,0,1.1354246902946135
TYRE_0129,4,BLD,BLD_M2,35.0,TYRE_0129,BUF_SEC_4,5,1,1.0
TYRE_0129,4,BLD,FIN_M1,27.076418320075142,TYRE_0129,BUF_SEC_4,5,0,1.2926377331838648
TYRE_0129,4,BLD,EXT_M1,33.153758708082556,TYRE_0129,BUF_SEC_4,5,0,1.0556872392108998
TYRE_0129,4,BLD,BLD_M1,43.95149753115332,TYRE_0129,BUF_SEC_4,5,0,0.7963323655853046
TYRE_0129,5,CUR,CUR_M8,63.0,TYRE_0129,BUF_SEC_3,6,1,1.0
TYRE_0129,5,CUR,CUR_M6,70.73914511573443,TYRE_0129,BUF_SEC_3,6,0,0.890596004474289
TYRE_0129,5,CUR,BLD_M3,60.0019905203154,TYRE_0129,BUF_SEC_3,6,0,1.0499651670500754
TYRE_0129,5,CUR,EXT_M4,63.614234179747285,TYRE_0129,BUF_SEC_3,6,0,0.9903443908793791
TYRE_0129,6,FIN,FIN_M3,12.0,TYRE_0129,BUF_SEC_3,10,1,1.0
TYRE_0129,6,FIN,CAL_M4,17.109922373377785,TYRE_0129,BUF_SEC_3,10,0,0.7013474250865931
TYRE_0129,7,INS,INS_M3,23.0,TYRE_0129,BUF_SEC_1,1,1,1.0
TYRE_0129,7,INS,CAL_M3,19.512049876684426,TYRE_0129,BUF_SEC_1,1,0,1.17875877446805
TYRE_0129,7,INS,CUR_M2,20.030990829477467,TYRE_0129,BUF_SEC_1,1,0,1.1482207842736047
TYRE_0129,7,INS,MIX_M1,21.71190184049589,TYRE_0129,BUF_SEC_1,1,0,1.0593268230930197
TYRE_0130,1,MIX,MIX_M1,23.0,TYRE_0130,BUF_SEC_5,3,1,1.0
TYRE_0130,1,MIX,BLD_M2,20.384496452943342,TYRE_0130,BUF_SEC_5,3,0,1.128308469777236
TYRE_0130,1,MIX,BLD_M5,18.28572342298275,TYRE_0130,BUF_SEC_5,3,0,1.2578118714784905
TYRE_0130,2,CAL,CAL_M2,32.0,TYRE_0130,BUF_SEC_4,6,1,1.0
TYRE_0130,2,CAL,MIX_M2,33.21094800435908,TYRE_0130,BUF_SEC_4,6,0,0.963537686301513
TYRE_0130,2,CAL,CAL_M4,40.61316072364168,TYRE_0130,BUF_SEC_4,6,0,0.7879219304734439
TYRE_0130,3,EXT,EXT_M3,25.0,TYRE_0130,BUF_SEC_3,12,1,1.0
TYRE_0130,3,EXT,INS_M2,19.749343845838116,TYRE_0130,BUF_SEC_3,12,0,1.2658648406320792
TYRE_0130,3,EXT,MIX_M4,29.071168736479706,TYRE_0130,BUF_SEC_3,12,0,0.8599585460982504
TYRE_0130,3,EXT,EXT_M5,19.809622498213916,TYRE_0130,BUF_SEC_3,12,0,1.2620129435709369
TYRE_0130,4,BLD,BLD_M1,22.0,TYRE_0130,BUF_SEC_5,9,1,1.0
TYRE_0130,4,BLD,INS_M1,22.82879672834943,TYRE_0130,BUF_SEC_5,9,0,0.9636951198868835
TYRE_0130,5,CUR,CUR_M6,82.0,TYRE_0130,BUF_SEC_4,10,1,1.0
TYRE_0130,5,CUR,MIX_M3,84.70633683070461,TYRE_0130,BUF_SEC_4,10,0,0.9680503616144617
TYRE_0130,6,FIN,FIN_M3,19.0,TYRE_0130,BUF_SEC_3,3,1,1.0
TYRE_0130,6,FIN,MIX_M3,16.37124505524211,TYRE_0130,BUF_SEC_3,3,0,1.160571473695958
TYRE_0130,6,FIN,EXT_M4,22.791078864748425,TYRE_0130,BUF_SEC_3,3,0,0.8336595258501699
TYRE_0130,7,INS,INS_M2,29.0,TYRE_0130,BUF_SEC_3,7,1,1.0
TYRE_0130,7,INS,CUR_M1,25.173520808782666,TYRE_0130,BUF_SEC_3,7,0,1.1520041324486614
TYRE_0130,7,INS,FIN_M3,33.613743866884526,TYRE_0130,BUF_SEC_3,7,0,0.8627423388136815
TYRE_0130,7,INS,CAL_M3,26.904007312620745,TYRE_0130,BUF_SEC_3,7,0,1.0779063380047484
TYRE_0131,1,MIX,MIX_M4,15.0,TYRE_0131,BUF_SEC_1,4,1,1.0
TYRE_0131,1,MIX,CUR_M7,12.765344152088081,TYRE_0131,BUF_SEC_1,4,0,1.1750564513802306
TYRE_0131,1,MIX,EXT_M1,15.550441143885445,TYRE_0131,BUF_SEC_1,4,0,0.964602859893664
TYRE_0131,1,MIX,CUR_M8,14.82067413481989,TYRE_0131,BUF_SEC_1,4,0,1.0120997104145755
TYRE_0131,2,CAL,CAL_M4,26.0,TYRE_0131,BUF_SEC_5,12,1,1.0
TYRE_0131,2,CAL,MIX_M1,35.164101318805464,TYRE_0131,BUF_SEC_5,12,0,0.7393904301514289
TYRE_0131,2,CAL,INS_M3,25.521884492367334,TYRE_0131,BUF_SEC_5,12,0,1.018733550329156
TYRE_0131,2,CAL,CUR_M2,33.261665431072366,TYRE_0131,BUF_SEC_5,12,0,0.7816806423562703
TYRE_0131,3,EXT,EXT_M4,16.0,TYRE_0131,BUF_SEC_2,7,1,1.0
TYRE_0131,3,EXT,CAL_M4,15.661316666587343,TYRE_0131,BUF_SEC_2,7,0,1.0216254699794955
TYRE_0131,3,EXT,MIX_M1,20.75954852824747,TYRE_0131,BUF_SEC_2,7,0,0.7707296706490913
TYRE_0131,3,EXT,MIX_M2,14.66468102260201,TYRE_0131,BUF_SEC_2,7,0,1.0910568034408605
TYRE_0131,4,BLD,BLD_M6,47.0,TYRE_0131,BUF_SEC_3,11,1,1.0
TYRE_0131,4,BLD,INS_M1,59.29506508995381,TYRE_0131,BUF_SEC_3,11,0,0.792646064705359
TYRE_0131,4,BLD,CUR_M5,64.0186575616101,TYRE_0131,BUF_SEC_3,11,0,0.734160974162388
TYRE_0131,4,BLD,FIN_M4,47.504033825236476,TYRE_0131,BUF_SEC_3,11,0,0.9893896626317931
TYRE_0131,5,CUR,CUR_M6,79.0,TYRE_0131,BUF_SEC_2,7,1,1.0
TYRE_0131,5,CUR,CUR_M2,103.90995893973668,TYRE_0131,BUF_SEC_2,7,0,0.7602736138681049
TYRE_0131,5,CUR,MIX_M4,73.5065263925248,TYRE_0131,BUF_SEC_2,7,0,1.0747345015072547
TYRE_0131,5,CUR,CAL_M4,102.890362834177,TYRE_0131,BUF_SEC_2,7,0,0.767807575208187
TYRE_0131,6,FIN,FIN_M4,18.0,TYRE_0131,BUF_SEC_2,7,1,1.0
TYRE_0131,6,FIN,CUR_M2,14.932594706267663,TYRE_0131,BUF_SEC_2,7,0,1.2054167647398113
TYRE_0131,6,FIN,CUR_M1,18.31623248806283,TYRE_0131,BUF_SEC_2,7,0,0.9827348507249551
TYRE_0131,7,INS,INS_M3,11.0,TYRE_0131,BUF_SEC_4,4,1,1.0
TYRE_0131,7,INS,MIX_M4,8.635063149229204,TYRE_0131,BUF_SEC_4,4,0,1.2738760342455513
TYRE_0131,7,INS,CUR_M6,11.229381237802988,TYRE_0131,BUF_SEC_4,4,0,0.9795731186834418
TYRE_0132,1,MIX,MIX_M1,30.0,TYRE_0132,BUF_SEC_5,8,1,1.0
TYRE_0132,1,MIX,BLD_M1,27.02330689710005,TYRE_0132,BUF_SEC_5,8,0,1.1101528067691593
TYRE_0132,1,MIX,EXT_M2,24.780773627821183,TYRE_0132,BUF_SEC_5,8,0,1.210615957781045
TYRE_0132,2,CAL,CAL_M4,26.0,TYRE_0132,BUF_SEC_3,10,1,1.0
TYRE_0132,2,CAL,MIX_M3,20.744093064148778,TYRE_0132,BUF_SEC_3,10,0,1.2533688467168904
TYRE_0132,2,CAL,CUR_M2,22.62254489723568,TYRE_0132,BUF_SEC_3,10,0,1.1492959840772388
TYRE_0132,3,EXT,EXT_M5,40.0,TYRE_0132,BUF_SEC_1,9,1,1.0
TYRE_0132,3,EXT,EXT_M4,48.321588817356854,TYRE_0132,BUF_SEC_1,9,0,0.8277873509331344
TYRE_0132,3,EXT,FIN_M3,34.26553892768831,TYRE_0132,BUF_SEC_1,9,0,1.1673535934868355
TYRE_0132,4,BLD,BLD_M6,41.0,TYRE_0132,BUF_SEC_1,8,1,1.0
TYRE_0132,4,BLD,FIN_M2,37.20827222090689,TYRE_0132,BUF_SEC_1,8,0,1.101905505221567
TYRE_0132,4,BLD,EXT_M4,33.653795876810996,TYRE_0132,BUF_SEC_1,8,0,1.2182875343417314
TYRE_0132,4,BLD,CAL_M4,40.80576617287392,TYRE_0132,BUF_SEC_1,8,0,1.0047599603032376
TYRE_0132,5,CUR,CUR_M3,41.0,TYRE_0132,BUF_SEC_3,9,1,1.0
TYRE_0132,5,CUR,FIN_M2,35.76251147041545,TYRE_0132,BUF_SEC_3,9,0,1.1464519216978726
TYRE_0132,5,CUR,CAL_M1,56.85786832282175,TYRE_0132,BUF_SEC_3,9,0,0.7210963268481052
TYRE_0132,5,CUR,MIX_M2,42.396629246646356,TYRE_0132,BUF_SEC_3,9,0,0.9670580121235268
TYRE_0132,6,FIN,FIN_M2,29.0,TYRE_0132,BUF_SEC_2,5,1,1.0
TYRE_0132,6,FIN,FIN_M3,31.67388668467909,TYRE_0132,BUF_SEC_2,5,0,0.9155807207590829
TYRE_0132,7,INS,INS_M3,24.0,TYRE_0132,BUF_SEC_4,3,1,1.0
TYRE_0132,7,INS,CUR_M2,34.219027669561825,TYRE_0132,BUF_SEC_4,3,0,0.7013641717630756
TYRE_0133,1,MIX,MIX_M1,14.0,TYRE_0133,BUF_SEC_2,3,1,1.0
TYRE_0133,1,MIX,FIN_M1,15.314939470919615,TYRE_0133,BUF_SEC_2,3,0,0.9141400804478232
TYRE_0133,1,MIX,BLD_M1,12.496119514015609,TYRE_0133,BUF_SEC_2,3,0,1.1203477995146929
TYRE_0133,2,CAL,CAL_M1,22.0,TYRE_0133,BUF_SEC_5,11,1,1.0
TYRE_0133,2,CAL,INS_M2,18.05047831956519,TYRE_0133,BUF_SEC_5,11,0,1.2188042671508523
TYRE_0133,2,CAL,CUR_M6,21.561513555947226,TYRE_0133,BUF_SEC_5,11,0,1.0203365335608283
TYRE_0133,3,EXT,EXT_M3,26.0,TYRE_0133,BUF_SEC_5,6,1,1.0
TYRE_0133,3,EXT,FIN_M3,21.088163126635195,TYRE_0133,BUF_SEC_5,6,0,1.232919142547838
TYRE_0133,3,EXT,MIX_M1,21.77677390505535,TYRE_0133,BUF_SEC_5,6,0,1.1939325867714616
TYRE_0133,3,EXT,INS_M2,28.077599489424255,TYRE_0133,BUF_SEC_5,6,0,0.9260050884974406
TYRE_0133,4,BLD,BLD_M4,50.0,TYRE_0133,BUF_SEC_5,6,1,1.0
TYRE_0133,4,BLD,BLD_M5,41.28901455300927,TYRE_0133,BUF_SEC_5,6,0,1.210975862255251
TYRE_0133,5,CUR,CUR_M1,78.0,TYRE_0133,BUF_SEC_2,7,1,1.0
TYRE_0133,5,CUR,MIX_M1,75.60350062327737,TYRE_0133,BUF_SEC_2,7,0,1.0316982594319817
TYRE_0133,6,FIN,FIN_M2,24.0,TYRE_0133,BUF_SEC_2,9,1,1.0
TYRE_0133,6,FIN,MIX_M4,33.45838693082103,TYRE_0133,BUF_SEC_2,9,0,0.7173089381034027
TYRE_0133,6,FIN,CAL_M3,26.716047080787046,TYRE_0133,BUF_SEC_2,9,0,0.8983364914512258
TYRE_0133,6,FIN,BLD_M6,20.530456848423526,TYRE_0133,BUF_SEC_2,9,0,1.1689949316370372
TYRE_0133,7,INS,INS_M2,21.0,TYRE_0133,BUF_SEC_2,1,1,1.0
TYRE_0133,7,INS,FIN_M3,27.931270607784253,TYRE_0133,BUF_SEC_2,1,0,0.7518454958560834
TYRE_0133,7,INS,EXT_M2,16.62267463056328,TYRE_0133,BUF_SEC_2,1,0,1.2633345996791845
TYRE_0134,1,MIX,MIX_M4,12.0,TYRE_0134,BUF_SEC_4,14,1,1.0
TYRE_0134,1,MIX,INS_M1,10.40976460072731,TYRE_0134,BUF_SEC_4,14,0,1.1527638193818122
TYRE_0134,1,MIX,CUR_M6,11.560233620232427,TYRE_0134,BUF_SEC_4,14,0,1.0380413055838167
TYRE_0134,2,CAL,CAL_M2,31.0,TYRE_0134,BUF_SEC_3,13,1,1.0
TYRE_0134,2,CAL,MIX_M1,24.393349712155043,TYRE_0134,BUF_SEC_3,13,0,1.2708381737565508
TYRE_0134,3,CAL,CAL_M3,27.0,TYRE_0134,BUF_SEC_4,7,1,1.0
TYRE_0134,3,CAL,BLD_M4,24.439108386254375,TYRE_0134,BUF_SEC_4,7,0,1.1047866220514813
TYRE_0134,3,CAL,CUR_M5,37.42614276570193,TYRE_0134,BUF_SEC_4,7,0,0.721420857314298
TYRE_0134,3,CAL,FIN_M2,25.462406241195836,TYRE_0134,BUF_SEC_4,7,0,1.0603868206421307
TYRE_0134,4,EXT,EXT_M3,35.0,TYRE_0134,BUF_SEC_5,8,1,1.0
TYRE_0134,4,EXT,INS_M3,46.74537485019525,TYRE_0134,BUF_SEC_5,8,0,0.7487371769327851
TYRE_0134,4,EXT,BLD_M1,36.05931010930449,TYRE_0134,BUF_SEC_5,8,0,0.9706231176887892
TYRE_0134,5,EXT,EXT_M3,22.0,TYRE_0134,BUF_SEC_5,1,1,1.0
TYRE_0134,5,EXT,CUR_M6,18.868742120495437,TYRE_0134,BUF_SEC_5,1,0,1.1659494766269214
TYRE_0134,5,EXT,FIN_M2,17.16909964530798,TYRE_0134,BUF_SEC_5,1,0,1.2813717931919757
TYRE_0134,5,EXT,CUR_M3,24.29835997794871,TYRE_0134,BUF_SEC_5,1,0,0.905410900981197
TYRE_0134,6,BLD,BLD_M1,20.0,TYRE_0134,BUF_SEC_2,14,1,1.0
TYRE_0134,6,BLD,MIX_M2,21.540083020345197,TYRE_0134,BUF_SEC_2,14,0,0.9285015281096853
TYRE_0134,7,CUR,CUR_M3,71.0,TYRE_0134,BUF_SEC_3,12,1,1.0
TYRE_0134,7,CUR,CUR_M7,56.074246992018274,TYRE_0134,BUF_SEC_3,12,0,1.2661783939801508
TYRE_0134,7,CUR,EXT_M4,70.96829385576532,TYRE_0134,BUF_SEC_3,12,0,1.0004467649215172
TYRE_0134,8,CUR,CUR_M7,75.0,TYRE_0134,BUF_SEC_3,4,1,1.0
TYRE_0134,8,CUR,BLD_M2,59.67672625748543,TYRE_0134,BUF_SEC_3,4,0,1.2567713529793791
TYRE_0134,8,CUR,BLD_M6,67.95069833028414,TYRE_0134,BUF_SEC_3,4,0,1.103741416099239
TYRE_0134,9,FIN,FIN_M1,18.0,TYRE_0134,BUF_SEC_4,12,1,1.0
TYRE_0134,9,FIN,BLD_M3,18.310019438492237,TYRE_0134,BUF_SEC_4,12,0,0.9830683173475775
TYRE_0134,9,FIN,EXT_M2,20.747672754483574,TYRE_0134,BUF_SEC_4,12,0,0.8675671827390953
TYRE_0134,10,INS,INS_M2,24.0,TYRE_0134,BUF_SEC_4,10,1,1.0
TYRE_0134,10,INS,MIX_M2,27.371138395683523,TYRE_0134,BUF_SEC_4,10,0,0.8768360180366062
TYRE_0135,1,MIX,MIX_M2,29.0,TYRE_0135,BUF_SEC_2,4,1,1.0
TYRE_0135,1,MIX,FIN_M1,29.23852045078822,TYRE_0135,BUF_SEC_2,4,0,0.9918422530582669
TYRE_0135,2,CAL,CAL_M3,37.0,TYRE_0135,BUF_SEC_1,9,1,1.0
TYRE_0135,2,CAL,MIX_M2,36.48767649017688,TYRE_0135,BUF_SEC_1,9,0,1.0140410012120407
TYRE_0135,2,CAL,EXT_M2,39.87971045029254,TYRE_0135,BUF_SEC_1,9,0,0.9277900862925794
TYRE_0135,3,EXT,EXT_M4,21.0,TYRE_0135,BUF_SEC_4,11,1,1.0
TYRE_0135,3,EXT,CUR_M2,16.182241883646423,TYRE_0135,BUF_SEC_4,11,0,1.2977188297514168
TYRE_0135,3,EXT,CUR_M8,24.6043010566721,TYRE_0135,BUF_SEC_4,11,0,0.8535093092719779
TYRE_0135,3,EXT,EXT_M1,18.70033935301776,TYRE_0135,BUF_SEC_4,11,0,1.122974273544995
TYRE_0135,4,BLD,BLD_M1,24.0,TYRE_0135,BUF_SEC_5,3,1,1.0
TYRE_0135,4,BLD,CAL_M4,23.079784752292124,TYRE_0135,BUF_SEC_5,3,0,1.0398710498206223
TYRE_0135,4,BLD,CUR_M6,19.336767012351334,TYRE_0135,BUF_SEC_5,3,0,1.241158875455759
TYRE_0135,5,CUR,CUR_M2,68.0,TYRE_0135,BUF_SEC_2,7,1,1.0
TYRE_0135,5,CUR,FIN_M3,55.291717392075185,TYRE_0135,BUF_SEC_2,7,0,1.2298406200301215
TYRE_0135,5,CUR,BLD_M3,54.10613257177399,TYRE_0135,BUF_SEC_2,7,0,1.2567891432601512
TYRE_0135,5,CUR,CUR_M8,79.66213406198806,TYRE_0135,BUF_SEC_2,7,0,0.8536050508901342
TYRE_0135,6,FIN,FIN_M2,24.0,TYRE_0135,BUF_SEC_5,14,1,1.0
TYRE_0135,6,FIN,INS_M2,20.742421422065334,TYRE_0135,BUF_SEC_5,14,0,1.1570490981573311
TYRE_0135,6,FIN,INS_M1,20.482807834613663,TYRE_0135,BUF_SEC_5,14,0,1.171714356439095
TYRE_0135,7,INS,INS_M1,20.0,TYRE_0135,BUF_SEC_3,5,1,1.0
TYRE_0135,7,INS,CAL_M1,18.52672600922646,TYRE_0135,BUF_SEC_3,5,0,1.0795215511925764
TYRE_0135,7,INS,BLD_M1,22.206313686245814,TYRE_0135,BUF_SEC_3,5,0,0.9006447572785408
TYRE_0135,7,INS,CAL_M2,21.02736568613951,TYRE_0135,BUF_SEC_3,5,0,0.951141493353268
TYRE_0136,1,MIX,MIX_M3,12.0,TYRE_0136,BUF_SEC_5,6,1,1.0
TYRE_0136,1,MIX,CUR_M4,12.403108023432441,TYRE_0136,BUF_SEC_5,6,0,0.9674994346037401
TYRE_0136,1,MIX,BLD_M5,12.104343349214767,TYRE_0136,BUF_SEC_5,6,0,0.9913796770130834
TYRE_0136,1,MIX,MIX_M1,14.240278357915786,TYRE_0136,BUF_SEC_5,6,0,0.8426801568334178
TYRE_0136,2,CAL,CAL_M3,43.0,TYRE_0136,BUF_SEC_4,10,1,1.0
TYRE_0136,2,CAL,CUR_M7,61.114379273037834,TYRE_0136,BUF_SEC_4,10,0,0.7035987358701775
TYRE_0136,2,CAL,BLD_M2,53.124721353499446,TYRE_0136,BUF_SEC_4,10,0,0.8094160101823761
TYRE_0136,3,EXT,EXT_M3,42.0,TYRE_0136,BUF_SEC_2,13,1,1.0
TYRE_0136,3,EXT,EXT_M4,45.61912207220952,TYRE_0136,BUF_SEC_2,13,0,0.9206665558692495
TYRE_0136,3,EXT,CAL_M1,36.80408635745161,TYRE_0136,BUF_SEC_2,13,0,1.1411776288123068
TYRE_0136,3,EXT,CUR_M3,39.54428125540083,TYRE_0136,BUF_SEC_2,13,0,1.06210047740503
TYRE_0136,4,BLD,BLD_M2,42.0,TYRE_0136,BUF_SEC_3,12,1,1.0
TYRE_0136,4,BLD,FIN_M1,41.183879531112744,TYRE_0136,BUF_SEC_3,12,0,1.0198165029176212
TYRE_0136,5,CUR,CUR_M3,90.0,TYRE_0136,BUF_SEC_5,3,1,1.0
TYRE_0136,5,CUR,FIN_M4,77.92098545133898,TYRE_0136,BUF_SEC_5,3,0,1.1550161933745597
TYRE_0136,5,CUR,CUR_M5,110.0135013103747,TYRE_0136,BUF_SEC_5,3,0,0.8180814075364098
TYRE_0136,5,CUR,CAL_M2,76.78216786197454,TYRE_0136,BUF_SEC_5,3,0,1.1721471600253088
TYRE_0136,6,FIN,FIN_M3,26.0,TYRE_0136,BUF_SEC_2,12,1,1.0
TYRE_0136,7,INS,INS_M1,13.0,TYRE_0136,BUF_SEC_3,1,1,1.0
TYRE_0136,7,INS,BLD_M4,11.591051381781503,TYRE_0136,BUF_SEC_3,1,0,1.1215548591591133
TYRE_0136,7,INS,CUR_M5,16.16798341441609,TYRE_0136,BUF_SEC_3,1,0,0.8040582221533346
TYRE_0136,7,INS,CUR_M2,13.189592636474577,TYRE_0136,BUF_SEC_3,1,0,0.9856255881663641
TYRE_0137,1,MIX,MIX_M2,14.0,TYRE_0137,BUF_SEC_4,5,1,1.0
TYRE_0137,1,MIX,EXT_M5,13.96964509758832,TYRE_0137,BUF_SEC_4,5,0,1.002172918653239
TYRE_0137,1,MIX,CAL_M2,16.174886754734707,TYRE_0137,BUF_SEC_4,5,0,0.8655392901531087
TYRE_0137,1,MIX,FIN_M3,17.157106679897026,TYRE_0137,BUF_SEC_4,5,0,0.8159883983471288
TYRE_0137,2,CAL,CAL_M2,40.0,TYRE_0137,BUF_SEC_3,10,1,1.0
TYRE_0137,2,CAL,CAL_M3,57.03371645457925,TYRE_0137,BUF_SEC_3,10,0,0.7013395318864653
TYRE_0137,2,CAL,FIN_M1,47.485310497623175,TYRE_0137,BUF_SEC_3,10,0,0.8423657670302516
TYRE_0137,2,CAL,CUR_M7,54.94990387443832,TYRE_0137,BUF_SEC_3,10,0,0.7279357592945174
TYRE_0137,3,EXT,EXT_M4,15.0,TYRE_0137,BUF_SEC_5,13,1,1.0
TYRE_0137,3,EXT,BLD_M3,13.045614399490088,TYRE_0137,BUF_SEC_5,13,0,1.1498116946171812
TYRE_0137,4,EXT,EXT_M3,32.0,TYRE_0137,BUF_SEC_5,2,1,1.0
TYRE_0137,4,EXT,CUR_M2,25.838676135787342,TYRE_0137,BUF_SEC_5,2,0,1.2384535427370074
TYRE_0137,5,BLD,BLD_M5,31.0,TYRE_0137,BUF_SEC_3,5,1,1.0
TYRE_0137,5,BLD,INS_M3,34.20394300407371,TYRE_0137,BUF_SEC_3,5,0,0.9063282556723908
TYRE_0137,6,CUR,CUR_M8,75.0,TYRE_0137,BUF_SEC_1,5,1,1.0
TYRE_0137,6,CUR,INS_M1,84.71466187717348,TYRE_0137,BUF_SEC_1,5,0,0.8853249052536074
TYRE_0137,7,FIN,FIN_M2,29.0,TYRE_0137,BUF_SEC_2,7,1,1.0
TYRE_0137,7,FIN,CAL_M4,28.75369314085482,TYRE_0137,BUF_SEC_2,7,0,1.0085660947252446
TYRE_0137,7,FIN,BLD_M3,25.002734186959223,TYRE_0137,BUF_SEC_2,7,0,1.1598731475986193
TYRE_0137,8,INS,INS_M1,12.0,TYRE_0137,BUF_SEC_4,10,1,1.0
TYRE_0137,8,INS,MIX_M4,11.453650942633423,TYRE_0137,BUF_SEC_4,10,0,1.0477008649995545
TYRE_0137,8,INS,CAL_M4,9.421688160823756,TYRE_0137,BUF_SEC_4,10,0,1.273657097875209
TYRE_0138,1,MIX,MIX_M3,22.0,TYRE_0138,BUF_SEC_2,9,1,1.0
TYRE_0138,1,MIX,EXT_M5,24.592596388102642,TYRE_0138,BUF_SEC_2,9,0,0.894578175187843
TYRE_0138,1,MIX,CUR_M8,18.513892943170944,TYRE_0138,BUF_SEC_2,9,0,1.1882968140482277
TYRE_0138,2,CAL,CAL_M4,31.0,TYRE_0138,BUF_SEC_2,5,1,1.0
TYRE_0138,2,CAL,INS_M1,41.25145087805332,TYRE_0138,BUF_SEC_2,5,0,0.7514887195517451
TYRE_0138,2,CAL,MIX_M2,43.96964233686686,TYRE_0138,BUF_SEC_2,5,0,0.7050318891042624
TYRE_0138,3,EXT,EXT_M4,39.0,TYRE_0138,BUF_SEC_5,9,1,1.0
TYRE_0138,3,EXT,EXT_M5,48.58533010250881,TYRE_0138,BUF_SEC_5,9,0,0.8027114340422306
TYRE_0138,4,BLD,BLD_M4,46.0,TYRE_0138,BUF_SEC_5,11,1,1.0
TYRE_0138,4,BLD,CAL_M2,50.682239665044314,TYRE_0138,BUF_SEC_5,11,0,0.9076157704160484
TYRE_0138,4,BLD,FIN_M4,62.621326351496506,TYRE_0138,BUF_SEC_5,11,0,0.7345740290104971
TYRE_0138,4,BLD,CUR_M2,36.55740584079951,TYRE_0138,BUF_SEC_5,11,0,1.2582949731258606
TYRE_0138,5,CUR,CUR_M2,48.0,TYRE_0138,BUF_SEC_3,9,1,1.0
TYRE_0138,5,CUR,BLD_M5,62.67377317840779,TYRE_0138,BUF_SEC_3,9,0,0.7658705957173301
TYRE_0138,5,CUR,CUR_M4,41.482638387498795,TYRE_0138,BUF_SEC_3,9,0,1.1571105856773392
TYRE_0138,6,FIN,FIN_M3,30.0,TYRE_0138,BUF_SEC_5,5,1,1.0
TYRE_0138,6,FIN,CAL_M1,37.7646434299549,TYRE_0138,BUF_SEC_5,5,0,0.7943938370725887
TYRE_0138,6,FIN,BLD_M4,27.86321004294239,TYRE_0138,BUF_SEC_5,5,0,1.0766885780125268
TYRE_0138,7,INS,INS_M1,24.0,TYRE_0138,BUF_SEC_4,2,1,1.0
TYRE_0138,7,INS,CAL_M1,27.191811955170024,TYRE_0138,BUF_SEC_4,2,0,0.8826186368002166
TYRE_0138,7,INS,FIN_M1,19.75141885275056,TYRE_0138,BUF_SEC_4,2,0,1.2151025796639305
TYRE_0138,7,INS,CUR_M2,30.6259096694887,TYRE_0138,BUF_SEC_4,2,0,0.783650192239357
TYRE_0139,1,MIX,MIX_M4,26.0,TYRE_0139,BUF_SEC_5,8,1,1.0
TYRE_0139,1,MIX,EXT_M4,25.06471673101445,TYRE_0139,BUF_SEC_5,8,0,1.0373147352520546
TYRE_0139,2,CAL,CAL_M3,19.0,TYRE_0139,BUF_SEC_1,5,1,1.0
TYRE_0139,2,CAL,EXT_M2,18.88912049539402,TYRE_0139,BUF_SEC_1,5,0,1.0058700194449506
TYRE_0139,3,CAL,CAL_M2,39.0,TYRE_0139,BUF_SEC_2,8,1,1.0
TYRE_0139,3,CAL,CUR_M6,40.241803350747595,TYRE_0139,BUF_SEC_2,8,0,0.9691414586984575
TYRE_0139,4,EXT,EXT_M2,28.0,TYRE_0139,BUF_SEC_5,7,1,1.0
TYRE_0139,4,EXT,MIX_M2,24.571179657928994,TYRE_0139,BUF_SEC_5,7,0,1.1395464275547935
TYRE_0139,4,EXT,CAL_M2,26.559951989023418,TYRE_0139,BUF_SEC_5,7,0,1.054218773120212
TYRE_0139,5,EXT,EXT_M5,44.0,TYRE_0139,BUF_SEC_4,10,1,1.0
TYRE_0139,5,EXT,CUR_M6,35.07293729945506,TYRE_0139,BUF_SEC_4,10,0,1.2545285165118931
TYRE_0139,5,EXT,MIX_M1,60.7381229301516,TYRE_0139,BUF_SEC_4,10,0,0.724421465092026
TYRE_0139,5,EXT,CUR_M4,55.643786249482496,TYRE_0139,BUF_SEC_4,10,0,0.7907441776647471
TYRE_0139,6,BLD,BLD_M1,46.0,TYRE_0139,BUF_SEC_1,2,1,1.0
TYRE_0139,6,BLD,BLD_M2,37.93128004296693,TYRE_0139,BUF_SEC_1,2,0,1.2127194217514718
TYRE_0139,7,CUR,CUR_M2,73.0,TYRE_0139,BUF_SEC_1,1,1,1.0
TYRE_0139,7,CUR,CUR_M3,67.40158981407141,TYRE_0139,BUF_SEC_1,1,0,1.0830605064564784
TYRE_0139,7,CUR,FIN_M1,62.82742523206155,TYRE_0139,BUF_SEC_1,1,0,1.161912966039348
TYRE_0139,8,CUR,CUR_M3,59.0,TYRE_0139,BUF_SEC_3,14,1,1.0
TYRE_0139,8,CUR,CUR_M7,66.19710585347102,TYRE_0139,BUF_SEC_3,14,0,0.8912776357715397
TYRE_0139,8,CUR,BLD_M6,72.22684329255276,TYRE_0139,BUF_SEC_3,14,0,0.8168708102197155
TYRE_0139,9,FIN,FIN_M2,15.0,TYRE_0139,BUF_SEC_1,5,1,1.0
TYRE_0139,9,FIN,CUR_M5,13.122326534942639,TYRE_0139,BUF_SEC_1,5,0,1.1430899817999056
TYRE_0139,9,FIN,CUR_M8,13.64394802947741,TYRE_0139,BUF_SEC_1,5,0,1.0993885323802812
TYRE_0139,9,FIN,CUR_M7,13.791500619644347,TYRE_0139,BUF_SEC_1,5,0,1.087626387706809
TYRE_0139,10,INS,INS_M2,17.0,TYRE_0139,BUF_SEC_1,8,1,1.0
TYRE_0139,10,INS,INS_M1,15.100440847254262,TYRE_0139,BUF_SEC_1,8,0,1.1257949467807185
TYRE_0139,10,INS,FIN_M4,19.305933213344442,TYRE_0139,BUF_SEC_1,8,0,0.8805583139720715
TYRE_0140,1,MIX,MIX_M3,26.0,TYRE_0140,BUF_SEC_4,5,1,1.0
TYRE_0140,1,MIX,FIN_M1,27.282483982380114,TYRE_0140,BUF_SEC_4,5,0,0.952992404093103
TYRE_0140,1,MIX,CUR_M8,28.778704659135744,TYRE_0140,BUF_SEC_4,5,0,0.9034458050823476
TYRE_0140,1,MIX,BLD_M3,24.479658384046118,TYRE_0140,BUF_SEC_4,5,0,1.0621063248556082
TYRE_0140,2,CAL,CAL_M3,42.0,TYRE_0140,BUF_SEC_5,1,1,1.0
TYRE_0140,2,CAL,CUR_M4,52.35909319585821,TYRE_0140,BUF_SEC_5,1,0,0.8021529296332877
TYRE_0140,2,CAL,MIX_M2,54.38677612324684,TYRE_0140,BUF_SEC_5,1,0,0.7722465458298733
TYRE_0140,2,CAL,EXT_M3,58.33055108778025,TYRE_0140,BUF_SEC_5,1,0,0.7200343424973854
TYRE_0140,3,CAL,CAL_M1,23.0,TYRE_0140,BUF_SEC_3,9,1,1.0
TYRE_0140,3,CAL,CUR_M1,25.652239862930244,TYRE_0140,BUF_SEC_3,9,0,0.8966078643774509
TYRE_0140,3,CAL,FIN_M1,27.93452837751331,TYRE_0140,BUF_SEC_3,9,0,0.8233537967483461
TYRE_0140,4,EXT,EXT_M2,35.0,TYRE_0140,BUF_SEC_3,11,1,1.0
TYRE_0140,4,EXT,MIX_M4,32.833191971441885,TYRE_0140,BUF_SEC_3,11,0,1.0659944372890333
TYRE_0140,5,EXT,EXT_M5,23.0,TYRE_0140,BUF_SEC_5,12,1,1.0
TYRE_0140,5,EXT,BLD_M5,23.18596046336501,TYRE_0140,BUF_SEC_5,12,0,0.9919796092269355
TYRE_0140,6,BLD,BLD_M2,40.0,TYRE_0140,BUF_SEC_4,8,1,1.0
TYRE_0140,6,BLD,CUR_M4,39.42847094933916,TYRE_0140,BUF_SEC_4,8,0,1.0144953389492377
TYRE_0140,7,CUR,CUR_M5,79.0,TYRE_0140,BUF_SEC_4,14,1,1.0
TYRE_0140,7,CUR,INS_M1,85.75615763482338,TYRE_0140,BUF_SEC_4,14,0,0.9212166470471634
TYRE_0140,8,CUR,CUR_M2,72.0,TYRE_0140,BUF_SEC_2,4,1,1.0
TYRE_0140,8,CUR,EXT_M5,58.08233037193499,TYRE_0140,BUF_SEC_2,4,0,1.239619683627397
TYRE_0140,8,CUR,BLD_M3,68.25891783015061,TYRE_0140,BUF_SEC_2,4,0,1.0548072294254411
TYRE_0140,9,FIN,FIN_M2,28.0,TYRE_0140,BUF_SEC_1,2,1,1.0
TYRE_0140,9,FIN,INS_M3,35.50353487188943,TYRE_0140,BUF_SEC_1,2,0,0.7886538650597722
TYRE_0140,9,FIN,INS_M1,35.996287962976915,TYRE_0140,BUF_SEC_1,2,0,0.7778579843787976
TYRE_0140,9,FIN,BLD_M2,25.90828636476375,TYRE_0140,BUF_SEC_1,2,0,1.080735314014479
TYRE_0140,10,INS,INS_M3,14.0,TYRE_0140,BUF_SEC_3,6,1,1.0
TYRE_0140,10,INS,EXT_M5,13.39629818571142,TYRE_0140,BUF_SEC_3,6,0,1.0450648235743583
TYRE_0140,10,INS,CUR_M5,11.497140471699973,TYRE_0140,BUF_SEC_3,6,0,1.2176940896269621
TYRE_0140,10,INS,MIX_M4,13.591387994302526,TYRE_0140,BUF_SEC_3,6,0,1.0300640380414983
TYRE_0141,1,MIX,MIX_M2,29.0,TYRE_0141,BUF_SEC_4,8,1,1.0
TYRE_0141,1,MIX,MIX_M4,37.30185431819961,TYRE_0141,BUF_SEC_4,8,0,0.7774412433392319
TYRE_0141,2,CAL,CAL_M3,41.0,TYRE_0141,BUF_SEC_4,2,1,1.0
TYRE_0141,2,CAL,EXT_M3,35.89748776276362,TYRE_0141,BUF_SEC_4,2,0,1.142141206954577
TYRE_0141,2,CAL,MIX_M1,36.04999622894483,TYRE_0141,BUF_SEC_4,2,0,1.1373094116187668
TYRE_0141,2,CAL,FIN_M2,58.14762500231894,TYRE_0141,BUF_SEC_4,2,0,0.7051018850445725
TYRE_0141,3,EXT,EXT_M5,16.0,TYRE_0141,BUF_SEC_1,8,1,1.0
TYRE_0141,3,EXT,CAL_M3,21.214963760211916,TYRE_0141,BUF_SEC_1,8,0,0.754184649139376
TYRE_0141,3,EXT,BLD_M5,14.306605324691981,TYRE_0141,BUF_SEC_1,8,0,1.118364534204726
TYRE_0141,3,EXT,BLD_M1,18.719618935986723,TYRE_0141,BUF_SEC_1,8,0,0.8547182533316151
TYRE_0141,4,BLD,BLD_M1,22.0,TYRE_0141,BUF_SEC_1,13,1,1.0
TYRE_0141,4,BLD,CUR_M4,28.745213168071636,TYRE_0141,BUF_SEC_1,13,0,0.7653448200702929
TYRE_0141,4,BLD,CUR_M3,25.593649503819044,TYRE_0141,BUF_SEC_1,13,0,0.859588234836036
TYRE_0141,5,CUR,CUR_M1,81.0,TYRE_0141,BUF_SEC_2,2,1,1.0
TYRE_0141,5,CUR,MIX_M2,65.61116085781248,TYRE_0141,BUF_SEC_2,2,0,1.2345460580332825
TYRE_0141,5,CUR,BLD_M3,74.50574148046302,TYRE_0141,BUF_SEC_2,2,0,1.0871645377992771
TYRE_0141,5,CUR,CUR_M2,81.1460161749585,TYRE_0141,BUF_SEC_2,2,0,0.9982005749408118
TYRE_0141,6,FIN,FIN_M3,30.0,TYRE_0141,BUF_SEC_4,13,1,1.0
TYRE_0141,6,FIN,INS_M2,30.63759016671139,TYRE_0141,BUF_SEC_4,13,0,0.9791892846910606
TYRE_0141,6,FIN,CUR_M4,25.364251350528694,TYRE_0141,BUF_SEC_4,13,0,1.1827670206152046
TYRE_0141,7,INS,INS_M1,28.0,TYRE_0141,BUF_SEC_5,8,1,1.0
TYRE_0141,7,INS,FIN_M4,23.245182787655214,TYRE_0141,BUF_SEC_5,8,0,1.2045506484410147
TYRE_0141,7,INS,CUR_M1,26.151902015860596,TYRE_0141,BUF_SEC_5,8,0,1.0706678230523565
TYRE_0141,7,INS,CAL_M4,33.56843879225234,TYRE_0141,BUF_SEC_5,8,0,0.8341168373449186
TYRE_0142,1,MIX,MIX_M4,29.0,TYRE_0142,BUF_SEC_2,8,1,1.0
TYRE_0142,1,MIX,EXT_M4,36.00233847864172,TYRE_0142,BUF_SEC_2,8,0,0.8055032318860111
TYRE_0142,1,MIX,INS_M1,30.037515670963554,TYRE_0142,BUF_SEC_2,8,0,0.9654593381713491
TYRE_0142,2,CAL,CAL_M1,30.0,TYRE_0142,BUF_SEC_5,9,1,1.0
TYRE_0142,2,CAL,INS_M2,23.538755624700876,TYRE_0142,BUF_SEC_5,9,0,1.2744938805736563
TYRE_0142,3,EXT,EXT_M5,24.0,TYRE_0142,BUF_SEC_2,11,1,1.0
TYRE_0142,3,EXT,CUR_M3,28.190096199200212,TYRE_0142,BUF_SEC_2,11,0,0.8513628272286956
TYRE_0142,4,BLD,BLD_M6,50.0,TYRE_0142,BUF_SEC_3,12,1,1.0
TYRE_0142,4,BLD,MIX_M1,66.91096230592889,TYRE_0142,BUF_SEC_3,12,0,0.7472617083489407
TYRE_0142,5,CUR,CUR_M5,70.0,TYRE_0142,BUF_SEC_3,12,1,1.0
TYRE_0142,5,CUR,CUR_M7,56.68824891391854,TYRE_0142,BUF_SEC_3,12,0,1.2348238187123302
TYRE_0142,5,CUR,CUR_M1,56.85670056175025,TYRE_0142,BUF_SEC_3,12,0,1.2311653562094274
TYRE_0142,5,CUR,INS_M2,90.83975264324145,TYRE_0142,BUF_SEC_3,12,0,0.7705877433959312
TYRE_0142,6,FIN,FIN_M2,22.0,TYRE_0142,BUF_SEC_5,10,1,1.0
TYRE_0142,6,FIN,INS_M2,20.772416137742763,TYRE_0142,BUF_SEC_5,10,0,1.0590968260079654
TYRE_0142,6,FIN,CUR_M3,19.755310417984713,TYRE_0142,BUF_SEC_5,10,0,1.1136246171040562
TYRE_0142,6,FIN,CUR_M8,19.16512332099074,TYRE_0142,BUF_SEC_5,10,0,1.1479185200913546
TYRE_0142,7,INS,INS_M2,24.0,TYRE_0142,BUF_SEC_3,9,1,1.0
TYRE_0142,7,INS,EXT_M3,22.265381889398007,TYRE_0142,BUF_SEC_3,9,0,1.0779065061277011
TYRE_0142,7,INS,CAL_M4,33.27738606889409,TYRE_0142,BUF_SEC_3,9,0,0.7212104926244165
TYRE_0143,1,MIX,MIX_M1,11.0,TYRE_0143,BUF_SEC_5,1,1,1.0
TYRE_0143,1,MIX,CUR_M7,10.63517211983145,TYRE_0143,BUF_SEC_5,1,0,1.0343038999329643
TYRE_0143,2,CAL,CAL_M2,29.0,TYRE_0143,BUF_SEC_2,5,1,1.0
TYRE_0143,2,CAL,CAL_M4,24.40279617736029,TYRE_0143,BUF_SEC_2,5,0,1.1883884039036792
TYRE_0143,3,EXT,EXT_M4,30.0,TYRE_0143,BUF_SEC_2,4,1,1.0
TYRE_0143,3,EXT,CUR_M3,35.60278053466888,TYRE_0143,BUF_SEC_2,4,0,0.8426308156124753
TYRE_0143,4,BLD,BLD_M4,26.0,TYRE_0143,BUF_SEC_1,1,1,1.0
TYRE_0143,4,BLD,EXT_M5,36.46133041844094,TYRE_0143,BUF_SEC_1,1,0,0.713084237509064
TYRE_0143,5,CUR,CUR_M6,78.0,TYRE_0143,BUF_SEC_2,11,1,1.0
TYRE_0143,5,CUR,BLD_M2,86.3622272773454,TYRE_0143,BUF_SEC_2,11,0,0.9031726306630471
TYRE_0143,5,CUR,CUR_M3,67.58588721025556,TYRE_0143,BUF_SEC_2,11,0,1.1540870915454104
TYRE_0143,5,CUR,MIX_M1,105.42407314282421,TYRE_0143,BUF_SEC_2,11,0,0.7398689661167691
TYRE_0143,6,FIN,FIN_M2,20.0,TYRE_0143,BUF_SEC_4,9,1,1.0
TYRE_0143,6,FIN,BLD_M1,16.07873384492467,TYRE_0143,BUF_SEC_4,9,0,1.2438790387909242
TYRE_0143,6,FIN,CAL_M3,24.092486385189037,TYRE_0143,BUF_SEC_4,9,0,0.830134328198483
TYRE_0143,7,INS,INS_M3,20.0,TYRE_0143,BUF_SEC_5,9,1,1.0
TYRE_0143,7,INS,BLD_M3,22.885528685473233,TYRE_0143,BUF_SEC_5,9,0,0.8739147028180807
TYRE_0143,7,INS,CUR_M5,26.9481584513706,TYRE_0143,BUF_SEC_5,9,0,0.7421657415326199
TYRE_0144,1,MIX,MIX_M3,22.0,TYRE_0144,BUF_SEC_2,11,1,1.0
TYRE_0144,1,MIX,INS_M2,29.978934745689255,TYRE_0144,BUF_SEC_2,11,0,0.7338486235960547
TYRE_0144,1,MIX,MIX_M1,26.052378459467576,TYRE_0144,BUF_SEC_2,11,0,0.8444526488906843
TYRE_0144,1,MIX,CUR_M2,18.88552206357776,TYRE_0144,BUF_SEC_2,11,0,1.164913520840854
TYRE_0144,2,CAL,CAL_M2,39.0,TYRE_0144,BUF_SEC_1,3,1,1.0
TYRE_0144,2,CAL,MIX_M3,35.777590539578945,TYRE_0144,BUF_SEC_1,3,0,1.0900678165248794
TYRE_0144,3,EXT,EXT_M3,31.0,TYRE_0144,BUF_SEC_1,5,1,1.0
TYRE_0144,3,EXT,FIN_M3,36.12219317358465,TYRE_0144,BUF_SEC_1,5,0,0.8581981678418577
TYRE_0144,3,EXT,FIN_M4,37.5336015178,TYRE_0144,BUF_SEC_1,5,0,0.8259266030012735
TYRE_0144,3,EXT,MIX_M4,24.685616151263655,TYRE_0144,BUF_SEC_1,5,0,1.2557920292547817
TYRE_0144,4,BLD,BLD_M5,23.0,TYRE_0144,BUF_SEC_5,8,1,1.0
TYRE_0144,4,BLD,CUR_M8,29.79586935755225,TYRE_0144,BUF_SEC_5,8,0,0.7719190779097128
TYRE_0144,5,CUR,CUR_M6,55.0,TYRE_0144,BUF_SEC_1,2,1,1.0
TYRE_0144,5,CUR,MIX_M4,47.07772212447393,TYRE_0144,BUF_SEC_1,2,0,1.1682808240929647
TYRE_0144,6,FIN,FIN_M4,13.0,TYRE_0144,BUF_SEC_3,2,1,1.0
TYRE_0144,6,FIN,INS_M2,16.95765195350172,TYRE_0144,BUF_SEC_3,2,0,0.7666155689270133
TYRE_0144,7,INS,INS_M2,24.0,TYRE_0144,BUF_SEC_2,11,1,1.0
TYRE_0144,7,INS,FIN_M1,26.853040596336594,TYRE_0144,BUF_SEC_2,11,0,0.8937535365464044
TYRE_0144,7,INS,INS_M3,25.635029677845065,TYRE_0144,BUF_SEC_2,11,0,0.9362189278345899
TYRE_0145,1,MIX,MIX_M2,14.0,TYRE_0145,BUF_SEC_2,3,1,1.0
TYRE_0145,1,MIX,EXT_M1,16.068744640836844,TYRE_0145,BUF_SEC_2,3,0,0.871256611074684
TYRE_0145,1,MIX,BLD_M1,17.457000212105132,TYRE_0145,BUF_SEC_2,3,0,0.8019705464798036
TYRE_0145,2,CAL,CAL_M1,16.0,TYRE_0145,BUF_SEC_3,5,1,1.0
TYRE_0145,2,CAL,INS_M2,22.112604412463416,TYRE_0145,BUF_SEC_3,5,0,0.723569223306046
TYRE_0145,2,CAL,CAL_M2,12.621048368123587,TYRE_0145,BUF_SEC_3,5,0,1.2677235308289032
TYRE_0145,3,EXT,EXT_M3,45.0,TYRE_0145,BUF_SEC_3,2,1,1.0
TYRE_0145,3,EXT,CUR_M8,37.75377996116869,TYRE_0145,BUF_SEC_3,2,0,1.1919336301235093
TYRE_0145,3,EXT,CUR_M4,40.28693698836591,TYRE_0145,BUF_SEC_3,2,0,1.1169873751631982
TYRE_0145,4,BLD,BLD_M4,47.0,TYRE_0145,BUF_SEC_4,12,1,1.0
TYRE_0145,4,BLD,BLD_M6,43.45920632409706,TYRE_0145,BUF_SEC_4,12,0,1.0814739608794848
TYRE_0145,4,BLD,CAL_M4,44.411832917676406,TYRE_0145,BUF_SEC_4,12,0,1.058276520294065
TYRE_0145,5,CUR,CUR_M7,55.0,TYRE_0145,BUF_SEC_3,9,1,1.0
TYRE_0145,5,CUR,CUR_M4,52.391992620390546,TYRE_0145,BUF_SEC_3,9,0,1.0497787400167413
TYRE_0145,6,FIN,FIN_M2,20.0,TYRE_0145,BUF_SEC_5,11,1,1.0
TYRE_0145,6,FIN,EXT_M5,23.749160907739768,TYRE_0145,BUF_SEC_5,11,0,0.8421350159567983
TYRE_0145,6,FIN,FIN_M4,15.95795200026433,TYRE_0145,BUF_SEC_5,11,0,1.2532936557064915
TYRE_0145,6,FIN,BLD_M2,27.30299070293793,TYRE_0145,BUF_SEC_5,11,0,0.73252048530522
TYRE_0145,7,INS,INS_M3,20.0,TYRE_0145,BUF_SEC_2,12,1,1.0
TYRE_0145,7,INS,CAL_M2,21.574745197877903,TYRE_0145,BUF_SEC_2,12,0,0.9270097892960147
TYRE_0146,1,MIX,MIX_M2,15.0,TYRE_0146,BUF_SEC_3,7,1,1.0
TYRE_0146,1,MIX,CAL_M2,12.750801355967614,TYRE_0146,BUF_SEC_3,7,0,1.1763966500019012
TYRE_0146,1,MIX,FIN_M4,13.80536767093914,TYRE_0146,BUF_SEC_3,7,0,1.0865339017066247
TYRE_0146,1,MIX,CUR_M2,12.699230858512578,TYRE_0146,BUF_SEC_3,7,0,1.1811738968384187
TYRE_0146,2,CAL,CAL_M4,31.0,TYRE_0146,BUF_SEC_1,12,1,1.0
TYRE_0146,2,CAL,CUR_M1,26.421362044433717,TYRE_0146,BUF_SEC_1,12,0,1.1732930326554032
TYRE_0146,2,CAL,MIX_M3,30.921708717787723,TYRE_0146,BUF_SEC_1,12,0,1.0025319196596416
TYRE_0146,3,EXT,EXT_M4,30.0,TYRE_0146,BUF_SEC_2,5,1,1.0
TYRE_0146,3,EXT,CUR_M3,26.05674988191051,TYRE_0146,BUF_SEC_2,5,0,1.1513331530586257
TYRE_0146,3,EXT,CUR_M8,25.286809770465354,TYRE_0146,BUF_SEC_2,5,0,1.1863892785336483
TYRE_0146,3,EXT,INS_M2,39.128738600842695,TYRE_0146,BUF_SEC_2,5,0,0.7666999007055624
TYRE_0146,4,EXT,EXT_M3,30.0,TYRE_0146,BUF_SEC_5,12,1,1.0
TYRE_0146,4,EXT,BLD_M5,28.276694989627146,TYRE_0146,BUF_SEC_5,12,0,1.0609443575709616
TYRE_0146,5,BLD,BLD_M1,22.0,TYRE_0146,BUF_SEC_2,13,1,1.0
TYRE_0146,5,BLD,CUR_M8,17.2855815333144,TYRE_0146,BUF_SEC_2,13,0,1.2727370472089428
TYRE_0146,6,CUR,CUR_M7,72.0,TYRE_0146,BUF_SEC_4,4,1,1.0
TYRE_0146,6,CUR,BLD_M4,74.81664463489945,TYRE_0146,BUF_SEC_4,4,0,0.9623527004098553
TYRE_0146,6,CUR,MIX_M4,64.6087677084563,TYRE_0146,BUF_SEC_4,4,0,1.1143998338568575
TYRE_0146,6,CUR,MIX_M3,99.74751407060425,TYRE_0146,BUF_SEC_4,4,0,0.7218225002483396
TYRE_0146,7,FIN,FIN_M4,17.0,TYRE_0146,BUF_SEC_4,9,1,1.0
TYRE_0146,7,FIN,EXT_M3,16.90925504933447,TYRE_0146,BUF_SEC_4,9,0,1.0053665847727042
TYRE_0146,7,FIN,CAL_M1,13.204096015599116,TYRE_0146,BUF_SEC_4,9,0,1.287479277636005
TYRE_0146,7,FIN,FIN_M2,15.260376533597162,TYRE_0146,BUF_SEC_4,9,0,1.113996103737866
TYRE_0146,8,INS,INS_M1,28.0,TYRE_0146,BUF_SEC_2,10,1,1.0
TYRE_0146,8,INS,MIX_M1,22.89462100258322,TYRE_0146,BUF_SEC_2,10,0,1.2229946936811373
TYRE_0146,8,INS,CAL_M1,23.83345929041261,TYRE_0146,BUF_SEC_2,10,0,1.1748189660098334
TYRE_0147,1,MIX,MIX_M3,11.0,TYRE_0147,BUF_SEC_3,14,1,1.0
TYRE_0147,1,MIX,BLD_M1,9.646642331673396,TYRE_0147,BUF_SEC_3,14,0,1.1402931322417795
TYRE_0147,2,CAL,CAL_M1,24.0,TYRE_0147,BUF_SEC_3,3,1,1.0
TYRE_0147,2,CAL,CUR_M1,27.151328406694184,TYRE_0147,BUF_SEC_3,3,0,0.8839346510236596
TYRE_0147,2,CAL,BLD_M2,18.569024444024013,TYRE_0147,BUF_SEC_3,3,0,1.2924750070929987
TYRE_0147,3,EXT,EXT_M4,34.0,TYRE_0147,BUF_SEC_4,1,1,1.0
TYRE_0147,3,EXT,BLD_M5,37.470224007646074,TYRE_0147,BUF_SEC_4,1,0,0.9073871560805734
TYRE_0147,3,EXT,MIX_M4,29.00907717755678,TYRE_0147,BUF_SEC_4,1,0,1.172046935236689
TYRE_0147,3,EXT,CUR_M4,40.136592449893804,TYRE_0147,BUF_SEC_4,1,0,0.8471072885035102
TYRE_0147,4,BLD,BLD_M6,41.0,TYRE_0147,BUF_SEC_5,2,1,1.0
TYRE_0147,4,BLD,BLD_M5,37.92811636847346,TYRE_0147,BUF_SEC_5,2,0,1.0809922539174643
TYRE_0147,5,CUR,CUR_M8,58.0,TYRE_0147,BUF_SEC_3,10,1,1.0
TYRE_0147,5,CUR,BLD_M3,66.74350195876269,TYRE_0147,BUF_SEC_3,10,0,0.8689984537496273
TYRE_0147,5,CUR,FIN_M2,69.32201099246164,TYRE_0147,BUF_SEC_3,10,0,0.8366750930856168
TYRE_0147,6,FIN,FIN_M1,13.0,TYRE_0147,BUF_SEC_2,1,1,1.0
TYRE_0147,6,FIN,CUR_M2,11.107738717520219,TYRE_0147,BUF_SEC_2,1,0,1.1703552208601307
TYRE_0147,6,FIN,CAL_M1,17.421813779991368,TYRE_0147,BUF_SEC_2,1,0,0.7461909629025113
TYRE_0147,7,INS,INS_M2,14.0,TYRE_0147,BUF_SEC_5,5,1,1.0
TYRE_0148,1,MIX,MIX_M3,21.0,TYRE_0148,BUF_SEC_3,10,1,1.0
TYRE_0148,1,MIX,MIX_M1,20.880526798565445,TYRE_0148,BUF_SEC_3,10,0,1.0057217522616702
TYRE_0148,1,MIX,CAL_M2,16.567161804255925,TYRE_0148,BUF_SEC_3,10,0,1.2675677492692399
TYRE_0148,1,MIX,FIN_M1,20.723129470706215,TYRE_0148,BUF_SEC_3,10,0,1.013360459369091
TYRE_0148,2,CAL,CAL_M4,26.0,TYRE_0148,BUF_SEC_3,14,1,1.0
TYRE_0148,2,CAL,BLD_M4,22.375369615168562,TYRE_0148,BUF_SEC_3,14,0,1.1619919781067773
TYRE_0148,3,EXT,EXT_M1,27.0,TYRE_0148,BUF_SEC_2,1,1,1.0
TYRE_0148,3,EXT,BLD_M4,31.497236684479454,TYRE_0148,BUF_SEC_2,1,0,0.8572180559986868
TYRE_0148,3,EXT,INS_M3,27.21691301562514,TYRE_0148,BUF_SEC_2,1,0,0.9920302124087104
TYRE_0148,4,BLD,BLD_M1,38.0,TYRE_0148,BUF_SEC_4,7,1,1.0
TYRE_0148,4,BLD,INS_M2,45.46958634324409,TYRE_0148,BUF_SEC_4,7,0,0.835723459482188
TYRE_0148,5,CUR,CUR_M4,63.0,TYRE_0148,BUF_SEC_5,4,1,1.0
TYRE_0148,5,CUR,INS_M2,79.58998846738096,TYRE_0148,BUF_SEC_5,4,0,0.7915568429290554
TYRE_0148,5,CUR,BLD_M5,77.27589389995353,TYRE_0148,BUF_SEC_5,4,0,0.8152607083596335
TYRE_0148,5,CUR,CUR_M7,82.47387243745987,TYRE_0148,BUF_SEC_5,4,0,0.7638782821526059
TYRE_0148,6,FIN,FIN_M3,12.0,TYRE_0148,BUF_SEC_1,3,1,1.0
TYRE_0148,6,FIN,MIX_M1,11.371097745578505,TYRE_0148,BUF_SEC_1,3,0,1.05530708366886
TYRE_0148,6,FIN,BLD_M1,11.597210824821426,TYRE_0148,BUF_SEC_1,3,0,1.034731555825172
TYRE_0148,6,FIN,INS_M3,14.392383701133571,TYRE_0148,BUF_SEC_1,3,0,0.8337743246141261
TYRE_0148,7,INS,INS_M2,26.0,TYRE_0148,BUF_SEC_3,9,1,1.0
TYRE_0148,7,INS,INS_M1,20.941174533076424,TYRE_0148,BUF_SEC_3,9,0,1.2415731485802384
TYRE_0149,1,MIX,MIX_M4,27.0,TYRE_0149,BUF_SEC_2,6,1,1.0
TYRE_0149,1,MIX,CAL_M4,22.976833778514692,TYRE_0149,BUF_SEC_2,6,0,1.1750966325589782
TYRE_0149,2,CAL,CAL_M3,41.0,TYRE_0149,BUF_SEC_5,10,1,1.0
TYRE_0149,2,CAL,MIX_M1,50.47002797601482,TYRE_0149,BUF_SEC_5,10,0,0.8123633301626993
TYRE_0149,2,CAL,CUR_M3,42.33244830552411,TYRE_0149,BUF_SEC_5,10,0,0.9685241851378996
TYRE_0149,2,CAL,FIN_M2,40.46227119873903,TYRE_0149,BUF_SEC_5,10,0,1.0132896346480353
TYRE_0149,3,EXT,EXT_M5,36.0,TYRE_0149,BUF_SEC_1,8,1,1.0
TYRE_0149,3,EXT,INS_M2,36.34176590741073,TYRE_0149,BUF_SEC_1,8,0,0.9905957814961039
TYRE_0149,3,EXT,INS_M3,50.98397002679111,TYRE_0149,BUF_SEC_1,8,0,0.7061042908404873
TYRE_0149,3,EXT,EXT_M2,32.186169555134484,TYRE_0149,BUF_SEC_1,8,0,1.1184928339587745
TYRE_0149,4,BLD,BLD_M5,23.0,TYRE_0149,BUF_SEC_3,5,1,1.0
TYRE_0149,4,BLD,BLD_M4,28.178051530518026,TYRE_0149,BUF_SEC_3,5,0,0.8162381268658702
TYRE_0149,4,BLD,BLD_M3,19.981603914017754,TYRE_0149,BUF_SEC_3,5,0,1.1510587487856638
TYRE_0149,4,BLD,MIX_M4,23.318972911187803,TYRE_0149,BUF_SEC_3,5,0,0.9863213138759311
TYRE_0149,5,CUR,CUR_M3,46.0,TYRE_0149,BUF_SEC_1,13,1,1.0
TYRE_0149,5,CUR,BLD_M4,55.67382784379928,TYRE_0149,BUF_SEC_1,13,0,0.8262410145222894
TYRE_0149,5,CUR,CUR_M8,39.27722932159764,TYRE_0149,BUF_SEC_1,13,0,1.1711620395460447
TYRE_0149,6,FIN,FIN_M4,21.0,TYRE_0149,BUF_SEC_2,6,1,1.0
TYRE_0149,6,FIN,CUR_M6,19.58283075425089,TYRE_0149,BUF_SEC_2,6,0,1.0723679463675844
TYRE_0149,7,INS,INS_M2,27.0,TYRE_0149,BUF_SEC_3,8,1,1.0
TYRE_0149,7,INS,CUR_M1,33.43984763680673,TYRE_0149,BUF_SEC_3,8,0,0.8074199468026735
TYRE_0149,7,INS,EXT_M5,23.726669544608278,TYRE_0149,BUF_SEC_3,8,0,1.1379599631224082
TYRE_0149,7,INS,CAL_M3,21.947793456320102,TYRE_0149,BUF_SEC_3,8,0,1.230192003297947
