order_id,product_id,quantity,order_date,due_date,release_time,material_available_time,penalty_per_hour,level
MO_00001,TYRE_0036,56,2026-01-07,2026-01-10 00:00:00,2026-01-08 12:00:00,2026-01-09 00:00:00,69,0
MO_00002,TYRE_0148,56,2026-01-07,2026-01-09 20:00:00,2026-01-06 23:00:00,2026-01-07 00:00:00,69,1
MO_00003,TYRE_0116,47,2026-01-29,2026-02-01 00:00:00,2026-01-30 16:00:00,2026-01-31 00:00:00,29,0
MO_00004,TYRE_0132,46,2026-01-10,2026-01-15 00:00:00,2026-01-10 04:00:00,2026-01-12 19:00:00,72,0
MO_00005,TYRE_0052,46,2026-01-10,2026-01-14 20:00:00,2026-01-09 23:00:00,2026-01-10 00:00:00,72,1
MO_00006,TYRE_0145,92,2026-01-10,2026-01-14 12:00:00,2026-01-09 23:00:00,2026-01-10 00:00:00,72,2
MO_00007,TYRE_0087,138,2026-01-10,2026-01-14 12:00:00,2026-01-09 23:00:00,2026-01-10 00:00:00,72,2
MO_00008,TYRE_0084,46,2026-01-10,2026-01-14 20:00:00,2026-01-09 23:00:00,2026-01-10 00:00:00,72,1
MO_00009,TYRE_0081,99,2026-01-23,2026-01-26 00:00:00,2026-01-24 11:00:00,2026-01-25 19:00:00,33,0
MO_00010,TYRE_0086,95,2026-01-26,2026-02-02 00:00:00,2026-01-26 12:00:00,2026-01-28 01:00:00,84,0
MO_00011,TYRE_0093,285,2026-01-26,2026-02-01 20:00:00,2026-01-25 23:00:00,2026-01-26 00:00:00,84,1
MO_00012,TYRE_0102,1140,2026-01-26,2026-02-01 12:00:00,2026-01-25 23:00:00,2026-01-26 00:00:00,84,2
MO_00013,TYRE_0041,285,2026-01-26,2026-02-01 12:00:00,2026-01-25 23:00:00,2026-01-26 00:00:00,84,2
MO_00014,TYRE_0033,285,2026-01-26,2026-02-01 20:00:00,2026-01-25 23:00:00,2026-01-26 00:00:00,84,1
MO_00015,TYRE_0086,47,2026-01-03,2026-01-16 00:00:00,2026-01-03 16:00:00,2026-01-04 20:00:00,81,0
MO_00016,TYRE_0093,141,2026-01-03,2026-01-15 20:00:00,2026-01-02 23:00:00,2026-01-03 00:00:00,81,1
MO_00017,TYRE_0102,564,2026-01-03,2026-01-15 12:00:00,2026-01-02 23:00:00,2026-01-03 00:00:00,81,2
MO_00018,TYRE_0041,141,2026-01-03,2026-01-15 12:00:00,2026-01-02 23:00:00,2026-01-03 00:00:00,81,2
MO_00019,TYRE_0033,141,2026-01-03,2026-01-15 20:00:00,2026-01-02 23:00:00,2026-01-03 00:00:00,81,1
MO_00020,TYRE_0106,81,2026-01-18,2026-01-22 00:00:00,2026-01-19 01:00:00,2026-01-21 13:00:00,44,0
MO_00021,TYRE_0085,97,2026-01-25,2026-01-30 00:00:00,2026-01-26 19:00:00,2026-01-28 02:00:00,50,0
MO_00022,TYRE_0086,97,2026-01-24,2026-01-27 00:00:00,2026-01-24 19:00:00,2026-01-25 05:00:00,25,0
MO_00023,TYRE_0093,291,2026-01-24,2026-01-26 20:00:00,2026-01-23 23:00:00,2026-01-24 00:00:00,25,1
MO_00024,TYRE_0102,1164,2026-01-24,2026-01-26 12:00:00,2026-01-23 23:00:00,2026-01-24 00:00:00,25,2
MO_00025,TYRE_0041,291,2026-01-24,2026-01-26 12:00:00,2026-01-23 23:00:00,2026-01-24 00:00:00,25,2
MO_00026,TYRE_0033,291,2026-01-24,2026-01-26 20:00:00,2026-01-23 23:00:00,2026-01-24 00:00:00,25,1
MO_00027,TYRE_0108,9,2026-01-13,2026-01-18 00:00:00,2026-01-14 14:00:00,2026-01-15 07:00:00,89,0
MO_00028,TYRE_0127,18,2026-01-13,2026-01-17 20:00:00,2026-01-12 23:00:00,2026-01-13 00:00:00,89,1
MO_00029,TYRE_0142,72,2026-01-13,2026-01-17 12:00:00,2026-01-12 23:00:00,2026-01-13 00:00:00,89,2
MO_00030,TYRE_0011,54,2026-01-13,2026-01-17 12:00:00,2026-01-12 23:00:00,2026-01-13 00:00:00,89,2
MO_00031,TYRE_0112,108,2026-01-13,2026-01-17 00:00:00,2026-01-12 23:00:00,2026-01-13 00:00:00,89,3
MO_00032,TYRE_0039,162,2026-01-13,2026-01-17 00:00:00,2026-01-12 23:00:00,2026-01-13 00:00:00,89,3
MO_00033,TYRE_0061,61,2026-01-28,2026-01-29 00:00:00,2026-01-28 00:00:00,2026-01-28 00:00:00,15,0
MO_00034,TYRE_0095,183,2026-01-28,2026-01-28 20:00:00,2026-01-27 20:00:00,2026-01-28 00:00:00,15,1
MO_00035,TYRE_0126,57,2026-01-26,2026-01-31 00:00:00,2026-01-27 05:00:00,2026-01-28 01:00:00,29,0
MO_00036,TYRE_0089,114,2026-01-26,2026-01-30 20:00:00,2026-01-25 23:00:00,2026-01-26 00:00:00,29,1
MO_00037,TYRE_0009,95,2026-01-07,2026-01-15 00:00:00,2026-01-07 15:00:00,2026-01-08 02:00:00,65,0
MO_00038,TYRE_0120,72,2026-01-25,2026-02-01 00:00:00,2026-01-25 06:00:00,2026-01-26 01:00:00,84,0
MO_00039,TYRE_0080,72,2026-01-25,2026-01-31 20:00:00,2026-01-24 23:00:00,2026-01-25 00:00:00,84,1
MO_00040,TYRE_0017,72,2026-01-25,2026-01-31 12:00:00,2026-01-24 23:00:00,2026-01-25 00:00:00,84,2
MO_00041,TYRE_0066,216,2026-01-25,2026-01-31 00:00:00,2026-01-24 23:00:00,2026-01-25 00:00:00,84,3
MO_00042,TYRE_0135,72,2026-01-25,2026-01-31 00:00:00,2026-01-24 23:00:00,2026-01-25 00:00:00,84,3
MO_00043,TYRE_0012,74,2026-01-04,2026-01-10 00:00:00,2026-01-05 05:00:00,2026-01-05 11:00:00,17,0
MO_00044,TYRE_0143,83,2026-01-13,2026-01-25 00:00:00,2026-01-13 01:00:00,2026-01-15 23:00:00,93,0
MO_00045,TYRE_0094,332,2026-01-13,2026-01-24 20:00:00,2026-01-12 23:00:00,2026-01-13 00:00:00,93,1
MO_00046,TYRE_0102,33,2026-01-20,2026-01-26 00:00:00,2026-01-20 11:00:00,2026-01-20 12:00:00,15,0
MO_00047,TYRE_0076,93,2026-01-01,2026-01-06 00:00:00,2026-01-02 18:00:00,2026-01-04 12:00:00,17,0
MO_00048,TYRE_0081,41,2026-01-08,2026-01-14 00:00:00,2026-01-09 15:00:00,2026-01-10 11:00:00,71,0
MO_00049,TYRE_0055,49,2026-01-14,2026-01-21 00:00:00,2026-01-14 00:00:00,2026-01-15 04:00:00,23,0
MO_00050,TYRE_0009,196,2026-01-14,2026-01-20 20:00:00,2026-01-14 00:00:00,2026-01-14 00:00:00,23,1
MO_00051,TYRE_0053,98,2026-01-14,2026-01-20 20:00:00,2026-01-14 00:00:00,2026-01-14 00:00:00,23,1
MO_00052,TYRE_0122,294,2026-01-14,2026-01-20 12:00:00,2026-01-14 00:00:00,2026-01-14 00:00:00,23,2
MO_00053,TYRE_0112,882,2026-01-14,2026-01-20 00:00:00,2026-01-14 00:00:00,2026-01-14 00:00:00,23,3
MO_00054,TYRE_0110,196,2026-01-14,2026-01-20 12:00:00,2026-01-14 00:00:00,2026-01-14 00:00:00,23,2
MO_00055,TYRE_0042,588,2026-01-14,2026-01-20 00:00:00,2026-01-14 00:00:00,2026-01-14 00:00:00,23,3
MO_00056,TYRE_0037,96,2026-01-16,2026-01-22 00:00:00,2026-01-16 02:00:00,2026-01-17 09:00:00,12,0
MO_00057,TYRE_0135,192,2026-01-16,2026-01-21 20:00:00,2026-01-15 23:00:00,2026-01-16 00:00:00,12,1
MO_00058,TYRE_0082,384,2026-01-16,2026-01-21 12:00:00,2026-01-15 23:00:00,2026-01-16 00:00:00,12,2
MO_00059,TYRE_0081,384,2026-01-16,2026-01-21 12:00:00,2026-01-15 23:00:00,2026-01-16 00:00:00,12,2
MO_00060,TYRE_0048,100,2026-01-14,2026-01-20 00:00:00,2026-01-14 07:00:00,2026-01-16 03:00:00,11,0
MO_00061,TYRE_0120,76,2026-01-12,2026-01-24 00:00:00,2026-01-13 01:00:00,2026-01-15 11:00:00,31,0
MO_00062,TYRE_0080,76,2026-01-12,2026-01-23 20:00:00,2026-01-11 23:00:00,2026-01-12 00:00:00,31,1
MO_00063,TYRE_0017,76,2026-01-12,2026-01-23 12:00:00,2026-01-11 23:00:00,2026-01-12 00:00:00,31,2
MO_00064,TYRE_0066,228,2026-01-12,2026-01-23 00:00:00,2026-01-11 23:00:00,2026-01-12 00:00:00,31,3
MO_00065,TYRE_0135,76,2026-01-12,2026-01-23 00:00:00,2026-01-11 23:00:00,2026-01-12 00:00:00,31,3
MO_00066,TYRE_0035,80,2026-01-19,2026-01-22 00:00:00,2026-01-20 15:00:00,2026-01-20 17:00:00,94,0
MO_00067,TYRE_0006,240,2026-01-19,2026-01-21 20:00:00,2026-01-18 23:00:00,2026-01-19 00:00:00,94,1
MO_00068,TYRE_0080,80,2026-01-19,2026-01-21 20:00:00,2026-01-18 23:00:00,2026-01-19 00:00:00,94,1
MO_00069,TYRE_0017,80,2026-01-19,2026-01-21 12:00:00,2026-01-18 23:00:00,2026-01-19 00:00:00,94,2
MO_00070,TYRE_0066,240,2026-01-19,2026-01-21 00:00:00,2026-01-18 23:00:00,2026-01-19 00:00:00,94,3
MO_00071,TYRE_0135,80,2026-01-19,2026-01-21 00:00:00,2026-01-18 23:00:00,2026-01-19 00:00:00,94,3
MO_00072,TYRE_0116,86,2026-01-23,2026-01-28 00:00:00,2026-01-23 10:00:00,2026-01-25 00:00:00,79,0
MO_00073,TYRE_0042,17,2026-01-15,2026-01-22 00:00:00,2026-01-15 20:00:00,2026-01-17 22:00:00,80,0
MO_00074,TYRE_0120,68,2026-01-15,2026-01-21 20:00:00,2026-01-14 23:00:00,2026-01-15 00:00:00,80,1
MO_00075,TYRE_0080,68,2026-01-15,2026-01-21 12:00:00,2026-01-14 23:00:00,2026-01-15 00:00:00,80,2
MO_00076,TYRE_0017,68,2026-01-15,2026-01-21 00:00:00,2026-01-14 23:00:00,2026-01-15 00:00:00,80,3
MO_00077,TYRE_0078,68,2026-01-15,2026-01-21 20:00:00,2026-01-14 23:00:00,2026-01-15 00:00:00,80,1
MO_00078,TYRE_0022,136,2026-01-15,2026-01-21 12:00:00,2026-01-14 23:00:00,2026-01-15 00:00:00,80,2
MO_00079,TYRE_0033,204,2026-01-15,2026-01-21 12:00:00,2026-01-14 23:00:00,2026-01-15 00:00:00,80,2
MO_00080,TYRE_0035,25,2026-01-28,2026-01-31 00:00:00,2026-01-28 04:00:00,2026-01-28 11:00:00,15,0
MO_00081,TYRE_0006,75,2026-01-28,2026-01-30 20:00:00,2026-01-27 23:00:00,2026-01-28 00:00:00,15,1
MO_00082,TYRE_0080,25,2026-01-28,2026-01-30 20:00:00,2026-01-27 23:00:00,2026-01-28 00:00:00,15,1
MO_00083,TYRE_0017,25,2026-01-28,2026-01-30 12:00:00,2026-01-27 23:00:00,2026-01-28 00:00:00,15,2
MO_00084,TYRE_0066,75,2026-01-28,2026-01-30 00:00:00,2026-01-27 23:00:00,2026-01-28 00:00:00,15,3
MO_00085,TYRE_0135,25,2026-01-28,2026-01-30 00:00:00,2026-01-27 23:00:00,2026-01-28 00:00:00,15,3
MO_00086,TYRE_0048,66,2026-01-02,2026-01-17 00:00:00,2026-01-03 15:00:00,2026-01-05 12:00:00,59,0
MO_00087,TYRE_0073,16,2026-01-02,2026-01-06 00:00:00,2026-01-03 01:00:00,2026-01-05 18:00:00,53,0
MO_00088,TYRE_0122,32,2026-01-02,2026-01-05 20:00:00,2026-01-01 23:00:00,2026-01-02 00:00:00,53,1
MO_00089,TYRE_0112,96,2026-01-02,2026-01-05 12:00:00,2026-01-01 23:00:00,2026-01-02 00:00:00,53,2
MO_00090,TYRE_0028,96,2026-01-02,2026-01-05 00:00:00,2026-01-01 23:00:00,2026-01-02 00:00:00,53,3
MO_00091,TYRE_0084,288,2026-01-02,2026-01-05 00:00:00,2026-01-01 23:00:00,2026-01-02 00:00:00,53,3
MO_00092,TYRE_0059,27,2026-01-23,2026-01-27 00:00:00,2026-01-23 20:00:00,2026-01-24 01:00:00,17,0
MO_00093,TYRE_0071,27,2026-01-23,2026-01-26 20:00:00,2026-01-22 23:00:00,2026-01-23 00:00:00,17,1
MO_00094,TYRE_0043,27,2026-01-23,2026-01-26 12:00:00,2026-01-22 23:00:00,2026-01-23 00:00:00,17,2
MO_00095,TYRE_0014,54,2026-01-23,2026-01-26 20:00:00,2026-01-22 23:00:00,2026-01-23 00:00:00,17,1
MO_00096,TYRE_0108,55,2026-01-22,2026-01-23 00:00:00,2026-01-21 23:00:00,2026-01-22 00:00:00,33,0
MO_00097,TYRE_0127,110,2026-01-22,2026-01-22 20:00:00,2026-01-21 23:00:00,2026-01-22 00:00:00,33,1
MO_00098,TYRE_0142,440,2026-01-22,2026-01-22 12:00:00,2026-01-21 23:00:00,2026-01-22 00:00:00,33,2
MO_00099,TYRE_0011,330,2026-01-22,2026-01-22 12:00:00,2026-01-21 23:00:00,2026-01-22 00:00:00,33,2
MO_00100,TYRE_0112,660,2026-01-22,2026-01-22 00:00:00,2026-01-21 00:00:00,2026-01-22 00:00:00,33,3
MO_00101,TYRE_0039,990,2026-01-22,2026-01-22 00:00:00,2026-01-21 00:00:00,2026-01-22 00:00:00,33,3
MO_00102,TYRE_0047,9,2026-01-19,2026-01-31 00:00:00,2026-01-19 16:00:00,2026-01-21 08:00:00,36,0
MO_00103,TYRE_0090,36,2026-01-19,2026-01-30 20:00:00,2026-01-18 23:00:00,2026-01-19 00:00:00,36,1
MO_00104,TYRE_0127,144,2026-01-19,2026-01-30 12:00:00,2026-01-18 23:00:00,2026-01-19 00:00:00,36,2
MO_00105,TYRE_0142,576,2026-01-19,2026-01-30 00:00:00,2026-01-18 23:00:00,2026-01-19 00:00:00,36,3
MO_00106,TYRE_0011,432,2026-01-19,2026-01-30 00:00:00,2026-01-18 23:00:00,2026-01-19 00:00:00,36,3
MO_00107,TYRE_0110,18,2026-01-19,2026-01-30 20:00:00,2026-01-18 23:00:00,2026-01-19 00:00:00,36,1
MO_00108,TYRE_0042,54,2026-01-19,2026-01-30 12:00:00,2026-01-18 23:00:00,2026-01-19 00:00:00,36,2
MO_00109,TYRE_0120,216,2026-01-19,2026-01-30 00:00:00,2026-01-18 23:00:00,2026-01-19 00:00:00,36,3
MO_00110,TYRE_0078,216,2026-01-19,2026-01-30 00:00:00,2026-01-18 23:00:00,2026-01-19 00:00:00,36,3
MO_00111,TYRE_0080,41,2026-01-25,2026-01-31 00:00:00,2026-01-26 12:00:00,2026-01-28 17:00:00,62,0
MO_00112,TYRE_0017,41,2026-01-25,2026-01-30 20:00:00,2026-01-24 23:00:00,2026-01-25 00:00:00,62,1
MO_00113,TYRE_0066,123,2026-01-25,2026-01-30 12:00:00,2026-01-24 23:00:00,2026-01-25 00:00:00,62,2
MO_00114,TYRE_0011,246,2026-01-25,2026-01-30 00:00:00,2026-01-24 23:00:00,2026-01-25 00:00:00,62,3
MO_00115,TYRE_0010,123,2026-01-25,2026-01-30 00:00:00,2026-01-24 23:00:00,2026-01-25 00:00:00,62,3
MO_00116,TYRE_0135,41,2026-01-25,2026-01-30 12:00:00,2026-01-24 23:00:00,2026-01-25 00:00:00,62,2
MO_00117,TYRE_0082,82,2026-01-25,2026-01-30 00:00:00,2026-01-24 23:00:00,2026-01-25 00:00:00,62,3
MO_00118,TYRE_0081,82,2026-01-25,2026-01-30 00:00:00,2026-01-24 23:00:00,2026-01-25 00:00:00,62,3
MO_00119,TYRE_0085,22,2026-01-26,2026-02-02 00:00:00,2026-01-26 01:00:00,2026-01-27 17:00:00,60,0
MO_00120,TYRE_0119,47,2026-01-30,2026-02-03 00:00:00,2026-01-31 22:00:00,2026-02-02 21:00:00,37,0
MO_00121,TYRE_0121,188,2026-01-30,2026-02-02 20:00:00,2026-01-29 23:00:00,2026-01-30 00:00:00,37,1
MO_00122,TYRE_0021,752,2026-01-30,2026-02-02 12:00:00,2026-01-29 23:00:00,2026-01-30 00:00:00,37,2
MO_00123,TYRE_0070,1504,2026-01-30,2026-02-02 00:00:00,2026-01-29 23:00:00,2026-01-30 00:00:00,37,3
MO_00124,TYRE_0096,2256,2026-01-30,2026-02-02 00:00:00,2026-01-29 23:00:00,2026-01-30 00:00:00,37,3
MO_00125,TYRE_0109,6,2026-01-29,2026-02-03 00:00:00,2026-01-30 15:00:00,2026-02-02 12:00:00,68,0
MO_00126,TYRE_0027,6,2026-01-29,2026-02-02 20:00:00,2026-01-28 23:00:00,2026-01-29 00:00:00,68,1
MO_00127,TYRE_0007,18,2026-01-29,2026-02-02 12:00:00,2026-01-28 23:00:00,2026-01-29 00:00:00,68,2
MO_00128,TYRE_0146,54,2026-01-29,2026-02-02 00:00:00,2026-01-28 23:00:00,2026-01-29 00:00:00,68,3
MO_00129,TYRE_0074,54,2026-01-29,2026-02-02 00:00:00,2026-01-28 23:00:00,2026-01-29 00:00:00,68,3
MO_00130,TYRE_0083,24,2026-01-29,2026-02-02 20:00:00,2026-01-28 23:00:00,2026-01-29 00:00:00,68,1
MO_00131,TYRE_0075,27,2026-01-22,2026-01-27 00:00:00,2026-01-23 03:00:00,2026-01-24 05:00:00,78,0
MO_00132,TYRE_0118,108,2026-01-22,2026-01-26 20:00:00,2026-01-21 23:00:00,2026-01-22 00:00:00,78,1
MO_00133,TYRE_0085,70,2026-01-26,2026-02-09 00:00:00,2026-01-27 02:00:00,2026-01-29 00:00:00,92,0
MO_00134,TYRE_0135,22,2026-01-26,2026-01-31 00:00:00,2026-01-27 15:00:00,2026-01-28 13:00:00,82,0
MO_00135,TYRE_0082,44,2026-01-26,2026-01-30 20:00:00,2026-01-25 23:00:00,2026-01-26 00:00:00,82,1
MO_00136,TYRE_0081,44,2026-01-26,2026-01-30 20:00:00,2026-01-25 23:00:00,2026-01-26 00:00:00,82,1
MO_00137,TYRE_0048,54,2026-01-22,2026-01-28 00:00:00,2026-01-22 00:00:00,2026-01-22 13:00:00,34,0
MO_00138,TYRE_0143,43,2026-01-17,2026-01-23 00:00:00,2026-01-18 21:00:00,2026-01-21 09:00:00,53,0
MO_00139,TYRE_0094,172,2026-01-17,2026-01-22 20:00:00,2026-01-16 23:00:00,2026-01-17 00:00:00,53,1
MO_00140,TYRE_0080,51,2026-01-20,2026-01-23 00:00:00,2026-01-20 10:00:00,2026-01-22 00:00:00,56,0
MO_00141,TYRE_0017,51,2026-01-20,2026-01-22 20:00:00,2026-01-19 23:00:00,2026-01-20 00:00:00,56,1
MO_00142,TYRE_0066,153,2026-01-20,2026-01-22 12:00:00,2026-01-19 23:00:00,2026-01-20 00:00:00,56,2
MO_00143,TYRE_0011,306,2026-01-20,2026-01-22 00:00:00,2026-01-19 23:00:00,2026-01-20 00:00:00,56,3
MO_00144,TYRE_0010,153,2026-01-20,2026-01-22 00:00:00,2026-01-19 23:00:00,2026-01-20 00:00:00,56,3
MO_00145,TYRE_0135,51,2026-01-20,2026-01-22 12:00:00,2026-01-19 23:00:00,2026-01-20 00:00:00,56,2
MO_00146,TYRE_0082,102,2026-01-20,2026-01-22 00:00:00,2026-01-19 23:00:00,2026-01-20 00:00:00,56,3
MO_00147,TYRE_0081,102,2026-01-20,2026-01-22 00:00:00,2026-01-19 23:00:00,2026-01-20 00:00:00,56,3
MO_00148,TYRE_0015,44,2026-01-10,2026-01-17 00:00:00,2026-01-11 14:00:00,2026-01-12 14:00:00,22,0
MO_00149,TYRE_0010,176,2026-01-10,2026-01-16 20:00:00,2026-01-09 23:00:00,2026-01-10 00:00:00,22,1
MO_00150,TYRE_0025,352,2026-01-10,2026-01-16 12:00:00,2026-01-09 23:00:00,2026-01-10 00:00:00,22,2
MO_00151,TYRE_0037,352,2026-01-10,2026-01-16 00:00:00,2026-01-09 23:00:00,2026-01-10 00:00:00,22,3
MO_00152,TYRE_0115,704,2026-01-10,2026-01-16 00:00:00,2026-01-09 23:00:00,2026-01-10 00:00:00,22,3
MO_00153,TYRE_0070,44,2026-01-10,2026-01-16 20:00:00,2026-01-09 23:00:00,2026-01-10 00:00:00,22,1
MO_00154,TYRE_0027,132,2026-01-10,2026-01-16 12:00:00,2026-01-09 23:00:00,2026-01-10 00:00:00,22,2
MO_00155,TYRE_0007,396,2026-01-10,2026-01-16 00:00:00,2026-01-09 23:00:00,2026-01-10 00:00:00,22,3
MO_00156,TYRE_0091,132,2026-01-10,2026-01-16 12:00:00,2026-01-09 23:00:00,2026-01-10 00:00:00,22,2
MO_00157,TYRE_0124,264,2026-01-10,2026-01-16 00:00:00,2026-01-09 23:00:00,2026-01-10 00:00:00,22,3
MO_00158,TYRE_0055,93,2026-01-06,2026-01-12 00:00:00,2026-01-06 17:00:00,2026-01-09 09:00:00,62,0
MO_00159,TYRE_0009,372,2026-01-06,2026-01-11 20:00:00,2026-01-05 23:00:00,2026-01-06 00:00:00,62,1
MO_00160,TYRE_0053,186,2026-01-06,2026-01-11 20:00:00,2026-01-05 23:00:00,2026-01-06 00:00:00,62,1
MO_00161,TYRE_0122,558,2026-01-06,2026-01-11 12:00:00,2026-01-05 23:00:00,2026-01-06 00:00:00,62,2
MO_00162,TYRE_0112,1674,2026-01-06,2026-01-11 00:00:00,2026-01-05 23:00:00,2026-01-06 00:00:00,62,3
MO_00163,TYRE_0110,372,2026-01-06,2026-01-11 12:00:00,2026-01-05 23:00:00,2026-01-06 00:00:00,62,2
MO_00164,TYRE_0042,1116,2026-01-06,2026-01-11 00:00:00,2026-01-05 23:00:00,2026-01-06 00:00:00,62,3
MO_00165,TYRE_0048,83,2026-01-15,2026-01-28 00:00:00,2026-01-16 02:00:00,2026-01-17 01:00:00,62,0
MO_00166,TYRE_0126,100,2026-01-22,2026-01-29 00:00:00,2026-01-23 22:00:00,2026-01-26 02:00:00,46,0
MO_00167,TYRE_0089,200,2026-01-22,2026-01-28 20:00:00,2026-01-21 23:00:00,2026-01-22 00:00:00,46,1
MO_00168,TYRE_0095,73,2026-01-11,2026-01-18 00:00:00,2026-01-11 09:00:00,2026-01-13 10:00:00,72,0
MO_00169,TYRE_0055,72,2026-01-28,2026-02-01 00:00:00,2026-01-29 11:00:00,2026-01-29 11:00:00,75,0
MO_00170,TYRE_0009,288,2026-01-28,2026-01-31 20:00:00,2026-01-27 23:00:00,2026-01-28 00:00:00,75,1
MO_00171,TYRE_0053,144,2026-01-28,2026-01-31 20:00:00,2026-01-27 23:00:00,2026-01-28 00:00:00,75,1
MO_00172,TYRE_0122,432,2026-01-28,2026-01-31 12:00:00,2026-01-27 23:00:00,2026-01-28 00:00:00,75,2
MO_00173,TYRE_0112,1296,2026-01-28,2026-01-31 00:00:00,2026-01-27 23:00:00,2026-01-28 00:00:00,75,3
MO_00174,TYRE_0110,288,2026-01-28,2026-01-31 12:00:00,2026-01-27 23:00:00,2026-01-28 00:00:00,75,2
MO_00175,TYRE_0042,864,2026-01-28,2026-01-31 00:00:00,2026-01-27 23:00:00,2026-01-28 00:00:00,75,3
MO_00176,TYRE_0061,12,2026-01-05,2026-01-09 00:00:00,2026-01-05 20:00:00,2026-01-07 10:00:00,49,0
MO_00177,TYRE_0095,36,2026-01-05,2026-01-08 20:00:00,2026-01-04 23:00:00,2026-01-05 00:00:00,49,1
MO_00178,TYRE_0129,26,2026-01-01,2026-01-06 00:00:00,2026-01-02 03:00:00,2026-01-03 22:00:00,87,0
MO_00179,TYRE_0091,52,2026-01-01,2026-01-05 20:00:00,2025-12-31 23:00:00,2026-01-01 00:00:00,87,1
MO_00180,TYRE_0124,104,2026-01-01,2026-01-05 12:00:00,2025-12-31 23:00:00,2026-01-01 00:00:00,87,2
MO_00181,TYRE_0089,416,2026-01-01,2026-01-05 00:00:00,2025-12-31 23:00:00,2026-01-01 00:00:00,87,3
MO_00182,TYRE_0124,26,2026-01-01,2026-01-05 20:00:00,2025-12-31 23:00:00,2026-01-01 00:00:00,87,1
MO_00183,TYRE_0089,104,2026-01-01,2026-01-05 12:00:00,2025-12-31 23:00:00,2026-01-01 00:00:00,87,2
MO_00184,TYRE_0118,96,2026-01-08,2026-01-13 00:00:00,2026-01-08 00:00:00,2026-01-08 04:00:00,70,0
MO_00185,TYRE_0113,12,2026-01-21,2026-02-05 00:00:00,2026-01-21 13:00:00,2026-01-24 08:00:00,15,0
MO_00186,TYRE_0043,24,2026-01-21,2026-02-04 20:00:00,2026-01-20 23:00:00,2026-01-21 00:00:00,15,1
MO_00187,TYRE_0019,24,2026-01-21,2026-02-04 20:00:00,2026-01-20 23:00:00,2026-01-21 00:00:00,15,1
MO_00188,TYRE_0123,24,2026-01-21,2026-02-04 12:00:00,2026-01-20 23:00:00,2026-01-21 00:00:00,15,2
MO_00189,TYRE_0048,48,2026-01-21,2026-02-04 00:00:00,2026-01-20 23:00:00,2026-01-21 00:00:00,15,3
MO_00190,TYRE_0118,76,2026-01-28,2026-02-01 00:00:00,2026-01-28 19:00:00,2026-01-31 18:00:00,34,0
MO_00191,TYRE_0090,55,2026-01-12,2026-01-16 00:00:00,2026-01-12 08:00:00,2026-01-15 00:00:00,55,0
MO_00192,TYRE_0127,220,2026-01-12,2026-01-15 20:00:00,2026-01-11 23:00:00,2026-01-12 00:00:00,55,1
MO_00193,TYRE_0142,880,2026-01-12,2026-01-15 12:00:00,2026-01-11 23:00:00,2026-01-12 00:00:00,55,2
MO_00194,TYRE_0011,660,2026-01-12,2026-01-15 12:00:00,2026-01-11 23:00:00,2026-01-12 00:00:00,55,2
MO_00195,TYRE_0112,1320,2026-01-12,2026-01-15 00:00:00,2026-01-11 23:00:00,2026-01-12 00:00:00,55,3
MO_00196,TYRE_0039,1980,2026-01-12,2026-01-15 00:00:00,2026-01-11 23:00:00,2026-01-12 00:00:00,55,3
MO_00197,TYRE_0043,10,2026-01-12,2026-01-16 00:00:00,2026-01-13 20:00:00,2026-01-14 10:00:00,40,0
MO_00198,TYRE_0061,13,2026-01-05,2026-01-06 00:00:00,2026-01-05 00:00:00,2026-01-05 00:00:00,89,0
MO_00199,TYRE_0095,39,2026-01-05,2026-01-05 20:00:00,2026-01-04 20:00:00,2026-01-05 00:00:00,89,1
MO_00200,TYRE_0120,28,2026-01-07,2026-01-09 00:00:00,2026-01-07 03:00:00,2026-01-07 08:00:00,72,0
MO_00201,TYRE_0080,28,2026-01-07,2026-01-08 20:00:00,2026-01-06 23:00:00,2026-01-07 00:00:00,72,1
MO_00202,TYRE_0017,28,2026-01-07,2026-01-08 12:00:00,2026-01-06 23:00:00,2026-01-07 00:00:00,72,2
MO_00203,TYRE_0066,84,2026-01-07,2026-01-08 00:00:00,2026-01-06 23:00:00,2026-01-07 00:00:00,72,3
MO_00204,TYRE_0135,28,2026-01-07,2026-01-08 00:00:00,2026-01-06 23:00:00,2026-01-07 00:00:00,72,3
MO_00205,TYRE_0107,62,2026-01-04,2026-01-11 00:00:00,2026-01-05 12:00:00,2026-01-08 05:00:00,77,0
MO_00206,TYRE_0058,248,2026-01-04,2026-01-10 20:00:00,2026-01-03 23:00:00,2026-01-04 00:00:00,77,1
MO_00207,TYRE_0138,744,2026-01-04,2026-01-10 12:00:00,2026-01-03 23:00:00,2026-01-04 00:00:00,77,2
MO_00208,TYRE_0060,62,2026-01-04,2026-01-10 20:00:00,2026-01-03 23:00:00,2026-01-04 00:00:00,77,1
MO_00209,TYRE_0059,186,2026-01-04,2026-01-10 12:00:00,2026-01-03 23:00:00,2026-01-04 00:00:00,77,2
MO_00210,TYRE_0071,186,2026-01-04,2026-01-10 00:00:00,2026-01-03 23:00:00,2026-01-04 00:00:00,77,3
MO_00211,TYRE_0014,372,2026-01-04,2026-01-10 00:00:00,2026-01-03 23:00:00,2026-01-04 00:00:00,77,3
MO_00212,TYRE_0064,62,2026-01-04,2026-01-10 12:00:00,2026-01-03 23:00:00,2026-01-04 00:00:00,77,2
MO_00213,TYRE_0081,186,2026-01-04,2026-01-10 00:00:00,2026-01-03 23:00:00,2026-01-04 00:00:00,77,3
MO_00214,TYRE_0060,62,2026-01-04,2026-01-10 00:00:00,2026-01-03 23:00:00,2026-01-04 00:00:00,77,3
MO_00215,TYRE_0096,88,2026-01-06,2026-01-11 00:00:00,2026-01-06 17:00:00,2026-01-09 13:00:00,48,0
MO_00216,TYRE_0049,176,2026-01-06,2026-01-10 20:00:00,2026-01-05 23:00:00,2026-01-06 00:00:00,48,1
MO_00217,TYRE_0030,55,2026-01-13,2026-01-16 00:00:00,2026-01-14 06:00:00,2026-01-15 20:00:00,89,0
MO_00218,TYRE_0081,220,2026-01-13,2026-01-15 20:00:00,2026-01-12 23:00:00,2026-01-13 00:00:00,89,1
MO_00219,TYRE_0019,165,2026-01-13,2026-01-15 20:00:00,2026-01-12 23:00:00,2026-01-13 00:00:00,89,1
MO_00220,TYRE_0123,165,2026-01-13,2026-01-15 12:00:00,2026-01-12 23:00:00,2026-01-13 00:00:00,89,2
MO_00221,TYRE_0048,330,2026-01-13,2026-01-15 00:00:00,2026-01-12 23:00:00,2026-01-13 00:00:00,89,3
MO_00222,TYRE_0119,7,2026-01-20,2026-01-28 00:00:00,2026-01-21 14:00:00,2026-01-22 18:00:00,45,0
MO_00223,TYRE_0121,28,2026-01-20,2026-01-27 20:00:00,2026-01-19 23:00:00,2026-01-20 00:00:00,45,1
MO_00224,TYRE_0021,112,2026-01-20,2026-01-27 12:00:00,2026-01-19 23:00:00,2026-01-20 00:00:00,45,2
MO_00225,TYRE_0070,224,2026-01-20,2026-01-27 00:00:00,2026-01-19 23:00:00,2026-01-20 00:00:00,45,3
MO_00226,TYRE_0096,336,2026-01-20,2026-01-27 00:00:00,2026-01-19 23:00:00,2026-01-20 00:00:00,45,3
MO_00227,TYRE_0118,73,2026-01-30,2026-02-06 00:00:00,2026-01-30 09:00:00,2026-02-01 06:00:00,16,0
MO_00228,TYRE_0102,24,2026-01-15,2026-01-21 00:00:00,2026-01-15 08:00:00,2026-01-16 14:00:00,94,0
MO_00229,TYRE_0048,9,2026-01-03,2026-01-12 00:00:00,2026-01-04 03:00:00,2026-01-05 02:00:00,75,0
MO_00230,TYRE_0107,35,2026-01-23,2026-01-27 00:00:00,2026-01-24 03:00:00,2026-01-24 17:00:00,64,0
MO_00231,TYRE_0058,140,2026-01-23,2026-01-26 20:00:00,2026-01-22 23:00:00,2026-01-23 00:00:00,64,1
MO_00232,TYRE_0138,420,2026-01-23,2026-01-26 12:00:00,2026-01-22 23:00:00,2026-01-23 00:00:00,64,2
MO_00233,TYRE_0060,35,2026-01-23,2026-01-26 20:00:00,2026-01-22 23:00:00,2026-01-23 00:00:00,64,1
MO_00234,TYRE_0059,105,2026-01-23,2026-01-26 12:00:00,2026-01-22 23:00:00,2026-01-23 00:00:00,64,2
MO_00235,TYRE_0071,105,2026-01-23,2026-01-26 00:00:00,2026-01-22 23:00:00,2026-01-23 00:00:00,64,3
MO_00236,TYRE_0014,210,2026-01-23,2026-01-26 00:00:00,2026-01-22 23:00:00,2026-01-23 00:00:00,64,3
MO_00237,TYRE_0064,35,2026-01-23,2026-01-26 12:00:00,2026-01-22 23:00:00,2026-01-23 00:00:00,64,2
MO_00238,TYRE_0081,105,2026-01-23,2026-01-26 00:00:00,2026-01-22 23:00:00,2026-01-23 00:00:00,64,3
MO_00239,TYRE_0060,35,2026-01-23,2026-01-26 00:00:00,2026-01-22 23:00:00,2026-01-23 00:00:00,64,3
MO_00240,TYRE_0042,81,2026-01-08,2026-01-15 00:00:00,2026-01-08 12:00:00,2026-01-09 07:00:00,81,0
MO_00241,TYRE_0120,324,2026-01-08,2026-01-14 20:00:00,2026-01-07 23:00:00,2026-01-08 00:00:00,81,1
MO_00242,TYRE_0080,324,2026-01-08,2026-01-14 12:00:00,2026-01-07 23:00:00,2026-01-08 00:00:00,81,2
MO_00243,TYRE_0017,324,2026-01-08,2026-01-14 00:00:00,2026-01-07 23:00:00,2026-01-08 00:00:00,81,3
MO_00244,TYRE_0078,324,2026-01-08,2026-01-14 20:00:00,2026-01-07 23:00:00,2026-01-08 00:00:00,81,1
MO_00245,TYRE_0022,648,2026-01-08,2026-01-14 12:00:00,2026-01-07 23:00:00,2026-01-08 00:00:00,81,2
MO_00246,TYRE_0033,972,2026-01-08,2026-01-14 12:00:00,2026-01-07 23:00:00,2026-01-08 00:00:00,81,2
MO_00247,TYRE_0012,56,2026-01-20,2026-01-24 00:00:00,2026-01-20 17:00:00,2026-01-20 20:00:00,51,0
MO_00248,TYRE_0145,22,2026-01-16,2026-01-20 00:00:00,2026-01-16 11:00:00,2026-01-18 20:00:00,36,0
MO_00249,TYRE_0025,78,2026-01-13,2026-01-19 00:00:00,2026-01-13 07:00:00,2026-01-15 19:00:00,11,0
MO_00250,TYRE_0037,78,2026-01-13,2026-01-18 20:00:00,2026-01-12 23:00:00,2026-01-13 00:00:00,11,1
MO_00251,TYRE_0135,156,2026-01-13,2026-01-18 12:00:00,2026-01-12 23:00:00,2026-01-13 00:00:00,11,2
MO_00252,TYRE_0082,312,2026-01-13,2026-01-18 00:00:00,2026-01-12 23:00:00,2026-01-13 00:00:00,11,3
MO_00253,TYRE_0081,312,2026-01-13,2026-01-18 00:00:00,2026-01-12 23:00:00,2026-01-13 00:00:00,11,3
MO_00254,TYRE_0115,156,2026-01-13,2026-01-18 20:00:00,2026-01-12 23:00:00,2026-01-13 00:00:00,11,1
MO_00255,TYRE_0016,156,2026-01-13,2026-01-18 12:00:00,2026-01-12 23:00:00,2026-01-13 00:00:00,11,2
MO_00256,TYRE_0075,312,2026-01-13,2026-01-18 00:00:00,2026-01-12 23:00:00,2026-01-13 00:00:00,11,3
MO_00257,TYRE_0005,624,2026-01-13,2026-01-18 00:00:00,2026-01-12 23:00:00,2026-01-13 00:00:00,11,3
MO_00258,TYRE_0055,43,2026-01-18,2026-01-29 00:00:00,2026-01-18 22:00:00,2026-01-19 07:00:00,79,0
MO_00259,TYRE_0009,172,2026-01-18,2026-01-28 20:00:00,2026-01-17 23:00:00,2026-01-18 00:00:00,79,1
MO_00260,TYRE_0053,86,2026-01-18,2026-01-28 20:00:00,2026-01-17 23:00:00,2026-01-18 00:00:00,79,1
MO_00261,TYRE_0122,258,2026-01-18,2026-01-28 12:00:00,2026-01-17 23:00:00,2026-01-18 00:00:00,79,2
MO_00262,TYRE_0112,774,2026-01-18,2026-01-28 00:00:00,2026-01-17 23:00:00,2026-01-18 00:00:00,79,3
MO_00263,TYRE_0110,172,2026-01-18,2026-01-28 12:00:00,2026-01-17 23:00:00,2026-01-18 00:00:00,79,2
MO_00264,TYRE_0042,516,2026-01-18,2026-01-28 00:00:00,2026-01-17 23:00:00,2026-01-18 00:00:00,79,3
MO_00265,TYRE_0133,40,2026-01-28,2026-02-03 00:00:00,2026-01-28 04:00:00,2026-01-29 20:00:00,13,0
MO_00266,TYRE_0083,40,2026-01-28,2026-02-02 20:00:00,2026-01-27 23:00:00,2026-01-28 00:00:00,13,1
MO_00267,TYRE_0063,160,2026-01-28,2026-02-02 20:00:00,2026-01-27 23:00:00,2026-01-28 00:00:00,13,1
MO_00268,TYRE_0080,85,2026-01-10,2026-01-20 00:00:00,2026-01-10 06:00:00,2026-01-12 10:00:00,30,0
MO_00269,TYRE_0017,85,2026-01-10,2026-01-19 20:00:00,2026-01-09 23:00:00,2026-01-10 00:00:00,30,1
MO_00270,TYRE_0066,255,2026-01-10,2026-01-19 12:00:00,2026-01-09 23:00:00,2026-01-10 00:00:00,30,2
MO_00271,TYRE_0011,510,2026-01-10,2026-01-19 00:00:00,2026-01-09 23:00:00,2026-01-10 00:00:00,30,3
MO_00272,TYRE_0010,255,2026-01-10,2026-01-19 00:00:00,2026-01-09 23:00:00,2026-01-10 00:00:00,30,3
MO_00273,TYRE_0135,85,2026-01-10,2026-01-19 12:00:00,2026-01-09 23:00:00,2026-01-10 00:00:00,30,2
MO_00274,TYRE_0082,170,2026-01-10,2026-01-19 00:00:00,2026-01-09 23:00:00,2026-01-10 00:00:00,30,3
MO_00275,TYRE_0081,170,2026-01-10,2026-01-19 00:00:00,2026-01-09 23:00:00,2026-01-10 00:00:00,30,3
MO_00276,TYRE_0142,87,2026-01-30,2026-02-05 00:00:00,2026-01-30 14:00:00,2026-02-02 12:00:00,10,0
MO_00277,TYRE_0134,57,2026-01-19,2026-01-26 00:00:00,2026-01-19 02:00:00,2026-01-21 01:00:00,47,0
MO_00278,TYRE_0058,228,2026-01-19,2026-01-25 20:00:00,2026-01-18 23:00:00,2026-01-19 00:00:00,47,1
MO_00279,TYRE_0138,684,2026-01-19,2026-01-25 12:00:00,2026-01-18 23:00:00,2026-01-19 00:00:00,47,2
MO_00280,TYRE_0009,228,2026-01-19,2026-01-25 20:00:00,2026-01-18 23:00:00,2026-01-19 00:00:00,47,1
MO_00281,TYRE_0135,65,2026-01-17,2026-01-20 00:00:00,2026-01-17 17:00:00,2026-01-18 07:00:00,69,0
MO_00282,TYRE_0082,130,2026-01-17,2026-01-19 20:00:00,2026-01-16 23:00:00,2026-01-17 00:00:00,69,1
MO_00283,TYRE_0081,130,2026-01-17,2026-01-19 20:00:00,2026-01-16 23:00:00,2026-01-17 00:00:00,69,1
MO_00284,TYRE_0102,64,2026-01-24,2026-01-29 00:00:00,2026-01-25 13:00:00,2026-01-25 19:00:00,85,0
MO_00285,TYRE_0143,76,2026-01-19,2026-01-26 00:00:00,2026-01-20 01:00:00,2026-01-23 00:00:00,23,0
MO_00286,TYRE_0094,304,2026-01-19,2026-01-25 20:00:00,2026-01-18 23:00:00,2026-01-19 00:00:00,23,1
MO_00287,TYRE_0135,47,2026-01-28,2026-02-02 00:00:00,2026-01-29 13:00:00,2026-02-01 11:00:00,88,0
MO_00288,TYRE_0082,94,2026-01-28,2026-02-01 20:00:00,2026-01-27 23:00:00,2026-01-28 00:00:00,88,1
MO_00289,TYRE_0081,94,2026-01-28,2026-02-01 20:00:00,2026-01-27 23:00:00,2026-01-28 00:00:00,88,1
MO_00290,TYRE_0048,16,2026-01-26,2026-02-01 00:00:00,2026-01-27 08:00:00,2026-01-29 02:00:00,97,0
MO_00291,TYRE_0108,53,2026-01-23,2026-01-25 00:00:00,2026-01-23 20:00:00,2026-01-23 23:00:00,91,0
MO_00292,TYRE_0127,106,2026-01-23,2026-01-24 20:00:00,2026-01-22 23:00:00,2026-01-23 00:00:00,91,1
MO_00293,TYRE_0142,424,2026-01-23,2026-01-24 12:00:00,2026-01-22 23:00:00,2026-01-23 00:00:00,91,2
MO_00294,TYRE_0011,318,2026-01-23,2026-01-24 12:00:00,2026-01-22 23:00:00,2026-01-23 00:00:00,91,2
MO_00295,TYRE_0112,636,2026-01-23,2026-01-24 00:00:00,2026-01-22 23:00:00,2026-01-23 00:00:00,91,3
MO_00296,TYRE_0039,954,2026-01-23,2026-01-24 00:00:00,2026-01-22 23:00:00,2026-01-23 00:00:00,91,3
MO_00297,TYRE_0010,80,2026-01-26,2026-02-06 00:00:00,2026-01-26 16:00:00,2026-01-28 18:00:00,26,0
MO_00298,TYRE_0025,160,2026-01-26,2026-02-05 20:00:00,2026-01-25 23:00:00,2026-01-26 00:00:00,26,1
MO_00299,TYRE_0037,160,2026-01-26,2026-02-05 12:00:00,2026-01-25 23:00:00,2026-01-26 00:00:00,26,2
MO_00300,TYRE_0135,320,2026-01-26,2026-02-05 00:00:00,2026-01-25 23:00:00,2026-01-26 00:00:00,26,3
MO_00301,TYRE_0115,320,2026-01-26,2026-02-05 12:00:00,2026-01-25 23:00:00,2026-01-26 00:00:00,26,2
MO_00302,TYRE_0016,320,2026-01-26,2026-02-05 00:00:00,2026-01-25 23:00:00,2026-01-26 00:00:00,26,3
MO_00303,TYRE_0143,47,2026-01-05,2026-01-10 00:00:00,2026-01-06 18:00:00,2026-01-09 16:00:00,82,0
MO_00304,TYRE_0094,188,2026-01-05,2026-01-09 20:00:00,2026-01-04 23:00:00,2026-01-05 00:00:00,82,1
MO_00305,TYRE_0048,99,2026-01-26,2026-01-27 00:00:00,2026-01-25 23:00:00,2026-01-26 00:00:00,56,0
MO_00306,TYRE_0143,94,2026-01-21,2026-01-26 00:00:00,2026-01-22 00:00:00,2026-01-23 16:00:00,91,0
MO_00307,TYRE_0094,376,2026-01-21,2026-01-25 20:00:00,2026-01-20 23:00:00,2026-01-21 00:00:00,91,1
MO_00308,TYRE_0120,75,2026-01-30,2026-02-04 00:00:00,2026-01-31 16:00:00,2026-02-03 04:00:00,65,0
MO_00309,TYRE_0080,75,2026-01-30,2026-02-03 20:00:00,2026-01-29 23:00:00,2026-01-30 00:00:00,65,1
MO_00310,TYRE_0017,75,2026-01-30,2026-02-03 12:00:00,2026-01-29 23:00:00,2026-01-30 00:00:00,65,2
MO_00311,TYRE_0066,225,2026-01-30,2026-02-03 00:00:00,2026-01-29 23:00:00,2026-01-30 00:00:00,65,3
MO_00312,TYRE_0135,75,2026-01-30,2026-02-03 00:00:00,2026-01-29 23:00:00,2026-01-30 00:00:00,65,3
MO_00313,TYRE_0025,44,2026-01-23,2026-01-29 00:00:00,2026-01-23 18:00:00,2026-01-24 23:00:00,62,0
MO_00314,TYRE_0037,44,2026-01-23,2026-01-28 20:00:00,2026-01-22 23:00:00,2026-01-23 00:00:00,62,1
MO_00315,TYRE_0135,88,2026-01-23,2026-01-28 12:00:00,2026-01-22 23:00:00,2026-01-23 00:00:00,62,2
MO_00316,TYRE_0082,176,2026-01-23,2026-01-28 00:00:00,2026-01-22 23:00:00,2026-01-23 00:00:00,62,3
MO_00317,TYRE_0081,176,2026-01-23,2026-01-28 00:00:00,2026-01-22 23:00:00,2026-01-23 00:00:00,62,3
MO_00318,TYRE_0115,88,2026-01-23,2026-01-28 20:00:00,2026-01-22 23:00:00,2026-01-23 00:00:00,62,1
MO_00319,TYRE_0016,88,2026-01-23,2026-01-28 12:00:00,2026-01-22 23:00:00,2026-01-23 00:00:00,62,2
MO_00320,TYRE_0075,176,2026-01-23,2026-01-28 00:00:00,2026-01-22 23:00:00,2026-01-23 00:00:00,62,3
MO_00321,TYRE_0005,352,2026-01-23,2026-01-28 00:00:00,2026-01-22 23:00:00,2026-01-23 00:00:00,62,3
MO_00322,TYRE_0118,17,2026-01-09,2026-01-24 00:00:00,2026-01-10 13:00:00,2026-01-11 06:00:00,27,0
MO_00323,TYRE_0120,31,2026-01-12,2026-01-18 00:00:00,2026-01-13 00:00:00,2026-01-14 05:00:00,78,0
MO_00324,TYRE_0080,31,2026-01-12,2026-01-17 20:00:00,2026-01-11 23:00:00,2026-01-12 00:00:00,78,1
MO_00325,TYRE_0017,31,2026-01-12,2026-01-17 12:00:00,2026-01-11 23:00:00,2026-01-12 00:00:00,78,2
MO_00326,TYRE_0066,93,2026-01-12,2026-01-17 00:00:00,2026-01-11 23:00:00,2026-01-12 00:00:00,78,3
MO_00327,TYRE_0135,31,2026-01-12,2026-01-17 00:00:00,2026-01-11 23:00:00,2026-01-12 00:00:00,78,3
MO_00328,TYRE_0112,99,2026-01-21,2026-01-22 00:00:00,2026-01-21 00:00:00,2026-01-21 00:00:00,57,0
MO_00329,TYRE_0028,99,2026-01-21,2026-01-21 20:00:00,2026-01-20 20:00:00,2026-01-21 00:00:00,57,1
MO_00330,TYRE_0060,99,2026-01-21,2026-01-21 12:00:00,2026-01-20 12:00:00,2026-01-21 00:00:00,57,2
MO_00331,TYRE_0059,297,2026-01-21,2026-01-21 00:00:00,2026-01-20 00:00:00,2026-01-21 00:00:00,57,3
MO_00332,TYRE_0064,99,2026-01-21,2026-01-21 00:00:00,2026-01-20 00:00:00,2026-01-21 00:00:00,57,3
MO_00333,TYRE_0087,396,2026-01-21,2026-01-21 12:00:00,2026-01-20 12:00:00,2026-01-21 00:00:00,57,2
MO_00334,TYRE_0084,297,2026-01-21,2026-01-21 20:00:00,2026-01-20 20:00:00,2026-01-21 00:00:00,57,1
MO_00335,TYRE_0106,42,2026-01-01,2026-01-08 00:00:00,2026-01-01 03:00:00,2026-01-03 06:00:00,18,0
MO_00336,TYRE_0124,68,2026-01-26,2026-01-31 00:00:00,2026-01-26 02:00:00,2026-01-28 01:00:00,63,0
MO_00337,TYRE_0089,272,2026-01-26,2026-01-30 20:00:00,2026-01-25 23:00:00,2026-01-26 00:00:00,63,1
MO_00338,TYRE_0055,97,2026-01-26,2026-02-02 00:00:00,2026-01-27 09:00:00,2026-01-28 07:00:00,44,0
MO_00339,TYRE_0009,388,2026-01-26,2026-02-01 20:00:00,2026-01-25 23:00:00,2026-01-26 00:00:00,44,1
MO_00340,TYRE_0053,194,2026-01-26,2026-02-01 20:00:00,2026-01-25 23:00:00,2026-01-26 00:00:00,44,1
MO_00341,TYRE_0122,582,2026-01-26,2026-02-01 12:00:00,2026-01-25 23:00:00,2026-01-26 00:00:00,44,2
MO_00342,TYRE_0112,1746,2026-01-26,2026-02-01 00:00:00,2026-01-25 23:00:00,2026-01-26 00:00:00,44,3
MO_00343,TYRE_0110,388,2026-01-26,2026-02-01 12:00:00,2026-01-25 23:00:00,2026-01-26 00:00:00,44,2
MO_00344,TYRE_0042,1164,2026-01-26,2026-02-01 00:00:00,2026-01-25 23:00:00,2026-01-26 00:00:00,44,3
MO_00345,TYRE_0086,26,2026-01-01,2026-01-07 00:00:00,2026-01-02 17:00:00,2026-01-04 05:00:00,55,0
MO_00346,TYRE_0093,78,2026-01-01,2026-01-06 20:00:00,2025-12-31 23:00:00,2026-01-01 00:00:00,55,1
MO_00347,TYRE_0102,312,2026-01-01,2026-01-06 12:00:00,2025-12-31 23:00:00,2026-01-01 00:00:00,55,2
MO_00348,TYRE_0041,78,2026-01-01,2026-01-06 12:00:00,2025-12-31 23:00:00,2026-01-01 00:00:00,55,2
MO_00349,TYRE_0033,78,2026-01-01,2026-01-06 20:00:00,2025-12-31 23:00:00,2026-01-01 00:00:00,55,1
MO_00350,TYRE_0145,72,2026-01-15,2026-01-19 00:00:00,2026-01-15 09:00:00,2026-01-18 07:00:00,10,0
MO_00351,TYRE_0149,11,2026-01-02,2026-01-05 00:00:00,2026-01-03 02:00:00,2026-01-04 00:00:00,50,0
MO_00352,TYRE_0027,44,2026-01-02,2026-01-04 20:00:00,2026-01-01 23:00:00,2026-01-02 00:00:00,50,1
MO_00353,TYRE_0007,132,2026-01-02,2026-01-04 12:00:00,2026-01-01 23:00:00,2026-01-02 00:00:00,50,2
MO_00354,TYRE_0146,396,2026-01-02,2026-01-04 00:00:00,2026-01-01 23:00:00,2026-01-02 00:00:00,50,3
MO_00355,TYRE_0074,396,2026-01-02,2026-01-04 00:00:00,2026-01-01 23:00:00,2026-01-02 00:00:00,50,3
MO_00356,TYRE_0105,34,2026-01-30,2026-02-02 00:00:00,2026-01-31 23:00:00,2026-02-01 00:00:00,82,0
MO_00357,TYRE_0102,102,2026-01-30,2026-02-01 20:00:00,2026-01-29 23:00:00,2026-01-30 00:00:00,82,1
MO_00358,TYRE_0039,102,2026-01-30,2026-02-01 20:00:00,2026-01-29 23:00:00,2026-01-30 00:00:00,82,1
MO_00359,TYRE_0122,306,2026-01-30,2026-02-01 12:00:00,2026-01-29 23:00:00,2026-01-30 00:00:00,82,2
MO_00360,TYRE_0112,918,2026-01-30,2026-02-01 00:00:00,2026-01-29 23:00:00,2026-01-30 00:00:00,82,3
MO_00361,TYRE_0126,63,2026-01-22,2026-01-25 00:00:00,2026-01-23 01:00:00,2026-01-24 00:00:00,41,0
MO_00362,TYRE_0089,126,2026-01-22,2026-01-24 20:00:00,2026-01-21 23:00:00,2026-01-22 00:00:00,41,1
MO_00363,TYRE_0009,89,2026-01-16,2026-01-23 00:00:00,2026-01-17 02:00:00,2026-01-19 02:00:00,93,0
MO_00364,TYRE_0043,6,2026-01-25,2026-02-01 00:00:00,2026-01-25 00:00:00,2026-01-26 22:00:00,86,0
MO_00365,TYRE_0119,7,2026-01-08,2026-01-14 00:00:00,2026-01-09 19:00:00,2026-01-10 19:00:00,49,0
MO_00366,TYRE_0121,28,2026-01-08,2026-01-13 20:00:00,2026-01-07 23:00:00,2026-01-08 00:00:00,49,1
MO_00367,TYRE_0021,112,2026-01-08,2026-01-13 12:00:00,2026-01-07 23:00:00,2026-01-08 00:00:00,49,2
MO_00368,TYRE_0070,224,2026-01-08,2026-01-13 00:00:00,2026-01-07 23:00:00,2026-01-08 00:00:00,49,3
MO_00369,TYRE_0096,336,2026-01-08,2026-01-13 00:00:00,2026-01-07 23:00:00,2026-01-08 00:00:00,49,3
MO_00370,TYRE_0061,18,2026-01-13,2026-01-18 00:00:00,2026-01-13 19:00:00,2026-01-14 21:00:00,20,0
MO_00371,TYRE_0095,54,2026-01-13,2026-01-17 20:00:00,2026-01-12 23:00:00,2026-01-13 00:00:00,20,1
MO_00372,TYRE_0134,84,2026-01-21,2026-01-22 00:00:00,2026-01-20 23:00:00,2026-01-21 00:00:00,71,0
MO_00373,TYRE_0058,336,2026-01-21,2026-01-21 20:00:00,2026-01-20 20:00:00,2026-01-21 00:00:00,71,1
MO_00374,TYRE_0138,1008,2026-01-21,2026-01-21 12:00:00,2026-01-20 12:00:00,2026-01-21 00:00:00,71,2
MO_00375,TYRE_0009,336,2026-01-21,2026-01-21 20:00:00,2026-01-20 20:00:00,2026-01-21 00:00:00,71,1
MO_00376,TYRE_0108,15,2026-01-01,2026-01-08 00:00:00,2026-01-01 09:00:00,2026-01-02 07:00:00,55,0
MO_00377,TYRE_0127,30,2026-01-01,2026-01-07 20:00:00,2025-12-31 23:00:00,2026-01-01 00:00:00,55,1
MO_00378,TYRE_0142,120,2026-01-01,2026-01-07 12:00:00,2025-12-31 23:00:00,2026-01-01 00:00:00,55,2
MO_00379,TYRE_0011,90,2026-01-01,2026-01-07 12:00:00,2025-12-31 23:00:00,2026-01-01 00:00:00,55,2
MO_00380,TYRE_0112,180,2026-01-01,2026-01-07 00:00:00,2025-12-31 23:00:00,2026-01-01 00:00:00,55,3
MO_00381,TYRE_0039,270,2026-01-01,2026-01-07 00:00:00,2025-12-31 23:00:00,2026-01-01 00:00:00,55,3
MO_00382,TYRE_0135,94,2026-01-16,2026-01-21 00:00:00,2026-01-16 00:00:00,2026-01-16 16:00:00,57,0
MO_00383,TYRE_0082,188,2026-01-16,2026-01-20 20:00:00,2026-01-16 00:00:00,2026-01-16 00:00:00,57,1
MO_00384,TYRE_0081,188,2026-01-16,2026-01-20 20:00:00,2026-01-16 00:00:00,2026-01-16 00:00:00,57,1
MO_00385,TYRE_0055,88,2026-01-29,2026-02-07 00:00:00,2026-01-29 15:00:00,2026-01-31 10:00:00,52,0
MO_00386,TYRE_0009,352,2026-01-29,2026-02-06 20:00:00,2026-01-28 23:00:00,2026-01-29 00:00:00,52,1
MO_00387,TYRE_0053,176,2026-01-29,2026-02-06 20:00:00,2026-01-28 23:00:00,2026-01-29 00:00:00,52,1
MO_00388,TYRE_0122,528,2026-01-29,2026-02-06 12:00:00,2026-01-28 23:00:00,2026-01-29 00:00:00,52,2
MO_00389,TYRE_0112,1584,2026-01-29,2026-02-06 00:00:00,2026-01-28 23:00:00,2026-01-29 00:00:00,52,3
MO_00390,TYRE_0110,352,2026-01-29,2026-02-06 12:00:00,2026-01-28 23:00:00,2026-01-29 00:00:00,52,2
MO_00391,TYRE_0042,1056,2026-01-29,2026-02-06 00:00:00,2026-01-28 23:00:00,2026-01-29 00:00:00,52,3
MO_00392,TYRE_0008,53,2026-01-07,2026-01-09 00:00:00,2026-01-07 10:00:00,2026-01-08 00:00:00,60,0
MO_00393,TYRE_0131,53,2026-01-07,2026-01-08 20:00:00,2026-01-06 23:00:00,2026-01-07 00:00:00,60,1
MO_00394,TYRE_0048,106,2026-01-07,2026-01-08 12:00:00,2026-01-06 23:00:00,2026-01-07 00:00:00,60,2
MO_00395,TYRE_0116,15,2026-01-05,2026-01-10 00:00:00,2026-01-05 03:00:00,2026-01-06 02:00:00,70,0
MO_00396,TYRE_0112,77,2026-01-22,2026-01-28 00:00:00,2026-01-23 10:00:00,2026-01-26 08:00:00,51,0
MO_00397,TYRE_0028,77,2026-01-22,2026-01-27 20:00:00,2026-01-21 23:00:00,2026-01-22 00:00:00,51,1
MO_00398,TYRE_0060,77,2026-01-22,2026-01-27 12:00:00,2026-01-21 23:00:00,2026-01-22 00:00:00,51,2
MO_00399,TYRE_0059,231,2026-01-22,2026-01-27 00:00:00,2026-01-21 23:00:00,2026-01-22 00:00:00,51,3
MO_00400,TYRE_0064,77,2026-01-22,2026-01-27 00:00:00,2026-01-21 23:00:00,2026-01-22 00:00:00,51,3
MO_00401,TYRE_0087,308,2026-01-22,2026-01-27 12:00:00,2026-01-21 23:00:00,2026-01-22 00:00:00,51,2
MO_00402,TYRE_0084,231,2026-01-22,2026-01-27 20:00:00,2026-01-21 23:00:00,2026-01-22 00:00:00,51,1
MO_00403,TYRE_0024,34,2026-01-29,2026-02-06 00:00:00,2026-01-29 12:00:00,2026-01-31 23:00:00,35,0
MO_00404,TYRE_0071,136,2026-01-29,2026-02-05 20:00:00,2026-01-28 23:00:00,2026-01-29 00:00:00,35,1
MO_00405,TYRE_0043,136,2026-01-29,2026-02-05 12:00:00,2026-01-28 23:00:00,2026-01-29 00:00:00,35,2
MO_00406,TYRE_0084,34,2026-01-29,2026-02-05 20:00:00,2026-01-28 23:00:00,2026-01-29 00:00:00,35,1
MO_00407,TYRE_0149,39,2026-01-23,2026-01-30 00:00:00,2026-01-23 20:00:00,2026-01-26 00:00:00,20,0
MO_00408,TYRE_0027,156,2026-01-23,2026-01-29 20:00:00,2026-01-22 23:00:00,2026-01-23 00:00:00,20,1
MO_00409,TYRE_0007,468,2026-01-23,2026-01-29 12:00:00,2026-01-22 23:00:00,2026-01-23 00:00:00,20,2
MO_00410,TYRE_0146,1404,2026-01-23,2026-01-29 00:00:00,2026-01-22 23:00:00,2026-01-23 00:00:00,20,3
MO_00411,TYRE_0074,1404,2026-01-23,2026-01-29 00:00:00,2026-01-22 23:00:00,2026-01-23 00:00:00,20,3
MO_00412,TYRE_0113,74,2026-01-03,2026-01-09 00:00:00,2026-01-03 14:00:00,2026-01-04 05:00:00,34,0
MO_00413,TYRE_0043,148,2026-01-03,2026-01-08 20:00:00,2026-01-02 23:00:00,2026-01-03 00:00:00,34,1
MO_00414,TYRE_0019,148,2026-01-03,2026-01-08 20:00:00,2026-01-02 23:00:00,2026-01-03 00:00:00,34,1
MO_00415,TYRE_0123,148,2026-01-03,2026-01-08 12:00:00,2026-01-02 23:00:00,2026-01-03 00:00:00,34,2
MO_00416,TYRE_0048,296,2026-01-03,2026-01-08 00:00:00,2026-01-02 23:00:00,2026-01-03 00:00:00,34,3
MO_00417,TYRE_0116,7,2026-01-12,2026-01-14 00:00:00,2026-01-12 09:00:00,2026-01-13 09:00:00,49,0
MO_00418,TYRE_0036,14,2026-01-26,2026-02-02 00:00:00,2026-01-27 13:00:00,2026-01-30 06:00:00,34,0
MO_00419,TYRE_0148,14,2026-01-26,2026-02-01 20:00:00,2026-01-25 23:00:00,2026-01-26 00:00:00,34,1
MO_00420,TYRE_0080,91,2026-01-16,2026-01-23 00:00:00,2026-01-16 10:00:00,2026-01-18 11:00:00,93,0
MO_00421,TYRE_0017,91,2026-01-16,2026-01-22 20:00:00,2026-01-15 23:00:00,2026-01-16 00:00:00,93,1
MO_00422,TYRE_0066,273,2026-01-16,2026-01-22 12:00:00,2026-01-15 23:00:00,2026-01-16 00:00:00,93,2
MO_00423,TYRE_0011,546,2026-01-16,2026-01-22 00:00:00,2026-01-15 23:00:00,2026-01-16 00:00:00,93,3
MO_00424,TYRE_0010,273,2026-01-16,2026-01-22 00:00:00,2026-01-15 23:00:00,2026-01-16 00:00:00,93,3
MO_00425,TYRE_0135,91,2026-01-16,2026-01-22 12:00:00,2026-01-15 23:00:00,2026-01-16 00:00:00,93,2
MO_00426,TYRE_0082,182,2026-01-16,2026-01-22 00:00:00,2026-01-15 23:00:00,2026-01-16 00:00:00,93,3
MO_00427,TYRE_0081,182,2026-01-16,2026-01-22 00:00:00,2026-01-15 23:00:00,2026-01-16 00:00:00,93,3
MO_00428,TYRE_0084,93,2026-01-19,2026-01-24 00:00:00,2026-01-20 07:00:00,2026-01-23 03:00:00,84,0
MO_00429,TYRE_0128,11,2026-01-05,2026-01-11 00:00:00,2026-01-06 08:00:00,2026-01-07 23:00:00,83,0
MO_00430,TYRE_0102,82,2026-01-22,2026-02-04 00:00:00,2026-01-22 19:00:00,2026-01-23 00:00:00,61,0
MO_00431,TYRE_0101,8,2026-01-25,2026-02-07 00:00:00,2026-01-26 11:00:00,2026-01-29 02:00:00,12,0
MO_00432,TYRE_0028,8,2026-01-25,2026-02-06 20:00:00,2026-01-24 23:00:00,2026-01-25 00:00:00,12,1
MO_00433,TYRE_0060,8,2026-01-25,2026-02-06 12:00:00,2026-01-24 23:00:00,2026-01-25 00:00:00,12,2
MO_00434,TYRE_0059,24,2026-01-25,2026-02-06 00:00:00,2026-01-24 23:00:00,2026-01-25 00:00:00,12,3
MO_00435,TYRE_0064,8,2026-01-25,2026-02-06 00:00:00,2026-01-24 23:00:00,2026-01-25 00:00:00,12,3
MO_00436,TYRE_0087,32,2026-01-25,2026-02-06 12:00:00,2026-01-24 23:00:00,2026-01-25 00:00:00,12,2
MO_00437,TYRE_0123,24,2026-01-25,2026-02-06 20:00:00,2026-01-24 23:00:00,2026-01-25 00:00:00,12,1
MO_00438,TYRE_0048,48,2026-01-25,2026-02-06 12:00:00,2026-01-24 23:00:00,2026-01-25 00:00:00,12,2
MO_00439,TYRE_0090,34,2026-01-29,2026-02-13 00:00:00,2026-01-30 05:00:00,2026-01-31 08:00:00,48,0
MO_00440,TYRE_0127,136,2026-01-29,2026-02-12 20:00:00,2026-01-28 23:00:00,2026-01-29 00:00:00,48,1
MO_00441,TYRE_0142,544,2026-01-29,2026-02-12 12:00:00,2026-01-28 23:00:00,2026-01-29 00:00:00,48,2
MO_00442,TYRE_0011,408,2026-01-29,2026-02-12 12:00:00,2026-01-28 23:00:00,2026-01-29 00:00:00,48,2
MO_00443,TYRE_0112,816,2026-01-29,2026-02-12 00:00:00,2026-01-28 23:00:00,2026-01-29 00:00:00,48,3
MO_00444,TYRE_0039,1224,2026-01-29,2026-02-12 00:00:00,2026-01-28 23:00:00,2026-01-29 00:00:00,48,3
MO_00445,TYRE_0135,15,2026-01-14,2026-01-21 00:00:00,2026-01-14 09:00:00,2026-01-14 17:00:00,44,0
MO_00446,TYRE_0082,30,2026-01-14,2026-01-20 20:00:00,2026-01-13 23:00:00,2026-01-14 00:00:00,44,1
MO_00447,TYRE_0081,30,2026-01-14,2026-01-20 20:00:00,2026-01-13 23:00:00,2026-01-14 00:00:00,44,1
MO_00448,TYRE_0075,15,2026-01-28,2026-02-01 00:00:00,2026-01-28 14:00:00,2026-01-28 19:00:00,49,0
MO_00449,TYRE_0118,60,2026-01-28,2026-01-31 20:00:00,2026-01-27 23:00:00,2026-01-28 00:00:00,49,1
MO_00450,TYRE_0135,99,2026-01-05,2026-01-10 00:00:00,2026-01-06 04:00:00,2026-01-06 20:00:00,94,0
MO_00451,TYRE_0082,198,2026-01-05,2026-01-09 20:00:00,2026-01-04 23:00:00,2026-01-05 00:00:00,94,1
MO_00452,TYRE_0081,198,2026-01-05,2026-01-09 20:00:00,2026-01-04 23:00:00,2026-01-05 00:00:00,94,1
MO_00453,TYRE_0014,44,2026-01-15,2026-01-16 00:00:00,2026-01-15 00:00:00,2026-01-15 00:00:00,31,0
MO_00454,TYRE_0143,16,2026-01-17,2026-01-22 00:00:00,2026-01-17 20:00:00,2026-01-19 16:00:00,71,0
MO_00455,TYRE_0094,64,2026-01-17,2026-01-21 20:00:00,2026-01-16 23:00:00,2026-01-17 00:00:00,71,1
MO_00456,TYRE_0109,18,2026-01-30,2026-02-06 00:00:00,2026-01-30 14:00:00,2026-02-01 08:00:00,28,0
MO_00457,TYRE_0027,18,2026-01-30,2026-02-05 20:00:00,2026-01-29 23:00:00,2026-01-30 00:00:00,28,1
MO_00458,TYRE_0007,54,2026-01-30,2026-02-05 12:00:00,2026-01-29 23:00:00,2026-01-30 00:00:00,28,2
MO_00459,TYRE_0146,162,2026-01-30,2026-02-05 00:00:00,2026-01-29 23:00:00,2026-01-30 00:00:00,28,3
MO_00460,TYRE_0074,162,2026-01-30,2026-02-05 00:00:00,2026-01-29 23:00:00,2026-01-30 00:00:00,28,3
MO_00461,TYRE_0083,72,2026-01-30,2026-02-05 20:00:00,2026-01-29 23:00:00,2026-01-30 00:00:00,28,1
MO_00462,TYRE_0014,54,2026-01-14,2026-01-20 00:00:00,2026-01-14 02:00:00,2026-01-15 23:00:00,23,0
MO_00463,TYRE_0112,97,2026-01-30,2026-02-03 00:00:00,2026-01-31 08:00:00,2026-02-02 22:00:00,59,0
MO_00464,TYRE_0028,97,2026-01-30,2026-02-02 20:00:00,2026-01-29 23:00:00,2026-01-30 00:00:00,59,1
MO_00465,TYRE_0060,97,2026-01-30,2026-02-02 12:00:00,2026-01-29 23:00:00,2026-01-30 00:00:00,59,2
MO_00466,TYRE_0059,291,2026-01-30,2026-02-02 00:00:00,2026-01-29 23:00:00,2026-01-30 00:00:00,59,3
MO_00467,TYRE_0064,97,2026-01-30,2026-02-02 00:00:00,2026-01-29 23:00:00,2026-01-30 00:00:00,59,3
MO_00468,TYRE_0087,388,2026-01-30,2026-02-02 12:00:00,2026-01-29 23:00:00,2026-01-30 00:00:00,59,2
MO_00469,TYRE_0084,291,2026-01-30,2026-02-02 20:00:00,2026-01-29 23:00:00,2026-01-30 00:00:00,59,1
MO_00470,TYRE_0062,92,2026-01-20,2026-01-25 00:00:00,2026-01-21 13:00:00,2026-01-21 13:00:00,71,0
MO_00471,TYRE_0118,184,2026-01-20,2026-01-24 20:00:00,2026-01-19 23:00:00,2026-01-20 00:00:00,71,1
MO_00472,TYRE_0012,184,2026-01-20,2026-01-24 20:00:00,2026-01-19 23:00:00,2026-01-20 00:00:00,71,1
MO_00473,TYRE_0126,68,2026-01-05,2026-01-11 00:00:00,2026-01-05 18:00:00,2026-01-08 04:00:00,96,0
MO_00474,TYRE_0089,136,2026-01-05,2026-01-10 20:00:00,2026-01-04 23:00:00,2026-01-05 00:00:00,96,1
MO_00475,TYRE_0012,43,2026-01-12,2026-01-19 00:00:00,2026-01-12 03:00:00,2026-01-14 17:00:00,99,0
MO_00476,TYRE_0113,97,2026-01-16,2026-01-21 00:00:00,2026-01-16 11:00:00,2026-01-17 04:00:00,52,0
MO_00477,TYRE_0043,194,2026-01-16,2026-01-20 20:00:00,2026-01-15 23:00:00,2026-01-16 00:00:00,52,1
MO_00478,TYRE_0019,194,2026-01-16,2026-01-20 20:00:00,2026-01-15 23:00:00,2026-01-16 00:00:00,52,1
MO_00479,TYRE_0123,194,2026-01-16,2026-01-20 12:00:00,2026-01-15 23:00:00,2026-01-16 00:00:00,52,2
MO_00480,TYRE_0048,388,2026-01-16,2026-01-20 00:00:00,2026-01-15 23:00:00,2026-01-16 00:00:00,52,3
MO_00481,TYRE_0009,18,2026-01-26,2026-02-02 00:00:00,2026-01-27 00:00:00,2026-01-29 16:00:00,64,0
MO_00482,TYRE_0043,84,2026-01-26,2026-02-08 00:00:00,2026-01-27 09:00:00,2026-01-28 04:00:00,49,0
MO_00483,TYRE_0149,60,2026-01-16,2026-01-22 00:00:00,2026-01-16 16:00:00,2026-01-18 23:00:00,21,0
MO_00484,TYRE_0027,240,2026-01-16,2026-01-21 20:00:00,2026-01-15 23:00:00,2026-01-16 00:00:00,21,1
MO_00485,TYRE_0007,720,2026-01-16,2026-01-21 12:00:00,2026-01-15 23:00:00,2026-01-16 00:00:00,21,2
MO_00486,TYRE_0146,2160,2026-01-16,2026-01-21 00:00:00,2026-01-15 23:00:00,2026-01-16 00:00:00,21,3
MO_00487,TYRE_0074,2160,2026-01-16,2026-01-21 00:00:00,2026-01-15 23:00:00,2026-01-16 00:00:00,21,3
MO_00488,TYRE_0034,66,2026-01-21,2026-01-26 00:00:00,2026-01-21 05:00:00,2026-01-23 10:00:00,74,0
MO_00489,TYRE_0135,99,2026-01-07,2026-01-19 00:00:00,2026-01-07 11:00:00,2026-01-09 10:00:00,43,0
MO_00490,TYRE_0082,198,2026-01-07,2026-01-18 20:00:00,2026-01-06 23:00:00,2026-01-07 00:00:00,43,1
MO_00491,TYRE_0081,198,2026-01-07,2026-01-18 20:00:00,2026-01-06 23:00:00,2026-01-07 00:00:00,43,1
MO_00492,TYRE_0125,46,2026-01-04,2026-01-15 00:00:00,2026-01-04 14:00:00,2026-01-06 19:00:00,92,0
MO_00493,TYRE_0106,46,2026-01-04,2026-01-14 20:00:00,2026-01-03 23:00:00,2026-01-04 00:00:00,92,1
MO_00494,TYRE_0087,46,2026-01-04,2026-01-14 20:00:00,2026-01-03 23:00:00,2026-01-04 00:00:00,92,1
MO_00495,TYRE_0108,19,2026-01-01,2026-01-07 00:00:00,2026-01-01 16:00:00,2026-01-02 07:00:00,32,0
MO_00496,TYRE_0127,38,2026-01-01,2026-01-06 20:00:00,2025-12-31 23:00:00,2026-01-01 00:00:00,32,1
MO_00497,TYRE_0142,152,2026-01-01,2026-01-06 12:00:00,2025-12-31 23:00:00,2026-01-01 00:00:00,32,2
MO_00498,TYRE_0011,114,2026-01-01,2026-01-06 12:00:00,2025-12-31 23:00:00,2026-01-01 00:00:00,32,2
MO_00499,TYRE_0112,228,2026-01-01,2026-01-06 00:00:00,2025-12-31 23:00:00,2026-01-01 00:00:00,32,3
MO_00500,TYRE_0039,342,2026-01-01,2026-01-06 00:00:00,2025-12-31 23:00:00,2026-01-01 00:00:00,32,3
MO_00501,TYRE_0051,92,2026-01-30,2026-02-04 00:00:00,2026-01-30 00:00:00,2026-01-30 19:00:00,80,0
MO_00502,TYRE_0054,92,2026-01-30,2026-02-03 20:00:00,2026-01-30 00:00:00,2026-01-30 00:00:00,80,1
MO_00503,TYRE_0123,92,2026-01-30,2026-02-03 12:00:00,2026-01-30 00:00:00,2026-01-30 00:00:00,80,2
MO_00504,TYRE_0048,184,2026-01-30,2026-02-03 00:00:00,2026-01-30 00:00:00,2026-01-30 00:00:00,80,3
MO_00505,TYRE_0006,95,2026-01-30,2026-02-14 00:00:00,2026-01-30 13:00:00,2026-02-01 11:00:00,16,0
MO_00506,TYRE_0090,57,2026-01-05,2026-01-09 00:00:00,2026-01-05 01:00:00,2026-01-05 07:00:00,74,0
MO_00507,TYRE_0127,228,2026-01-05,2026-01-08 20:00:00,2026-01-04 23:00:00,2026-01-05 00:00:00,74,1
MO_00508,TYRE_0142,912,2026-01-05,2026-01-08 12:00:00,2026-01-04 23:00:00,2026-01-05 00:00:00,74,2
MO_00509,TYRE_0011,684,2026-01-05,2026-01-08 12:00:00,2026-01-04 23:00:00,2026-01-05 00:00:00,74,2
MO_00510,TYRE_0112,1368,2026-01-05,2026-01-08 00:00:00,2026-01-04 23:00:00,2026-01-05 00:00:00,74,3
MO_00511,TYRE_0039,2052,2026-01-05,2026-01-08 00:00:00,2026-01-04 23:00:00,2026-01-05 00:00:00,74,3
MO_00512,TYRE_0035,37,2026-01-23,2026-01-28 00:00:00,2026-01-23 03:00:00,2026-01-24 01:00:00,27,0
MO_00513,TYRE_0006,111,2026-01-23,2026-01-27 20:00:00,2026-01-22 23:00:00,2026-01-23 00:00:00,27,1
MO_00514,TYRE_0080,37,2026-01-23,2026-01-27 20:00:00,2026-01-22 23:00:00,2026-01-23 00:00:00,27,1
MO_00515,TYRE_0017,37,2026-01-23,2026-01-27 12:00:00,2026-01-22 23:00:00,2026-01-23 00:00:00,27,2
MO_00516,TYRE_0066,111,2026-01-23,2026-01-27 00:00:00,2026-01-22 23:00:00,2026-01-23 00:00:00,27,3
MO_00517,TYRE_0135,37,2026-01-23,2026-01-27 00:00:00,2026-01-22 23:00:00,2026-01-23 00:00:00,27,3
MO_00518,TYRE_0108,62,2026-01-26,2026-01-30 00:00:00,2026-01-26 01:00:00,2026-01-27 09:00:00,17,0
MO_00519,TYRE_0127,124,2026-01-26,2026-01-29 20:00:00,2026-01-25 23:00:00,2026-01-26 00:00:00,17,1
MO_00520,TYRE_0142,496,2026-01-26,2026-01-29 12:00:00,2026-01-25 23:00:00,2026-01-26 00:00:00,17,2
MO_00521,TYRE_0011,372,2026-01-26,2026-01-29 12:00:00,2026-01-25 23:00:00,2026-01-26 00:00:00,17,2
MO_00522,TYRE_0112,744,2026-01-26,2026-01-29 00:00:00,2026-01-25 23:00:00,2026-01-26 00:00:00,17,3
MO_00523,TYRE_0039,1116,2026-01-26,2026-01-29 00:00:00,2026-01-25 23:00:00,2026-01-26 00:00:00,17,3
MO_00524,TYRE_0122,74,2026-01-10,2026-01-17 00:00:00,2026-01-11 01:00:00,2026-01-12 16:00:00,98,0
MO_00525,TYRE_0112,222,2026-01-10,2026-01-16 20:00:00,2026-01-09 23:00:00,2026-01-10 00:00:00,98,1
MO_00526,TYRE_0028,222,2026-01-10,2026-01-16 12:00:00,2026-01-09 23:00:00,2026-01-10 00:00:00,98,2
MO_00527,TYRE_0060,222,2026-01-10,2026-01-16 00:00:00,2026-01-09 23:00:00,2026-01-10 00:00:00,98,3
MO_00528,TYRE_0087,888,2026-01-10,2026-01-16 00:00:00,2026-01-09 23:00:00,2026-01-10 00:00:00,98,3
MO_00529,TYRE_0084,666,2026-01-10,2026-01-16 12:00:00,2026-01-09 23:00:00,2026-01-10 00:00:00,98,2
MO_00530,TYRE_0014,18,2026-01-22,2026-01-26 00:00:00,2026-01-23 21:00:00,2026-01-24 01:00:00,51,0
MO_00531,TYRE_0090,10,2026-01-05,2026-01-08 00:00:00,2026-01-06 15:00:00,2026-01-07 00:00:00,96,0
MO_00532,TYRE_0127,40,2026-01-05,2026-01-07 20:00:00,2026-01-04 23:00:00,2026-01-05 00:00:00,96,1
MO_00533,TYRE_0142,160,2026-01-05,2026-01-07 12:00:00,2026-01-04 23:00:00,2026-01-05 00:00:00,96,2
MO_00534,TYRE_0011,120,2026-01-05,2026-01-07 12:00:00,2026-01-04 23:00:00,2026-01-05 00:00:00,96,2
MO_00535,TYRE_0112,240,2026-01-05,2026-01-07 00:00:00,2026-01-04 23:00:00,2026-01-05 00:00:00,96,3
MO_00536,TYRE_0039,360,2026-01-05,2026-01-07 00:00:00,2026-01-04 23:00:00,2026-01-05 00:00:00,96,3
MO_00537,TYRE_0085,47,2026-01-04,2026-01-11 00:00:00,2026-01-05 08:00:00,2026-01-07 00:00:00,10,0
MO_00538,TYRE_0110,38,2026-01-02,2026-01-03 00:00:00,2026-01-02 00:00:00,2026-01-02 00:00:00,88,0
MO_00539,TYRE_0042,114,2026-01-02,2026-01-02 20:00:00,2026-01-01 20:00:00,2026-01-02 00:00:00,88,1
MO_00540,TYRE_0120,456,2026-01-02,2026-01-02 12:00:00,2026-01-01 12:00:00,2026-01-02 00:00:00,88,2
MO_00541,TYRE_0080,456,2026-01-02,2026-01-02 00:00:00,2026-01-01 00:00:00,2026-01-02 00:00:00,88,3
MO_00542,TYRE_0078,456,2026-01-02,2026-01-02 12:00:00,2026-01-01 12:00:00,2026-01-02 00:00:00,88,2
MO_00543,TYRE_0022,912,2026-01-02,2026-01-02 00:00:00,2026-01-01 00:00:00,2026-01-02 00:00:00,88,3
MO_00544,TYRE_0033,1368,2026-01-02,2026-01-02 00:00:00,2026-01-01 00:00:00,2026-01-02 00:00:00,88,3
MO_00545,TYRE_0119,62,2026-01-20,2026-01-25 00:00:00,2026-01-21 14:00:00,2026-01-23 15:00:00,24,0
MO_00546,TYRE_0121,248,2026-01-20,2026-01-24 20:00:00,2026-01-19 23:00:00,2026-01-20 00:00:00,24,1
MO_00547,TYRE_0021,992,2026-01-20,2026-01-24 12:00:00,2026-01-19 23:00:00,2026-01-20 00:00:00,24,2
MO_00548,TYRE_0070,1984,2026-01-20,2026-01-24 00:00:00,2026-01-19 23:00:00,2026-01-20 00:00:00,24,3
MO_00549,TYRE_0096,2976,2026-01-20,2026-01-24 00:00:00,2026-01-19 23:00:00,2026-01-20 00:00:00,24,3
MO_00550,TYRE_0109,49,2026-01-10,2026-01-15 00:00:00,2026-01-10 05:00:00,2026-01-11 11:00:00,37,0
MO_00551,TYRE_0027,49,2026-01-10,2026-01-14 20:00:00,2026-01-09 23:00:00,2026-01-10 00:00:00,37,1
MO_00552,TYRE_0007,147,2026-01-10,2026-01-14 12:00:00,2026-01-09 23:00:00,2026-01-10 00:00:00,37,2
MO_00553,TYRE_0146,441,2026-01-10,2026-01-14 00:00:00,2026-01-09 23:00:00,2026-01-10 00:00:00,37,3
MO_00554,TYRE_0074,441,2026-01-10,2026-01-14 00:00:00,2026-01-09 23:00:00,2026-01-10 00:00:00,37,3
MO_00555,TYRE_0083,196,2026-01-10,2026-01-14 20:00:00,2026-01-09 23:00:00,2026-01-10 00:00:00,37,1
MO_00556,TYRE_0123,15,2026-01-26,2026-01-28 00:00:00,2026-01-27 05:00:00,2026-01-27 08:00:00,45,0
MO_00557,TYRE_0048,30,2026-01-26,2026-01-27 20:00:00,2026-01-25 23:00:00,2026-01-26 00:00:00,45,1
MO_00558,TYRE_0119,48,2026-01-19,2026-01-21 00:00:00,2026-01-19 21:00:00,2026-01-20 00:00:00,55,0
MO_00559,TYRE_0121,192,2026-01-19,2026-01-20 20:00:00,2026-01-18 23:00:00,2026-01-19 00:00:00,55,1
MO_00560,TYRE_0021,768,2026-01-19,2026-01-20 12:00:00,2026-01-18 23:00:00,2026-01-19 00:00:00,55,2
MO_00561,TYRE_0070,1536,2026-01-19,2026-01-20 00:00:00,2026-01-18 23:00:00,2026-01-19 00:00:00,55,3
MO_00562,TYRE_0096,2304,2026-01-19,2026-01-20 00:00:00,2026-01-18 23:00:00,2026-01-19 00:00:00,55,3
MO_00563,TYRE_0120,65,2026-01-26,2026-02-01 00:00:00,2026-01-27 02:00:00,2026-01-29 09:00:00,86,0
MO_00564,TYRE_0080,65,2026-01-26,2026-01-31 20:00:00,2026-01-25 23:00:00,2026-01-26 00:00:00,86,1
MO_00565,TYRE_0017,65,2026-01-26,2026-01-31 12:00:00,2026-01-25 23:00:00,2026-01-26 00:00:00,86,2
MO_00566,TYRE_0066,195,2026-01-26,2026-01-31 00:00:00,2026-01-25 23:00:00,2026-01-26 00:00:00,86,3
MO_00567,TYRE_0135,65,2026-01-26,2026-01-31 00:00:00,2026-01-25 23:00:00,2026-01-26 00:00:00,86,3
MO_00568,TYRE_0119,13,2026-01-01,2026-01-07 00:00:00,2026-01-01 18:00:00,2026-01-01 22:00:00,30,0
MO_00569,TYRE_0121,52,2026-01-01,2026-01-06 20:00:00,2025-12-31 23:00:00,2026-01-01 00:00:00,30,1
MO_00570,TYRE_0021,208,2026-01-01,2026-01-06 12:00:00,2025-12-31 23:00:00,2026-01-01 00:00:00,30,2
MO_00571,TYRE_0070,416,2026-01-01,2026-01-06 00:00:00,2025-12-31 23:00:00,2026-01-01 00:00:00,30,3
MO_00572,TYRE_0096,624,2026-01-01,2026-01-06 00:00:00,2025-12-31 23:00:00,2026-01-01 00:00:00,30,3
MO_00573,TYRE_0090,48,2026-01-24,2026-01-28 00:00:00,2026-01-24 09:00:00,2026-01-26 14:00:00,58,0
MO_00574,TYRE_0127,192,2026-01-24,2026-01-27 20:00:00,2026-01-23 23:00:00,2026-01-24 00:00:00,58,1
MO_00575,TYRE_0142,768,2026-01-24,2026-01-27 12:00:00,2026-01-23 23:00:00,2026-01-24 00:00:00,58,2
MO_00576,TYRE_0011,576,2026-01-24,2026-01-27 12:00:00,2026-01-23 23:00:00,2026-01-24 00:00:00,58,2
MO_00577,TYRE_0112,1152,2026-01-24,2026-01-27 00:00:00,2026-01-23 23:00:00,2026-01-24 00:00:00,58,3
MO_00578,TYRE_0039,1728,2026-01-24,2026-01-27 00:00:00,2026-01-23 23:00:00,2026-01-24 00:00:00,58,3
MO_00579,TYRE_0055,71,2026-01-05,2026-01-16 00:00:00,2026-01-05 05:00:00,2026-01-05 05:00:00,48,0
MO_00580,TYRE_0009,284,2026-01-05,2026-01-15 20:00:00,2026-01-04 23:00:00,2026-01-05 00:00:00,48,1
MO_00581,TYRE_0053,142,2026-01-05,2026-01-15 20:00:00,2026-01-04 23:00:00,2026-01-05 00:00:00,48,1
MO_00582,TYRE_0122,426,2026-01-05,2026-01-15 12:00:00,2026-01-04 23:00:00,2026-01-05 00:00:00,48,2
MO_00583,TYRE_0112,1278,2026-01-05,2026-01-15 00:00:00,2026-01-04 23:00:00,2026-01-05 00:00:00,48,3
MO_00584,TYRE_0110,284,2026-01-05,2026-01-15 12:00:00,2026-01-04 23:00:00,2026-01-05 00:00:00,48,2
MO_00585,TYRE_0042,852,2026-01-05,2026-01-15 00:00:00,2026-01-04 23:00:00,2026-01-05 00:00:00,48,3
MO_00586,TYRE_0012,64,2026-01-13,2026-01-20 00:00:00,2026-01-14 01:00:00,2026-01-16 13:00:00,47,0
MO_00587,TYRE_0135,86,2026-01-04,2026-01-09 00:00:00,2026-01-05 17:00:00,2026-01-05 23:00:00,18,0
MO_00588,TYRE_0082,172,2026-01-04,2026-01-08 20:00:00,2026-01-03 23:00:00,2026-01-04 00:00:00,18,1
MO_00589,TYRE_0081,172,2026-01-04,2026-01-08 20:00:00,2026-01-03 23:00:00,2026-01-04 00:00:00,18,1
MO_00590,TYRE_0101,30,2026-01-16,2026-01-19 00:00:00,2026-01-16 02:00:00,2026-01-17 07:00:00,29,0
MO_00591,TYRE_0028,30,2026-01-16,2026-01-18 20:00:00,2026-01-15 23:00:00,2026-01-16 00:00:00,29,1
MO_00592,TYRE_0060,30,2026-01-16,2026-01-18 12:00:00,2026-01-15 23:00:00,2026-01-16 00:00:00,29,2
MO_00593,TYRE_0059,90,2026-01-16,2026-01-18 00:00:00,2026-01-15 23:00:00,2026-01-16 00:00:00,29,3
MO_00594,TYRE_0064,30,2026-01-16,2026-01-18 00:00:00,2026-01-15 23:00:00,2026-01-16 00:00:00,29,3
MO_00595,TYRE_0087,120,2026-01-16,2026-01-18 12:00:00,2026-01-15 23:00:00,2026-01-16 00:00:00,29,2
MO_00596,TYRE_0123,90,2026-01-16,2026-01-18 20:00:00,2026-01-15 23:00:00,2026-01-16 00:00:00,29,1
MO_00597,TYRE_0048,180,2026-01-16,2026-01-18 12:00:00,2026-01-15 23:00:00,2026-01-16 00:00:00,29,2
MO_00598,TYRE_0112,31,2026-01-24,2026-01-29 00:00:00,2026-01-24 02:00:00,2026-01-24 16:00:00,93,0
MO_00599,TYRE_0028,31,2026-01-24,2026-01-28 20:00:00,2026-01-23 23:00:00,2026-01-24 00:00:00,93,1
MO_00600,TYRE_0060,31,2026-01-24,2026-01-28 12:00:00,2026-01-23 23:00:00,2026-01-24 00:00:00,93,2
MO_00601,TYRE_0059,93,2026-01-24,2026-01-28 00:00:00,2026-01-23 23:00:00,2026-01-24 00:00:00,93,3
MO_00602,TYRE_0064,31,2026-01-24,2026-01-28 00:00:00,2026-01-23 23:00:00,2026-01-24 00:00:00,93,3
MO_00603,TYRE_0087,124,2026-01-24,2026-01-28 12:00:00,2026-01-23 23:00:00,2026-01-24 00:00:00,93,2
MO_00604,TYRE_0084,93,2026-01-24,2026-01-28 20:00:00,2026-01-23 23:00:00,2026-01-24 00:00:00,93,1
MO_00605,TYRE_0061,78,2026-01-16,2026-01-25 00:00:00,2026-01-16 05:00:00,2026-01-16 08:00:00,17,0
MO_00606,TYRE_0095,234,2026-01-16,2026-01-24 20:00:00,2026-01-15 23:00:00,2026-01-16 00:00:00,17,1
MO_00607,TYRE_0149,46,2026-01-23,2026-01-29 00:00:00,2026-01-23 09:00:00,2026-01-25 23:00:00,23,0
MO_00608,TYRE_0027,184,2026-01-23,2026-01-28 20:00:00,2026-01-22 23:00:00,2026-01-23 00:00:00,23,1
MO_00609,TYRE_0007,552,2026-01-23,2026-01-28 12:00:00,2026-01-22 23:00:00,2026-01-23 00:00:00,23,2
MO_00610,TYRE_0146,1656,2026-01-23,2026-01-28 00:00:00,2026-01-22 23:00:00,2026-01-23 00:00:00,23,3
MO_00611,TYRE_0074,1656,2026-01-23,2026-01-28 00:00:00,2026-01-22 23:00:00,2026-01-23 00:00:00,23,3
MO_00612,TYRE_0042,72,2026-01-02,2026-01-09 00:00:00,2026-01-03 13:00:00,2026-01-06 10:00:00,71,0
MO_00613,TYRE_0120,288,2026-01-02,2026-01-08 20:00:00,2026-01-01 23:00:00,2026-01-02 00:00:00,71,1
MO_00614,TYRE_0080,288,2026-01-02,2026-01-08 12:00:00,2026-01-01 23:00:00,2026-01-02 00:00:00,71,2
MO_00615,TYRE_0017,288,2026-01-02,2026-01-08 00:00:00,2026-01-01 23:00:00,2026-01-02 00:00:00,71,3
MO_00616,TYRE_0078,288,2026-01-02,2026-01-08 20:00:00,2026-01-01 23:00:00,2026-01-02 00:00:00,71,1
MO_00617,TYRE_0022,576,2026-01-02,2026-01-08 12:00:00,2026-01-01 23:00:00,2026-01-02 00:00:00,71,2
MO_00618,TYRE_0033,864,2026-01-02,2026-01-08 12:00:00,2026-01-01 23:00:00,2026-01-02 00:00:00,71,2
MO_00619,TYRE_0080,80,2026-01-17,2026-01-24 00:00:00,2026-01-17 12:00:00,2026-01-19 01:00:00,93,0
MO_00620,TYRE_0017,80,2026-01-17,2026-01-23 20:00:00,2026-01-16 23:00:00,2026-01-17 00:00:00,93,1
MO_00621,TYRE_0066,240,2026-01-17,2026-01-23 12:00:00,2026-01-16 23:00:00,2026-01-17 00:00:00,93,2
MO_00622,TYRE_0011,480,2026-01-17,2026-01-23 00:00:00,2026-01-16 23:00:00,2026-01-17 00:00:00,93,3
MO_00623,TYRE_0010,240,2026-01-17,2026-01-23 00:00:00,2026-01-16 23:00:00,2026-01-17 00:00:00,93,3
MO_00624,TYRE_0135,80,2026-01-17,2026-01-23 12:00:00,2026-01-16 23:00:00,2026-01-17 00:00:00,93,2
MO_00625,TYRE_0082,160,2026-01-17,2026-01-23 00:00:00,2026-01-16 23:00:00,2026-01-17 00:00:00,93,3
MO_00626,TYRE_0081,160,2026-01-17,2026-01-23 00:00:00,2026-01-16 23:00:00,2026-01-17 00:00:00,93,3
MO_00627,TYRE_0014,91,2026-01-28,2026-02-07 00:00:00,2026-01-29 13:00:00,2026-01-31 11:00:00,44,0
MO_00628,TYRE_0076,91,2026-01-27,2026-02-05 00:00:00,2026-01-27 11:00:00,2026-01-29 22:00:00,64,0
MO_00629,TYRE_0042,28,2026-01-20,2026-01-24 00:00:00,2026-01-21 21:00:00,2026-01-21 22:00:00,54,0
MO_00630,TYRE_0120,112,2026-01-20,2026-01-23 20:00:00,2026-01-19 23:00:00,2026-01-20 00:00:00,54,1
MO_00631,TYRE_0080,112,2026-01-20,2026-01-23 12:00:00,2026-01-19 23:00:00,2026-01-20 00:00:00,54,2
MO_00632,TYRE_0017,112,2026-01-20,2026-01-23 00:00:00,2026-01-19 23:00:00,2026-01-20 00:00:00,54,3
MO_00633,TYRE_0078,112,2026-01-20,2026-01-23 20:00:00,2026-01-19 23:00:00,2026-01-20 00:00:00,54,1
MO_00634,TYRE_0022,224,2026-01-20,2026-01-23 12:00:00,2026-01-19 23:00:00,2026-01-20 00:00:00,54,2
MO_00635,TYRE_0033,336,2026-01-20,2026-01-23 12:00:00,2026-01-19 23:00:00,2026-01-20 00:00:00,54,2
MO_00636,TYRE_0126,81,2026-01-24,2026-01-31 00:00:00,2026-01-25 02:00:00,2026-01-27 22:00:00,30,0
MO_00637,TYRE_0089,162,2026-01-24,2026-01-30 20:00:00,2026-01-23 23:00:00,2026-01-24 00:00:00,30,1
MO_00638,TYRE_0135,86,2026-01-12,2026-01-19 00:00:00,2026-01-12 07:00:00,2026-01-12 14:00:00,62,0
MO_00639,TYRE_0082,172,2026-01-12,2026-01-18 20:00:00,2026-01-11 23:00:00,2026-01-12 00:00:00,62,1
MO_00640,TYRE_0081,172,2026-01-12,2026-01-18 20:00:00,2026-01-11 23:00:00,2026-01-12 00:00:00,62,1
MO_00641,TYRE_0048,76,2026-01-18,2026-01-23 00:00:00,2026-01-18 04:00:00,2026-01-20 06:00:00,63,0
MO_00642,TYRE_0025,62,2026-01-03,2026-01-05 00:00:00,2026-01-03 23:00:00,2026-01-04 00:00:00,95,0
MO_00643,TYRE_0037,62,2026-01-03,2026-01-04 20:00:00,2026-01-02 23:00:00,2026-01-03 00:00:00,95,1
MO_00644,TYRE_0135,124,2026-01-03,2026-01-04 12:00:00,2026-01-02 23:00:00,2026-01-03 00:00:00,95,2
MO_00645,TYRE_0082,248,2026-01-03,2026-01-04 00:00:00,2026-01-03 00:00:00,2026-01-03 00:00:00,95,3
MO_00646,TYRE_0081,248,2026-01-03,2026-01-04 00:00:00,2026-01-03 00:00:00,2026-01-03 00:00:00,95,3
MO_00647,TYRE_0115,124,2026-01-03,2026-01-04 20:00:00,2026-01-02 23:00:00,2026-01-03 00:00:00,95,1
MO_00648,TYRE_0016,124,2026-01-03,2026-01-04 12:00:00,2026-01-02 23:00:00,2026-01-03 00:00:00,95,2
MO_00649,TYRE_0075,248,2026-01-03,2026-01-04 00:00:00,2026-01-03 00:00:00,2026-01-03 00:00:00,95,3
MO_00650,TYRE_0005,496,2026-01-03,2026-01-04 00:00:00,2026-01-03 00:00:00,2026-01-03 00:00:00,95,3
MO_00651,TYRE_0149,67,2026-01-28,2026-02-01 00:00:00,2026-01-29 13:00:00,2026-01-30 19:00:00,52,0
MO_00652,TYRE_0027,268,2026-01-28,2026-01-31 20:00:00,2026-01-27 23:00:00,2026-01-28 00:00:00,52,1
MO_00653,TYRE_0007,804,2026-01-28,2026-01-31 12:00:00,2026-01-27 23:00:00,2026-01-28 00:00:00,52,2
MO_00654,TYRE_0146,2412,2026-01-28,2026-01-31 00:00:00,2026-01-27 23:00:00,2026-01-28 00:00:00,52,3
MO_00655,TYRE_0074,2412,2026-01-28,2026-01-31 00:00:00,2026-01-27 23:00:00,2026-01-28 00:00:00,52,3
MO_00656,TYRE_0108,57,2026-01-01,2026-01-08 00:00:00,2026-01-02 18:00:00,2026-01-03 15:00:00,15,0
MO_00657,TYRE_0127,114,2026-01-01,2026-01-07 20:00:00,2025-12-31 23:00:00,2026-01-01 00:00:00,15,1
MO_00658,TYRE_0142,456,2026-01-01,2026-01-07 12:00:00,2025-12-31 23:00:00,2026-01-01 00:00:00,15,2
MO_00659,TYRE_0011,342,2026-01-01,2026-01-07 12:00:00,2025-12-31 23:00:00,2026-01-01 00:00:00,15,2
MO_00660,TYRE_0112,684,2026-01-01,2026-01-07 00:00:00,2025-12-31 23:00:00,2026-01-01 00:00:00,15,3
MO_00661,TYRE_0039,1026,2026-01-01,2026-01-07 00:00:00,2025-12-31 23:00:00,2026-01-01 00:00:00,15,3
MO_00662,TYRE_0106,67,2026-01-01,2026-01-08 00:00:00,2026-01-02 05:00:00,2026-01-03 13:00:00,64,0
MO_00663,TYRE_0080,42,2026-01-29,2026-01-30 00:00:00,2026-01-29 00:00:00,2026-01-29 00:00:00,53,0
MO_00664,TYRE_0017,42,2026-01-29,2026-01-29 20:00:00,2026-01-28 20:00:00,2026-01-29 00:00:00,53,1
MO_00665,TYRE_0066,126,2026-01-29,2026-01-29 12:00:00,2026-01-28 12:00:00,2026-01-29 00:00:00,53,2
MO_00666,TYRE_0011,252,2026-01-29,2026-01-29 00:00:00,2026-01-28 00:00:00,2026-01-29 00:00:00,53,3
MO_00667,TYRE_0010,126,2026-01-29,2026-01-29 00:00:00,2026-01-28 00:00:00,2026-01-29 00:00:00,53,3
MO_00668,TYRE_0135,42,2026-01-29,2026-01-29 12:00:00,2026-01-28 12:00:00,2026-01-29 00:00:00,53,2
MO_00669,TYRE_0082,84,2026-01-29,2026-01-29 00:00:00,2026-01-28 00:00:00,2026-01-29 00:00:00,53,3
MO_00670,TYRE_0081,84,2026-01-29,2026-01-29 00:00:00,2026-01-28 00:00:00,2026-01-29 00:00:00,53,3
MO_00671,TYRE_0102,63,2026-01-19,2026-01-24 00:00:00,2026-01-20 04:00:00,2026-01-21 16:00:00,77,0
MO_00672,TYRE_0143,78,2026-01-11,2026-01-15 00:00:00,2026-01-11 21:00:00,2026-01-12 08:00:00,13,0
MO_00673,TYRE_0094,312,2026-01-11,2026-01-14 20:00:00,2026-01-10 23:00:00,2026-01-11 00:00:00,13,1
MO_00674,TYRE_0143,74,2026-01-05,2026-01-11 00:00:00,2026-01-05 13:00:00,2026-01-08 09:00:00,72,0
MO_00675,TYRE_0094,296,2026-01-05,2026-01-10 20:00:00,2026-01-04 23:00:00,2026-01-05 00:00:00,72,1
MO_00676,TYRE_0010,74,2026-01-12,2026-01-19 00:00:00,2026-01-12 09:00:00,2026-01-15 00:00:00,67,0
MO_00677,TYRE_0025,148,2026-01-12,2026-01-18 20:00:00,2026-01-11 23:00:00,2026-01-12 00:00:00,67,1
MO_00678,TYRE_0037,148,2026-01-12,2026-01-18 12:00:00,2026-01-11 23:00:00,2026-01-12 00:00:00,67,2
MO_00679,TYRE_0135,296,2026-01-12,2026-01-18 00:00:00,2026-01-11 23:00:00,2026-01-12 00:00:00,67,3
MO_00680,TYRE_0115,296,2026-01-12,2026-01-18 12:00:00,2026-01-11 23:00:00,2026-01-12 00:00:00,67,2
MO_00681,TYRE_0016,296,2026-01-12,2026-01-18 00:00:00,2026-01-11 23:00:00,2026-01-12 00:00:00,67,3
MO_00682,TYRE_0112,36,2026-01-03,2026-01-06 00:00:00,2026-01-03 10:00:00,2026-01-04 10:00:00,63,0
MO_00683,TYRE_0028,36,2026-01-03,2026-01-05 20:00:00,2026-01-02 23:00:00,2026-01-03 00:00:00,63,1
MO_00684,TYRE_0060,36,2026-01-03,2026-01-05 12:00:00,2026-01-02 23:00:00,2026-01-03 00:00:00,63,2
MO_00685,TYRE_0059,108,2026-01-03,2026-01-05 00:00:00,2026-01-02 23:00:00,2026-01-03 00:00:00,63,3
MO_00686,TYRE_0064,36,2026-01-03,2026-01-05 00:00:00,2026-01-02 23:00:00,2026-01-03 00:00:00,63,3
MO_00687,TYRE_0087,144,2026-01-03,2026-01-05 12:00:00,2026-01-02 23:00:00,2026-01-03 00:00:00,63,2
MO_00688,TYRE_0084,108,2026-01-03,2026-01-05 20:00:00,2026-01-02 23:00:00,2026-01-03 00:00:00,63,1
MO_00689,TYRE_0116,16,2026-01-01,2026-01-07 00:00:00,2026-01-02 10:00:00,2026-01-04 15:00:00,90,0
MO_00690,TYRE_0042,31,2026-01-01,2026-01-06 00:00:00,2026-01-01 22:00:00,2026-01-03 02:00:00,47,0
MO_00691,TYRE_0120,124,2026-01-01,2026-01-05 20:00:00,2025-12-31 23:00:00,2026-01-01 00:00:00,47,1
MO_00692,TYRE_0080,124,2026-01-01,2026-01-05 12:00:00,2025-12-31 23:00:00,2026-01-01 00:00:00,47,2
MO_00693,TYRE_0017,124,2026-01-01,2026-01-05 00:00:00,2025-12-31 23:00:00,2026-01-01 00:00:00,47,3
MO_00694,TYRE_0078,124,2026-01-01,2026-01-05 20:00:00,2025-12-31 23:00:00,2026-01-01 00:00:00,47,1
MO_00695,TYRE_0022,248,2026-01-01,2026-01-05 12:00:00,2025-12-31 23:00:00,2026-01-01 00:00:00,47,2
MO_00696,TYRE_0033,372,2026-01-01,2026-01-05 12:00:00,2025-12-31 23:00:00,2026-01-01 00:00:00,47,2
MO_00697,TYRE_0089,26,2026-01-08,2026-01-22 00:00:00,2026-01-08 07:00:00,2026-01-08 19:00:00,69,0
MO_00698,TYRE_0090,12,2026-01-10,2026-01-15 00:00:00,2026-01-10 20:00:00,2026-01-11 21:00:00,61,0
MO_00699,TYRE_0127,48,2026-01-10,2026-01-14 20:00:00,2026-01-09 23:00:00,2026-01-10 00:00:00,61,1
MO_00700,TYRE_0142,192,2026-01-10,2026-01-14 12:00:00,2026-01-09 23:00:00,2026-01-10 00:00:00,61,2
MO_00701,TYRE_0011,144,2026-01-10,2026-01-14 12:00:00,2026-01-09 23:00:00,2026-01-10 00:00:00,61,2
MO_00702,TYRE_0112,288,2026-01-10,2026-01-14 00:00:00,2026-01-09 23:00:00,2026-01-10 00:00:00,61,3
MO_00703,TYRE_0039,432,2026-01-10,2026-01-14 00:00:00,2026-01-09 23:00:00,2026-01-10 00:00:00,61,3
MO_00704,TYRE_0145,46,2026-01-11,2026-01-16 00:00:00,2026-01-12 12:00:00,2026-01-13 09:00:00,38,0
MO_00705,TYRE_0074,70,2026-01-12,2026-01-18 00:00:00,2026-01-13 03:00:00,2026-01-13 12:00:00,49,0
MO_00706,TYRE_0042,210,2026-01-12,2026-01-17 20:00:00,2026-01-11 23:00:00,2026-01-12 00:00:00,49,1
MO_00707,TYRE_0120,840,2026-01-12,2026-01-17 12:00:00,2026-01-11 23:00:00,2026-01-12 00:00:00,49,2
MO_00708,TYRE_0080,840,2026-01-12,2026-01-17 00:00:00,2026-01-11 23:00:00,2026-01-12 00:00:00,49,3
MO_00709,TYRE_0078,840,2026-01-12,2026-01-17 12:00:00,2026-01-11 23:00:00,2026-01-12 00:00:00,49,2
MO_00710,TYRE_0022,1680,2026-01-12,2026-01-17 00:00:00,2026-01-11 23:00:00,2026-01-12 00:00:00,49,3
MO_00711,TYRE_0033,2520,2026-01-12,2026-01-17 00:00:00,2026-01-11 23:00:00,2026-01-12 00:00:00,49,3
MO_00712,TYRE_0043,210,2026-01-12,2026-01-17 20:00:00,2026-01-11 23:00:00,2026-01-12 00:00:00,49,1
MO_00713,TYRE_0024,12,2026-01-29,2026-01-31 00:00:00,2026-01-29 23:00:00,2026-01-30 00:00:00,80,0
MO_00714,TYRE_0071,48,2026-01-29,2026-01-30 20:00:00,2026-01-28 23:00:00,2026-01-29 00:00:00,80,1
MO_00715,TYRE_0043,48,2026-01-29,2026-01-30 12:00:00,2026-01-28 23:00:00,2026-01-29 00:00:00,80,2
MO_00716,TYRE_0084,12,2026-01-29,2026-01-30 20:00:00,2026-01-28 23:00:00,2026-01-29 00:00:00,80,1
MO_00717,TYRE_0032,36,2026-01-13,2026-01-18 00:00:00,2026-01-14 03:00:00,2026-01-15 20:00:00,17,0
MO_00718,TYRE_0075,108,2026-01-13,2026-01-17 20:00:00,2026-01-12 23:00:00,2026-01-13 00:00:00,17,1
MO_00719,TYRE_0118,432,2026-01-13,2026-01-17 12:00:00,2026-01-12 23:00:00,2026-01-13 00:00:00,17,2
MO_00720,TYRE_0143,144,2026-01-13,2026-01-17 20:00:00,2026-01-12 23:00:00,2026-01-13 00:00:00,17,1
MO_00721,TYRE_0094,576,2026-01-13,2026-01-17 12:00:00,2026-01-12 23:00:00,2026-01-13 00:00:00,17,2
MO_00722,TYRE_0124,67,2026-01-12,2026-01-26 00:00:00,2026-01-13 17:00:00,2026-01-16 03:00:00,44,0
MO_00723,TYRE_0089,268,2026-01-12,2026-01-25 20:00:00,2026-01-11 23:00:00,2026-01-12 00:00:00,44,1
MO_00724,TYRE_0085,53,2026-01-14,2026-01-21 00:00:00,2026-01-15 02:00:00,2026-01-17 06:00:00,91,0
MO_00725,TYRE_0085,56,2026-01-02,2026-01-06 00:00:00,2026-01-03 15:00:00,2026-01-05 06:00:00,25,0
MO_00726,TYRE_0106,63,2026-01-29,2026-02-04 00:00:00,2026-01-29 20:00:00,2026-02-01 09:00:00,27,0
MO_00727,TYRE_0083,98,2026-01-19,2026-01-23 00:00:00,2026-01-19 08:00:00,2026-01-19 13:00:00,68,0
MO_00728,TYRE_0091,32,2026-01-18,2026-02-01 00:00:00,2026-01-19 04:00:00,2026-01-19 07:00:00,98,0
MO_00729,TYRE_0124,64,2026-01-18,2026-01-31 20:00:00,2026-01-17 23:00:00,2026-01-18 00:00:00,98,1
MO_00730,TYRE_0089,256,2026-01-18,2026-01-31 12:00:00,2026-01-17 23:00:00,2026-01-18 00:00:00,98,2
MO_00731,TYRE_0054,41,2026-01-03,2026-01-09 00:00:00,2026-01-03 14:00:00,2026-01-05 20:00:00,43,0
MO_00732,TYRE_0123,41,2026-01-03,2026-01-08 20:00:00,2026-01-02 23:00:00,2026-01-03 00:00:00,43,1
MO_00733,TYRE_0048,82,2026-01-03,2026-01-08 12:00:00,2026-01-02 23:00:00,2026-01-03 00:00:00,43,2
MO_00734,TYRE_0080,48,2026-01-23,2026-01-25 00:00:00,2026-01-23 23:00:00,2026-01-24 00:00:00,13,0
MO_00735,TYRE_0017,48,2026-01-23,2026-01-24 20:00:00,2026-01-22 23:00:00,2026-01-23 00:00:00,13,1
MO_00736,TYRE_0066,144,2026-01-23,2026-01-24 12:00:00,2026-01-22 23:00:00,2026-01-23 00:00:00,13,2
MO_00737,TYRE_0011,288,2026-01-23,2026-01-24 00:00:00,2026-01-23 00:00:00,2026-01-23 00:00:00,13,3
MO_00738,TYRE_0010,144,2026-01-23,2026-01-24 00:00:00,2026-01-23 00:00:00,2026-01-23 00:00:00,13,3
MO_00739,TYRE_0135,48,2026-01-23,2026-01-24 12:00:00,2026-01-22 23:00:00,2026-01-23 00:00:00,13,2
MO_00740,TYRE_0082,96,2026-01-23,2026-01-24 00:00:00,2026-01-23 00:00:00,2026-01-23 00:00:00,13,3
MO_00741,TYRE_0081,96,2026-01-23,2026-01-24 00:00:00,2026-01-23 00:00:00,2026-01-23 00:00:00,13,3
MO_00742,TYRE_0012,63,2026-01-17,2026-01-20 00:00:00,2026-01-18 12:00:00,2026-01-18 14:00:00,78,0
MO_00743,TYRE_0048,63,2026-01-26,2026-02-10 00:00:00,2026-01-27 22:00:00,2026-01-28 04:00:00,87,0
MO_00744,TYRE_0112,88,2026-01-08,2026-01-13 00:00:00,2026-01-09 11:00:00,2026-01-09 22:00:00,74,0
MO_00745,TYRE_0028,88,2026-01-08,2026-01-12 20:00:00,2026-01-07 23:00:00,2026-01-08 00:00:00,74,1
MO_00746,TYRE_0060,88,2026-01-08,2026-01-12 12:00:00,2026-01-07 23:00:00,2026-01-08 00:00:00,74,2
MO_00747,TYRE_0059,264,2026-01-08,2026-01-12 00:00:00,2026-01-07 23:00:00,2026-01-08 00:00:00,74,3
MO_00748,TYRE_0064,88,2026-01-08,2026-01-12 00:00:00,2026-01-07 23:00:00,2026-01-08 00:00:00,74,3
MO_00749,TYRE_0087,352,2026-01-08,2026-01-12 12:00:00,2026-01-07 23:00:00,2026-01-08 00:00:00,74,2
MO_00750,TYRE_0084,264,2026-01-08,2026-01-12 20:00:00,2026-01-07 23:00:00,2026-01-08 00:00:00,74,1
MO_00751,TYRE_0149,16,2026-01-29,2026-02-10 00:00:00,2026-01-30 03:00:00,2026-01-30 19:00:00,70,0
MO_00752,TYRE_0027,64,2026-01-29,2026-02-09 20:00:00,2026-01-28 23:00:00,2026-01-29 00:00:00,70,1
MO_00753,TYRE_0007,192,2026-01-29,2026-02-09 12:00:00,2026-01-28 23:00:00,2026-01-29 00:00:00,70,2
MO_00754,TYRE_0146,576,2026-01-29,2026-02-09 00:00:00,2026-01-28 23:00:00,2026-01-29 00:00:00,70,3
MO_00755,TYRE_0074,576,2026-01-29,2026-02-09 00:00:00,2026-01-28 23:00:00,2026-01-29 00:00:00,70,3
MO_00756,TYRE_0064,88,2026-01-26,2026-01-29 00:00:00,2026-01-26 09:00:00,2026-01-28 00:00:00,95,0
MO_00757,TYRE_0081,264,2026-01-26,2026-01-28 20:00:00,2026-01-25 23:00:00,2026-01-26 00:00:00,95,1
MO_00758,TYRE_0060,88,2026-01-26,2026-01-28 20:00:00,2026-01-25 23:00:00,2026-01-26 00:00:00,95,1
MO_00759,TYRE_0059,264,2026-01-26,2026-01-28 12:00:00,2026-01-25 23:00:00,2026-01-26 00:00:00,95,2
MO_00760,TYRE_0071,264,2026-01-26,2026-01-28 00:00:00,2026-01-25 23:00:00,2026-01-26 00:00:00,95,3
MO_00761,TYRE_0014,528,2026-01-26,2026-01-28 00:00:00,2026-01-25 23:00:00,2026-01-26 00:00:00,95,3
MO_00762,TYRE_0064,88,2026-01-26,2026-01-28 12:00:00,2026-01-25 23:00:00,2026-01-26 00:00:00,95,2
MO_00763,TYRE_0081,264,2026-01-26,2026-01-28 00:00:00,2026-01-25 23:00:00,2026-01-26 00:00:00,95,3
MO_00764,TYRE_0060,88,2026-01-26,2026-01-28 00:00:00,2026-01-25 23:00:00,2026-01-26 00:00:00,95,3
MO_00765,TYRE_0135,59,2026-01-10,2026-01-15 00:00:00,2026-01-10 22:00:00,2026-01-13 19:00:00,55,0
MO_00766,TYRE_0082,118,2026-01-10,2026-01-14 20:00:00,2026-01-09 23:00:00,2026-01-10 00:00:00,55,1
MO_00767,TYRE_0081,118,2026-01-10,2026-01-14 20:00:00,2026-01-09 23:00:00,2026-01-10 00:00:00,55,1
MO_00768,TYRE_0024,14,2026-01-26,2026-01-28 00:00:00,2026-01-26 23:00:00,2026-01-27 00:00:00,30,0
MO_00769,TYRE_0071,56,2026-01-26,2026-01-27 20:00:00,2026-01-25 23:00:00,2026-01-26 00:00:00,30,1
MO_00770,TYRE_0043,56,2026-01-26,2026-01-27 12:00:00,2026-01-25 23:00:00,2026-01-26 00:00:00,30,2
MO_00771,TYRE_0084,14,2026-01-26,2026-01-27 20:00:00,2026-01-25 23:00:00,2026-01-26 00:00:00,30,1
MO_00772,TYRE_0102,6,2026-01-30,2026-02-06 00:00:00,2026-01-31 09:00:00,2026-02-01 01:00:00,86,0
MO_00773,TYRE_0124,93,2026-01-02,2026-01-16 00:00:00,2026-01-02 04:00:00,2026-01-02 04:00:00,47,0
MO_00774,TYRE_0089,372,2026-01-02,2026-01-15 20:00:00,2026-01-01 23:00:00,2026-01-02 00:00:00,47,1
MO_00775,TYRE_0113,98,2026-01-19,2026-01-23 00:00:00,2026-01-19 17:00:00,2026-01-22 11:00:00,82,0
MO_00776,TYRE_0043,196,2026-01-19,2026-01-22 20:00:00,2026-01-18 23:00:00,2026-01-19 00:00:00,82,1
MO_00777,TYRE_0019,196,2026-01-19,2026-01-22 20:00:00,2026-01-18 23:00:00,2026-01-19 00:00:00,82,1
MO_00778,TYRE_0123,196,2026-01-19,2026-01-22 12:00:00,2026-01-18 23:00:00,2026-01-19 00:00:00,82,2
MO_00779,TYRE_0048,392,2026-01-19,2026-01-22 00:00:00,2026-01-18 23:00:00,2026-01-19 00:00:00,82,3
MO_00780,TYRE_0026,22,2026-01-09,2026-01-15 00:00:00,2026-01-09 05:00:00,2026-01-11 05:00:00,95,0
MO_00781,TYRE_0108,87,2026-01-07,2026-01-12 00:00:00,2026-01-08 17:00:00,2026-01-10 19:00:00,90,0
MO_00782,TYRE_0127,174,2026-01-07,2026-01-11 20:00:00,2026-01-06 23:00:00,2026-01-07 00:00:00,90,1
MO_00783,TYRE_0142,696,2026-01-07,2026-01-11 12:00:00,2026-01-06 23:00:00,2026-01-07 00:00:00,90,2
MO_00784,TYRE_0011,522,2026-01-07,2026-01-11 12:00:00,2026-01-06 23:00:00,2026-01-07 00:00:00,90,2
MO_00785,TYRE_0112,1044,2026-01-07,2026-01-11 00:00:00,2026-01-06 23:00:00,2026-01-07 00:00:00,90,3
MO_00786,TYRE_0039,1566,2026-01-07,2026-01-11 00:00:00,2026-01-06 23:00:00,2026-01-07 00:00:00,90,3
MO_00787,TYRE_0036,6,2026-01-04,2026-01-07 00:00:00,2026-01-05 22:00:00,2026-01-06 00:00:00,69,0
MO_00788,TYRE_0148,6,2026-01-04,2026-01-06 20:00:00,2026-01-03 23:00:00,2026-01-04 00:00:00,69,1
MO_00789,TYRE_0012,85,2026-01-26,2026-01-31 00:00:00,2026-01-26 22:00:00,2026-01-28 16:00:00,96,0
MO_00790,TYRE_0105,32,2026-01-21,2026-01-28 00:00:00,2026-01-22 03:00:00,2026-01-23 09:00:00,45,0
MO_00791,TYRE_0102,96,2026-01-21,2026-01-27 20:00:00,2026-01-20 23:00:00,2026-01-21 00:00:00,45,1
MO_00792,TYRE_0039,96,2026-01-21,2026-01-27 20:00:00,2026-01-20 23:00:00,2026-01-21 00:00:00,45,1
MO_00793,TYRE_0122,288,2026-01-21,2026-01-27 12:00:00,2026-01-20 23:00:00,2026-01-21 00:00:00,45,2
MO_00794,TYRE_0112,864,2026-01-21,2026-01-27 00:00:00,2026-01-20 23:00:00,2026-01-21 00:00:00,45,3
MO_00795,TYRE_0042,80,2026-01-18,2026-01-19 00:00:00,2026-01-18 00:00:00,2026-01-18 00:00:00,15,0
MO_00796,TYRE_0120,320,2026-01-18,2026-01-18 20:00:00,2026-01-17 20:00:00,2026-01-18 00:00:00,15,1
MO_00797,TYRE_0080,320,2026-01-18,2026-01-18 12:00:00,2026-01-17 12:00:00,2026-01-18 00:00:00,15,2
MO_00798,TYRE_0017,320,2026-01-18,2026-01-18 00:00:00,2026-01-17 00:00:00,2026-01-18 00:00:00,15,3
MO_00799,TYRE_0078,320,2026-01-18,2026-01-18 20:00:00,2026-01-17 20:00:00,2026-01-18 00:00:00,15,1
MO_00800,TYRE_0022,640,2026-01-18,2026-01-18 12:00:00,2026-01-17 12:00:00,2026-01-18 00:00:00,15,2
MO_00801,TYRE_0033,960,2026-01-18,2026-01-18 12:00:00,2026-01-17 12:00:00,2026-01-18 00:00:00,15,2
MO_00802,TYRE_0089,22,2026-01-13,2026-01-26 00:00:00,2026-01-13 12:00:00,2026-01-15 00:00:00,48,0
MO_00803,TYRE_0085,81,2026-01-11,2026-01-14 00:00:00,2026-01-12 00:00:00,2026-01-13 00:00:00,38,0
MO_00804,TYRE_0009,89,2026-01-29,2026-02-02 00:00:00,2026-01-29 06:00:00,2026-01-31 20:00:00,36,0
MO_00805,TYRE_0052,100,2026-01-24,2026-01-29 00:00:00,2026-01-24 01:00:00,2026-01-26 08:00:00,78,0
MO_00806,TYRE_0145,200,2026-01-24,2026-01-28 20:00:00,2026-01-23 23:00:00,2026-01-24 00:00:00,78,1
MO_00807,TYRE_0087,300,2026-01-24,2026-01-28 20:00:00,2026-01-23 23:00:00,2026-01-24 00:00:00,78,1
MO_00808,TYRE_0085,68,2026-01-04,2026-01-05 00:00:00,2026-01-03 23:00:00,2026-01-04 00:00:00,18,0
MO_00809,TYRE_0102,72,2026-01-25,2026-01-29 00:00:00,2026-01-25 01:00:00,2026-01-27 17:00:00,33,0
MO_00810,TYRE_0003,21,2026-01-21,2026-02-03 00:00:00,2026-01-22 11:00:00,2026-01-23 15:00:00,72,0
MO_00811,TYRE_0051,42,2026-01-21,2026-02-02 20:00:00,2026-01-20 23:00:00,2026-01-21 00:00:00,72,1
MO_00812,TYRE_0054,42,2026-01-21,2026-02-02 12:00:00,2026-01-20 23:00:00,2026-01-21 00:00:00,72,2
MO_00813,TYRE_0123,42,2026-01-21,2026-02-02 00:00:00,2026-01-20 23:00:00,2026-01-21 00:00:00,72,3
MO_00814,TYRE_0108,74,2026-01-29,2026-02-04 00:00:00,2026-01-29 01:00:00,2026-01-29 04:00:00,28,0
MO_00815,TYRE_0127,148,2026-01-29,2026-02-03 20:00:00,2026-01-28 23:00:00,2026-01-29 00:00:00,28,1
MO_00816,TYRE_0142,592,2026-01-29,2026-02-03 12:00:00,2026-01-28 23:00:00,2026-01-29 00:00:00,28,2
MO_00817,TYRE_0011,444,2026-01-29,2026-02-03 12:00:00,2026-01-28 23:00:00,2026-01-29 00:00:00,28,2
MO_00818,TYRE_0112,888,2026-01-29,2026-02-03 00:00:00,2026-01-28 23:00:00,2026-01-29 00:00:00,28,3
MO_00819,TYRE_0039,1332,2026-01-29,2026-02-03 00:00:00,2026-01-28 23:00:00,2026-01-29 00:00:00,28,3
MO_00820,TYRE_0120,7,2026-01-25,2026-02-03 00:00:00,2026-01-26 13:00:00,2026-01-27 00:00:00,39,0
MO_00821,TYRE_0080,7,2026-01-25,2026-02-02 20:00:00,2026-01-24 23:00:00,2026-01-25 00:00:00,39,1
MO_00822,TYRE_0017,7,2026-01-25,2026-02-02 12:00:00,2026-01-24 23:00:00,2026-01-25 00:00:00,39,2
MO_00823,TYRE_0066,21,2026-01-25,2026-02-02 00:00:00,2026-01-24 23:00:00,2026-01-25 00:00:00,39,3
MO_00824,TYRE_0135,7,2026-01-25,2026-02-02 00:00:00,2026-01-24 23:00:00,2026-01-25 00:00:00,39,3
MO_00825,TYRE_0043,12,2026-01-04,2026-01-08 00:00:00,2026-01-04 09:00:00,2026-01-06 16:00:00,67,0
MO_00826,TYRE_0101,59,2026-01-10,2026-01-17 00:00:00,2026-01-10 13:00:00,2026-01-12 12:00:00,49,0
MO_00827,TYRE_0028,59,2026-01-10,2026-01-16 20:00:00,2026-01-09 23:00:00,2026-01-10 00:00:00,49,1
MO_00828,TYRE_0060,59,2026-01-10,2026-01-16 12:00:00,2026-01-09 23:00:00,2026-01-10 00:00:00,49,2
MO_00829,TYRE_0059,177,2026-01-10,2026-01-16 00:00:00,2026-01-09 23:00:00,2026-01-10 00:00:00,49,3
MO_00830,TYRE_0064,59,2026-01-10,2026-01-16 00:00:00,2026-01-09 23:00:00,2026-01-10 00:00:00,49,3
MO_00831,TYRE_0087,236,2026-01-10,2026-01-16 12:00:00,2026-01-09 23:00:00,2026-01-10 00:00:00,49,2
MO_00832,TYRE_0123,177,2026-01-10,2026-01-16 20:00:00,2026-01-09 23:00:00,2026-01-10 00:00:00,49,1
MO_00833,TYRE_0048,354,2026-01-10,2026-01-16 12:00:00,2026-01-09 23:00:00,2026-01-10 00:00:00,49,2
MO_00834,TYRE_0021,40,2026-01-05,2026-01-10 00:00:00,2026-01-06 02:00:00,2026-01-06 20:00:00,77,0
MO_00835,TYRE_0070,80,2026-01-05,2026-01-09 20:00:00,2026-01-04 23:00:00,2026-01-05 00:00:00,77,1
MO_00836,TYRE_0027,240,2026-01-05,2026-01-09 12:00:00,2026-01-04 23:00:00,2026-01-05 00:00:00,77,2
MO_00837,TYRE_0007,720,2026-01-05,2026-01-09 00:00:00,2026-01-04 23:00:00,2026-01-05 00:00:00,77,3
MO_00838,TYRE_0091,240,2026-01-05,2026-01-09 12:00:00,2026-01-04 23:00:00,2026-01-05 00:00:00,77,2
MO_00839,TYRE_0124,480,2026-01-05,2026-01-09 00:00:00,2026-01-04 23:00:00,2026-01-05 00:00:00,77,3
MO_00840,TYRE_0096,120,2026-01-05,2026-01-09 20:00:00,2026-01-04 23:00:00,2026-01-05 00:00:00,77,1
MO_00841,TYRE_0049,240,2026-01-05,2026-01-09 12:00:00,2026-01-04 23:00:00,2026-01-05 00:00:00,77,2
MO_00842,TYRE_0113,24,2026-01-09,2026-01-14 00:00:00,2026-01-09 14:00:00,2026-01-10 15:00:00,41,0
MO_00843,TYRE_0043,48,2026-01-09,2026-01-13 20:00:00,2026-01-08 23:00:00,2026-01-09 00:00:00,41,1
MO_00844,TYRE_0019,48,2026-01-09,2026-01-13 20:00:00,2026-01-08 23:00:00,2026-01-09 00:00:00,41,1
MO_00845,TYRE_0123,48,2026-01-09,2026-01-13 12:00:00,2026-01-08 23:00:00,2026-01-09 00:00:00,41,2
MO_00846,TYRE_0048,96,2026-01-09,2026-01-13 00:00:00,2026-01-08 23:00:00,2026-01-09 00:00:00,41,3
MO_00847,TYRE_0135,44,2026-01-24,2026-01-28 00:00:00,2026-01-24 20:00:00,2026-01-26 09:00:00,74,0
MO_00848,TYRE_0082,88,2026-01-24,2026-01-27 20:00:00,2026-01-23 23:00:00,2026-01-24 00:00:00,74,1
MO_00849,TYRE_0081,88,2026-01-24,2026-01-27 20:00:00,2026-01-23 23:00:00,2026-01-24 00:00:00,74,1
MO_00850,TYRE_0061,60,2026-01-03,2026-01-04 00:00:00,2026-01-02 23:00:00,2026-01-03 00:00:00,43,0
MO_00851,TYRE_0095,180,2026-01-03,2026-01-03 20:00:00,2026-01-02 23:00:00,2026-01-03 00:00:00,43,1
MO_00852,TYRE_0009,90,2026-01-17,2026-01-23 00:00:00,2026-01-18 18:00:00,2026-01-21 01:00:00,94,0
MO_00853,TYRE_0044,22,2026-01-03,2026-01-06 00:00:00,2026-01-04 08:00:00,2026-01-05 11:00:00,40,0
MO_00854,TYRE_0041,71,2026-01-16,2026-01-22 00:00:00,2026-01-17 15:00:00,2026-01-20 03:00:00,68,0
MO_00855,TYRE_0108,52,2026-01-04,2026-01-09 00:00:00,2026-01-04 21:00:00,2026-01-06 23:00:00,87,0
MO_00856,TYRE_0127,104,2026-01-04,2026-01-08 20:00:00,2026-01-03 23:00:00,2026-01-04 00:00:00,87,1
MO_00857,TYRE_0142,416,2026-01-04,2026-01-08 12:00:00,2026-01-03 23:00:00,2026-01-04 00:00:00,87,2
MO_00858,TYRE_0011,312,2026-01-04,2026-01-08 12:00:00,2026-01-03 23:00:00,2026-01-04 00:00:00,87,2
MO_00859,TYRE_0112,624,2026-01-04,2026-01-08 00:00:00,2026-01-03 23:00:00,2026-01-04 00:00:00,87,3
MO_00860,TYRE_0039,936,2026-01-04,2026-01-08 00:00:00,2026-01-03 23:00:00,2026-01-04 00:00:00,87,3
MO_00861,TYRE_0143,8,2026-01-18,2026-01-27 00:00:00,2026-01-19 13:00:00,2026-01-20 00:00:00,35,0
MO_00862,TYRE_0094,32,2026-01-18,2026-01-26 20:00:00,2026-01-17 23:00:00,2026-01-18 00:00:00,35,1
MO_00863,TYRE_0112,38,2026-01-17,2026-01-21 00:00:00,2026-01-18 19:00:00,2026-01-19 02:00:00,31,0
MO_00864,TYRE_0028,38,2026-01-17,2026-01-20 20:00:00,2026-01-16 23:00:00,2026-01-17 00:00:00,31,1
MO_00865,TYRE_0060,38,2026-01-17,2026-01-20 12:00:00,2026-01-16 23:00:00,2026-01-17 00:00:00,31,2
MO_00866,TYRE_0059,114,2026-01-17,2026-01-20 00:00:00,2026-01-16 23:00:00,2026-01-17 00:00:00,31,3
MO_00867,TYRE_0064,38,2026-01-17,2026-01-20 00:00:00,2026-01-16 23:00:00,2026-01-17 00:00:00,31,3
MO_00868,TYRE_0087,152,2026-01-17,2026-01-20 12:00:00,2026-01-16 23:00:00,2026-01-17 00:00:00,31,2
MO_00869,TYRE_0084,114,2026-01-17,2026-01-20 20:00:00,2026-01-16 23:00:00,2026-01-17 00:00:00,31,1
MO_00870,TYRE_0147,63,2026-01-07,2026-01-14 00:00:00,2026-01-08 23:00:00,2026-01-11 08:00:00,43,0
MO_00871,TYRE_0116,52,2026-01-24,2026-01-29 00:00:00,2026-01-24 17:00:00,2026-01-25 15:00:00,22,0
MO_00872,TYRE_0143,91,2026-01-23,2026-01-26 00:00:00,2026-01-24 19:00:00,2026-01-25 00:00:00,64,0
MO_00873,TYRE_0094,364,2026-01-23,2026-01-25 20:00:00,2026-01-22 23:00:00,2026-01-23 00:00:00,64,1
MO_00874,TYRE_0058,10,2026-01-30,2026-02-03 00:00:00,2026-01-30 01:00:00,2026-01-30 11:00:00,17,0
MO_00875,TYRE_0138,30,2026-01-30,2026-02-02 20:00:00,2026-01-29 23:00:00,2026-01-30 00:00:00,17,1
MO_00876,TYRE_0003,51,2026-01-05,2026-01-12 00:00:00,2026-01-06 04:00:00,2026-01-06 20:00:00,71,0
MO_00877,TYRE_0051,102,2026-01-05,2026-01-11 20:00:00,2026-01-04 23:00:00,2026-01-05 00:00:00,71,1
MO_00878,TYRE_0054,102,2026-01-05,2026-01-11 12:00:00,2026-01-04 23:00:00,2026-01-05 00:00:00,71,2
MO_00879,TYRE_0123,102,2026-01-05,2026-01-11 00:00:00,2026-01-04 23:00:00,2026-01-05 00:00:00,71,3
MO_00880,TYRE_0126,75,2026-01-12,2026-01-13 00:00:00,2026-01-11 23:00:00,2026-01-12 00:00:00,31,0
MO_00881,TYRE_0089,150,2026-01-12,2026-01-12 20:00:00,2026-01-11 23:00:00,2026-01-12 00:00:00,31,1
MO_00882,TYRE_0107,58,2026-01-17,2026-01-22 00:00:00,2026-01-18 06:00:00,2026-01-20 10:00:00,65,0
MO_00883,TYRE_0058,232,2026-01-17,2026-01-21 20:00:00,2026-01-16 23:00:00,2026-01-17 00:00:00,65,1
MO_00884,TYRE_0138,696,2026-01-17,2026-01-21 12:00:00,2026-01-16 23:00:00,2026-01-17 00:00:00,65,2
MO_00885,TYRE_0060,58,2026-01-17,2026-01-21 20:00:00,2026-01-16 23:00:00,2026-01-17 00:00:00,65,1
MO_00886,TYRE_0059,174,2026-01-17,2026-01-21 12:00:00,2026-01-16 23:00:00,2026-01-17 00:00:00,65,2
MO_00887,TYRE_0071,174,2026-01-17,2026-01-21 00:00:00,2026-01-16 23:00:00,2026-01-17 00:00:00,65,3
MO_00888,TYRE_0014,348,2026-01-17,2026-01-21 00:00:00,2026-01-16 23:00:00,2026-01-17 00:00:00,65,3
MO_00889,TYRE_0064,58,2026-01-17,2026-01-21 12:00:00,2026-01-16 23:00:00,2026-01-17 00:00:00,65,2
MO_00890,TYRE_0081,174,2026-01-17,2026-01-21 00:00:00,2026-01-16 23:00:00,2026-01-17 00:00:00,65,3
MO_00891,TYRE_0060,58,2026-01-17,2026-01-21 00:00:00,2026-01-16 23:00:00,2026-01-17 00:00:00,65,3
MO_00892,TYRE_0081,78,2026-01-23,2026-01-27 00:00:00,2026-01-24 16:00:00,2026-01-26 00:00:00,93,0
MO_00893,TYRE_0118,27,2026-01-13,2026-01-17 00:00:00,2026-01-13 17:00:00,2026-01-13 18:00:00,30,0
MO_00894,TYRE_0118,13,2026-01-23,2026-02-06 00:00:00,2026-01-23 08:00:00,2026-01-24 12:00:00,58,0
MO_00895,TYRE_0072,46,2026-01-25,2026-01-31 00:00:00,2026-01-25 07:00:00,2026-01-27 15:00:00,15,0
MO_00896,TYRE_0109,42,2026-01-03,2026-01-04 00:00:00,2026-01-03 00:00:00,2026-01-03 00:00:00,44,0
MO_00897,TYRE_0027,42,2026-01-03,2026-01-03 20:00:00,2026-01-02 20:00:00,2026-01-03 00:00:00,44,1
MO_00898,TYRE_0007,126,2026-01-03,2026-01-03 12:00:00,2026-01-02 12:00:00,2026-01-03 00:00:00,44,2
MO_00899,TYRE_0146,378,2026-01-03,2026-01-03 00:00:00,2026-01-02 00:00:00,2026-01-03 00:00:00,44,3
MO_00900,TYRE_0074,378,2026-01-03,2026-01-03 00:00:00,2026-01-02 00:00:00,2026-01-03 00:00:00,44,3
MO_00901,TYRE_0083,168,2026-01-03,2026-01-03 20:00:00,2026-01-02 20:00:00,2026-01-03 00:00:00,44,1
MO_00902,TYRE_0025,64,2026-01-09,2026-01-14 00:00:00,2026-01-09 04:00:00,2026-01-09 05:00:00,36,0
MO_00903,TYRE_0037,64,2026-01-09,2026-01-13 20:00:00,2026-01-08 23:00:00,2026-01-09 00:00:00,36,1
MO_00904,TYRE_0135,128,2026-01-09,2026-01-13 12:00:00,2026-01-08 23:00:00,2026-01-09 00:00:00,36,2
MO_00905,TYRE_0082,256,2026-01-09,2026-01-13 00:00:00,2026-01-08 23:00:00,2026-01-09 00:00:00,36,3
MO_00906,TYRE_0081,256,2026-01-09,2026-01-13 00:00:00,2026-01-08 23:00:00,2026-01-09 00:00:00,36,3
MO_00907,TYRE_0115,128,2026-01-09,2026-01-13 20:00:00,2026-01-08 23:00:00,2026-01-09 00:00:00,36,1
MO_00908,TYRE_0016,128,2026-01-09,2026-01-13 12:00:00,2026-01-08 23:00:00,2026-01-09 00:00:00,36,2
MO_00909,TYRE_0075,256,2026-01-09,2026-01-13 00:00:00,2026-01-08 23:00:00,2026-01-09 00:00:00,36,3
MO_00910,TYRE_0005,512,2026-01-09,2026-01-13 00:00:00,2026-01-08 23:00:00,2026-01-09 00:00:00,36,3
MO_00911,TYRE_0086,98,2026-01-30,2026-02-10 00:00:00,2026-01-31 23:00:00,2026-02-02 05:00:00,93,0
MO_00912,TYRE_0093,294,2026-01-30,2026-02-09 20:00:00,2026-01-29 23:00:00,2026-01-30 00:00:00,93,1
MO_00913,TYRE_0102,1176,2026-01-30,2026-02-09 12:00:00,2026-01-29 23:00:00,2026-01-30 00:00:00,93,2
MO_00914,TYRE_0041,294,2026-01-30,2026-02-09 12:00:00,2026-01-29 23:00:00,2026-01-30 00:00:00,93,2
MO_00915,TYRE_0033,294,2026-01-30,2026-02-09 20:00:00,2026-01-29 23:00:00,2026-01-30 00:00:00,93,1
MO_00916,TYRE_0062,8,2026-01-17,2026-01-19 00:00:00,2026-01-17 13:00:00,2026-01-18 00:00:00,49,0
MO_00917,TYRE_0118,16,2026-01-17,2026-01-18 20:00:00,2026-01-16 23:00:00,2026-01-17 00:00:00,49,1
MO_00918,TYRE_0012,16,2026-01-17,2026-01-18 20:00:00,2026-01-16 23:00:00,2026-01-17 00:00:00,49,1
MO_00919,TYRE_0014,47,2026-01-17,2026-01-21 00:00:00,2026-01-17 12:00:00,2026-01-19 19:00:00,23,0
MO_00920,TYRE_0055,18,2026-01-30,2026-02-05 00:00:00,2026-01-30 10:00:00,2026-02-01 15:00:00,83,0
MO_00921,TYRE_0009,72,2026-01-30,2026-02-04 20:00:00,2026-01-29 23:00:00,2026-01-30 00:00:00,83,1
MO_00922,TYRE_0053,36,2026-01-30,2026-02-04 20:00:00,2026-01-29 23:00:00,2026-01-30 00:00:00,83,1
MO_00923,TYRE_0122,108,2026-01-30,2026-02-04 12:00:00,2026-01-29 23:00:00,2026-01-30 00:00:00,83,2
MO_00924,TYRE_0112,324,2026-01-30,2026-02-04 00:00:00,2026-01-29 23:00:00,2026-01-30 00:00:00,83,3
MO_00925,TYRE_0110,72,2026-01-30,2026-02-04 12:00:00,2026-01-29 23:00:00,2026-01-30 00:00:00,83,2
MO_00926,TYRE_0042,216,2026-01-30,2026-02-04 00:00:00,2026-01-29 23:00:00,2026-01-30 00:00:00,83,3
MO_00927,TYRE_0102,23,2026-01-20,2026-01-24 00:00:00,2026-01-20 19:00:00,2026-01-22 23:00:00,61,0
MO_00928,TYRE_0023,71,2026-01-16,2026-01-17 00:00:00,2026-01-15 23:00:00,2026-01-16 00:00:00,88,0
MO_00929,TYRE_0145,284,2026-01-16,2026-01-16 20:00:00,2026-01-15 20:00:00,2026-01-16 00:00:00,88,1
MO_00930,TYRE_0138,79,2026-01-25,2026-01-29 00:00:00,2026-01-26 20:00:00,2026-01-28 00:00:00,49,0
MO_00931,TYRE_0126,14,2026-01-22,2026-01-29 00:00:00,2026-01-23 02:00:00,2026-01-24 08:00:00,52,0
MO_00932,TYRE_0089,28,2026-01-22,2026-01-28 20:00:00,2026-01-21 23:00:00,2026-01-22 00:00:00,52,1
MO_00933,TYRE_0116,35,2026-01-13,2026-01-18 00:00:00,2026-01-13 14:00:00,2026-01-14 13:00:00,67,0
MO_00934,TYRE_0149,94,2026-01-27,2026-02-03 00:00:00,2026-01-28 05:00:00,2026-01-29 05:00:00,12,0
MO_00935,TYRE_0027,376,2026-01-27,2026-02-02 20:00:00,2026-01-26 23:00:00,2026-01-27 00:00:00,12,1
MO_00936,TYRE_0007,1128,2026-01-27,2026-02-02 12:00:00,2026-01-26 23:00:00,2026-01-27 00:00:00,12,2
MO_00937,TYRE_0146,3384,2026-01-27,2026-02-02 00:00:00,2026-01-26 23:00:00,2026-01-27 00:00:00,12,3
MO_00938,TYRE_0074,3384,2026-01-27,2026-02-02 00:00:00,2026-01-26 23:00:00,2026-01-27 00:00:00,12,3
MO_00939,TYRE_0083,34,2026-01-19,2026-01-25 00:00:00,2026-01-19 15:00:00,2026-01-21 01:00:00,24,0
MO_00940,TYRE_0120,18,2026-01-17,2026-01-20 00:00:00,2026-01-18 20:00:00,2026-01-19 00:00:00,54,0
MO_00941,TYRE_0080,18,2026-01-17,2026-01-19 20:00:00,2026-01-16 23:00:00,2026-01-17 00:00:00,54,1
MO_00942,TYRE_0017,18,2026-01-17,2026-01-19 12:00:00,2026-01-16 23:00:00,2026-01-17 00:00:00,54,2
MO_00943,TYRE_0066,54,2026-01-17,2026-01-19 00:00:00,2026-01-16 23:00:00,2026-01-17 00:00:00,54,3
MO_00944,TYRE_0135,18,2026-01-17,2026-01-19 00:00:00,2026-01-16 23:00:00,2026-01-17 00:00:00,54,3
MO_00945,TYRE_0012,57,2026-01-04,2026-01-10 00:00:00,2026-01-05 15:00:00,2026-01-08 14:00:00,20,0
MO_00946,TYRE_0014,62,2026-01-12,2026-01-23 00:00:00,2026-01-12 17:00:00,2026-01-15 13:00:00,48,0
MO_00947,TYRE_0106,25,2026-01-29,2026-02-07 00:00:00,2026-01-30 22:00:00,2026-02-01 01:00:00,28,0
MO_00948,TYRE_0077,32,2026-01-09,2026-01-17 00:00:00,2026-01-10 17:00:00,2026-01-12 01:00:00,88,0
MO_00949,TYRE_0083,36,2026-01-19,2026-01-22 00:00:00,2026-01-19 22:00:00,2026-01-21 00:00:00,29,0
MO_00950,TYRE_0101,38,2026-01-12,2026-01-18 00:00:00,2026-01-13 11:00:00,2026-01-14 02:00:00,95,0
MO_00951,TYRE_0028,38,2026-01-12,2026-01-17 20:00:00,2026-01-11 23:00:00,2026-01-12 00:00:00,95,1
MO_00952,TYRE_0060,38,2026-01-12,2026-01-17 12:00:00,2026-01-11 23:00:00,2026-01-12 00:00:00,95,2
MO_00953,TYRE_0059,114,2026-01-12,2026-01-17 00:00:00,2026-01-11 23:00:00,2026-01-12 00:00:00,95,3
MO_00954,TYRE_0064,38,2026-01-12,2026-01-17 00:00:00,2026-01-11 23:00:00,2026-01-12 00:00:00,95,3
MO_00955,TYRE_0087,152,2026-01-12,2026-01-17 12:00:00,2026-01-11 23:00:00,2026-01-12 00:00:00,95,2
MO_00956,TYRE_0123,114,2026-01-12,2026-01-17 20:00:00,2026-01-11 23:00:00,2026-01-12 00:00:00,95,1
MO_00957,TYRE_0048,228,2026-01-12,2026-01-17 12:00:00,2026-01-11 23:00:00,2026-01-12 00:00:00,95,2
MO_00958,TYRE_0044,62,2026-01-09,2026-01-11 00:00:00,2026-01-09 23:00:00,2026-01-10 00:00:00,80,0
MO_00959,TYRE_0145,18,2026-01-07,2026-01-14 00:00:00,2026-01-07 07:00:00,2026-01-07 18:00:00,65,0
MO_00960,TYRE_0035,33,2026-01-28,2026-01-29 00:00:00,2026-01-28 00:00:00,2026-01-28 00:00:00,87,0
MO_00961,TYRE_0006,99,2026-01-28,2026-01-28 20:00:00,2026-01-27 20:00:00,2026-01-28 00:00:00,87,1
MO_00962,TYRE_0080,33,2026-01-28,2026-01-28 20:00:00,2026-01-27 20:00:00,2026-01-28 00:00:00,87,1
MO_00963,TYRE_0017,33,2026-01-28,2026-01-28 12:00:00,2026-01-27 12:00:00,2026-01-28 00:00:00,87,2
MO_00964,TYRE_0066,99,2026-01-28,2026-01-28 00:00:00,2026-01-27 00:00:00,2026-01-28 00:00:00,87,3
MO_00965,TYRE_0135,33,2026-01-28,2026-01-28 00:00:00,2026-01-27 00:00:00,2026-01-28 00:00:00,87,3
MO_00966,TYRE_0108,79,2026-01-14,2026-01-18 00:00:00,2026-01-15 04:00:00,2026-01-16 06:00:00,13,0
MO_00967,TYRE_0127,158,2026-01-14,2026-01-17 20:00:00,2026-01-13 23:00:00,2026-01-14 00:00:00,13,1
MO_00968,TYRE_0142,632,2026-01-14,2026-01-17 12:00:00,2026-01-13 23:00:00,2026-01-14 00:00:00,13,2
MO_00969,TYRE_0011,474,2026-01-14,2026-01-17 12:00:00,2026-01-13 23:00:00,2026-01-14 00:00:00,13,2
MO_00970,TYRE_0112,948,2026-01-14,2026-01-17 00:00:00,2026-01-13 23:00:00,2026-01-14 00:00:00,13,3
MO_00971,TYRE_0039,1422,2026-01-14,2026-01-17 00:00:00,2026-01-13 23:00:00,2026-01-14 00:00:00,13,3
MO_00972,TYRE_0048,13,2026-01-20,2026-01-28 00:00:00,2026-01-20 11:00:00,2026-01-21 22:00:00,18,0
MO_00973,TYRE_0085,16,2026-01-19,2026-01-24 00:00:00,2026-01-19 17:00:00,2026-01-22 03:00:00,34,0
MO_00974,TYRE_0084,11,2026-01-26,2026-01-28 00:00:00,2026-01-26 18:00:00,2026-01-26 20:00:00,56,0
MO_00975,TYRE_0080,68,2026-01-15,2026-01-22 00:00:00,2026-01-16 11:00:00,2026-01-17 18:00:00,58,0
MO_00976,TYRE_0017,68,2026-01-15,2026-01-21 20:00:00,2026-01-14 23:00:00,2026-01-15 00:00:00,58,1
MO_00977,TYRE_0066,204,2026-01-15,2026-01-21 12:00:00,2026-01-14 23:00:00,2026-01-15 00:00:00,58,2
MO_00978,TYRE_0011,408,2026-01-15,2026-01-21 00:00:00,2026-01-14 23:00:00,2026-01-15 00:00:00,58,3
MO_00979,TYRE_0010,204,2026-01-15,2026-01-21 00:00:00,2026-01-14 23:00:00,2026-01-15 00:00:00,58,3
MO_00980,TYRE_0135,68,2026-01-15,2026-01-21 12:00:00,2026-01-14 23:00:00,2026-01-15 00:00:00,58,2
MO_00981,TYRE_0082,136,2026-01-15,2026-01-21 00:00:00,2026-01-14 23:00:00,2026-01-15 00:00:00,58,3
MO_00982,TYRE_0081,136,2026-01-15,2026-01-21 00:00:00,2026-01-14 23:00:00,2026-01-15 00:00:00,58,3
MO_00983,TYRE_0055,32,2026-01-16,2026-01-22 00:00:00,2026-01-17 08:00:00,2026-01-17 22:00:00,36,0
MO_00984,TYRE_0009,128,2026-01-16,2026-01-21 20:00:00,2026-01-15 23:00:00,2026-01-16 00:00:00,36,1
MO_00985,TYRE_0053,64,2026-01-16,2026-01-21 20:00:00,2026-01-15 23:00:00,2026-01-16 00:00:00,36,1
MO_00986,TYRE_0122,192,2026-01-16,2026-01-21 12:00:00,2026-01-15 23:00:00,2026-01-16 00:00:00,36,2
MO_00987,TYRE_0112,576,2026-01-16,2026-01-21 00:00:00,2026-01-15 23:00:00,2026-01-16 00:00:00,36,3
MO_00988,TYRE_0110,128,2026-01-16,2026-01-21 12:00:00,2026-01-15 23:00:00,2026-01-16 00:00:00,36,2
MO_00989,TYRE_0042,384,2026-01-16,2026-01-21 00:00:00,2026-01-15 23:00:00,2026-01-16 00:00:00,36,3
MO_00990,TYRE_0070,9,2026-01-21,2026-01-26 00:00:00,2026-01-21 04:00:00,2026-01-23 21:00:00,37,0
MO_00991,TYRE_0027,27,2026-01-21,2026-01-25 20:00:00,2026-01-20 23:00:00,2026-01-21 00:00:00,37,1
MO_00992,TYRE_0007,81,2026-01-21,2026-01-25 12:00:00,2026-01-20 23:00:00,2026-01-21 00:00:00,37,2
MO_00993,TYRE_0146,243,2026-01-21,2026-01-25 00:00:00,2026-01-20 23:00:00,2026-01-21 00:00:00,37,3
MO_00994,TYRE_0074,243,2026-01-21,2026-01-25 00:00:00,2026-01-20 23:00:00,2026-01-21 00:00:00,37,3
MO_00995,TYRE_0091,27,2026-01-21,2026-01-25 20:00:00,2026-01-20 23:00:00,2026-01-21 00:00:00,37,1
MO_00996,TYRE_0124,54,2026-01-21,2026-01-25 12:00:00,2026-01-20 23:00:00,2026-01-21 00:00:00,37,2
MO_00997,TYRE_0089,216,2026-01-21,2026-01-25 00:00:00,2026-01-20 23:00:00,2026-01-21 00:00:00,37,3
MO_00998,TYRE_0009,68,2026-01-05,2026-01-11 00:00:00,2026-01-06 14:00:00,2026-01-09 04:00:00,97,0
MO_00999,TYRE_0145,40,2026-01-03,2026-01-07 00:00:00,2026-01-04 03:00:00,2026-01-04 03:00:00,71,0
MO_01000,TYRE_0112,36,2026-01-12,2026-01-15 00:00:00,2026-01-13 01:00:00,2026-01-13 05:00:00,25,0
MO_01001,TYRE_0028,36,2026-01-12,2026-01-14 20:00:00,2026-01-11 23:00:00,2026-01-12 00:00:00,25,1
MO_01002,TYRE_0060,36,2026-01-12,2026-01-14 12:00:00,2026-01-11 23:00:00,2026-01-12 00:00:00,25,2
MO_01003,TYRE_0059,108,2026-01-12,2026-01-14 00:00:00,2026-01-11 23:00:00,2026-01-12 00:00:00,25,3
MO_01004,TYRE_0064,36,2026-01-12,2026-01-14 00:00:00,2026-01-11 23:00:00,2026-01-12 00:00:00,25,3
MO_01005,TYRE_0087,144,2026-01-12,2026-01-14 12:00:00,2026-01-11 23:00:00,2026-01-12 00:00:00,25,2
MO_01006,TYRE_0084,108,2026-01-12,2026-01-14 20:00:00,2026-01-11 23:00:00,2026-01-12 00:00:00,25,1
MO_01007,TYRE_0090,53,2026-01-25,2026-01-29 00:00:00,2026-01-26 18:00:00,2026-01-26 23:00:00,96,0
MO_01008,TYRE_0127,212,2026-01-25,2026-01-28 20:00:00,2026-01-24 23:00:00,2026-01-25 00:00:00,96,1
MO_01009,TYRE_0142,848,2026-01-25,2026-01-28 12:00:00,2026-01-24 23:00:00,2026-01-25 00:00:00,96,2
MO_01010,TYRE_0011,636,2026-01-25,2026-01-28 12:00:00,2026-01-24 23:00:00,2026-01-25 00:00:00,96,2
MO_01011,TYRE_0112,1272,2026-01-25,2026-01-28 00:00:00,2026-01-24 23:00:00,2026-01-25 00:00:00,96,3
MO_01012,TYRE_0039,1908,2026-01-25,2026-01-28 00:00:00,2026-01-24 23:00:00,2026-01-25 00:00:00,96,3
MO_01013,TYRE_0091,49,2026-01-20,2026-01-27 00:00:00,2026-01-20 20:00:00,2026-01-21 00:00:00,55,0
MO_01014,TYRE_0124,98,2026-01-20,2026-01-26 20:00:00,2026-01-19 23:00:00,2026-01-20 00:00:00,55,1
MO_01015,TYRE_0089,392,2026-01-20,2026-01-26 12:00:00,2026-01-19 23:00:00,2026-01-20 00:00:00,55,2
MO_01016,TYRE_0128,28,2026-01-27,2026-02-02 00:00:00,2026-01-27 22:00:00,2026-01-29 01:00:00,84,0
MO_01017,TYRE_0009,12,2026-01-21,2026-01-27 00:00:00,2026-01-21 20:00:00,2026-01-24 16:00:00,55,0
MO_01018,TYRE_0120,25,2026-01-04,2026-01-09 00:00:00,2026-01-04 10:00:00,2026-01-06 05:00:00,49,0
MO_01019,TYRE_0080,25,2026-01-04,2026-01-08 20:00:00,2026-01-03 23:00:00,2026-01-04 00:00:00,49,1
MO_01020,TYRE_0017,25,2026-01-04,2026-01-08 12:00:00,2026-01-03 23:00:00,2026-01-04 00:00:00,49,2
MO_01021,TYRE_0066,75,2026-01-04,2026-01-08 00:00:00,2026-01-03 23:00:00,2026-01-04 00:00:00,49,3
MO_01022,TYRE_0135,25,2026-01-04,2026-01-08 00:00:00,2026-01-03 23:00:00,2026-01-04 00:00:00,49,3
MO_01023,TYRE_0055,33,2026-01-21,2026-01-25 00:00:00,2026-01-22 17:00:00,2026-01-23 08:00:00,92,0
MO_01024,TYRE_0009,132,2026-01-21,2026-01-24 20:00:00,2026-01-20 23:00:00,2026-01-21 00:00:00,92,1
MO_01025,TYRE_0053,66,2026-01-21,2026-01-24 20:00:00,2026-01-20 23:00:00,2026-01-21 00:00:00,92,1
MO_01026,TYRE_0122,198,2026-01-21,2026-01-24 12:00:00,2026-01-20 23:00:00,2026-01-21 00:00:00,92,2
MO_01027,TYRE_0112,594,2026-01-21,2026-01-24 00:00:00,2026-01-20 23:00:00,2026-01-21 00:00:00,92,3
MO_01028,TYRE_0110,132,2026-01-21,2026-01-24 12:00:00,2026-01-20 23:00:00,2026-01-21 00:00:00,92,2
MO_01029,TYRE_0042,396,2026-01-21,2026-01-24 00:00:00,2026-01-20 23:00:00,2026-01-21 00:00:00,92,3
MO_01030,TYRE_0090,27,2026-01-23,2026-01-28 00:00:00,2026-01-24 14:00:00,2026-01-27 12:00:00,43,0
MO_01031,TYRE_0127,108,2026-01-23,2026-01-27 20:00:00,2026-01-22 23:00:00,2026-01-23 00:00:00,43,1
MO_01032,TYRE_0142,432,2026-01-23,2026-01-27 12:00:00,2026-01-22 23:00:00,2026-01-23 00:00:00,43,2
MO_01033,TYRE_0011,324,2026-01-23,2026-01-27 12:00:00,2026-01-22 23:00:00,2026-01-23 00:00:00,43,2
MO_01034,TYRE_0112,648,2026-01-23,2026-01-27 00:00:00,2026-01-22 23:00:00,2026-01-23 00:00:00,43,3
MO_01035,TYRE_0039,972,2026-01-23,2026-01-27 00:00:00,2026-01-22 23:00:00,2026-01-23 00:00:00,43,3
MO_01036,TYRE_0124,80,2026-01-16,2026-01-29 00:00:00,2026-01-16 15:00:00,2026-01-17 12:00:00,96,0
MO_01037,TYRE_0089,320,2026-01-16,2026-01-28 20:00:00,2026-01-15 23:00:00,2026-01-16 00:00:00,96,1
MO_01038,TYRE_0061,77,2026-01-25,2026-01-30 00:00:00,2026-01-26 08:00:00,2026-01-27 06:00:00,19,0
MO_01039,TYRE_0095,231,2026-01-25,2026-01-29 20:00:00,2026-01-24 23:00:00,2026-01-25 00:00:00,19,1
MO_01040,TYRE_0126,67,2026-01-07,2026-01-12 00:00:00,2026-01-08 02:00:00,2026-01-09 20:00:00,10,0
MO_01041,TYRE_0089,134,2026-01-07,2026-01-11 20:00:00,2026-01-06 23:00:00,2026-01-07 00:00:00,10,1
MO_01042,TYRE_0116,7,2026-01-13,2026-01-18 00:00:00,2026-01-13 00:00:00,2026-01-15 19:00:00,75,0
MO_01043,TYRE_0043,21,2026-01-21,2026-01-26 00:00:00,2026-01-22 19:00:00,2026-01-24 13:00:00,95,0
MO_01044,TYRE_0012,12,2026-01-10,2026-01-23 00:00:00,2026-01-10 15:00:00,2026-01-11 16:00:00,26,0
MO_01045,TYRE_0080,19,2026-01-26,2026-01-31 00:00:00,2026-01-26 04:00:00,2026-01-27 20:00:00,56,0
MO_01046,TYRE_0017,19,2026-01-26,2026-01-30 20:00:00,2026-01-25 23:00:00,2026-01-26 00:00:00,56,1
MO_01047,TYRE_0066,57,2026-01-26,2026-01-30 12:00:00,2026-01-25 23:00:00,2026-01-26 00:00:00,56,2
MO_01048,TYRE_0011,114,2026-01-26,2026-01-30 00:00:00,2026-01-25 23:00:00,2026-01-26 00:00:00,56,3
MO_01049,TYRE_0010,57,2026-01-26,2026-01-30 00:00:00,2026-01-25 23:00:00,2026-01-26 00:00:00,56,3
MO_01050,TYRE_0135,19,2026-01-26,2026-01-30 12:00:00,2026-01-25 23:00:00,2026-01-26 00:00:00,56,2
MO_01051,TYRE_0082,38,2026-01-26,2026-01-30 00:00:00,2026-01-25 23:00:00,2026-01-26 00:00:00,56,3
MO_01052,TYRE_0081,38,2026-01-26,2026-01-30 00:00:00,2026-01-25 23:00:00,2026-01-26 00:00:00,56,3
MO_01053,TYRE_0093,95,2026-01-07,2026-01-20 00:00:00,2026-01-08 21:00:00,2026-01-11 18:00:00,33,0
MO_01054,TYRE_0102,380,2026-01-07,2026-01-19 20:00:00,2026-01-06 23:00:00,2026-01-07 00:00:00,33,1
MO_01055,TYRE_0041,95,2026-01-07,2026-01-19 20:00:00,2026-01-06 23:00:00,2026-01-07 00:00:00,33,1
MO_01056,TYRE_0101,43,2026-01-14,2026-01-20 00:00:00,2026-01-14 17:00:00,2026-01-15 23:00:00,59,0
MO_01057,TYRE_0028,43,2026-01-14,2026-01-19 20:00:00,2026-01-13 23:00:00,2026-01-14 00:00:00,59,1
MO_01058,TYRE_0060,43,2026-01-14,2026-01-19 12:00:00,2026-01-13 23:00:00,2026-01-14 00:00:00,59,2
MO_01059,TYRE_0059,129,2026-01-14,2026-01-19 00:00:00,2026-01-13 23:00:00,2026-01-14 00:00:00,59,3
MO_01060,TYRE_0064,43,2026-01-14,2026-01-19 00:00:00,2026-01-13 23:00:00,2026-01-14 00:00:00,59,3
MO_01061,TYRE_0087,172,2026-01-14,2026-01-19 12:00:00,2026-01-13 23:00:00,2026-01-14 00:00:00,59,2
MO_01062,TYRE_0123,129,2026-01-14,2026-01-19 20:00:00,2026-01-13 23:00:00,2026-01-14 00:00:00,59,1
MO_01063,TYRE_0048,258,2026-01-14,2026-01-19 12:00:00,2026-01-13 23:00:00,2026-01-14 00:00:00,59,2
MO_01064,TYRE_0012,86,2026-01-26,2026-02-02 00:00:00,2026-01-27 16:00:00,2026-01-28 08:00:00,94,0
MO_01065,TYRE_0081,93,2026-01-05,2026-01-08 00:00:00,2026-01-06 09:00:00,2026-01-06 17:00:00,38,0
MO_01066,TYRE_0091,53,2026-01-03,2026-01-08 00:00:00,2026-01-04 19:00:00,2026-01-07 01:00:00,87,0
MO_01067,TYRE_0124,106,2026-01-03,2026-01-07 20:00:00,2026-01-02 23:00:00,2026-01-03 00:00:00,87,1
MO_01068,TYRE_0089,424,2026-01-03,2026-01-07 12:00:00,2026-01-02 23:00:00,2026-01-03 00:00:00,87,2
MO_01069,TYRE_0061,98,2026-01-23,2026-01-28 00:00:00,2026-01-24 00:00:00,2026-01-24 05:00:00,81,0
MO_01070,TYRE_0095,294,2026-01-23,2026-01-27 20:00:00,2026-01-22 23:00:00,2026-01-23 00:00:00,81,1
MO_01071,TYRE_0061,77,2026-01-29,2026-02-12 00:00:00,2026-01-30 17:00:00,2026-02-02 14:00:00,95,0
MO_01072,TYRE_0095,231,2026-01-29,2026-02-11 20:00:00,2026-01-28 23:00:00,2026-01-29 00:00:00,95,1
MO_01073,TYRE_0009,86,2026-01-11,2026-01-16 00:00:00,2026-01-12 09:00:00,2026-01-15 00:00:00,96,0
MO_01074,TYRE_0048,100,2026-01-11,2026-01-17 00:00:00,2026-01-11 14:00:00,2026-01-11 17:00:00,22,0
MO_01075,TYRE_0014,86,2026-01-18,2026-01-28 00:00:00,2026-01-18 03:00:00,2026-01-20 21:00:00,73,0
MO_01076,TYRE_0022,62,2026-01-15,2026-01-28 00:00:00,2026-01-15 03:00:00,2026-01-17 10:00:00,37,0
MO_01077,TYRE_0120,49,2026-01-12,2026-01-16 00:00:00,2026-01-13 00:00:00,2026-01-13 17:00:00,14,0
MO_01078,TYRE_0080,49,2026-01-12,2026-01-15 20:00:00,2026-01-11 23:00:00,2026-01-12 00:00:00,14,1
MO_01079,TYRE_0017,49,2026-01-12,2026-01-15 12:00:00,2026-01-11 23:00:00,2026-01-12 00:00:00,14,2
MO_01080,TYRE_0066,147,2026-01-12,2026-01-15 00:00:00,2026-01-11 23:00:00,2026-01-12 00:00:00,14,3
MO_01081,TYRE_0135,49,2026-01-12,2026-01-15 00:00:00,2026-01-11 23:00:00,2026-01-12 00:00:00,14,3
MO_01082,TYRE_0042,54,2026-01-09,2026-01-13 00:00:00,2026-01-10 16:00:00,2026-01-11 23:00:00,83,0
MO_01083,TYRE_0120,216,2026-01-09,2026-01-12 20:00:00,2026-01-08 23:00:00,2026-01-09 00:00:00,83,1
MO_01084,TYRE_0080,216,2026-01-09,2026-01-12 12:00:00,2026-01-08 23:00:00,2026-01-09 00:00:00,83,2
MO_01085,TYRE_0017,216,2026-01-09,2026-01-12 00:00:00,2026-01-08 23:00:00,2026-01-09 00:00:00,83,3
MO_01086,TYRE_0078,216,2026-01-09,2026-01-12 20:00:00,2026-01-08 23:00:00,2026-01-09 00:00:00,83,1
MO_01087,TYRE_0022,432,2026-01-09,2026-01-12 12:00:00,2026-01-08 23:00:00,2026-01-09 00:00:00,83,2
MO_01088,TYRE_0033,648,2026-01-09,2026-01-12 12:00:00,2026-01-08 23:00:00,2026-01-09 00:00:00,83,2
MO_01089,TYRE_0112,68,2026-01-10,2026-01-24 00:00:00,2026-01-10 12:00:00,2026-01-12 11:00:00,18,0
MO_01090,TYRE_0028,68,2026-01-10,2026-01-23 20:00:00,2026-01-09 23:00:00,2026-01-10 00:00:00,18,1
MO_01091,TYRE_0060,68,2026-01-10,2026-01-23 12:00:00,2026-01-09 23:00:00,2026-01-10 00:00:00,18,2
MO_01092,TYRE_0059,204,2026-01-10,2026-01-23 00:00:00,2026-01-09 23:00:00,2026-01-10 00:00:00,18,3
MO_01093,TYRE_0064,68,2026-01-10,2026-01-23 00:00:00,2026-01-09 23:00:00,2026-01-10 00:00:00,18,3
MO_01094,TYRE_0087,272,2026-01-10,2026-01-23 12:00:00,2026-01-09 23:00:00,2026-01-10 00:00:00,18,2
MO_01095,TYRE_0084,204,2026-01-10,2026-01-23 20:00:00,2026-01-09 23:00:00,2026-01-10 00:00:00,18,1
MO_01096,TYRE_0089,66,2026-01-26,2026-01-30 00:00:00,2026-01-27 17:00:00,2026-01-28 21:00:00,23,0
MO_01097,TYRE_0147,25,2026-01-12,2026-01-17 00:00:00,2026-01-13 21:00:00,2026-01-15 04:00:00,19,0
MO_01098,TYRE_0090,7,2026-01-17,2026-01-29 00:00:00,2026-01-18 00:00:00,2026-01-19 00:00:00,42,0
MO_01099,TYRE_0127,28,2026-01-17,2026-01-28 20:00:00,2026-01-16 23:00:00,2026-01-17 00:00:00,42,1
MO_01100,TYRE_0142,112,2026-01-17,2026-01-28 12:00:00,2026-01-16 23:00:00,2026-01-17 00:00:00,42,2
MO_01101,TYRE_0011,84,2026-01-17,2026-01-28 12:00:00,2026-01-16 23:00:00,2026-01-17 00:00:00,42,2
MO_01102,TYRE_0112,168,2026-01-17,2026-01-28 00:00:00,2026-01-16 23:00:00,2026-01-17 00:00:00,42,3
MO_01103,TYRE_0039,252,2026-01-17,2026-01-28 00:00:00,2026-01-16 23:00:00,2026-01-17 00:00:00,42,3
MO_01104,TYRE_0042,53,2026-01-29,2026-01-30 00:00:00,2026-01-28 23:00:00,2026-01-29 00:00:00,84,0
MO_01105,TYRE_0120,212,2026-01-29,2026-01-29 20:00:00,2026-01-28 23:00:00,2026-01-29 00:00:00,84,1
MO_01106,TYRE_0080,212,2026-01-29,2026-01-29 12:00:00,2026-01-28 23:00:00,2026-01-29 00:00:00,84,2
MO_01107,TYRE_0017,212,2026-01-29,2026-01-29 00:00:00,2026-01-28 00:00:00,2026-01-29 00:00:00,84,3
MO_01108,TYRE_0078,212,2026-01-29,2026-01-29 20:00:00,2026-01-28 23:00:00,2026-01-29 00:00:00,84,1
MO_01109,TYRE_0022,424,2026-01-29,2026-01-29 12:00:00,2026-01-28 23:00:00,2026-01-29 00:00:00,84,2
MO_01110,TYRE_0033,636,2026-01-29,2026-01-29 12:00:00,2026-01-28 23:00:00,2026-01-29 00:00:00,84,2
MO_01111,TYRE_0113,48,2026-01-06,2026-01-10 00:00:00,2026-01-07 10:00:00,2026-01-07 18:00:00,49,0
MO_01112,TYRE_0043,96,2026-01-06,2026-01-09 20:00:00,2026-01-05 23:00:00,2026-01-06 00:00:00,49,1
MO_01113,TYRE_0019,96,2026-01-06,2026-01-09 20:00:00,2026-01-05 23:00:00,2026-01-06 00:00:00,49,1
MO_01114,TYRE_0123,96,2026-01-06,2026-01-09 12:00:00,2026-01-05 23:00:00,2026-01-06 00:00:00,49,2
MO_01115,TYRE_0048,192,2026-01-06,2026-01-09 00:00:00,2026-01-05 23:00:00,2026-01-06 00:00:00,49,3
MO_01116,TYRE_0009,60,2026-01-07,2026-01-15 00:00:00,2026-01-08 23:00:00,2026-01-11 21:00:00,15,0
MO_01117,TYRE_0042,25,2026-01-14,2026-01-21 00:00:00,2026-01-14 08:00:00,2026-01-14 21:00:00,26,0
MO_01118,TYRE_0120,100,2026-01-14,2026-01-20 20:00:00,2026-01-13 23:00:00,2026-01-14 00:00:00,26,1
MO_01119,TYRE_0080,100,2026-01-14,2026-01-20 12:00:00,2026-01-13 23:00:00,2026-01-14 00:00:00,26,2
MO_01120,TYRE_0017,100,2026-01-14,2026-01-20 00:00:00,2026-01-13 23:00:00,2026-01-14 00:00:00,26,3
MO_01121,TYRE_0078,100,2026-01-14,2026-01-20 20:00:00,2026-01-13 23:00:00,2026-01-14 00:00:00,26,1
MO_01122,TYRE_0022,200,2026-01-14,2026-01-20 12:00:00,2026-01-13 23:00:00,2026-01-14 00:00:00,26,2
MO_01123,TYRE_0033,300,2026-01-14,2026-01-20 12:00:00,2026-01-13 23:00:00,2026-01-14 00:00:00,26,2
MO_01124,TYRE_0124,57,2026-01-13,2026-01-18 00:00:00,2026-01-13 13:00:00,2026-01-14 08:00:00,45,0
MO_01125,TYRE_0089,228,2026-01-13,2026-01-17 20:00:00,2026-01-12 23:00:00,2026-01-13 00:00:00,45,1
MO_01126,TYRE_0138,43,2026-01-08,2026-01-14 00:00:00,2026-01-08 21:00:00,2026-01-09 06:00:00,79,0
MO_01127,TYRE_0116,24,2026-01-10,2026-01-17 00:00:00,2026-01-11 23:00:00,2026-01-12 09:00:00,70,0
MO_01128,TYRE_0043,89,2026-01-09,2026-01-15 00:00:00,2026-01-09 08:00:00,2026-01-10 22:00:00,83,0
MO_01129,TYRE_0086,31,2026-01-18,2026-01-19 00:00:00,2026-01-17 23:00:00,2026-01-18 00:00:00,58,0
MO_01130,TYRE_0093,93,2026-01-18,2026-01-18 20:00:00,2026-01-17 20:00:00,2026-01-18 00:00:00,58,1
MO_01131,TYRE_0102,372,2026-01-18,2026-01-18 12:00:00,2026-01-17 12:00:00,2026-01-18 00:00:00,58,2
MO_01132,TYRE_0041,93,2026-01-18,2026-01-18 12:00:00,2026-01-17 12:00:00,2026-01-18 00:00:00,58,2
MO_01133,TYRE_0033,93,2026-01-18,2026-01-18 20:00:00,2026-01-17 20:00:00,2026-01-18 00:00:00,58,1
MO_01134,TYRE_0025,19,2026-01-27,2026-02-11 00:00:00,2026-01-27 22:00:00,2026-01-28 16:00:00,78,0
MO_01135,TYRE_0037,19,2026-01-27,2026-02-10 20:00:00,2026-01-26 23:00:00,2026-01-27 00:00:00,78,1
MO_01136,TYRE_0135,38,2026-01-27,2026-02-10 12:00:00,2026-01-26 23:00:00,2026-01-27 00:00:00,78,2
MO_01137,TYRE_0082,76,2026-01-27,2026-02-10 00:00:00,2026-01-26 23:00:00,2026-01-27 00:00:00,78,3
MO_01138,TYRE_0081,76,2026-01-27,2026-02-10 00:00:00,2026-01-26 23:00:00,2026-01-27 00:00:00,78,3
MO_01139,TYRE_0115,38,2026-01-27,2026-02-10 20:00:00,2026-01-26 23:00:00,2026-01-27 00:00:00,78,1
MO_01140,TYRE_0016,38,2026-01-27,2026-02-10 12:00:00,2026-01-26 23:00:00,2026-01-27 00:00:00,78,2
MO_01141,TYRE_0075,76,2026-01-27,2026-02-10 00:00:00,2026-01-26 23:00:00,2026-01-27 00:00:00,78,3
MO_01142,TYRE_0005,152,2026-01-27,2026-02-10 00:00:00,2026-01-26 23:00:00,2026-01-27 00:00:00,78,3
MO_01143,TYRE_0135,16,2026-01-26,2026-02-01 00:00:00,2026-01-27 12:00:00,2026-01-29 06:00:00,92,0
MO_01144,TYRE_0082,32,2026-01-26,2026-01-31 20:00:00,2026-01-25 23:00:00,2026-01-26 00:00:00,92,1
MO_01145,TYRE_0081,32,2026-01-26,2026-01-31 20:00:00,2026-01-25 23:00:00,2026-01-26 00:00:00,92,1
MO_01146,TYRE_0135,52,2026-01-02,2026-01-04 00:00:00,2026-01-02 23:00:00,2026-01-03 00:00:00,80,0
MO_01147,TYRE_0082,104,2026-01-02,2026-01-03 20:00:00,2026-01-01 23:00:00,2026-01-02 00:00:00,80,1
MO_01148,TYRE_0081,104,2026-01-02,2026-01-03 20:00:00,2026-01-01 23:00:00,2026-01-02 00:00:00,80,1
MO_01149,TYRE_0116,38,2026-01-05,2026-01-12 00:00:00,2026-01-05 14:00:00,2026-01-08 11:00:00,33,0
MO_01150,TYRE_0106,94,2026-01-29,2026-02-03 00:00:00,2026-01-30 11:00:00,2026-02-02 10:00:00,60,0
MO_01151,TYRE_0021,80,2026-01-05,2026-01-12 00:00:00,2026-01-05 13:00:00,2026-01-08 05:00:00,51,0
MO_01152,TYRE_0070,160,2026-01-05,2026-01-11 20:00:00,2026-01-04 23:00:00,2026-01-05 00:00:00,51,1
MO_01153,TYRE_0027,480,2026-01-05,2026-01-11 12:00:00,2026-01-04 23:00:00,2026-01-05 00:00:00,51,2
MO_01154,TYRE_0007,1440,2026-01-05,2026-01-11 00:00:00,2026-01-04 23:00:00,2026-01-05 00:00:00,51,3
MO_01155,TYRE_0091,480,2026-01-05,2026-01-11 12:00:00,2026-01-04 23:00:00,2026-01-05 00:00:00,51,2
MO_01156,TYRE_0124,960,2026-01-05,2026-01-11 00:00:00,2026-01-04 23:00:00,2026-01-05 00:00:00,51,3
MO_01157,TYRE_0096,240,2026-01-05,2026-01-11 20:00:00,2026-01-04 23:00:00,2026-01-05 00:00:00,51,1
MO_01158,TYRE_0049,480,2026-01-05,2026-01-11 12:00:00,2026-01-04 23:00:00,2026-01-05 00:00:00,51,2
MO_01159,TYRE_0116,73,2026-01-06,2026-01-20 00:00:00,2026-01-06 19:00:00,2026-01-07 17:00:00,28,0
MO_01160,TYRE_0121,65,2026-01-19,2026-01-24 00:00:00,2026-01-20 14:00:00,2026-01-23 01:00:00,71,0
MO_01161,TYRE_0021,260,2026-01-19,2026-01-23 20:00:00,2026-01-18 23:00:00,2026-01-19 00:00:00,71,1
MO_01162,TYRE_0070,520,2026-01-19,2026-01-23 12:00:00,2026-01-18 23:00:00,2026-01-19 00:00:00,71,2
MO_01163,TYRE_0027,1560,2026-01-19,2026-01-23 00:00:00,2026-01-18 23:00:00,2026-01-19 00:00:00,71,3
MO_01164,TYRE_0091,1560,2026-01-19,2026-01-23 00:00:00,2026-01-18 23:00:00,2026-01-19 00:00:00,71,3
MO_01165,TYRE_0096,780,2026-01-19,2026-01-23 12:00:00,2026-01-18 23:00:00,2026-01-19 00:00:00,71,2
MO_01166,TYRE_0049,1560,2026-01-19,2026-01-23 00:00:00,2026-01-18 23:00:00,2026-01-19 00:00:00,71,3
MO_01167,TYRE_0135,69,2026-01-08,2026-01-16 00:00:00,2026-01-09 11:00:00,2026-01-09 20:00:00,84,0
MO_01168,TYRE_0082,138,2026-01-08,2026-01-15 20:00:00,2026-01-07 23:00:00,2026-01-08 00:00:00,84,1
MO_01169,TYRE_0081,138,2026-01-08,2026-01-15 20:00:00,2026-01-07 23:00:00,2026-01-08 00:00:00,84,1
MO_01170,TYRE_0118,20,2026-01-16,2026-01-26 00:00:00,2026-01-17 02:00:00,2026-01-19 16:00:00,76,0
MO_01171,TYRE_0114,32,2026-01-13,2026-01-14 00:00:00,2026-01-13 16:00:00,2026-01-13 17:00:00,39,0
MO_01172,TYRE_0140,128,2026-01-13,2026-01-13 20:00:00,2026-01-12 23:00:00,2026-01-13 00:00:00,39,1
MO_01173,TYRE_0081,128,2026-01-13,2026-01-13 12:00:00,2026-01-12 12:00:00,2026-01-13 00:00:00,39,2
MO_01174,TYRE_0034,96,2026-01-13,2026-01-13 20:00:00,2026-01-12 23:00:00,2026-01-13 00:00:00,39,1
MO_01175,TYRE_0032,92,2026-01-01,2026-01-02 00:00:00,2026-01-01 00:00:00,2026-01-01 00:00:00,47,0
MO_01176,TYRE_0075,276,2026-01-01,2026-01-01 20:00:00,2025-12-31 20:00:00,2026-01-01 00:00:00,47,1
MO_01177,TYRE_0118,1104,2026-01-01,2026-01-01 12:00:00,2025-12-31 12:00:00,2026-01-01 00:00:00,47,2
MO_01178,TYRE_0143,368,2026-01-01,2026-01-01 20:00:00,2025-12-31 20:00:00,2026-01-01 00:00:00,47,1
MO_01179,TYRE_0094,1472,2026-01-01,2026-01-01 12:00:00,2025-12-31 12:00:00,2026-01-01 00:00:00,47,2
MO_01180,TYRE_0108,45,2026-01-22,2026-01-28 00:00:00,2026-01-23 16:00:00,2026-01-26 00:00:00,15,0
MO_01181,TYRE_0127,90,2026-01-22,2026-01-27 20:00:00,2026-01-21 23:00:00,2026-01-22 00:00:00,15,1
MO_01182,TYRE_0142,360,2026-01-22,2026-01-27 12:00:00,2026-01-21 23:00:00,2026-01-22 00:00:00,15,2
MO_01183,TYRE_0011,270,2026-01-22,2026-01-27 12:00:00,2026-01-21 23:00:00,2026-01-22 00:00:00,15,2
MO_01184,TYRE_0112,540,2026-01-22,2026-01-27 00:00:00,2026-01-21 23:00:00,2026-01-22 00:00:00,15,3
MO_01185,TYRE_0039,810,2026-01-22,2026-01-27 00:00:00,2026-01-21 23:00:00,2026-01-22 00:00:00,15,3
MO_01186,TYRE_0017,55,2026-01-20,2026-01-23 00:00:00,2026-01-20 03:00:00,2026-01-22 20:00:00,31,0
MO_01187,TYRE_0066,165,2026-01-20,2026-01-22 20:00:00,2026-01-19 23:00:00,2026-01-20 00:00:00,31,1
MO_01188,TYRE_0011,330,2026-01-20,2026-01-22 12:00:00,2026-01-19 23:00:00,2026-01-20 00:00:00,31,2
MO_01189,TYRE_0112,660,2026-01-20,2026-01-22 00:00:00,2026-01-19 23:00:00,2026-01-20 00:00:00,31,3
MO_01190,TYRE_0039,990,2026-01-20,2026-01-22 00:00:00,2026-01-19 23:00:00,2026-01-20 00:00:00,31,3
MO_01191,TYRE_0010,165,2026-01-20,2026-01-22 12:00:00,2026-01-19 23:00:00,2026-01-20 00:00:00,31,2
MO_01192,TYRE_0025,330,2026-01-20,2026-01-22 00:00:00,2026-01-19 23:00:00,2026-01-20 00:00:00,31,3
MO_01193,TYRE_0135,55,2026-01-20,2026-01-22 20:00:00,2026-01-19 23:00:00,2026-01-20 00:00:00,31,1
MO_01194,TYRE_0082,110,2026-01-20,2026-01-22 12:00:00,2026-01-19 23:00:00,2026-01-20 00:00:00,31,2
MO_01195,TYRE_0081,110,2026-01-20,2026-01-22 12:00:00,2026-01-19 23:00:00,2026-01-20 00:00:00,31,2
MO_01196,TYRE_0149,6,2026-01-17,2026-01-24 00:00:00,2026-01-17 02:00:00,2026-01-17 21:00:00,20,0
MO_01197,TYRE_0027,24,2026-01-17,2026-01-23 20:00:00,2026-01-16 23:00:00,2026-01-17 00:00:00,20,1
MO_01198,TYRE_0007,72,2026-01-17,2026-01-23 12:00:00,2026-01-16 23:00:00,2026-01-17 00:00:00,20,2
MO_01199,TYRE_0146,216,2026-01-17,2026-01-23 00:00:00,2026-01-16 23:00:00,2026-01-17 00:00:00,20,3
MO_01200,TYRE_0074,216,2026-01-17,2026-01-23 00:00:00,2026-01-16 23:00:00,2026-01-17 00:00:00,20,3
MO_01201,TYRE_0133,58,2026-01-07,2026-01-11 00:00:00,2026-01-07 18:00:00,2026-01-09 11:00:00,81,0
MO_01202,TYRE_0083,58,2026-01-07,2026-01-10 20:00:00,2026-01-06 23:00:00,2026-01-07 00:00:00,81,1
MO_01203,TYRE_0063,232,2026-01-07,2026-01-10 20:00:00,2026-01-06 23:00:00,2026-01-07 00:00:00,81,1
MO_01204,TYRE_0080,18,2026-01-25,2026-01-29 00:00:00,2026-01-26 16:00:00,2026-01-27 12:00:00,38,0
MO_01205,TYRE_0017,18,2026-01-25,2026-01-28 20:00:00,2026-01-24 23:00:00,2026-01-25 00:00:00,38,1
MO_01206,TYRE_0066,54,2026-01-25,2026-01-28 12:00:00,2026-01-24 23:00:00,2026-01-25 00:00:00,38,2
MO_01207,TYRE_0011,108,2026-01-25,2026-01-28 00:00:00,2026-01-24 23:00:00,2026-01-25 00:00:00,38,3
MO_01208,TYRE_0010,54,2026-01-25,2026-01-28 00:00:00,2026-01-24 23:00:00,2026-01-25 00:00:00,38,3
MO_01209,TYRE_0135,18,2026-01-25,2026-01-28 12:00:00,2026-01-24 23:00:00,2026-01-25 00:00:00,38,2
MO_01210,TYRE_0082,36,2026-01-25,2026-01-28 00:00:00,2026-01-24 23:00:00,2026-01-25 00:00:00,38,3
MO_01211,TYRE_0081,36,2026-01-25,2026-01-28 00:00:00,2026-01-24 23:00:00,2026-01-25 00:00:00,38,3
MO_01212,TYRE_0042,57,2026-01-13,2026-01-19 00:00:00,2026-01-14 15:00:00,2026-01-17 08:00:00,17,0
MO_01213,TYRE_0120,228,2026-01-13,2026-01-18 20:00:00,2026-01-12 23:00:00,2026-01-13 00:00:00,17,1
MO_01214,TYRE_0080,228,2026-01-13,2026-01-18 12:00:00,2026-01-12 23:00:00,2026-01-13 00:00:00,17,2
MO_01215,TYRE_0017,228,2026-01-13,2026-01-18 00:00:00,2026-01-12 23:00:00,2026-01-13 00:00:00,17,3
MO_01216,TYRE_0078,228,2026-01-13,2026-01-18 20:00:00,2026-01-12 23:00:00,2026-01-13 00:00:00,17,1
MO_01217,TYRE_0022,456,2026-01-13,2026-01-18 12:00:00,2026-01-12 23:00:00,2026-01-13 00:00:00,17,2
MO_01218,TYRE_0033,684,2026-01-13,2026-01-18 12:00:00,2026-01-12 23:00:00,2026-01-13 00:00:00,17,2
MO_01219,TYRE_0085,9,2026-01-04,2026-01-11 00:00:00,2026-01-05 14:00:00,2026-01-07 03:00:00,96,0
MO_01220,TYRE_0135,92,2026-01-04,2026-01-07 00:00:00,2026-01-04 06:00:00,2026-01-06 00:00:00,89,0
MO_01221,TYRE_0082,184,2026-01-04,2026-01-06 20:00:00,2026-01-03 23:00:00,2026-01-04 00:00:00,89,1
MO_01222,TYRE_0081,184,2026-01-04,2026-01-06 20:00:00,2026-01-03 23:00:00,2026-01-04 00:00:00,89,1
MO_01223,TYRE_0009,93,2026-01-06,2026-01-12 00:00:00,2026-01-07 11:00:00,2026-01-08 10:00:00,44,0
MO_01224,TYRE_0119,52,2026-01-28,2026-02-03 00:00:00,2026-01-28 18:00:00,2026-01-29 19:00:00,81,0
MO_01225,TYRE_0121,208,2026-01-28,2026-02-02 20:00:00,2026-01-27 23:00:00,2026-01-28 00:00:00,81,1
MO_01226,TYRE_0021,832,2026-01-28,2026-02-02 12:00:00,2026-01-27 23:00:00,2026-01-28 00:00:00,81,2
MO_01227,TYRE_0070,1664,2026-01-28,2026-02-02 00:00:00,2026-01-27 23:00:00,2026-01-28 00:00:00,81,3
MO_01228,TYRE_0096,2496,2026-01-28,2026-02-02 00:00:00,2026-01-27 23:00:00,2026-01-28 00:00:00,81,3
MO_01229,TYRE_0108,40,2026-01-19,2026-01-25 00:00:00,2026-01-19 11:00:00,2026-01-19 12:00:00,81,0
MO_01230,TYRE_0127,80,2026-01-19,2026-01-24 20:00:00,2026-01-18 23:00:00,2026-01-19 00:00:00,81,1
MO_01231,TYRE_0142,320,2026-01-19,2026-01-24 12:00:00,2026-01-18 23:00:00,2026-01-19 00:00:00,81,2
MO_01232,TYRE_0011,240,2026-01-19,2026-01-24 12:00:00,2026-01-18 23:00:00,2026-01-19 00:00:00,81,2
MO_01233,TYRE_0112,480,2026-01-19,2026-01-24 00:00:00,2026-01-18 23:00:00,2026-01-19 00:00:00,81,3
MO_01234,TYRE_0039,720,2026-01-19,2026-01-24 00:00:00,2026-01-18 23:00:00,2026-01-19 00:00:00,81,3
MO_01235,TYRE_0025,22,2026-01-29,2026-02-09 00:00:00,2026-01-29 19:00:00,2026-01-31 16:00:00,54,0
MO_01236,TYRE_0037,22,2026-01-29,2026-02-08 20:00:00,2026-01-28 23:00:00,2026-01-29 00:00:00,54,1
MO_01237,TYRE_0135,44,2026-01-29,2026-02-08 12:00:00,2026-01-28 23:00:00,2026-01-29 00:00:00,54,2
MO_01238,TYRE_0082,88,2026-01-29,2026-02-08 00:00:00,2026-01-28 23:00:00,2026-01-29 00:00:00,54,3
MO_01239,TYRE_0081,88,2026-01-29,2026-02-08 00:00:00,2026-01-28 23:00:00,2026-01-29 00:00:00,54,3
MO_01240,TYRE_0115,44,2026-01-29,2026-02-08 20:00:00,2026-01-28 23:00:00,2026-01-29 00:00:00,54,1
MO_01241,TYRE_0016,44,2026-01-29,2026-02-08 12:00:00,2026-01-28 23:00:00,2026-01-29 00:00:00,54,2
MO_01242,TYRE_0075,88,2026-01-29,2026-02-08 00:00:00,2026-01-28 23:00:00,2026-01-29 00:00:00,54,3
MO_01243,TYRE_0005,176,2026-01-29,2026-02-08 00:00:00,2026-01-28 23:00:00,2026-01-29 00:00:00,54,3
MO_01244,TYRE_0119,39,2026-01-12,2026-01-18 00:00:00,2026-01-13 13:00:00,2026-01-14 22:00:00,42,0
MO_01245,TYRE_0121,156,2026-01-12,2026-01-17 20:00:00,2026-01-11 23:00:00,2026-01-12 00:00:00,42,1
MO_01246,TYRE_0021,624,2026-01-12,2026-01-17 12:00:00,2026-01-11 23:00:00,2026-01-12 00:00:00,42,2
MO_01247,TYRE_0070,1248,2026-01-12,2026-01-17 00:00:00,2026-01-11 23:00:00,2026-01-12 00:00:00,42,3
MO_01248,TYRE_0096,1872,2026-01-12,2026-01-17 00:00:00,2026-01-11 23:00:00,2026-01-12 00:00:00,42,3
MO_01249,TYRE_0022,57,2026-01-22,2026-01-23 00:00:00,2026-01-21 23:00:00,2026-01-22 00:00:00,14,0
MO_01250,TYRE_0132,70,2026-01-07,2026-01-15 00:00:00,2026-01-08 04:00:00,2026-01-09 20:00:00,71,0
MO_01251,TYRE_0052,70,2026-01-07,2026-01-14 20:00:00,2026-01-06 23:00:00,2026-01-07 00:00:00,71,1
MO_01252,TYRE_0145,140,2026-01-07,2026-01-14 12:00:00,2026-01-06 23:00:00,2026-01-07 00:00:00,71,2
MO_01253,TYRE_0087,210,2026-01-07,2026-01-14 12:00:00,2026-01-06 23:00:00,2026-01-07 00:00:00,71,2
MO_01254,TYRE_0084,70,2026-01-07,2026-01-14 20:00:00,2026-01-06 23:00:00,2026-01-07 00:00:00,71,1
MO_01255,TYRE_0016,22,2026-01-27,2026-02-03 00:00:00,2026-01-28 05:00:00,2026-01-28 19:00:00,46,0
MO_01256,TYRE_0075,44,2026-01-27,2026-02-02 20:00:00,2026-01-26 23:00:00,2026-01-27 00:00:00,46,1
MO_01257,TYRE_0118,176,2026-01-27,2026-02-02 12:00:00,2026-01-26 23:00:00,2026-01-27 00:00:00,46,2
MO_01258,TYRE_0005,88,2026-01-27,2026-02-02 20:00:00,2026-01-26 23:00:00,2026-01-27 00:00:00,46,1
MO_01259,TYRE_0040,352,2026-01-27,2026-02-02 12:00:00,2026-01-26 23:00:00,2026-01-27 00:00:00,46,2
MO_01260,TYRE_0010,264,2026-01-27,2026-02-02 12:00:00,2026-01-26 23:00:00,2026-01-27 00:00:00,46,2
MO_01261,TYRE_0025,528,2026-01-27,2026-02-02 00:00:00,2026-01-26 23:00:00,2026-01-27 00:00:00,46,3
MO_01262,TYRE_0134,27,2026-01-10,2026-01-18 00:00:00,2026-01-10 19:00:00,2026-01-13 01:00:00,26,0
MO_01263,TYRE_0058,108,2026-01-10,2026-01-17 20:00:00,2026-01-09 23:00:00,2026-01-10 00:00:00,26,1
MO_01264,TYRE_0138,324,2026-01-10,2026-01-17 12:00:00,2026-01-09 23:00:00,2026-01-10 00:00:00,26,2
MO_01265,TYRE_0009,108,2026-01-10,2026-01-17 20:00:00,2026-01-09 23:00:00,2026-01-10 00:00:00,26,1
MO_01266,TYRE_0108,36,2026-01-26,2026-01-30 00:00:00,2026-01-26 03:00:00,2026-01-26 05:00:00,31,0
MO_01267,TYRE_0127,72,2026-01-26,2026-01-29 20:00:00,2026-01-25 23:00:00,2026-01-26 00:00:00,31,1
MO_01268,TYRE_0142,288,2026-01-26,2026-01-29 12:00:00,2026-01-25 23:00:00,2026-01-26 00:00:00,31,2
MO_01269,TYRE_0011,216,2026-01-26,2026-01-29 12:00:00,2026-01-25 23:00:00,2026-01-26 00:00:00,31,2
MO_01270,TYRE_0112,432,2026-01-26,2026-01-29 00:00:00,2026-01-25 23:00:00,2026-01-26 00:00:00,31,3
MO_01271,TYRE_0039,648,2026-01-26,2026-01-29 00:00:00,2026-01-25 23:00:00,2026-01-26 00:00:00,31,3
MO_01272,TYRE_0116,40,2026-01-19,2026-01-30 00:00:00,2026-01-19 01:00:00,2026-01-20 14:00:00,87,0
MO_01273,TYRE_0109,92,2026-01-07,2026-01-11 00:00:00,2026-01-08 22:00:00,2026-01-11 00:00:00,41,0
MO_01274,TYRE_0027,92,2026-01-07,2026-01-10 20:00:00,2026-01-06 23:00:00,2026-01-07 00:00:00,41,1
MO_01275,TYRE_0007,276,2026-01-07,2026-01-10 12:00:00,2026-01-06 23:00:00,2026-01-07 00:00:00,41,2
MO_01276,TYRE_0146,828,2026-01-07,2026-01-10 00:00:00,2026-01-06 23:00:00,2026-01-07 00:00:00,41,3
MO_01277,TYRE_0074,828,2026-01-07,2026-01-10 00:00:00,2026-01-06 23:00:00,2026-01-07 00:00:00,41,3
MO_01278,TYRE_0083,368,2026-01-07,2026-01-10 20:00:00,2026-01-06 23:00:00,2026-01-07 00:00:00,41,1
MO_01279,TYRE_0014,27,2026-01-30,2026-02-06 00:00:00,2026-01-31 05:00:00,2026-01-31 21:00:00,23,0
MO_01280,TYRE_0121,49,2026-01-03,2026-01-09 00:00:00,2026-01-03 22:00:00,2026-01-05 22:00:00,29,0
MO_01281,TYRE_0021,196,2026-01-03,2026-01-08 20:00:00,2026-01-02 23:00:00,2026-01-03 00:00:00,29,1
MO_01282,TYRE_0070,392,2026-01-03,2026-01-08 12:00:00,2026-01-02 23:00:00,2026-01-03 00:00:00,29,2
MO_01283,TYRE_0027,1176,2026-01-03,2026-01-08 00:00:00,2026-01-02 23:00:00,2026-01-03 00:00:00,29,3
MO_01284,TYRE_0091,1176,2026-01-03,2026-01-08 00:00:00,2026-01-02 23:00:00,2026-01-03 00:00:00,29,3
MO_01285,TYRE_0096,588,2026-01-03,2026-01-08 12:00:00,2026-01-02 23:00:00,2026-01-03 00:00:00,29,2
MO_01286,TYRE_0049,1176,2026-01-03,2026-01-08 00:00:00,2026-01-02 23:00:00,2026-01-03 00:00:00,29,3
MO_01287,TYRE_0138,41,2026-01-13,2026-01-17 00:00:00,2026-01-13 05:00:00,2026-01-14 01:00:00,31,0
MO_01288,TYRE_0116,32,2026-01-13,2026-01-16 00:00:00,2026-01-13 17:00:00,2026-01-14 16:00:00,39,0
MO_01289,TYRE_0057,88,2026-01-18,2026-01-24 00:00:00,2026-01-18 21:00:00,2026-01-20 12:00:00,63,0
MO_01290,TYRE_0126,88,2026-01-18,2026-01-23 20:00:00,2026-01-17 23:00:00,2026-01-18 00:00:00,63,1
MO_01291,TYRE_0089,176,2026-01-18,2026-01-23 12:00:00,2026-01-17 23:00:00,2026-01-18 00:00:00,63,2
MO_01292,TYRE_0048,352,2026-01-18,2026-01-23 20:00:00,2026-01-17 23:00:00,2026-01-18 00:00:00,63,1
MO_01293,TYRE_0043,65,2026-01-28,2026-02-05 00:00:00,2026-01-29 12:00:00,2026-01-30 07:00:00,42,0
MO_01294,TYRE_0044,33,2026-01-30,2026-02-03 00:00:00,2026-01-30 03:00:00,2026-01-31 13:00:00,14,0
MO_01295,TYRE_0090,59,2026-01-26,2026-02-07 00:00:00,2026-01-27 18:00:00,2026-01-29 17:00:00,27,0
MO_01296,TYRE_0127,236,2026-01-26,2026-02-06 20:00:00,2026-01-25 23:00:00,2026-01-26 00:00:00,27,1
MO_01297,TYRE_0142,944,2026-01-26,2026-02-06 12:00:00,2026-01-25 23:00:00,2026-01-26 00:00:00,27,2
MO_01298,TYRE_0011,708,2026-01-26,2026-02-06 12:00:00,2026-01-25 23:00:00,2026-01-26 00:00:00,27,2
MO_01299,TYRE_0112,1416,2026-01-26,2026-02-06 00:00:00,2026-01-25 23:00:00,2026-01-26 00:00:00,27,3
MO_01300,TYRE_0039,2124,2026-01-26,2026-02-06 00:00:00,2026-01-25 23:00:00,2026-01-26 00:00:00,27,3
MO_01301,TYRE_0089,64,2026-01-20,2026-01-25 00:00:00,2026-01-20 10:00:00,2026-01-21 18:00:00,72,0
MO_01302,TYRE_0118,79,2026-01-28,2026-02-11 00:00:00,2026-01-29 16:00:00,2026-01-31 23:00:00,55,0
MO_01303,TYRE_0118,76,2026-01-08,2026-01-21 00:00:00,2026-01-09 10:00:00,2026-01-11 02:00:00,16,0
MO_01304,TYRE_0009,66,2026-01-29,2026-02-02 00:00:00,2026-01-29 10:00:00,2026-01-31 15:00:00,38,0
MO_01305,TYRE_0106,38,2026-01-09,2026-01-15 00:00:00,2026-01-10 09:00:00,2026-01-12 04:00:00,66,0
MO_01306,TYRE_0076,35,2026-01-07,2026-01-10 00:00:00,2026-01-07 08:00:00,2026-01-09 00:00:00,56,0
MO_01307,TYRE_0103,97,2026-01-01,2026-01-06 00:00:00,2026-01-02 06:00:00,2026-01-02 16:00:00,18,0
MO_01308,TYRE_0017,97,2026-01-01,2026-01-05 20:00:00,2025-12-31 23:00:00,2026-01-01 00:00:00,18,1
MO_01309,TYRE_0066,291,2026-01-01,2026-01-05 12:00:00,2025-12-31 23:00:00,2026-01-01 00:00:00,18,2
MO_01310,TYRE_0011,582,2026-01-01,2026-01-05 00:00:00,2025-12-31 23:00:00,2026-01-01 00:00:00,18,3
MO_01311,TYRE_0010,291,2026-01-01,2026-01-05 00:00:00,2025-12-31 23:00:00,2026-01-01 00:00:00,18,3
MO_01312,TYRE_0135,97,2026-01-01,2026-01-05 12:00:00,2025-12-31 23:00:00,2026-01-01 00:00:00,18,2
MO_01313,TYRE_0082,194,2026-01-01,2026-01-05 00:00:00,2025-12-31 23:00:00,2026-01-01 00:00:00,18,3
MO_01314,TYRE_0081,194,2026-01-01,2026-01-05 00:00:00,2025-12-31 23:00:00,2026-01-01 00:00:00,18,3
MO_01315,TYRE_0086,58,2026-01-03,2026-01-15 00:00:00,2026-01-04 17:00:00,2026-01-05 06:00:00,68,0
MO_01316,TYRE_0093,174,2026-01-03,2026-01-14 20:00:00,2026-01-02 23:00:00,2026-01-03 00:00:00,68,1
MO_01317,TYRE_0102,696,2026-01-03,2026-01-14 12:00:00,2026-01-02 23:00:00,2026-01-03 00:00:00,68,2
MO_01318,TYRE_0041,174,2026-01-03,2026-01-14 12:00:00,2026-01-02 23:00:00,2026-01-03 00:00:00,68,2
MO_01319,TYRE_0033,174,2026-01-03,2026-01-14 20:00:00,2026-01-02 23:00:00,2026-01-03 00:00:00,68,1
MO_01320,TYRE_0119,78,2026-01-13,2026-01-16 00:00:00,2026-01-14 07:00:00,2026-01-16 00:00:00,80,0
MO_01321,TYRE_0121,312,2026-01-13,2026-01-15 20:00:00,2026-01-12 23:00:00,2026-01-13 00:00:00,80,1
MO_01322,TYRE_0021,1248,2026-01-13,2026-01-15 12:00:00,2026-01-12 23:00:00,2026-01-13 00:00:00,80,2
MO_01323,TYRE_0070,2496,2026-01-13,2026-01-15 00:00:00,2026-01-12 23:00:00,2026-01-13 00:00:00,80,3
MO_01324,TYRE_0096,3744,2026-01-13,2026-01-15 00:00:00,2026-01-12 23:00:00,2026-01-13 00:00:00,80,3
MO_01325,TYRE_0087,92,2026-01-28,2026-02-02 00:00:00,2026-01-29 18:00:00,2026-01-30 05:00:00,80,0
MO_01326,TYRE_0090,69,2026-01-30,2026-02-05 00:00:00,2026-01-31 10:00:00,2026-02-01 02:00:00,52,0
MO_01327,TYRE_0127,276,2026-01-30,2026-02-04 20:00:00,2026-01-29 23:00:00,2026-01-30 00:00:00,52,1
MO_01328,TYRE_0142,1104,2026-01-30,2026-02-04 12:00:00,2026-01-29 23:00:00,2026-01-30 00:00:00,52,2
MO_01329,TYRE_0011,828,2026-01-30,2026-02-04 12:00:00,2026-01-29 23:00:00,2026-01-30 00:00:00,52,2
MO_01330,TYRE_0112,1656,2026-01-30,2026-02-04 00:00:00,2026-01-29 23:00:00,2026-01-30 00:00:00,52,3
MO_01331,TYRE_0039,2484,2026-01-30,2026-02-04 00:00:00,2026-01-29 23:00:00,2026-01-30 00:00:00,52,3
MO_01332,TYRE_0012,42,2026-01-25,2026-02-04 00:00:00,2026-01-25 10:00:00,2026-01-26 10:00:00,68,0
MO_01333,TYRE_0126,92,2026-01-28,2026-02-02 00:00:00,2026-01-28 16:00:00,2026-01-29 17:00:00,15,0
MO_01334,TYRE_0089,184,2026-01-28,2026-02-01 20:00:00,2026-01-27 23:00:00,2026-01-28 00:00:00,15,1
MO_01335,TYRE_0022,100,2026-01-17,2026-01-22 00:00:00,2026-01-18 11:00:00,2026-01-20 09:00:00,62,0
MO_01336,TYRE_0107,52,2026-01-25,2026-01-31 00:00:00,2026-01-25 01:00:00,2026-01-26 01:00:00,73,0
MO_01337,TYRE_0058,208,2026-01-25,2026-01-30 20:00:00,2026-01-24 23:00:00,2026-01-25 00:00:00,73,1
MO_01338,TYRE_0138,624,2026-01-25,2026-01-30 12:00:00,2026-01-24 23:00:00,2026-01-25 00:00:00,73,2
MO_01339,TYRE_0060,52,2026-01-25,2026-01-30 20:00:00,2026-01-24 23:00:00,2026-01-25 00:00:00,73,1
MO_01340,TYRE_0059,156,2026-01-25,2026-01-30 12:00:00,2026-01-24 23:00:00,2026-01-25 00:00:00,73,2
MO_01341,TYRE_0071,156,2026-01-25,2026-01-30 00:00:00,2026-01-24 23:00:00,2026-01-25 00:00:00,73,3
MO_01342,TYRE_0014,312,2026-01-25,2026-01-30 00:00:00,2026-01-24 23:00:00,2026-01-25 00:00:00,73,3
MO_01343,TYRE_0064,52,2026-01-25,2026-01-30 12:00:00,2026-01-24 23:00:00,2026-01-25 00:00:00,73,2
MO_01344,TYRE_0081,156,2026-01-25,2026-01-30 00:00:00,2026-01-24 23:00:00,2026-01-25 00:00:00,73,3
MO_01345,TYRE_0060,52,2026-01-25,2026-01-30 00:00:00,2026-01-24 23:00:00,2026-01-25 00:00:00,73,3
MO_01346,TYRE_0025,65,2026-01-24,2026-01-28 00:00:00,2026-01-24 23:00:00,2026-01-27 10:00:00,13,0
MO_01347,TYRE_0037,65,2026-01-24,2026-01-27 20:00:00,2026-01-23 23:00:00,2026-01-24 00:00:00,13,1
MO_01348,TYRE_0135,130,2026-01-24,2026-01-27 12:00:00,2026-01-23 23:00:00,2026-01-24 00:00:00,13,2
MO_01349,TYRE_0082,260,2026-01-24,2026-01-27 00:00:00,2026-01-23 23:00:00,2026-01-24 00:00:00,13,3
MO_01350,TYRE_0081,260,2026-01-24,2026-01-27 00:00:00,2026-01-23 23:00:00,2026-01-24 00:00:00,13,3
MO_01351,TYRE_0115,130,2026-01-24,2026-01-27 20:00:00,2026-01-23 23:00:00,2026-01-24 00:00:00,13,1
MO_01352,TYRE_0016,130,2026-01-24,2026-01-27 12:00:00,2026-01-23 23:00:00,2026-01-24 00:00:00,13,2
MO_01353,TYRE_0075,260,2026-01-24,2026-01-27 00:00:00,2026-01-23 23:00:00,2026-01-24 00:00:00,13,3
MO_01354,TYRE_0005,520,2026-01-24,2026-01-27 00:00:00,2026-01-23 23:00:00,2026-01-24 00:00:00,13,3
MO_01355,TYRE_0085,65,2026-01-01,2026-01-05 00:00:00,2026-01-02 21:00:00,2026-01-04 00:00:00,10,0
MO_01356,TYRE_0128,53,2026-01-06,2026-01-09 00:00:00,2026-01-06 14:00:00,2026-01-07 16:00:00,79,0
MO_01357,TYRE_0112,22,2026-01-21,2026-01-22 00:00:00,2026-01-21 00:00:00,2026-01-21 00:00:00,40,0
MO_01358,TYRE_0028,22,2026-01-21,2026-01-21 20:00:00,2026-01-20 20:00:00,2026-01-21 00:00:00,40,1
MO_01359,TYRE_0060,22,2026-01-21,2026-01-21 12:00:00,2026-01-20 12:00:00,2026-01-21 00:00:00,40,2
MO_01360,TYRE_0059,66,2026-01-21,2026-01-21 00:00:00,2026-01-20 00:00:00,2026-01-21 00:00:00,40,3
MO_01361,TYRE_0064,22,2026-01-21,2026-01-21 00:00:00,2026-01-20 00:00:00,2026-01-21 00:00:00,40,3
MO_01362,TYRE_0087,88,2026-01-21,2026-01-21 12:00:00,2026-01-20 12:00:00,2026-01-21 00:00:00,40,2
MO_01363,TYRE_0084,66,2026-01-21,2026-01-21 20:00:00,2026-01-20 20:00:00,2026-01-21 00:00:00,40,1
MO_01364,TYRE_0087,23,2026-01-06,2026-01-13 00:00:00,2026-01-06 02:00:00,2026-01-06 21:00:00,74,0
MO_01365,TYRE_0061,67,2026-01-26,2026-01-27 00:00:00,2026-01-26 00:00:00,2026-01-26 00:00:00,78,0
MO_01366,TYRE_0095,201,2026-01-26,2026-01-26 20:00:00,2026-01-25 20:00:00,2026-01-26 00:00:00,78,1
MO_01367,TYRE_0012,5,2026-01-12,2026-01-16 00:00:00,2026-01-13 20:00:00,2026-01-14 20:00:00,28,0
MO_01368,TYRE_0120,78,2026-01-13,2026-01-18 00:00:00,2026-01-13 12:00:00,2026-01-14 14:00:00,78,0
MO_01369,TYRE_0080,78,2026-01-13,2026-01-17 20:00:00,2026-01-12 23:00:00,2026-01-13 00:00:00,78,1
MO_01370,TYRE_0017,78,2026-01-13,2026-01-17 12:00:00,2026-01-12 23:00:00,2026-01-13 00:00:00,78,2
MO_01371,TYRE_0066,234,2026-01-13,2026-01-17 00:00:00,2026-01-12 23:00:00,2026-01-13 00:00:00,78,3
MO_01372,TYRE_0135,78,2026-01-13,2026-01-17 00:00:00,2026-01-12 23:00:00,2026-01-13 00:00:00,78,3
MO_01373,TYRE_0125,21,2026-01-13,2026-01-17 00:00:00,2026-01-13 21:00:00,2026-01-16 00:00:00,78,0
MO_01374,TYRE_0106,21,2026-01-13,2026-01-16 20:00:00,2026-01-12 23:00:00,2026-01-13 00:00:00,78,1
MO_01375,TYRE_0087,21,2026-01-13,2026-01-16 20:00:00,2026-01-12 23:00:00,2026-01-13 00:00:00,78,1
MO_01376,TYRE_0085,66,2026-01-29,2026-02-05 00:00:00,2026-01-30 06:00:00,2026-01-30 15:00:00,58,0
MO_01377,TYRE_0116,6,2026-01-15,2026-01-21 00:00:00,2026-01-15 06:00:00,2026-01-17 07:00:00,40,0
MO_01378,TYRE_0135,5,2026-01-21,2026-01-24 00:00:00,2026-01-22 23:00:00,2026-01-23 00:00:00,69,0
MO_01379,TYRE_0082,10,2026-01-21,2026-01-23 20:00:00,2026-01-20 23:00:00,2026-01-21 00:00:00,69,1
MO_01380,TYRE_0081,10,2026-01-21,2026-01-23 20:00:00,2026-01-20 23:00:00,2026-01-21 00:00:00,69,1
MO_01381,TYRE_0102,44,2026-01-16,2026-01-22 00:00:00,2026-01-17 23:00:00,2026-01-17 23:00:00,80,0
MO_01382,TYRE_0135,26,2026-01-22,2026-01-28 00:00:00,2026-01-23 01:00:00,2026-01-25 06:00:00,88,0
MO_01383,TYRE_0082,52,2026-01-22,2026-01-27 20:00:00,2026-01-21 23:00:00,2026-01-22 00:00:00,88,1
MO_01384,TYRE_0081,52,2026-01-22,2026-01-27 20:00:00,2026-01-21 23:00:00,2026-01-22 00:00:00,88,1
MO_01385,TYRE_0116,63,2026-01-21,2026-01-27 00:00:00,2026-01-22 06:00:00,2026-01-22 09:00:00,64,0
MO_01386,TYRE_0134,48,2026-01-11,2026-01-16 00:00:00,2026-01-12 13:00:00,2026-01-12 19:00:00,86,0
MO_01387,TYRE_0058,192,2026-01-11,2026-01-15 20:00:00,2026-01-10 23:00:00,2026-01-11 00:00:00,86,1
MO_01388,TYRE_0138,576,2026-01-11,2026-01-15 12:00:00,2026-01-10 23:00:00,2026-01-11 00:00:00,86,2
MO_01389,TYRE_0009,192,2026-01-11,2026-01-15 20:00:00,2026-01-10 23:00:00,2026-01-11 00:00:00,86,1
MO_01390,TYRE_0125,26,2026-01-28,2026-02-02 00:00:00,2026-01-29 13:00:00,2026-01-30 18:00:00,85,0
MO_01391,TYRE_0106,26,2026-01-28,2026-02-01 20:00:00,2026-01-27 23:00:00,2026-01-28 00:00:00,85,1
MO_01392,TYRE_0087,26,2026-01-28,2026-02-01 20:00:00,2026-01-27 23:00:00,2026-01-28 00:00:00,85,1
MO_01393,TYRE_0103,98,2026-01-05,2026-01-06 00:00:00,2026-01-04 23:00:00,2026-01-05 00:00:00,92,0
MO_01394,TYRE_0017,98,2026-01-05,2026-01-05 20:00:00,2026-01-04 23:00:00,2026-01-05 00:00:00,92,1
MO_01395,TYRE_0066,294,2026-01-05,2026-01-05 12:00:00,2026-01-04 23:00:00,2026-01-05 00:00:00,92,2
MO_01396,TYRE_0011,588,2026-01-05,2026-01-05 00:00:00,2026-01-04 00:00:00,2026-01-05 00:00:00,92,3
MO_01397,TYRE_0010,294,2026-01-05,2026-01-05 00:00:00,2026-01-04 00:00:00,2026-01-05 00:00:00,92,3
MO_01398,TYRE_0135,98,2026-01-05,2026-01-05 12:00:00,2026-01-04 23:00:00,2026-01-05 00:00:00,92,2
MO_01399,TYRE_0082,196,2026-01-05,2026-01-05 00:00:00,2026-01-04 00:00:00,2026-01-05 00:00:00,92,3
MO_01400,TYRE_0081,196,2026-01-05,2026-01-05 00:00:00,2026-01-04 00:00:00,2026-01-05 00:00:00,92,3
MO_01401,TYRE_0054,20,2026-01-04,2026-01-09 00:00:00,2026-01-05 10:00:00,2026-01-06 14:00:00,86,0
MO_01402,TYRE_0123,20,2026-01-04,2026-01-08 20:00:00,2026-01-03 23:00:00,2026-01-04 00:00:00,86,1
MO_01403,TYRE_0048,40,2026-01-04,2026-01-08 12:00:00,2026-01-03 23:00:00,2026-01-04 00:00:00,86,2
MO_01404,TYRE_0085,86,2026-01-03,2026-01-10 00:00:00,2026-01-04 08:00:00,2026-01-05 08:00:00,47,0
MO_01405,TYRE_0145,89,2026-01-19,2026-01-23 00:00:00,2026-01-19 02:00:00,2026-01-20 17:00:00,42,0
MO_01406,TYRE_0108,19,2026-01-20,2026-01-23 00:00:00,2026-01-20 18:00:00,2026-01-21 19:00:00,15,0
MO_01407,TYRE_0127,38,2026-01-20,2026-01-22 20:00:00,2026-01-19 23:00:00,2026-01-20 00:00:00,15,1
MO_01408,TYRE_0142,152,2026-01-20,2026-01-22 12:00:00,2026-01-19 23:00:00,2026-01-20 00:00:00,15,2
MO_01409,TYRE_0011,114,2026-01-20,2026-01-22 12:00:00,2026-01-19 23:00:00,2026-01-20 00:00:00,15,2
MO_01410,TYRE_0112,228,2026-01-20,2026-01-22 00:00:00,2026-01-19 23:00:00,2026-01-20 00:00:00,15,3
MO_01411,TYRE_0039,342,2026-01-20,2026-01-22 00:00:00,2026-01-19 23:00:00,2026-01-20 00:00:00,15,3
MO_01412,TYRE_0135,65,2026-01-25,2026-01-27 00:00:00,2026-01-25 08:00:00,2026-01-26 00:00:00,22,0
MO_01413,TYRE_0082,130,2026-01-25,2026-01-26 20:00:00,2026-01-24 23:00:00,2026-01-25 00:00:00,22,1
MO_01414,TYRE_0081,130,2026-01-25,2026-01-26 20:00:00,2026-01-24 23:00:00,2026-01-25 00:00:00,22,1
MO_01415,TYRE_0052,43,2026-01-18,2026-01-22 00:00:00,2026-01-19 21:00:00,2026-01-21 03:00:00,86,0
MO_01416,TYRE_0145,86,2026-01-18,2026-01-21 20:00:00,2026-01-17 23:00:00,2026-01-18 00:00:00,86,1
MO_01417,TYRE_0087,129,2026-01-18,2026-01-21 20:00:00,2026-01-17 23:00:00,2026-01-18 00:00:00,86,1
MO_01418,TYRE_0042,84,2026-01-15,2026-01-21 00:00:00,2026-01-15 18:00:00,2026-01-18 06:00:00,86,0
MO_01419,TYRE_0120,336,2026-01-15,2026-01-20 20:00:00,2026-01-14 23:00:00,2026-01-15 00:00:00,86,1
MO_01420,TYRE_0080,336,2026-01-15,2026-01-20 12:00:00,2026-01-14 23:00:00,2026-01-15 00:00:00,86,2
MO_01421,TYRE_0017,336,2026-01-15,2026-01-20 00:00:00,2026-01-14 23:00:00,2026-01-15 00:00:00,86,3
MO_01422,TYRE_0078,336,2026-01-15,2026-01-20 20:00:00,2026-01-14 23:00:00,2026-01-15 00:00:00,86,1
MO_01423,TYRE_0022,672,2026-01-15,2026-01-20 12:00:00,2026-01-14 23:00:00,2026-01-15 00:00:00,86,2
MO_01424,TYRE_0033,1008,2026-01-15,2026-01-20 12:00:00,2026-01-14 23:00:00,2026-01-15 00:00:00,86,2
MO_01425,TYRE_0126,70,2026-01-09,2026-01-13 00:00:00,2026-01-09 18:00:00,2026-01-10 01:00:00,29,0
MO_01426,TYRE_0089,140,2026-01-09,2026-01-12 20:00:00,2026-01-08 23:00:00,2026-01-09 00:00:00,29,1
MO_01427,TYRE_0030,68,2026-01-17,2026-01-21 00:00:00,2026-01-18 01:00:00,2026-01-20 21:00:00,46,0
MO_01428,TYRE_0081,272,2026-01-17,2026-01-20 20:00:00,2026-01-16 23:00:00,2026-01-17 00:00:00,46,1
MO_01429,TYRE_0019,204,2026-01-17,2026-01-20 20:00:00,2026-01-16 23:00:00,2026-01-17 00:00:00,46,1
MO_01430,TYRE_0123,204,2026-01-17,2026-01-20 12:00:00,2026-01-16 23:00:00,2026-01-17 00:00:00,46,2
MO_01431,TYRE_0048,408,2026-01-17,2026-01-20 00:00:00,2026-01-16 23:00:00,2026-01-17 00:00:00,46,3
MO_01432,TYRE_0120,50,2026-01-14,2026-01-19 00:00:00,2026-01-14 12:00:00,2026-01-14 12:00:00,54,0
MO_01433,TYRE_0080,50,2026-01-14,2026-01-18 20:00:00,2026-01-13 23:00:00,2026-01-14 00:00:00,54,1
MO_01434,TYRE_0017,50,2026-01-14,2026-01-18 12:00:00,2026-01-13 23:00:00,2026-01-14 00:00:00,54,2
MO_01435,TYRE_0066,150,2026-01-14,2026-01-18 00:00:00,2026-01-13 23:00:00,2026-01-14 00:00:00,54,3
MO_01436,TYRE_0135,50,2026-01-14,2026-01-18 00:00:00,2026-01-13 23:00:00,2026-01-14 00:00:00,54,3
MO_01437,TYRE_0075,68,2026-01-15,2026-01-18 00:00:00,2026-01-15 21:00:00,2026-01-17 00:00:00,82,0
MO_01438,TYRE_0118,272,2026-01-15,2026-01-17 20:00:00,2026-01-14 23:00:00,2026-01-15 00:00:00,82,1
MO_01439,TYRE_0123,6,2026-01-01,2026-01-05 00:00:00,2026-01-02 23:00:00,2026-01-04 20:00:00,90,0
MO_01440,TYRE_0048,12,2026-01-01,2026-01-04 20:00:00,2025-12-31 23:00:00,2026-01-01 00:00:00,90,1
MO_01441,TYRE_0028,24,2026-01-21,2026-02-05 00:00:00,2026-01-21 07:00:00,2026-01-22 02:00:00,68,0
MO_01442,TYRE_0060,24,2026-01-21,2026-02-04 20:00:00,2026-01-20 23:00:00,2026-01-21 00:00:00,68,1
MO_01443,TYRE_0059,72,2026-01-21,2026-02-04 12:00:00,2026-01-20 23:00:00,2026-01-21 00:00:00,68,2
MO_01444,TYRE_0071,72,2026-01-21,2026-02-04 00:00:00,2026-01-20 23:00:00,2026-01-21 00:00:00,68,3
MO_01445,TYRE_0014,144,2026-01-21,2026-02-04 00:00:00,2026-01-20 23:00:00,2026-01-21 00:00:00,68,3
MO_01446,TYRE_0064,24,2026-01-21,2026-02-04 12:00:00,2026-01-20 23:00:00,2026-01-21 00:00:00,68,2
MO_01447,TYRE_0081,72,2026-01-21,2026-02-04 00:00:00,2026-01-20 23:00:00,2026-01-21 00:00:00,68,3
MO_01448,TYRE_0060,24,2026-01-21,2026-02-04 00:00:00,2026-01-20 23:00:00,2026-01-21 00:00:00,68,3
MO_01449,TYRE_0087,96,2026-01-21,2026-02-04 20:00:00,2026-01-20 23:00:00,2026-01-21 00:00:00,68,1
MO_01450,TYRE_0130,17,2026-01-22,2026-01-25 00:00:00,2026-01-22 23:00:00,2026-01-24 14:00:00,61,0
MO_01451,TYRE_0048,68,2026-01-22,2026-01-24 20:00:00,2026-01-21 23:00:00,2026-01-22 00:00:00,61,1
MO_01452,TYRE_0059,38,2026-01-22,2026-01-28 00:00:00,2026-01-23 01:00:00,2026-01-23 02:00:00,27,0
MO_01453,TYRE_0071,38,2026-01-22,2026-01-27 20:00:00,2026-01-21 23:00:00,2026-01-22 00:00:00,27,1
MO_01454,TYRE_0043,38,2026-01-22,2026-01-27 12:00:00,2026-01-21 23:00:00,2026-01-22 00:00:00,27,2
MO_01455,TYRE_0014,76,2026-01-22,2026-01-27 20:00:00,2026-01-21 23:00:00,2026-01-22 00:00:00,27,1
MO_01456,TYRE_0042,42,2026-01-03,2026-01-11 00:00:00,2026-01-04 23:00:00,2026-01-07 11:00:00,34,0
MO_01457,TYRE_0120,168,2026-01-03,2026-01-10 20:00:00,2026-01-02 23:00:00,2026-01-03 00:00:00,34,1
MO_01458,TYRE_0080,168,2026-01-03,2026-01-10 12:00:00,2026-01-02 23:00:00,2026-01-03 00:00:00,34,2
MO_01459,TYRE_0017,168,2026-01-03,2026-01-10 00:00:00,2026-01-02 23:00:00,2026-01-03 00:00:00,34,3
MO_01460,TYRE_0078,168,2026-01-03,2026-01-10 20:00:00,2026-01-02 23:00:00,2026-01-03 00:00:00,34,1
MO_01461,TYRE_0022,336,2026-01-03,2026-01-10 12:00:00,2026-01-02 23:00:00,2026-01-03 00:00:00,34,2
MO_01462,TYRE_0033,504,2026-01-03,2026-01-10 12:00:00,2026-01-02 23:00:00,2026-01-03 00:00:00,34,2
MO_01463,TYRE_0055,17,2026-01-16,2026-01-20 00:00:00,2026-01-17 16:00:00,2026-01-19 00:00:00,88,0
MO_01464,TYRE_0009,68,2026-01-16,2026-01-19 20:00:00,2026-01-15 23:00:00,2026-01-16 00:00:00,88,1
MO_01465,TYRE_0053,34,2026-01-16,2026-01-19 20:00:00,2026-01-15 23:00:00,2026-01-16 00:00:00,88,1
MO_01466,TYRE_0122,102,2026-01-16,2026-01-19 12:00:00,2026-01-15 23:00:00,2026-01-16 00:00:00,88,2
MO_01467,TYRE_0112,306,2026-01-16,2026-01-19 00:00:00,2026-01-15 23:00:00,2026-01-16 00:00:00,88,3
MO_01468,TYRE_0110,68,2026-01-16,2026-01-19 12:00:00,2026-01-15 23:00:00,2026-01-16 00:00:00,88,2
MO_01469,TYRE_0042,204,2026-01-16,2026-01-19 00:00:00,2026-01-15 23:00:00,2026-01-16 00:00:00,88,3
MO_01470,TYRE_0011,89,2026-01-23,2026-01-24 00:00:00,2026-01-23 00:00:00,2026-01-23 00:00:00,96,0
MO_01471,TYRE_0112,178,2026-01-23,2026-01-23 20:00:00,2026-01-22 20:00:00,2026-01-23 00:00:00,96,1
MO_01472,TYRE_0028,178,2026-01-23,2026-01-23 12:00:00,2026-01-22 12:00:00,2026-01-23 00:00:00,96,2
MO_01473,TYRE_0060,178,2026-01-23,2026-01-23 00:00:00,2026-01-22 00:00:00,2026-01-23 00:00:00,96,3
MO_01474,TYRE_0087,712,2026-01-23,2026-01-23 00:00:00,2026-01-22 00:00:00,2026-01-23 00:00:00,96,3
MO_01475,TYRE_0084,534,2026-01-23,2026-01-23 12:00:00,2026-01-22 12:00:00,2026-01-23 00:00:00,96,2
MO_01476,TYRE_0039,267,2026-01-23,2026-01-23 20:00:00,2026-01-22 20:00:00,2026-01-23 00:00:00,96,1
MO_01477,TYRE_0122,801,2026-01-23,2026-01-23 12:00:00,2026-01-22 12:00:00,2026-01-23 00:00:00,96,2
MO_01478,TYRE_0112,2403,2026-01-23,2026-01-23 00:00:00,2026-01-22 00:00:00,2026-01-23 00:00:00,96,3
MO_01479,TYRE_0124,84,2026-01-25,2026-02-01 00:00:00,2026-01-25 02:00:00,2026-01-26 07:00:00,10,0
MO_01480,TYRE_0089,336,2026-01-25,2026-01-31 20:00:00,2026-01-24 23:00:00,2026-01-25 00:00:00,10,1
MO_01481,TYRE_0119,28,2026-01-11,2026-01-13 00:00:00,2026-01-11 06:00:00,2026-01-12 00:00:00,50,0
MO_01482,TYRE_0121,112,2026-01-11,2026-01-12 20:00:00,2026-01-10 23:00:00,2026-01-11 00:00:00,50,1
MO_01483,TYRE_0021,448,2026-01-11,2026-01-12 12:00:00,2026-01-10 23:00:00,2026-01-11 00:00:00,50,2
MO_01484,TYRE_0070,896,2026-01-11,2026-01-12 00:00:00,2026-01-10 23:00:00,2026-01-11 00:00:00,50,3
MO_01485,TYRE_0096,1344,2026-01-11,2026-01-12 00:00:00,2026-01-10 23:00:00,2026-01-11 00:00:00,50,3
MO_01486,TYRE_0135,54,2026-01-12,2026-01-24 00:00:00,2026-01-12 01:00:00,2026-01-13 00:00:00,27,0
MO_01487,TYRE_0082,108,2026-01-12,2026-01-23 20:00:00,2026-01-11 23:00:00,2026-01-12 00:00:00,27,1
MO_01488,TYRE_0081,108,2026-01-12,2026-01-23 20:00:00,2026-01-11 23:00:00,2026-01-12 00:00:00,27,1
MO_01489,TYRE_0122,19,2026-01-10,2026-01-15 00:00:00,2026-01-11 08:00:00,2026-01-13 15:00:00,10,0
MO_01490,TYRE_0112,57,2026-01-10,2026-01-14 20:00:00,2026-01-09 23:00:00,2026-01-10 00:00:00,10,1
MO_01491,TYRE_0028,57,2026-01-10,2026-01-14 12:00:00,2026-01-09 23:00:00,2026-01-10 00:00:00,10,2
MO_01492,TYRE_0060,57,2026-01-10,2026-01-14 00:00:00,2026-01-09 23:00:00,2026-01-10 00:00:00,10,3
MO_01493,TYRE_0087,228,2026-01-10,2026-01-14 00:00:00,2026-01-09 23:00:00,2026-01-10 00:00:00,10,3
MO_01494,TYRE_0084,171,2026-01-10,2026-01-14 12:00:00,2026-01-09 23:00:00,2026-01-10 00:00:00,10,2
MO_01495,TYRE_0119,18,2026-01-16,2026-01-17 00:00:00,2026-01-15 23:00:00,2026-01-16 00:00:00,48,0
MO_01496,TYRE_0121,72,2026-01-16,2026-01-16 20:00:00,2026-01-15 23:00:00,2026-01-16 00:00:00,48,1
MO_01497,TYRE_0021,288,2026-01-16,2026-01-16 12:00:00,2026-01-15 23:00:00,2026-01-16 00:00:00,48,2
MO_01498,TYRE_0070,576,2026-01-16,2026-01-16 00:00:00,2026-01-15 00:00:00,2026-01-16 00:00:00,48,3
MO_01499,TYRE_0096,864,2026-01-16,2026-01-16 00:00:00,2026-01-15 00:00:00,2026-01-16 00:00:00,48,3
MO_01500,TYRE_0080,28,2026-01-08,2026-01-15 00:00:00,2026-01-09 23:00:00,2026-01-10 11:00:00,83,0
MO_01501,TYRE_0017,28,2026-01-08,2026-01-14 20:00:00,2026-01-07 23:00:00,2026-01-08 00:00:00,83,1
MO_01502,TYRE_0066,84,2026-01-08,2026-01-14 12:00:00,2026-01-07 23:00:00,2026-01-08 00:00:00,83,2
MO_01503,TYRE_0011,168,2026-01-08,2026-01-14 00:00:00,2026-01-07 23:00:00,2026-01-08 00:00:00,83,3
MO_01504,TYRE_0010,84,2026-01-08,2026-01-14 00:00:00,2026-01-07 23:00:00,2026-01-08 00:00:00,83,3
MO_01505,TYRE_0135,28,2026-01-08,2026-01-14 12:00:00,2026-01-07 23:00:00,2026-01-08 00:00:00,83,2
MO_01506,TYRE_0082,56,2026-01-08,2026-01-14 00:00:00,2026-01-07 23:00:00,2026-01-08 00:00:00,83,3
MO_01507,TYRE_0081,56,2026-01-08,2026-01-14 00:00:00,2026-01-07 23:00:00,2026-01-08 00:00:00,83,3
MO_01508,TYRE_0143,92,2026-01-06,2026-01-10 00:00:00,2026-01-06 11:00:00,2026-01-08 18:00:00,40,0
MO_01509,TYRE_0094,368,2026-01-06,2026-01-09 20:00:00,2026-01-05 23:00:00,2026-01-06 00:00:00,40,1
MO_01510,TYRE_0033,19,2026-01-12,2026-01-19 00:00:00,2026-01-12 09:00:00,2026-01-12 23:00:00,80,0
MO_01511,TYRE_0112,88,2026-01-24,2026-01-26 00:00:00,2026-01-24 23:00:00,2026-01-25 00:00:00,47,0
MO_01512,TYRE_0028,88,2026-01-24,2026-01-25 20:00:00,2026-01-23 23:00:00,2026-01-24 00:00:00,47,1
MO_01513,TYRE_0060,88,2026-01-24,2026-01-25 12:00:00,2026-01-23 23:00:00,2026-01-24 00:00:00,47,2
MO_01514,TYRE_0059,264,2026-01-24,2026-01-25 00:00:00,2026-01-24 00:00:00,2026-01-24 00:00:00,47,3
MO_01515,TYRE_0064,88,2026-01-24,2026-01-25 00:00:00,2026-01-24 00:00:00,2026-01-24 00:00:00,47,3
MO_01516,TYRE_0087,352,2026-01-24,2026-01-25 12:00:00,2026-01-23 23:00:00,2026-01-24 00:00:00,47,2
MO_01517,TYRE_0084,264,2026-01-24,2026-01-25 20:00:00,2026-01-23 23:00:00,2026-01-24 00:00:00,47,1
MO_01518,TYRE_0061,90,2026-01-28,2026-02-08 00:00:00,2026-01-29 02:00:00,2026-01-29 13:00:00,17,0
MO_01519,TYRE_0095,270,2026-01-28,2026-02-07 20:00:00,2026-01-27 23:00:00,2026-01-28 00:00:00,17,1
MO_01520,TYRE_0132,60,2026-01-21,2026-01-25 00:00:00,2026-01-21 17:00:00,2026-01-21 19:00:00,43,0
MO_01521,TYRE_0052,60,2026-01-21,2026-01-24 20:00:00,2026-01-20 23:00:00,2026-01-21 00:00:00,43,1
MO_01522,TYRE_0145,120,2026-01-21,2026-01-24 12:00:00,2026-01-20 23:00:00,2026-01-21 00:00:00,43,2
MO_01523,TYRE_0087,180,2026-01-21,2026-01-24 12:00:00,2026-01-20 23:00:00,2026-01-21 00:00:00,43,2
MO_01524,TYRE_0084,60,2026-01-21,2026-01-24 20:00:00,2026-01-20 23:00:00,2026-01-21 00:00:00,43,1
MO_01525,TYRE_0063,24,2026-01-08,2026-01-15 00:00:00,2026-01-08 03:00:00,2026-01-09 02:00:00,82,0
MO_01526,TYRE_0142,6,2026-01-26,2026-02-03 00:00:00,2026-01-27 15:00:00,2026-01-27 23:00:00,98,0
MO_01527,TYRE_0012,68,2026-01-28,2026-02-04 00:00:00,2026-01-28 22:00:00,2026-01-30 19:00:00,36,0
MO_01528,TYRE_0019,35,2026-01-04,2026-01-10 00:00:00,2026-01-04 20:00:00,2026-01-07 18:00:00,50,0
MO_01529,TYRE_0123,35,2026-01-04,2026-01-09 20:00:00,2026-01-03 23:00:00,2026-01-04 00:00:00,50,1
MO_01530,TYRE_0048,70,2026-01-04,2026-01-09 12:00:00,2026-01-03 23:00:00,2026-01-04 00:00:00,50,2
MO_01531,TYRE_0106,75,2026-01-26,2026-01-27 00:00:00,2026-01-26 00:00:00,2026-01-26 00:00:00,16,0
MO_01532,TYRE_0135,63,2026-01-08,2026-01-17 00:00:00,2026-01-09 05:00:00,2026-01-09 15:00:00,41,0
MO_01533,TYRE_0082,126,2026-01-08,2026-01-16 20:00:00,2026-01-07 23:00:00,2026-01-08 00:00:00,41,1
MO_01534,TYRE_0081,126,2026-01-08,2026-01-16 20:00:00,2026-01-07 23:00:00,2026-01-08 00:00:00,41,1
MO_01535,TYRE_0080,62,2026-01-26,2026-02-02 00:00:00,2026-01-27 23:00:00,2026-01-28 08:00:00,82,0
MO_01536,TYRE_0017,62,2026-01-26,2026-02-01 20:00:00,2026-01-25 23:00:00,2026-01-26 00:00:00,82,1
MO_01537,TYRE_0066,186,2026-01-26,2026-02-01 12:00:00,2026-01-25 23:00:00,2026-01-26 00:00:00,82,2
MO_01538,TYRE_0011,372,2026-01-26,2026-02-01 00:00:00,2026-01-25 23:00:00,2026-01-26 00:00:00,82,3
MO_01539,TYRE_0010,186,2026-01-26,2026-02-01 00:00:00,2026-01-25 23:00:00,2026-01-26 00:00:00,82,3
MO_01540,TYRE_0135,62,2026-01-26,2026-02-01 12:00:00,2026-01-25 23:00:00,2026-01-26 00:00:00,82,2
MO_01541,TYRE_0082,124,2026-01-26,2026-02-01 00:00:00,2026-01-25 23:00:00,2026-01-26 00:00:00,82,3
MO_01542,TYRE_0081,124,2026-01-26,2026-02-01 00:00:00,2026-01-25 23:00:00,2026-01-26 00:00:00,82,3
MO_01543,TYRE_0086,18,2026-01-28,2026-02-01 00:00:00,2026-01-28 20:00:00,2026-01-28 22:00:00,90,0
MO_01544,TYRE_0093,54,2026-01-28,2026-01-31 20:00:00,2026-01-27 23:00:00,2026-01-28 00:00:00,90,1
MO_01545,TYRE_0102,216,2026-01-28,2026-01-31 12:00:00,2026-01-27 23:00:00,2026-01-28 00:00:00,90,2
MO_01546,TYRE_0041,54,2026-01-28,2026-01-31 12:00:00,2026-01-27 23:00:00,2026-01-28 00:00:00,90,2
MO_01547,TYRE_0033,54,2026-01-28,2026-01-31 20:00:00,2026-01-27 23:00:00,2026-01-28 00:00:00,90,1
MO_01548,TYRE_0116,16,2026-01-18,2026-01-22 00:00:00,2026-01-18 22:00:00,2026-01-19 16:00:00,25,0
MO_01549,TYRE_0077,88,2026-01-28,2026-02-08 00:00:00,2026-01-28 20:00:00,2026-01-28 21:00:00,11,0
MO_01550,TYRE_0087,33,2026-01-28,2026-02-01 00:00:00,2026-01-28 07:00:00,2026-01-28 23:00:00,52,0
MO_01551,TYRE_0084,96,2026-01-05,2026-01-12 00:00:00,2026-01-06 14:00:00,2026-01-06 15:00:00,40,0
MO_01552,TYRE_0115,33,2026-01-09,2026-01-12 00:00:00,2026-01-09 12:00:00,2026-01-11 16:00:00,89,0
MO_01553,TYRE_0016,33,2026-01-09,2026-01-11 20:00:00,2026-01-08 23:00:00,2026-01-09 00:00:00,89,1
MO_01554,TYRE_0075,66,2026-01-09,2026-01-11 12:00:00,2026-01-08 23:00:00,2026-01-09 00:00:00,89,2
MO_01555,TYRE_0118,264,2026-01-09,2026-01-11 00:00:00,2026-01-08 23:00:00,2026-01-09 00:00:00,89,3
MO_01556,TYRE_0005,132,2026-01-09,2026-01-11 12:00:00,2026-01-08 23:00:00,2026-01-09 00:00:00,89,2
MO_01557,TYRE_0040,528,2026-01-09,2026-01-11 00:00:00,2026-01-08 23:00:00,2026-01-09 00:00:00,89,3
MO_01558,TYRE_0010,396,2026-01-09,2026-01-11 00:00:00,2026-01-08 23:00:00,2026-01-09 00:00:00,89,3
MO_01559,TYRE_0014,75,2026-01-04,2026-01-16 00:00:00,2026-01-05 15:00:00,2026-01-06 06:00:00,56,0
MO_01560,TYRE_0061,68,2026-01-27,2026-01-28 00:00:00,2026-01-26 23:00:00,2026-01-27 00:00:00,42,0
MO_01561,TYRE_0095,204,2026-01-27,2026-01-27 20:00:00,2026-01-26 20:00:00,2026-01-27 00:00:00,42,1
MO_01562,TYRE_0061,18,2026-01-22,2026-01-29 00:00:00,2026-01-22 06:00:00,2026-01-25 01:00:00,94,0
MO_01563,TYRE_0095,54,2026-01-22,2026-01-28 20:00:00,2026-01-21 23:00:00,2026-01-22 00:00:00,94,1
MO_01564,TYRE_0120,32,2026-01-17,2026-01-19 00:00:00,2026-01-17 23:00:00,2026-01-18 00:00:00,26,0
MO_01565,TYRE_0080,32,2026-01-17,2026-01-18 20:00:00,2026-01-16 23:00:00,2026-01-17 00:00:00,26,1
MO_01566,TYRE_0017,32,2026-01-17,2026-01-18 12:00:00,2026-01-16 23:00:00,2026-01-17 00:00:00,26,2
MO_01567,TYRE_0066,96,2026-01-17,2026-01-18 00:00:00,2026-01-16 23:00:00,2026-01-17 00:00:00,26,3
MO_01568,TYRE_0135,32,2026-01-17,2026-01-18 00:00:00,2026-01-16 23:00:00,2026-01-17 00:00:00,26,3
MO_01569,TYRE_0090,18,2026-01-09,2026-01-11 00:00:00,2026-01-09 04:00:00,2026-01-10 00:00:00,63,0
MO_01570,TYRE_0127,72,2026-01-09,2026-01-10 20:00:00,2026-01-08 23:00:00,2026-01-09 00:00:00,63,1
MO_01571,TYRE_0142,288,2026-01-09,2026-01-10 12:00:00,2026-01-08 23:00:00,2026-01-09 00:00:00,63,2
MO_01572,TYRE_0011,216,2026-01-09,2026-01-10 12:00:00,2026-01-08 23:00:00,2026-01-09 00:00:00,63,2
MO_01573,TYRE_0112,432,2026-01-09,2026-01-10 00:00:00,2026-01-08 23:00:00,2026-01-09 00:00:00,63,3
MO_01574,TYRE_0039,648,2026-01-09,2026-01-10 00:00:00,2026-01-08 23:00:00,2026-01-09 00:00:00,63,3
MO_01575,TYRE_0011,62,2026-01-01,2026-01-10 00:00:00,2026-01-02 01:00:00,2026-01-04 12:00:00,63,0
MO_01576,TYRE_0112,124,2026-01-01,2026-01-09 20:00:00,2025-12-31 23:00:00,2026-01-01 00:00:00,63,1
MO_01577,TYRE_0028,124,2026-01-01,2026-01-09 12:00:00,2025-12-31 23:00:00,2026-01-01 00:00:00,63,2
MO_01578,TYRE_0060,124,2026-01-01,2026-01-09 00:00:00,2025-12-31 23:00:00,2026-01-01 00:00:00,63,3
MO_01579,TYRE_0087,496,2026-01-01,2026-01-09 00:00:00,2025-12-31 23:00:00,2026-01-01 00:00:00,63,3
MO_01580,TYRE_0084,372,2026-01-01,2026-01-09 12:00:00,2025-12-31 23:00:00,2026-01-01 00:00:00,63,2
MO_01581,TYRE_0039,186,2026-01-01,2026-01-09 20:00:00,2025-12-31 23:00:00,2026-01-01 00:00:00,63,1
MO_01582,TYRE_0122,558,2026-01-01,2026-01-09 12:00:00,2025-12-31 23:00:00,2026-01-01 00:00:00,63,2
MO_01583,TYRE_0112,1674,2026-01-01,2026-01-09 00:00:00,2025-12-31 23:00:00,2026-01-01 00:00:00,63,3
MO_01584,TYRE_0080,68,2026-01-21,2026-01-31 00:00:00,2026-01-21 09:00:00,2026-01-22 08:00:00,60,0
MO_01585,TYRE_0017,68,2026-01-21,2026-01-30 20:00:00,2026-01-20 23:00:00,2026-01-21 00:00:00,60,1
MO_01586,TYRE_0066,204,2026-01-21,2026-01-30 12:00:00,2026-01-20 23:00:00,2026-01-21 00:00:00,60,2
MO_01587,TYRE_0011,408,2026-01-21,2026-01-30 00:00:00,2026-01-20 23:00:00,2026-01-21 00:00:00,60,3
MO_01588,TYRE_0010,204,2026-01-21,2026-01-30 00:00:00,2026-01-20 23:00:00,2026-01-21 00:00:00,60,3
MO_01589,TYRE_0135,68,2026-01-21,2026-01-30 12:00:00,2026-01-20 23:00:00,2026-01-21 00:00:00,60,2
MO_01590,TYRE_0082,136,2026-01-21,2026-01-30 00:00:00,2026-01-20 23:00:00,2026-01-21 00:00:00,60,3
MO_01591,TYRE_0081,136,2026-01-21,2026-01-30 00:00:00,2026-01-20 23:00:00,2026-01-21 00:00:00,60,3
MO_01592,TYRE_0119,79,2026-01-20,2026-01-22 00:00:00,2026-01-20 10:00:00,2026-01-21 01:00:00,61,0
MO_01593,TYRE_0121,316,2026-01-20,2026-01-21 20:00:00,2026-01-19 23:00:00,2026-01-20 00:00:00,61,1
MO_01594,TYRE_0021,1264,2026-01-20,2026-01-21 12:00:00,2026-01-19 23:00:00,2026-01-20 00:00:00,61,2
MO_01595,TYRE_0070,2528,2026-01-20,2026-01-21 00:00:00,2026-01-19 23:00:00,2026-01-20 00:00:00,61,3
MO_01596,TYRE_0096,3792,2026-01-20,2026-01-21 00:00:00,2026-01-19 23:00:00,2026-01-20 00:00:00,61,3
MO_01597,TYRE_0118,93,2026-01-13,2026-01-18 00:00:00,2026-01-14 15:00:00,2026-01-14 23:00:00,16,0
MO_01598,TYRE_0119,54,2026-01-28,2026-02-06 00:00:00,2026-01-29 13:00:00,2026-01-29 18:00:00,63,0
MO_01599,TYRE_0121,216,2026-01-28,2026-02-05 20:00:00,2026-01-27 23:00:00,2026-01-28 00:00:00,63,1
MO_01600,TYRE_0021,864,2026-01-28,2026-02-05 12:00:00,2026-01-27 23:00:00,2026-01-28 00:00:00,63,2
MO_01601,TYRE_0070,1728,2026-01-28,2026-02-05 00:00:00,2026-01-27 23:00:00,2026-01-28 00:00:00,63,3
MO_01602,TYRE_0096,2592,2026-01-28,2026-02-05 00:00:00,2026-01-27 23:00:00,2026-01-28 00:00:00,63,3
MO_01603,TYRE_0082,58,2026-01-16,2026-01-23 00:00:00,2026-01-16 10:00:00,2026-01-19 02:00:00,20,0
MO_01604,TYRE_0063,42,2026-01-29,2026-02-04 00:00:00,2026-01-30 23:00:00,2026-01-31 22:00:00,71,0
MO_01605,TYRE_0126,94,2026-01-13,2026-01-16 00:00:00,2026-01-14 05:00:00,2026-01-14 14:00:00,39,0
MO_01606,TYRE_0089,188,2026-01-13,2026-01-15 20:00:00,2026-01-12 23:00:00,2026-01-13 00:00:00,39,1
MO_01607,TYRE_0131,96,2026-01-14,2026-01-20 00:00:00,2026-01-14 03:00:00,2026-01-15 05:00:00,91,0
MO_01608,TYRE_0048,192,2026-01-14,2026-01-19 20:00:00,2026-01-13 23:00:00,2026-01-14 00:00:00,91,1
MO_01609,TYRE_0141,31,2026-01-03,2026-01-08 00:00:00,2026-01-03 01:00:00,2026-01-03 03:00:00,66,0
MO_01610,TYRE_0025,95,2026-01-29,2026-02-03 00:00:00,2026-01-29 12:00:00,2026-01-31 01:00:00,55,0
MO_01611,TYRE_0037,95,2026-01-29,2026-02-02 20:00:00,2026-01-28 23:00:00,2026-01-29 00:00:00,55,1
MO_01612,TYRE_0135,190,2026-01-29,2026-02-02 12:00:00,2026-01-28 23:00:00,2026-01-29 00:00:00,55,2
MO_01613,TYRE_0082,380,2026-01-29,2026-02-02 00:00:00,2026-01-28 23:00:00,2026-01-29 00:00:00,55,3
MO_01614,TYRE_0081,380,2026-01-29,2026-02-02 00:00:00,2026-01-28 23:00:00,2026-01-29 00:00:00,55,3
MO_01615,TYRE_0115,190,2026-01-29,2026-02-02 20:00:00,2026-01-28 23:00:00,2026-01-29 00:00:00,55,1
MO_01616,TYRE_0016,190,2026-01-29,2026-02-02 12:00:00,2026-01-28 23:00:00,2026-01-29 00:00:00,55,2
MO_01617,TYRE_0075,380,2026-01-29,2026-02-02 00:00:00,2026-01-28 23:00:00,2026-01-29 00:00:00,55,3
MO_01618,TYRE_0005,760,2026-01-29,2026-02-02 00:00:00,2026-01-28 23:00:00,2026-01-29 00:00:00,55,3
MO_01619,TYRE_0045,95,2026-01-06,2026-01-12 00:00:00,2026-01-07 14:00:00,2026-01-08 06:00:00,89,0
MO_01620,TYRE_0014,91,2026-01-18,2026-01-25 00:00:00,2026-01-18 16:00:00,2026-01-20 15:00:00,79,0
MO_01621,TYRE_0136,6,2026-01-19,2026-01-26 00:00:00,2026-01-19 22:00:00,2026-01-21 22:00:00,75,0
MO_01622,TYRE_0052,12,2026-01-19,2026-01-25 20:00:00,2026-01-18 23:00:00,2026-01-19 00:00:00,75,1
MO_01623,TYRE_0145,24,2026-01-19,2026-01-25 12:00:00,2026-01-18 23:00:00,2026-01-19 00:00:00,75,2
MO_01624,TYRE_0087,36,2026-01-19,2026-01-25 12:00:00,2026-01-18 23:00:00,2026-01-19 00:00:00,75,2
MO_01625,TYRE_0140,18,2026-01-19,2026-01-25 20:00:00,2026-01-18 23:00:00,2026-01-19 00:00:00,75,1
MO_01626,TYRE_0081,18,2026-01-19,2026-01-25 12:00:00,2026-01-18 23:00:00,2026-01-19 00:00:00,75,2
MO_01627,TYRE_0043,90,2026-01-05,2026-01-09 00:00:00,2026-01-06 20:00:00,2026-01-08 14:00:00,64,0
MO_01628,TYRE_0106,41,2026-01-15,2026-01-20 00:00:00,2026-01-15 09:00:00,2026-01-15 15:00:00,67,0
MO_01629,TYRE_0037,31,2026-01-25,2026-02-06 00:00:00,2026-01-25 12:00:00,2026-01-28 07:00:00,19,0
MO_01630,TYRE_0135,62,2026-01-25,2026-02-05 20:00:00,2026-01-24 23:00:00,2026-01-25 00:00:00,19,1
MO_01631,TYRE_0082,124,2026-01-25,2026-02-05 12:00:00,2026-01-24 23:00:00,2026-01-25 00:00:00,19,2
MO_01632,TYRE_0081,124,2026-01-25,2026-02-05 12:00:00,2026-01-24 23:00:00,2026-01-25 00:00:00,19,2
MO_01633,TYRE_0008,18,2026-01-02,2026-01-09 00:00:00,2026-01-03 17:00:00,2026-01-04 13:00:00,13,0
MO_01634,TYRE_0131,18,2026-01-02,2026-01-08 20:00:00,2026-01-01 23:00:00,2026-01-02 00:00:00,13,1
MO_01635,TYRE_0048,36,2026-01-02,2026-01-08 12:00:00,2026-01-01 23:00:00,2026-01-02 00:00:00,13,2
MO_01636,TYRE_0055,100,2026-01-10,2026-01-15 00:00:00,2026-01-11 14:00:00,2026-01-12 14:00:00,83,0
MO_01637,TYRE_0009,400,2026-01-10,2026-01-14 20:00:00,2026-01-09 23:00:00,2026-01-10 00:00:00,83,1
MO_01638,TYRE_0053,200,2026-01-10,2026-01-14 20:00:00,2026-01-09 23:00:00,2026-01-10 00:00:00,83,1
MO_01639,TYRE_0122,600,2026-01-10,2026-01-14 12:00:00,2026-01-09 23:00:00,2026-01-10 00:00:00,83,2
MO_01640,TYRE_0112,1800,2026-01-10,2026-01-14 00:00:00,2026-01-09 23:00:00,2026-01-10 00:00:00,83,3
MO_01641,TYRE_0110,400,2026-01-10,2026-01-14 12:00:00,2026-01-09 23:00:00,2026-01-10 00:00:00,83,2
MO_01642,TYRE_0042,1200,2026-01-10,2026-01-14 00:00:00,2026-01-09 23:00:00,2026-01-10 00:00:00,83,3
MO_01643,TYRE_0135,93,2026-01-24,2026-01-30 00:00:00,2026-01-25 17:00:00,2026-01-28 05:00:00,82,0
MO_01644,TYRE_0082,186,2026-01-24,2026-01-29 20:00:00,2026-01-23 23:00:00,2026-01-24 00:00:00,82,1
MO_01645,TYRE_0081,186,2026-01-24,2026-01-29 20:00:00,2026-01-23 23:00:00,2026-01-24 00:00:00,82,1
MO_01646,TYRE_0097,75,2026-01-30,2026-02-05 00:00:00,2026-01-31 04:00:00,2026-02-01 07:00:00,71,0
MO_01647,TYRE_0119,33,2026-01-18,2026-01-25 00:00:00,2026-01-18 15:00:00,2026-01-20 18:00:00,52,0
MO_01648,TYRE_0121,132,2026-01-18,2026-01-24 20:00:00,2026-01-17 23:00:00,2026-01-18 00:00:00,52,1
MO_01649,TYRE_0021,528,2026-01-18,2026-01-24 12:00:00,2026-01-17 23:00:00,2026-01-18 00:00:00,52,2
MO_01650,TYRE_0070,1056,2026-01-18,2026-01-24 00:00:00,2026-01-17 23:00:00,2026-01-18 00:00:00,52,3
MO_01651,TYRE_0096,1584,2026-01-18,2026-01-24 00:00:00,2026-01-17 23:00:00,2026-01-18 00:00:00,52,3
MO_01652,TYRE_0094,97,2026-01-27,2026-02-01 00:00:00,2026-01-27 02:00:00,2026-01-27 14:00:00,51,0
MO_01653,TYRE_0075,28,2026-01-13,2026-01-17 00:00:00,2026-01-14 11:00:00,2026-01-15 20:00:00,33,0
MO_01654,TYRE_0118,112,2026-01-13,2026-01-16 20:00:00,2026-01-12 23:00:00,2026-01-13 00:00:00,33,1
MO_01655,TYRE_0131,59,2026-01-05,2026-01-06 00:00:00,2026-01-04 23:00:00,2026-01-05 00:00:00,14,0
MO_01656,TYRE_0048,118,2026-01-05,2026-01-05 20:00:00,2026-01-04 23:00:00,2026-01-05 00:00:00,14,1
MO_01657,TYRE_0106,37,2026-01-23,2026-01-26 00:00:00,2026-01-24 11:00:00,2026-01-24 14:00:00,77,0
MO_01658,TYRE_0109,10,2026-01-24,2026-01-29 00:00:00,2026-01-24 15:00:00,2026-01-26 10:00:00,86,0
MO_01659,TYRE_0027,10,2026-01-24,2026-01-28 20:00:00,2026-01-23 23:00:00,2026-01-24 00:00:00,86,1
MO_01660,TYRE_0007,30,2026-01-24,2026-01-28 12:00:00,2026-01-23 23:00:00,2026-01-24 00:00:00,86,2
MO_01661,TYRE_0146,90,2026-01-24,2026-01-28 00:00:00,2026-01-23 23:00:00,2026-01-24 00:00:00,86,3
MO_01662,TYRE_0074,90,2026-01-24,2026-01-28 00:00:00,2026-01-23 23:00:00,2026-01-24 00:00:00,86,3
MO_01663,TYRE_0083,40,2026-01-24,2026-01-28 20:00:00,2026-01-23 23:00:00,2026-01-24 00:00:00,86,1
MO_01664,TYRE_0124,67,2026-01-01,2026-01-07 00:00:00,2026-01-02 16:00:00,2026-01-03 06:00:00,54,0
MO_01665,TYRE_0089,268,2026-01-01,2026-01-06 20:00:00,2025-12-31 23:00:00,2026-01-01 00:00:00,54,1
MO_01666,TYRE_0140,72,2026-01-22,2026-01-28 00:00:00,2026-01-22 05:00:00,2026-01-22 12:00:00,68,0
MO_01667,TYRE_0081,72,2026-01-22,2026-01-27 20:00:00,2026-01-21 23:00:00,2026-01-22 00:00:00,68,1
MO_01668,TYRE_0012,58,2026-01-01,2026-01-06 00:00:00,2026-01-02 17:00:00,2026-01-02 21:00:00,74,0
MO_01669,TYRE_0135,32,2026-01-18,2026-01-19 00:00:00,2026-01-18 00:00:00,2026-01-18 00:00:00,72,0
MO_01670,TYRE_0082,64,2026-01-18,2026-01-18 20:00:00,2026-01-17 20:00:00,2026-01-18 00:00:00,72,1
MO_01671,TYRE_0081,64,2026-01-18,2026-01-18 20:00:00,2026-01-17 20:00:00,2026-01-18 00:00:00,72,1
MO_01672,TYRE_0084,84,2026-01-15,2026-01-20 00:00:00,2026-01-16 11:00:00,2026-01-18 08:00:00,84,0
MO_01673,TYRE_0145,19,2026-01-17,2026-01-25 00:00:00,2026-01-17 22:00:00,2026-01-20 14:00:00,99,0
MO_01674,TYRE_0114,10,2026-01-11,2026-01-16 00:00:00,2026-01-11 11:00:00,2026-01-14 04:00:00,76,0
MO_01675,TYRE_0140,40,2026-01-11,2026-01-15 20:00:00,2026-01-10 23:00:00,2026-01-11 00:00:00,76,1
MO_01676,TYRE_0081,40,2026-01-11,2026-01-15 12:00:00,2026-01-10 23:00:00,2026-01-11 00:00:00,76,2
MO_01677,TYRE_0034,30,2026-01-11,2026-01-15 20:00:00,2026-01-10 23:00:00,2026-01-11 00:00:00,76,1
MO_01678,TYRE_0082,54,2026-01-21,2026-01-25 00:00:00,2026-01-22 17:00:00,2026-01-23 18:00:00,58,0
MO_01679,TYRE_0119,70,2026-01-26,2026-02-01 00:00:00,2026-01-27 06:00:00,2026-01-28 12:00:00,86,0
MO_01680,TYRE_0121,280,2026-01-26,2026-01-31 20:00:00,2026-01-25 23:00:00,2026-01-26 00:00:00,86,1
MO_01681,TYRE_0021,1120,2026-01-26,2026-01-31 12:00:00,2026-01-25 23:00:00,2026-01-26 00:00:00,86,2
MO_01682,TYRE_0070,2240,2026-01-26,2026-01-31 00:00:00,2026-01-25 23:00:00,2026-01-26 00:00:00,86,3
MO_01683,TYRE_0096,3360,2026-01-26,2026-01-31 00:00:00,2026-01-25 23:00:00,2026-01-26 00:00:00,86,3
MO_01684,TYRE_0114,88,2026-01-25,2026-01-31 00:00:00,2026-01-25 11:00:00,2026-01-27 13:00:00,41,0
MO_01685,TYRE_0140,352,2026-01-25,2026-01-30 20:00:00,2026-01-24 23:00:00,2026-01-25 00:00:00,41,1
MO_01686,TYRE_0081,352,2026-01-25,2026-01-30 12:00:00,2026-01-24 23:00:00,2026-01-25 00:00:00,41,2
MO_01687,TYRE_0034,264,2026-01-25,2026-01-30 20:00:00,2026-01-24 23:00:00,2026-01-25 00:00:00,41,1
MO_01688,TYRE_0118,26,2026-01-22,2026-01-23 00:00:00,2026-01-22 00:00:00,2026-01-22 00:00:00,59,0
MO_01689,TYRE_0137,31,2026-01-27,2026-01-31 00:00:00,2026-01-28 00:00:00,2026-01-30 02:00:00,96,0
MO_01690,TYRE_0054,18,2026-01-27,2026-02-10 00:00:00,2026-01-28 04:00:00,2026-01-28 22:00:00,67,0
MO_01691,TYRE_0123,18,2026-01-27,2026-02-09 20:00:00,2026-01-26 23:00:00,2026-01-27 00:00:00,67,1
MO_01692,TYRE_0048,36,2026-01-27,2026-02-09 12:00:00,2026-01-26 23:00:00,2026-01-27 00:00:00,67,2
MO_01693,TYRE_0108,87,2026-01-17,2026-01-24 00:00:00,2026-01-17 18:00:00,2026-01-17 20:00:00,61,0
MO_01694,TYRE_0127,174,2026-01-17,2026-01-23 20:00:00,2026-01-16 23:00:00,2026-01-17 00:00:00,61,1
MO_01695,TYRE_0142,696,2026-01-17,2026-01-23 12:00:00,2026-01-16 23:00:00,2026-01-17 00:00:00,61,2
MO_01696,TYRE_0011,522,2026-01-17,2026-01-23 12:00:00,2026-01-16 23:00:00,2026-01-17 00:00:00,61,2
MO_01697,TYRE_0112,1044,2026-01-17,2026-01-23 00:00:00,2026-01-16 23:00:00,2026-01-17 00:00:00,61,3
MO_01698,TYRE_0039,1566,2026-01-17,2026-01-23 00:00:00,2026-01-16 23:00:00,2026-01-17 00:00:00,61,3
MO_01699,TYRE_0018,8,2026-01-13,2026-01-18 00:00:00,2026-01-13 21:00:00,2026-01-15 10:00:00,32,0
MO_01700,TYRE_0080,8,2026-01-13,2026-01-17 20:00:00,2026-01-12 23:00:00,2026-01-13 00:00:00,32,1
MO_01701,TYRE_0017,8,2026-01-13,2026-01-17 12:00:00,2026-01-12 23:00:00,2026-01-13 00:00:00,32,2
MO_01702,TYRE_0066,24,2026-01-13,2026-01-17 00:00:00,2026-01-12 23:00:00,2026-01-13 00:00:00,32,3
MO_01703,TYRE_0135,8,2026-01-13,2026-01-17 00:00:00,2026-01-12 23:00:00,2026-01-13 00:00:00,32,3
MO_01704,TYRE_0124,11,2026-01-01,2026-01-02 00:00:00,2025-12-31 23:00:00,2026-01-01 00:00:00,39,0
MO_01705,TYRE_0089,44,2026-01-01,2026-01-01 20:00:00,2025-12-31 20:00:00,2026-01-01 00:00:00,39,1
MO_01706,TYRE_0106,38,2026-01-02,2026-01-07 00:00:00,2026-01-03 08:00:00,2026-01-05 04:00:00,79,0
MO_01707,TYRE_0109,45,2026-01-09,2026-01-16 00:00:00,2026-01-10 11:00:00,2026-01-13 09:00:00,80,0
MO_01708,TYRE_0027,45,2026-01-09,2026-01-15 20:00:00,2026-01-08 23:00:00,2026-01-09 00:00:00,80,1
MO_01709,TYRE_0007,135,2026-01-09,2026-01-15 12:00:00,2026-01-08 23:00:00,2026-01-09 00:00:00,80,2
MO_01710,TYRE_0146,405,2026-01-09,2026-01-15 00:00:00,2026-01-08 23:00:00,2026-01-09 00:00:00,80,3
MO_01711,TYRE_0074,405,2026-01-09,2026-01-15 00:00:00,2026-01-08 23:00:00,2026-01-09 00:00:00,80,3
MO_01712,TYRE_0083,180,2026-01-09,2026-01-15 20:00:00,2026-01-08 23:00:00,2026-01-09 00:00:00,80,1
MO_01713,TYRE_0055,87,2026-01-03,2026-01-04 00:00:00,2026-01-03 00:00:00,2026-01-03 00:00:00,39,0
MO_01714,TYRE_0009,348,2026-01-03,2026-01-03 20:00:00,2026-01-02 20:00:00,2026-01-03 00:00:00,39,1
MO_01715,TYRE_0053,174,2026-01-03,2026-01-03 20:00:00,2026-01-02 20:00:00,2026-01-03 00:00:00,39,1
MO_01716,TYRE_0122,522,2026-01-03,2026-01-03 12:00:00,2026-01-02 12:00:00,2026-01-03 00:00:00,39,2
MO_01717,TYRE_0112,1566,2026-01-03,2026-01-03 00:00:00,2026-01-02 00:00:00,2026-01-03 00:00:00,39,3
MO_01718,TYRE_0110,348,2026-01-03,2026-01-03 12:00:00,2026-01-02 12:00:00,2026-01-03 00:00:00,39,2
MO_01719,TYRE_0042,1044,2026-01-03,2026-01-03 00:00:00,2026-01-02 00:00:00,2026-01-03 00:00:00,39,3
MO_01720,TYRE_0016,94,2026-01-01,2026-01-05 00:00:00,2026-01-02 15:00:00,2026-01-03 15:00:00,46,0
MO_01721,TYRE_0075,188,2026-01-01,2026-01-04 20:00:00,2025-12-31 23:00:00,2026-01-01 00:00:00,46,1
MO_01722,TYRE_0118,752,2026-01-01,2026-01-04 12:00:00,2025-12-31 23:00:00,2026-01-01 00:00:00,46,2
MO_01723,TYRE_0005,376,2026-01-01,2026-01-04 20:00:00,2025-12-31 23:00:00,2026-01-01 00:00:00,46,1
MO_01724,TYRE_0040,1504,2026-01-01,2026-01-04 12:00:00,2025-12-31 23:00:00,2026-01-01 00:00:00,46,2
MO_01725,TYRE_0010,1128,2026-01-01,2026-01-04 12:00:00,2025-12-31 23:00:00,2026-01-01 00:00:00,46,2
MO_01726,TYRE_0025,2256,2026-01-01,2026-01-04 00:00:00,2025-12-31 23:00:00,2026-01-01 00:00:00,46,3
MO_01727,TYRE_0091,42,2026-01-21,2026-01-30 00:00:00,2026-01-22 21:00:00,2026-01-24 22:00:00,57,0
MO_01728,TYRE_0124,84,2026-01-21,2026-01-29 20:00:00,2026-01-20 23:00:00,2026-01-21 00:00:00,57,1
MO_01729,TYRE_0089,336,2026-01-21,2026-01-29 12:00:00,2026-01-20 23:00:00,2026-01-21 00:00:00,57,2
MO_01730,TYRE_0077,61,2026-01-16,2026-01-22 00:00:00,2026-01-16 15:00:00,2026-01-16 15:00:00,41,0
MO_01731,TYRE_0108,25,2026-01-23,2026-01-30 00:00:00,2026-01-23 01:00:00,2026-01-25 06:00:00,79,0
MO_01732,TYRE_0127,50,2026-01-23,2026-01-29 20:00:00,2026-01-22 23:00:00,2026-01-23 00:00:00,79,1
MO_01733,TYRE_0142,200,2026-01-23,2026-01-29 12:00:00,2026-01-22 23:00:00,2026-01-23 00:00:00,79,2
MO_01734,TYRE_0011,150,2026-01-23,2026-01-29 12:00:00,2026-01-22 23:00:00,2026-01-23 00:00:00,79,2
MO_01735,TYRE_0112,300,2026-01-23,2026-01-29 00:00:00,2026-01-22 23:00:00,2026-01-23 00:00:00,79,3
MO_01736,TYRE_0039,450,2026-01-23,2026-01-29 00:00:00,2026-01-22 23:00:00,2026-01-23 00:00:00,79,3
MO_01737,TYRE_0126,86,2026-01-06,2026-01-12 00:00:00,2026-01-06 07:00:00,2026-01-06 19:00:00,44,0
MO_01738,TYRE_0089,172,2026-01-06,2026-01-11 20:00:00,2026-01-05 23:00:00,2026-01-06 00:00:00,44,1
MO_01739,TYRE_0055,6,2026-01-28,2026-02-10 00:00:00,2026-01-28 12:00:00,2026-01-30 03:00:00,85,0
MO_01740,TYRE_0009,24,2026-01-28,2026-02-09 20:00:00,2026-01-27 23:00:00,2026-01-28 00:00:00,85,1
MO_01741,TYRE_0053,12,2026-01-28,2026-02-09 20:00:00,2026-01-27 23:00:00,2026-01-28 00:00:00,85,1
MO_01742,TYRE_0122,36,2026-01-28,2026-02-09 12:00:00,2026-01-27 23:00:00,2026-01-28 00:00:00,85,2
MO_01743,TYRE_0112,108,2026-01-28,2026-02-09 00:00:00,2026-01-27 23:00:00,2026-01-28 00:00:00,85,3
MO_01744,TYRE_0110,24,2026-01-28,2026-02-09 12:00:00,2026-01-27 23:00:00,2026-01-28 00:00:00,85,2
MO_01745,TYRE_0042,72,2026-01-28,2026-02-09 00:00:00,2026-01-27 23:00:00,2026-01-28 00:00:00,85,3
MO_01746,TYRE_0145,5,2026-01-17,2026-01-18 00:00:00,2026-01-17 00:00:00,2026-01-17 00:00:00,77,0
MO_01747,TYRE_0135,44,2026-01-05,2026-01-09 00:00:00,2026-01-05 00:00:00,2026-01-06 16:00:00,41,0
MO_01748,TYRE_0082,88,2026-01-05,2026-01-08 20:00:00,2026-01-05 00:00:00,2026-01-05 00:00:00,41,1
MO_01749,TYRE_0081,88,2026-01-05,2026-01-08 20:00:00,2026-01-05 00:00:00,2026-01-05 00:00:00,41,1
MO_01750,TYRE_0119,32,2026-01-05,2026-01-18 00:00:00,2026-01-05 11:00:00,2026-01-07 23:00:00,68,0
MO_01751,TYRE_0121,128,2026-01-05,2026-01-17 20:00:00,2026-01-04 23:00:00,2026-01-05 00:00:00,68,1
MO_01752,TYRE_0021,512,2026-01-05,2026-01-17 12:00:00,2026-01-04 23:00:00,2026-01-05 00:00:00,68,2
MO_01753,TYRE_0070,1024,2026-01-05,2026-01-17 00:00:00,2026-01-04 23:00:00,2026-01-05 00:00:00,68,3
MO_01754,TYRE_0096,1536,2026-01-05,2026-01-17 00:00:00,2026-01-04 23:00:00,2026-01-05 00:00:00,68,3
MO_01755,TYRE_0085,25,2026-01-06,2026-01-16 00:00:00,2026-01-06 06:00:00,2026-01-07 14:00:00,44,0
MO_01756,TYRE_0009,19,2026-01-03,2026-01-14 00:00:00,2026-01-04 23:00:00,2026-01-06 03:00:00,25,0
MO_01757,TYRE_0090,75,2026-01-21,2026-01-25 00:00:00,2026-01-21 13:00:00,2026-01-23 19:00:00,88,0
MO_01758,TYRE_0127,300,2026-01-21,2026-01-24 20:00:00,2026-01-20 23:00:00,2026-01-21 00:00:00,88,1
MO_01759,TYRE_0142,1200,2026-01-21,2026-01-24 12:00:00,2026-01-20 23:00:00,2026-01-21 00:00:00,88,2
MO_01760,TYRE_0011,900,2026-01-21,2026-01-24 12:00:00,2026-01-20 23:00:00,2026-01-21 00:00:00,88,2
MO_01761,TYRE_0112,1800,2026-01-21,2026-01-24 00:00:00,2026-01-20 23:00:00,2026-01-21 00:00:00,88,3
MO_01762,TYRE_0039,2700,2026-01-21,2026-01-24 00:00:00,2026-01-20 23:00:00,2026-01-21 00:00:00,88,3
MO_01763,TYRE_0145,13,2026-01-23,2026-01-26 00:00:00,2026-01-24 17:00:00,2026-01-26 00:00:00,61,0
MO_01764,TYRE_0120,47,2026-01-05,2026-01-12 00:00:00,2026-01-06 10:00:00,2026-01-06 20:00:00,75,0
MO_01765,TYRE_0080,47,2026-01-05,2026-01-11 20:00:00,2026-01-04 23:00:00,2026-01-05 00:00:00,75,1
MO_01766,TYRE_0017,47,2026-01-05,2026-01-11 12:00:00,2026-01-04 23:00:00,2026-01-05 00:00:00,75,2
MO_01767,TYRE_0066,141,2026-01-05,2026-01-11 00:00:00,2026-01-04 23:00:00,2026-01-05 00:00:00,75,3
MO_01768,TYRE_0135,47,2026-01-05,2026-01-11 00:00:00,2026-01-04 23:00:00,2026-01-05 00:00:00,75,3
MO_01769,TYRE_0055,41,2026-01-21,2026-01-25 00:00:00,2026-01-22 03:00:00,2026-01-24 06:00:00,15,0
MO_01770,TYRE_0009,164,2026-01-21,2026-01-24 20:00:00,2026-01-20 23:00:00,2026-01-21 00:00:00,15,1
MO_01771,TYRE_0053,82,2026-01-21,2026-01-24 20:00:00,2026-01-20 23:00:00,2026-01-21 00:00:00,15,1
MO_01772,TYRE_0122,246,2026-01-21,2026-01-24 12:00:00,2026-01-20 23:00:00,2026-01-21 00:00:00,15,2
MO_01773,TYRE_0112,738,2026-01-21,2026-01-24 00:00:00,2026-01-20 23:00:00,2026-01-21 00:00:00,15,3
MO_01774,TYRE_0110,164,2026-01-21,2026-01-24 12:00:00,2026-01-20 23:00:00,2026-01-21 00:00:00,15,2
MO_01775,TYRE_0042,492,2026-01-21,2026-01-24 00:00:00,2026-01-20 23:00:00,2026-01-21 00:00:00,15,3
MO_01776,TYRE_0138,62,2026-01-05,2026-01-07 00:00:00,2026-01-05 11:00:00,2026-01-06 22:00:00,23,0
MO_01777,TYRE_0055,77,2026-01-10,2026-01-15 00:00:00,2026-01-11 15:00:00,2026-01-12 21:00:00,38,0
MO_01778,TYRE_0009,308,2026-01-10,2026-01-14 20:00:00,2026-01-09 23:00:00,2026-01-10 00:00:00,38,1
MO_01779,TYRE_0053,154,2026-01-10,2026-01-14 20:00:00,2026-01-09 23:00:00,2026-01-10 00:00:00,38,1
MO_01780,TYRE_0122,462,2026-01-10,2026-01-14 12:00:00,2026-01-09 23:00:00,2026-01-10 00:00:00,38,2
MO_01781,TYRE_0112,1386,2026-01-10,2026-01-14 00:00:00,2026-01-09 23:00:00,2026-01-10 00:00:00,38,3
MO_01782,TYRE_0110,308,2026-01-10,2026-01-14 12:00:00,2026-01-09 23:00:00,2026-01-10 00:00:00,38,2
MO_01783,TYRE_0042,924,2026-01-10,2026-01-14 00:00:00,2026-01-09 23:00:00,2026-01-10 00:00:00,38,3
MO_01784,TYRE_0090,26,2026-01-10,2026-01-17 00:00:00,2026-01-11 23:00:00,2026-01-12 12:00:00,35,0
MO_01785,TYRE_0127,104,2026-01-10,2026-01-16 20:00:00,2026-01-09 23:00:00,2026-01-10 00:00:00,35,1
MO_01786,TYRE_0142,416,2026-01-10,2026-01-16 12:00:00,2026-01-09 23:00:00,2026-01-10 00:00:00,35,2
MO_01787,TYRE_0011,312,2026-01-10,2026-01-16 12:00:00,2026-01-09 23:00:00,2026-01-10 00:00:00,35,2
MO_01788,TYRE_0112,624,2026-01-10,2026-01-16 00:00:00,2026-01-09 23:00:00,2026-01-10 00:00:00,35,3
MO_01789,TYRE_0039,936,2026-01-10,2026-01-16 00:00:00,2026-01-09 23:00:00,2026-01-10 00:00:00,35,3
MO_01790,TYRE_0102,40,2026-01-19,2026-01-26 00:00:00,2026-01-19 23:00:00,2026-01-22 13:00:00,27,0
MO_01791,TYRE_0034,66,2026-01-17,2026-01-23 00:00:00,2026-01-17 00:00:00,2026-01-19 03:00:00,13,0
MO_01792,TYRE_0014,75,2026-01-21,2026-01-28 00:00:00,2026-01-21 16:00:00,2026-01-23 21:00:00,66,0
MO_01793,TYRE_0085,22,2026-01-14,2026-01-20 00:00:00,2026-01-15 13:00:00,2026-01-17 14:00:00,62,0
MO_01794,TYRE_0050,98,2026-01-09,2026-01-13 00:00:00,2026-01-10 03:00:00,2026-01-12 08:00:00,34,0
MO_01795,TYRE_0043,79,2026-01-14,2026-01-22 00:00:00,2026-01-15 08:00:00,2026-01-16 18:00:00,56,0
MO_01796,TYRE_0143,75,2026-01-01,2026-01-05 00:00:00,2026-01-01 23:00:00,2026-01-03 04:00:00,61,0
MO_01797,TYRE_0094,300,2026-01-01,2026-01-04 20:00:00,2025-12-31 23:00:00,2026-01-01 00:00:00,61,1
MO_01798,TYRE_0138,88,2026-01-19,2026-02-03 00:00:00,2026-01-20 22:00:00,2026-01-23 04:00:00,43,0
MO_01799,TYRE_0093,22,2026-01-13,2026-01-19 00:00:00,2026-01-14 20:00:00,2026-01-14 20:00:00,25,0
MO_01800,TYRE_0102,88,2026-01-13,2026-01-18 20:00:00,2026-01-12 23:00:00,2026-01-13 00:00:00,25,1
MO_01801,TYRE_0041,22,2026-01-13,2026-01-18 20:00:00,2026-01-12 23:00:00,2026-01-13 00:00:00,25,1
MO_01802,TYRE_0118,69,2026-01-13,2026-01-15 00:00:00,2026-01-13 05:00:00,2026-01-13 19:00:00,96,0
MO_01803,TYRE_0102,70,2026-01-04,2026-01-14 00:00:00,2026-01-04 20:00:00,2026-01-05 20:00:00,45,0
MO_01804,TYRE_0012,89,2026-01-30,2026-02-02 00:00:00,2026-01-31 20:00:00,2026-02-01 15:00:00,37,0
MO_01805,TYRE_0037,50,2026-01-01,2026-01-08 00:00:00,2026-01-01 03:00:00,2026-01-04 01:00:00,74,0
MO_01806,TYRE_0135,100,2026-01-01,2026-01-07 20:00:00,2025-12-31 23:00:00,2026-01-01 00:00:00,74,1
MO_01807,TYRE_0082,200,2026-01-01,2026-01-07 12:00:00,2025-12-31 23:00:00,2026-01-01 00:00:00,74,2
MO_01808,TYRE_0081,200,2026-01-01,2026-01-07 12:00:00,2025-12-31 23:00:00,2026-01-01 00:00:00,74,2
MO_01809,TYRE_0143,38,2026-01-17,2026-01-21 00:00:00,2026-01-18 08:00:00,2026-01-18 23:00:00,81,0
MO_01810,TYRE_0094,152,2026-01-17,2026-01-20 20:00:00,2026-01-16 23:00:00,2026-01-17 00:00:00,81,1
MO_01811,TYRE_0116,54,2026-01-08,2026-01-14 00:00:00,2026-01-08 09:00:00,2026-01-10 12:00:00,62,0
MO_01812,TYRE_0109,88,2026-01-02,2026-01-10 00:00:00,2026-01-03 11:00:00,2026-01-06 03:00:00,51,0
MO_01813,TYRE_0027,88,2026-01-02,2026-01-09 20:00:00,2026-01-01 23:00:00,2026-01-02 00:00:00,51,1
MO_01814,TYRE_0007,264,2026-01-02,2026-01-09 12:00:00,2026-01-01 23:00:00,2026-01-02 00:00:00,51,2
MO_01815,TYRE_0146,792,2026-01-02,2026-01-09 00:00:00,2026-01-01 23:00:00,2026-01-02 00:00:00,51,3
MO_01816,TYRE_0074,792,2026-01-02,2026-01-09 00:00:00,2026-01-01 23:00:00,2026-01-02 00:00:00,51,3
MO_01817,TYRE_0083,352,2026-01-02,2026-01-09 20:00:00,2026-01-01 23:00:00,2026-01-02 00:00:00,51,1
MO_01818,TYRE_0061,99,2026-01-28,2026-02-09 00:00:00,2026-01-28 12:00:00,2026-01-31 09:00:00,88,0
MO_01819,TYRE_0095,297,2026-01-28,2026-02-08 20:00:00,2026-01-27 23:00:00,2026-01-28 00:00:00,88,1
MO_01820,TYRE_0145,88,2026-01-08,2026-01-15 00:00:00,2026-01-09 11:00:00,2026-01-09 11:00:00,28,0
MO_01821,TYRE_0080,71,2026-01-07,2026-01-11 00:00:00,2026-01-08 23:00:00,2026-01-09 14:00:00,53,0
MO_01822,TYRE_0017,71,2026-01-07,2026-01-10 20:00:00,2026-01-06 23:00:00,2026-01-07 00:00:00,53,1
MO_01823,TYRE_0066,213,2026-01-07,2026-01-10 12:00:00,2026-01-06 23:00:00,2026-01-07 00:00:00,53,2
MO_01824,TYRE_0011,426,2026-01-07,2026-01-10 00:00:00,2026-01-06 23:00:00,2026-01-07 00:00:00,53,3
MO_01825,TYRE_0010,213,2026-01-07,2026-01-10 00:00:00,2026-01-06 23:00:00,2026-01-07 00:00:00,53,3
MO_01826,TYRE_0135,71,2026-01-07,2026-01-10 12:00:00,2026-01-06 23:00:00,2026-01-07 00:00:00,53,2
MO_01827,TYRE_0082,142,2026-01-07,2026-01-10 00:00:00,2026-01-06 23:00:00,2026-01-07 00:00:00,53,3
MO_01828,TYRE_0081,142,2026-01-07,2026-01-10 00:00:00,2026-01-06 23:00:00,2026-01-07 00:00:00,53,3
MO_01829,TYRE_0048,50,2026-01-26,2026-02-02 00:00:00,2026-01-26 08:00:00,2026-01-27 10:00:00,39,0
MO_01830,TYRE_0088,82,2026-01-26,2026-02-02 00:00:00,2026-01-27 06:00:00,2026-01-27 23:00:00,83,0
MO_01831,TYRE_0138,34,2026-01-02,2026-01-03 00:00:00,2026-01-01 23:00:00,2026-01-02 00:00:00,53,0
MO_01832,TYRE_0085,28,2026-01-22,2026-01-27 00:00:00,2026-01-22 19:00:00,2026-01-24 20:00:00,36,0
MO_01833,TYRE_0009,89,2026-01-22,2026-01-26 00:00:00,2026-01-22 07:00:00,2026-01-22 20:00:00,93,0
MO_01834,TYRE_0090,66,2026-01-03,2026-01-07 00:00:00,2026-01-04 02:00:00,2026-01-06 05:00:00,98,0
MO_01835,TYRE_0127,264,2026-01-03,2026-01-06 20:00:00,2026-01-02 23:00:00,2026-01-03 00:00:00,98,1
MO_01836,TYRE_0142,1056,2026-01-03,2026-01-06 12:00:00,2026-01-02 23:00:00,2026-01-03 00:00:00,98,2
MO_01837,TYRE_0011,792,2026-01-03,2026-01-06 12:00:00,2026-01-02 23:00:00,2026-01-03 00:00:00,98,2
MO_01838,TYRE_0112,1584,2026-01-03,2026-01-06 00:00:00,2026-01-02 23:00:00,2026-01-03 00:00:00,98,3
MO_01839,TYRE_0039,2376,2026-01-03,2026-01-06 00:00:00,2026-01-02 23:00:00,2026-01-03 00:00:00,98,3
MO_01840,TYRE_0122,87,2026-01-27,2026-02-01 00:00:00,2026-01-28 11:00:00,2026-01-30 12:00:00,82,0
MO_01841,TYRE_0112,261,2026-01-27,2026-01-31 20:00:00,2026-01-26 23:00:00,2026-01-27 00:00:00,82,1
MO_01842,TYRE_0028,261,2026-01-27,2026-01-31 12:00:00,2026-01-26 23:00:00,2026-01-27 00:00:00,82,2
MO_01843,TYRE_0060,261,2026-01-27,2026-01-31 00:00:00,2026-01-26 23:00:00,2026-01-27 00:00:00,82,3
MO_01844,TYRE_0087,1044,2026-01-27,2026-01-31 00:00:00,2026-01-26 23:00:00,2026-01-27 00:00:00,82,3
MO_01845,TYRE_0084,783,2026-01-27,2026-01-31 12:00:00,2026-01-26 23:00:00,2026-01-27 00:00:00,82,2
MO_01846,TYRE_0005,78,2026-01-18,2026-01-23 00:00:00,2026-01-18 08:00:00,2026-01-19 00:00:00,43,0
MO_01847,TYRE_0040,312,2026-01-18,2026-01-22 20:00:00,2026-01-17 23:00:00,2026-01-18 00:00:00,43,1
MO_01848,TYRE_0010,234,2026-01-18,2026-01-22 20:00:00,2026-01-17 23:00:00,2026-01-18 00:00:00,43,1
MO_01849,TYRE_0025,468,2026-01-18,2026-01-22 12:00:00,2026-01-17 23:00:00,2026-01-18 00:00:00,43,2
MO_01850,TYRE_0037,468,2026-01-18,2026-01-22 00:00:00,2026-01-17 23:00:00,2026-01-18 00:00:00,43,3
MO_01851,TYRE_0115,936,2026-01-18,2026-01-22 00:00:00,2026-01-17 23:00:00,2026-01-18 00:00:00,43,3
MO_01852,TYRE_0126,78,2026-01-12,2026-01-16 00:00:00,2026-01-13 18:00:00,2026-01-13 20:00:00,94,0
MO_01853,TYRE_0089,156,2026-01-12,2026-01-15 20:00:00,2026-01-11 23:00:00,2026-01-12 00:00:00,94,1
MO_01854,TYRE_0012,71,2026-01-01,2026-01-06 00:00:00,2026-01-01 23:00:00,2026-01-04 12:00:00,33,0
MO_01855,TYRE_0144,15,2026-01-22,2026-01-28 00:00:00,2026-01-23 12:00:00,2026-01-24 08:00:00,65,0
MO_01856,TYRE_0009,26,2026-01-12,2026-01-27 00:00:00,2026-01-13 16:00:00,2026-01-15 00:00:00,16,0
MO_01857,TYRE_0112,84,2026-01-05,2026-01-10 00:00:00,2026-01-06 15:00:00,2026-01-06 15:00:00,77,0
MO_01858,TYRE_0028,84,2026-01-05,2026-01-09 20:00:00,2026-01-04 23:00:00,2026-01-05 00:00:00,77,1
MO_01859,TYRE_0060,84,2026-01-05,2026-01-09 12:00:00,2026-01-04 23:00:00,2026-01-05 00:00:00,77,2
MO_01860,TYRE_0059,252,2026-01-05,2026-01-09 00:00:00,2026-01-04 23:00:00,2026-01-05 00:00:00,77,3
MO_01861,TYRE_0064,84,2026-01-05,2026-01-09 00:00:00,2026-01-04 23:00:00,2026-01-05 00:00:00,77,3
MO_01862,TYRE_0087,336,2026-01-05,2026-01-09 12:00:00,2026-01-04 23:00:00,2026-01-05 00:00:00,77,2
MO_01863,TYRE_0084,252,2026-01-05,2026-01-09 20:00:00,2026-01-04 23:00:00,2026-01-05 00:00:00,77,1
MO_01864,TYRE_0067,48,2026-01-30,2026-02-02 00:00:00,2026-01-31 05:00:00,2026-02-01 00:00:00,60,0
MO_01865,TYRE_0127,48,2026-01-30,2026-02-01 20:00:00,2026-01-29 23:00:00,2026-01-30 00:00:00,60,1
MO_01866,TYRE_0142,192,2026-01-30,2026-02-01 12:00:00,2026-01-29 23:00:00,2026-01-30 00:00:00,60,2
MO_01867,TYRE_0011,144,2026-01-30,2026-02-01 12:00:00,2026-01-29 23:00:00,2026-01-30 00:00:00,60,2
MO_01868,TYRE_0112,288,2026-01-30,2026-02-01 00:00:00,2026-01-29 23:00:00,2026-01-30 00:00:00,60,3
MO_01869,TYRE_0039,432,2026-01-30,2026-02-01 00:00:00,2026-01-29 23:00:00,2026-01-30 00:00:00,60,3
MO_01870,TYRE_0081,192,2026-01-30,2026-02-01 20:00:00,2026-01-29 23:00:00,2026-01-30 00:00:00,60,1
MO_01871,TYRE_0017,21,2026-01-30,2026-02-06 00:00:00,2026-01-31 01:00:00,2026-02-02 08:00:00,17,0
MO_01872,TYRE_0066,63,2026-01-30,2026-02-05 20:00:00,2026-01-29 23:00:00,2026-01-30 00:00:00,17,1
MO_01873,TYRE_0011,126,2026-01-30,2026-02-05 12:00:00,2026-01-29 23:00:00,2026-01-30 00:00:00,17,2
MO_01874,TYRE_0112,252,2026-01-30,2026-02-05 00:00:00,2026-01-29 23:00:00,2026-01-30 00:00:00,17,3
MO_01875,TYRE_0039,378,2026-01-30,2026-02-05 00:00:00,2026-01-29 23:00:00,2026-01-30 00:00:00,17,3
MO_01876,TYRE_0010,63,2026-01-30,2026-02-05 12:00:00,2026-01-29 23:00:00,2026-01-30 00:00:00,17,2
MO_01877,TYRE_0025,126,2026-01-30,2026-02-05 00:00:00,2026-01-29 23:00:00,2026-01-30 00:00:00,17,3
MO_01878,TYRE_0135,21,2026-01-30,2026-02-05 20:00:00,2026-01-29 23:00:00,2026-01-30 00:00:00,17,1
MO_01879,TYRE_0082,42,2026-01-30,2026-02-05 12:00:00,2026-01-29 23:00:00,2026-01-30 00:00:00,17,2
MO_01880,TYRE_0081,42,2026-01-30,2026-02-05 12:00:00,2026-01-29 23:00:00,2026-01-30 00:00:00,17,2
MO_01881,TYRE_0120,24,2026-01-27,2026-02-03 00:00:00,2026-01-27 03:00:00,2026-01-27 06:00:00,65,0
MO_01882,TYRE_0080,24,2026-01-27,2026-02-02 20:00:00,2026-01-26 23:00:00,2026-01-27 00:00:00,65,1
MO_01883,TYRE_0017,24,2026-01-27,2026-02-02 12:00:00,2026-01-26 23:00:00,2026-01-27 00:00:00,65,2
MO_01884,TYRE_0066,72,2026-01-27,2026-02-02 00:00:00,2026-01-26 23:00:00,2026-01-27 00:00:00,65,3
MO_01885,TYRE_0135,24,2026-01-27,2026-02-02 00:00:00,2026-01-26 23:00:00,2026-01-27 00:00:00,65,3
MO_01886,TYRE_0012,73,2026-01-25,2026-01-29 00:00:00,2026-01-25 00:00:00,2026-01-25 21:00:00,86,0
MO_01887,TYRE_0042,21,2026-01-17,2026-01-20 00:00:00,2026-01-17 19:00:00,2026-01-19 00:00:00,67,0
MO_01888,TYRE_0120,84,2026-01-17,2026-01-19 20:00:00,2026-01-16 23:00:00,2026-01-17 00:00:00,67,1
MO_01889,TYRE_0080,84,2026-01-17,2026-01-19 12:00:00,2026-01-16 23:00:00,2026-01-17 00:00:00,67,2
MO_01890,TYRE_0017,84,2026-01-17,2026-01-19 00:00:00,2026-01-16 23:00:00,2026-01-17 00:00:00,67,3
MO_01891,TYRE_0078,84,2026-01-17,2026-01-19 20:00:00,2026-01-16 23:00:00,2026-01-17 00:00:00,67,1
MO_01892,TYRE_0022,168,2026-01-17,2026-01-19 12:00:00,2026-01-16 23:00:00,2026-01-17 00:00:00,67,2
MO_01893,TYRE_0033,252,2026-01-17,2026-01-19 12:00:00,2026-01-16 23:00:00,2026-01-17 00:00:00,67,2
MO_01894,TYRE_0138,71,2026-01-16,2026-01-30 00:00:00,2026-01-17 03:00:00,2026-01-18 22:00:00,94,0
MO_01895,TYRE_0149,59,2026-01-15,2026-01-18 00:00:00,2026-01-16 20:00:00,2026-01-17 00:00:00,78,0
MO_01896,TYRE_0027,236,2026-01-15,2026-01-17 20:00:00,2026-01-14 23:00:00,2026-01-15 00:00:00,78,1
MO_01897,TYRE_0007,708,2026-01-15,2026-01-17 12:00:00,2026-01-14 23:00:00,2026-01-15 00:00:00,78,2
MO_01898,TYRE_0146,2124,2026-01-15,2026-01-17 00:00:00,2026-01-14 23:00:00,2026-01-15 00:00:00,78,3
MO_01899,TYRE_0074,2124,2026-01-15,2026-01-17 00:00:00,2026-01-14 23:00:00,2026-01-15 00:00:00,78,3
MO_01900,TYRE_0090,49,2026-01-23,2026-01-30 00:00:00,2026-01-23 23:00:00,2026-01-25 14:00:00,17,0
MO_01901,TYRE_0127,196,2026-01-23,2026-01-29 20:00:00,2026-01-22 23:00:00,2026-01-23 00:00:00,17,1
MO_01902,TYRE_0142,784,2026-01-23,2026-01-29 12:00:00,2026-01-22 23:00:00,2026-01-23 00:00:00,17,2
MO_01903,TYRE_0011,588,2026-01-23,2026-01-29 12:00:00,2026-01-22 23:00:00,2026-01-23 00:00:00,17,2
MO_01904,TYRE_0112,1176,2026-01-23,2026-01-29 00:00:00,2026-01-22 23:00:00,2026-01-23 00:00:00,17,3
MO_01905,TYRE_0039,1764,2026-01-23,2026-01-29 00:00:00,2026-01-22 23:00:00,2026-01-23 00:00:00,17,3
MO_01906,TYRE_0119,59,2026-01-15,2026-01-24 00:00:00,2026-01-16 03:00:00,2026-01-18 10:00:00,75,0
MO_01907,TYRE_0121,236,2026-01-15,2026-01-23 20:00:00,2026-01-14 23:00:00,2026-01-15 00:00:00,75,1
MO_01908,TYRE_0021,944,2026-01-15,2026-01-23 12:00:00,2026-01-14 23:00:00,2026-01-15 00:00:00,75,2
MO_01909,TYRE_0070,1888,2026-01-15,2026-01-23 00:00:00,2026-01-14 23:00:00,2026-01-15 00:00:00,75,3
MO_01910,TYRE_0096,2832,2026-01-15,2026-01-23 00:00:00,2026-01-14 23:00:00,2026-01-15 00:00:00,75,3
MO_01911,TYRE_0086,41,2026-01-05,2026-01-09 00:00:00,2026-01-06 03:00:00,2026-01-08 17:00:00,33,0
MO_01912,TYRE_0093,123,2026-01-05,2026-01-08 20:00:00,2026-01-04 23:00:00,2026-01-05 00:00:00,33,1
MO_01913,TYRE_0102,492,2026-01-05,2026-01-08 12:00:00,2026-01-04 23:00:00,2026-01-05 00:00:00,33,2
MO_01914,TYRE_0041,123,2026-01-05,2026-01-08 12:00:00,2026-01-04 23:00:00,2026-01-05 00:00:00,33,2
MO_01915,TYRE_0033,123,2026-01-05,2026-01-08 20:00:00,2026-01-04 23:00:00,2026-01-05 00:00:00,33,1
MO_01916,TYRE_0145,5,2026-01-21,2026-01-26 00:00:00,2026-01-21 04:00:00,2026-01-22 18:00:00,51,0
MO_01917,TYRE_0001,71,2026-01-14,2026-01-18 00:00:00,2026-01-15 07:00:00,2026-01-15 13:00:00,63,0
MO_01918,TYRE_0085,57,2026-01-02,2026-01-08 00:00:00,2026-01-03 05:00:00,2026-01-03 18:00:00,25,0
MO_01919,TYRE_0126,38,2026-01-11,2026-01-17 00:00:00,2026-01-11 20:00:00,2026-01-12 13:00:00,13,0
MO_01920,TYRE_0089,76,2026-01-11,2026-01-16 20:00:00,2026-01-10 23:00:00,2026-01-11 00:00:00,13,1
MO_01921,TYRE_0108,92,2026-01-19,2026-01-25 00:00:00,2026-01-20 17:00:00,2026-01-22 23:00:00,68,0
MO_01922,TYRE_0127,184,2026-01-19,2026-01-24 20:00:00,2026-01-18 23:00:00,2026-01-19 00:00:00,68,1
MO_01923,TYRE_0142,736,2026-01-19,2026-01-24 12:00:00,2026-01-18 23:00:00,2026-01-19 00:00:00,68,2
MO_01924,TYRE_0011,552,2026-01-19,2026-01-24 12:00:00,2026-01-18 23:00:00,2026-01-19 00:00:00,68,2
MO_01925,TYRE_0112,1104,2026-01-19,2026-01-24 00:00:00,2026-01-18 23:00:00,2026-01-19 00:00:00,68,3
MO_01926,TYRE_0039,1656,2026-01-19,2026-01-24 00:00:00,2026-01-18 23:00:00,2026-01-19 00:00:00,68,3
MO_01927,TYRE_0120,27,2026-01-07,2026-01-14 00:00:00,2026-01-07 15:00:00,2026-01-09 22:00:00,55,0
MO_01928,TYRE_0080,27,2026-01-07,2026-01-13 20:00:00,2026-01-06 23:00:00,2026-01-07 00:00:00,55,1
MO_01929,TYRE_0017,27,2026-01-07,2026-01-13 12:00:00,2026-01-06 23:00:00,2026-01-07 00:00:00,55,2
MO_01930,TYRE_0066,81,2026-01-07,2026-01-13 00:00:00,2026-01-06 23:00:00,2026-01-07 00:00:00,55,3
MO_01931,TYRE_0135,27,2026-01-07,2026-01-13 00:00:00,2026-01-06 23:00:00,2026-01-07 00:00:00,55,3
MO_01932,TYRE_0145,78,2026-01-06,2026-01-12 00:00:00,2026-01-06 07:00:00,2026-01-08 15:00:00,22,0
MO_01933,TYRE_0061,89,2026-01-28,2026-02-02 00:00:00,2026-01-28 11:00:00,2026-01-30 20:00:00,46,0
MO_01934,TYRE_0095,267,2026-01-28,2026-02-01 20:00:00,2026-01-27 23:00:00,2026-01-28 00:00:00,46,1
MO_01935,TYRE_0102,17,2026-01-02,2026-01-07 00:00:00,2026-01-03 07:00:00,2026-01-04 07:00:00,63,0
MO_01936,TYRE_0135,25,2026-01-06,2026-01-10 00:00:00,2026-01-07 00:00:00,2026-01-09 21:00:00,58,0
MO_01937,TYRE_0082,50,2026-01-06,2026-01-09 20:00:00,2026-01-05 23:00:00,2026-01-06 00:00:00,58,1
MO_01938,TYRE_0081,50,2026-01-06,2026-01-09 20:00:00,2026-01-05 23:00:00,2026-01-06 00:00:00,58,1
MO_01939,TYRE_0085,23,2026-01-18,2026-01-19 00:00:00,2026-01-18 02:00:00,2026-01-18 04:00:00,84,0
MO_01940,TYRE_0009,38,2026-01-02,2026-01-06 00:00:00,2026-01-03 01:00:00,2026-01-03 21:00:00,67,0
MO_01941,TYRE_0113,56,2026-01-18,2026-01-25 00:00:00,2026-01-19 11:00:00,2026-01-20 18:00:00,28,0
MO_01942,TYRE_0043,112,2026-01-18,2026-01-24 20:00:00,2026-01-17 23:00:00,2026-01-18 00:00:00,28,1
MO_01943,TYRE_0019,112,2026-01-18,2026-01-24 20:00:00,2026-01-17 23:00:00,2026-01-18 00:00:00,28,1
MO_01944,TYRE_0123,112,2026-01-18,2026-01-24 12:00:00,2026-01-17 23:00:00,2026-01-18 00:00:00,28,2
MO_01945,TYRE_0048,224,2026-01-18,2026-01-24 00:00:00,2026-01-17 23:00:00,2026-01-18 00:00:00,28,3
MO_01946,TYRE_0118,27,2026-01-30,2026-02-03 00:00:00,2026-01-30 16:00:00,2026-01-30 17:00:00,27,0
MO_01947,TYRE_0109,71,2026-01-15,2026-01-18 00:00:00,2026-01-16 02:00:00,2026-01-16 21:00:00,69,0
MO_01948,TYRE_0027,71,2026-01-15,2026-01-17 20:00:00,2026-01-14 23:00:00,2026-01-15 00:00:00,69,1
MO_01949,TYRE_0007,213,2026-01-15,2026-01-17 12:00:00,2026-01-14 23:00:00,2026-01-15 00:00:00,69,2
MO_01950,TYRE_0146,639,2026-01-15,2026-01-17 00:00:00,2026-01-14 23:00:00,2026-01-15 00:00:00,69,3
MO_01951,TYRE_0074,639,2026-01-15,2026-01-17 00:00:00,2026-01-14 23:00:00,2026-01-15 00:00:00,69,3
MO_01952,TYRE_0083,284,2026-01-15,2026-01-17 20:00:00,2026-01-14 23:00:00,2026-01-15 00:00:00,69,1
MO_01953,TYRE_0116,83,2026-01-27,2026-02-01 00:00:00,2026-01-27 21:00:00,2026-01-28 14:00:00,26,0
MO_01954,TYRE_0116,25,2026-01-19,2026-01-23 00:00:00,2026-01-20 20:00:00,2026-01-22 00:00:00,20,0
MO_01955,TYRE_0106,90,2026-01-02,2026-01-08 00:00:00,2026-01-03 13:00:00,2026-01-05 00:00:00,24,0
MO_01956,TYRE_0080,99,2026-01-20,2026-01-24 00:00:00,2026-01-21 10:00:00,2026-01-23 22:00:00,81,0
MO_01957,TYRE_0017,99,2026-01-20,2026-01-23 20:00:00,2026-01-19 23:00:00,2026-01-20 00:00:00,81,1
MO_01958,TYRE_0066,297,2026-01-20,2026-01-23 12:00:00,2026-01-19 23:00:00,2026-01-20 00:00:00,81,2
MO_01959,TYRE_0011,594,2026-01-20,2026-01-23 00:00:00,2026-01-19 23:00:00,2026-01-20 00:00:00,81,3
MO_01960,TYRE_0010,297,2026-01-20,2026-01-23 00:00:00,2026-01-19 23:00:00,2026-01-20 00:00:00,81,3
MO_01961,TYRE_0135,99,2026-01-20,2026-01-23 12:00:00,2026-01-19 23:00:00,2026-01-20 00:00:00,81,2
MO_01962,TYRE_0082,198,2026-01-20,2026-01-23 00:00:00,2026-01-19 23:00:00,2026-01-20 00:00:00,81,3
MO_01963,TYRE_0081,198,2026-01-20,2026-01-23 00:00:00,2026-01-19 23:00:00,2026-01-20 00:00:00,81,3
MO_01964,TYRE_0023,49,2026-01-25,2026-01-31 00:00:00,2026-01-26 21:00:00,2026-01-29 08:00:00,26,0
MO_01965,TYRE_0145,196,2026-01-25,2026-01-30 20:00:00,2026-01-24 23:00:00,2026-01-25 00:00:00,26,1
MO_01966,TYRE_0070,63,2026-01-06,2026-01-11 00:00:00,2026-01-06 06:00:00,2026-01-07 17:00:00,99,0
MO_01967,TYRE_0027,189,2026-01-06,2026-01-10 20:00:00,2026-01-05 23:00:00,2026-01-06 00:00:00,99,1
MO_01968,TYRE_0007,567,2026-01-06,2026-01-10 12:00:00,2026-01-05 23:00:00,2026-01-06 00:00:00,99,2
MO_01969,TYRE_0146,1701,2026-01-06,2026-01-10 00:00:00,2026-01-05 23:00:00,2026-01-06 00:00:00,99,3
MO_01970,TYRE_0074,1701,2026-01-06,2026-01-10 00:00:00,2026-01-05 23:00:00,2026-01-06 00:00:00,99,3
MO_01971,TYRE_0091,189,2026-01-06,2026-01-10 20:00:00,2026-01-05 23:00:00,2026-01-06 00:00:00,99,1
MO_01972,TYRE_0124,378,2026-01-06,2026-01-10 12:00:00,2026-01-05 23:00:00,2026-01-06 00:00:00,99,2
MO_01973,TYRE_0089,1512,2026-01-06,2026-01-10 00:00:00,2026-01-05 23:00:00,2026-01-06 00:00:00,99,3
MO_01974,TYRE_0147,57,2026-01-01,2026-01-02 00:00:00,2025-12-31 23:00:00,2026-01-01 00:00:00,14,0
MO_01975,TYRE_0145,48,2026-01-24,2026-01-26 00:00:00,2026-01-24 05:00:00,2026-01-25 00:00:00,70,0
MO_01976,TYRE_0131,93,2026-01-15,2026-01-27 00:00:00,2026-01-15 12:00:00,2026-01-18 05:00:00,13,0
MO_01977,TYRE_0048,186,2026-01-15,2026-01-26 20:00:00,2026-01-14 23:00:00,2026-01-15 00:00:00,13,1
MO_01978,TYRE_0135,48,2026-01-28,2026-02-02 00:00:00,2026-01-29 21:00:00,2026-01-31 16:00:00,65,0
MO_01979,TYRE_0082,96,2026-01-28,2026-02-01 20:00:00,2026-01-27 23:00:00,2026-01-28 00:00:00,65,1
MO_01980,TYRE_0081,96,2026-01-28,2026-02-01 20:00:00,2026-01-27 23:00:00,2026-01-28 00:00:00,65,1
MO_01981,TYRE_0117,66,2026-01-30,2026-02-03 00:00:00,2026-01-30 14:00:00,2026-01-31 18:00:00,97,0
MO_01982,TYRE_0104,198,2026-01-30,2026-02-02 20:00:00,2026-01-29 23:00:00,2026-01-30 00:00:00,97,1
MO_01983,TYRE_0055,594,2026-01-30,2026-02-02 12:00:00,2026-01-29 23:00:00,2026-01-30 00:00:00,97,2
MO_01984,TYRE_0009,2376,2026-01-30,2026-02-02 00:00:00,2026-01-29 23:00:00,2026-01-30 00:00:00,97,3
MO_01985,TYRE_0053,1188,2026-01-30,2026-02-02 00:00:00,2026-01-29 23:00:00,2026-01-30 00:00:00,97,3
MO_01986,TYRE_0107,198,2026-01-30,2026-02-02 12:00:00,2026-01-29 23:00:00,2026-01-30 00:00:00,97,2
MO_01987,TYRE_0058,792,2026-01-30,2026-02-02 00:00:00,2026-01-29 23:00:00,2026-01-30 00:00:00,97,3
MO_01988,TYRE_0060,198,2026-01-30,2026-02-02 00:00:00,2026-01-29 23:00:00,2026-01-30 00:00:00,97,3
MO_01989,TYRE_0097,66,2026-01-30,2026-02-02 20:00:00,2026-01-29 23:00:00,2026-01-30 00:00:00,97,1
MO_01990,TYRE_0113,91,2026-01-23,2026-01-28 00:00:00,2026-01-24 01:00:00,2026-01-26 00:00:00,84,0
MO_01991,TYRE_0043,182,2026-01-23,2026-01-27 20:00:00,2026-01-22 23:00:00,2026-01-23 00:00:00,84,1
MO_01992,TYRE_0019,182,2026-01-23,2026-01-27 20:00:00,2026-01-22 23:00:00,2026-01-23 00:00:00,84,1
MO_01993,TYRE_0123,182,2026-01-23,2026-01-27 12:00:00,2026-01-22 23:00:00,2026-01-23 00:00:00,84,2
MO_01994,TYRE_0048,364,2026-01-23,2026-01-27 00:00:00,2026-01-22 23:00:00,2026-01-23 00:00:00,84,3
MO_01995,TYRE_0080,71,2026-01-10,2026-01-16 00:00:00,2026-01-11 23:00:00,2026-01-13 10:00:00,57,0
MO_01996,TYRE_0017,71,2026-01-10,2026-01-15 20:00:00,2026-01-09 23:00:00,2026-01-10 00:00:00,57,1
MO_01997,TYRE_0066,213,2026-01-10,2026-01-15 12:00:00,2026-01-09 23:00:00,2026-01-10 00:00:00,57,2
MO_01998,TYRE_0011,426,2026-01-10,2026-01-15 00:00:00,2026-01-09 23:00:00,2026-01-10 00:00:00,57,3
MO_01999,TYRE_0010,213,2026-01-10,2026-01-15 00:00:00,2026-01-09 23:00:00,2026-01-10 00:00:00,57,3
MO_02000,TYRE_0135,71,2026-01-10,2026-01-15 12:00:00,2026-01-09 23:00:00,2026-01-10 00:00:00,57,2
MO_02001,TYRE_0082,142,2026-01-10,2026-01-15 00:00:00,2026-01-09 23:00:00,2026-01-10 00:00:00,57,3
MO_02002,TYRE_0081,142,2026-01-10,2026-01-15 00:00:00,2026-01-09 23:00:00,2026-01-10 00:00:00,57,3
MO_02003,TYRE_0061,41,2026-01-19,2026-01-30 00:00:00,2026-01-20 08:00:00,2026-01-20 15:00:00,57,0
MO_02004,TYRE_0095,123,2026-01-19,2026-01-29 20:00:00,2026-01-18 23:00:00,2026-01-19 00:00:00,57,1
MO_02005,TYRE_0055,14,2026-01-17,2026-01-23 00:00:00,2026-01-17 14:00:00,2026-01-17 18:00:00,44,0
MO_02006,TYRE_0009,56,2026-01-17,2026-01-22 20:00:00,2026-01-16 23:00:00,2026-01-17 00:00:00,44,1
MO_02007,TYRE_0053,28,2026-01-17,2026-01-22 20:00:00,2026-01-16 23:00:00,2026-01-17 00:00:00,44,1
MO_02008,TYRE_0122,84,2026-01-17,2026-01-22 12:00:00,2026-01-16 23:00:00,2026-01-17 00:00:00,44,2
MO_02009,TYRE_0112,252,2026-01-17,2026-01-22 00:00:00,2026-01-16 23:00:00,2026-01-17 00:00:00,44,3
MO_02010,TYRE_0110,56,2026-01-17,2026-01-22 12:00:00,2026-01-16 23:00:00,2026-01-17 00:00:00,44,2
MO_02011,TYRE_0042,168,2026-01-17,2026-01-22 00:00:00,2026-01-16 23:00:00,2026-01-17 00:00:00,44,3
MO_02012,TYRE_0012,32,2026-01-05,2026-01-11 00:00:00,2026-01-06 14:00:00,2026-01-08 12:00:00,42,0
MO_02013,TYRE_0068,92,2026-01-29,2026-02-01 00:00:00,2026-01-30 16:00:00,2026-01-31 00:00:00,30,0
MO_02014,TYRE_0007,368,2026-01-29,2026-01-31 20:00:00,2026-01-28 23:00:00,2026-01-29 00:00:00,30,1
MO_02015,TYRE_0146,1104,2026-01-29,2026-01-31 12:00:00,2026-01-28 23:00:00,2026-01-29 00:00:00,30,2
MO_02016,TYRE_0074,1104,2026-01-29,2026-01-31 12:00:00,2026-01-28 23:00:00,2026-01-29 00:00:00,30,2
MO_02017,TYRE_0042,3312,2026-01-29,2026-01-31 00:00:00,2026-01-28 23:00:00,2026-01-29 00:00:00,30,3
MO_02018,TYRE_0043,3312,2026-01-29,2026-01-31 00:00:00,2026-01-28 23:00:00,2026-01-29 00:00:00,30,3
MO_02019,TYRE_0020,184,2026-01-29,2026-01-31 20:00:00,2026-01-28 23:00:00,2026-01-29 00:00:00,30,1
MO_02020,TYRE_0091,184,2026-01-29,2026-01-31 12:00:00,2026-01-28 23:00:00,2026-01-29 00:00:00,30,2
MO_02021,TYRE_0124,368,2026-01-29,2026-01-31 00:00:00,2026-01-28 23:00:00,2026-01-29 00:00:00,30,3
MO_02022,TYRE_0043,736,2026-01-29,2026-01-31 12:00:00,2026-01-28 23:00:00,2026-01-29 00:00:00,30,2
MO_02023,TYRE_0048,35,2026-01-04,2026-01-09 00:00:00,2026-01-05 22:00:00,2026-01-06 07:00:00,14,0
MO_02024,TYRE_0067,36,2026-01-10,2026-01-15 00:00:00,2026-01-10 13:00:00,2026-01-10 22:00:00,73,0
MO_02025,TYRE_0127,36,2026-01-10,2026-01-14 20:00:00,2026-01-09 23:00:00,2026-01-10 00:00:00,73,1
MO_02026,TYRE_0142,144,2026-01-10,2026-01-14 12:00:00,2026-01-09 23:00:00,2026-01-10 00:00:00,73,2
MO_02027,TYRE_0011,108,2026-01-10,2026-01-14 12:00:00,2026-01-09 23:00:00,2026-01-10 00:00:00,73,2
MO_02028,TYRE_0112,216,2026-01-10,2026-01-14 00:00:00,2026-01-09 23:00:00,2026-01-10 00:00:00,73,3
MO_02029,TYRE_0039,324,2026-01-10,2026-01-14 00:00:00,2026-01-09 23:00:00,2026-01-10 00:00:00,73,3
MO_02030,TYRE_0081,144,2026-01-10,2026-01-14 20:00:00,2026-01-09 23:00:00,2026-01-10 00:00:00,73,1
MO_02031,TYRE_0091,20,2026-01-24,2026-01-25 00:00:00,2026-01-24 18:00:00,2026-01-24 23:00:00,78,0
MO_02032,TYRE_0124,40,2026-01-24,2026-01-24 20:00:00,2026-01-23 23:00:00,2026-01-24 00:00:00,78,1
MO_02033,TYRE_0089,160,2026-01-24,2026-01-24 12:00:00,2026-01-23 12:00:00,2026-01-24 00:00:00,78,2
MO_02034,TYRE_0126,66,2026-01-17,2026-01-21 00:00:00,2026-01-18 03:00:00,2026-01-18 18:00:00,30,0
MO_02035,TYRE_0089,132,2026-01-17,2026-01-20 20:00:00,2026-01-16 23:00:00,2026-01-17 00:00:00,30,1
MO_02036,TYRE_0124,67,2026-01-10,2026-01-16 00:00:00,2026-01-10 23:00:00,2026-01-13 10:00:00,98,0
MO_02037,TYRE_0089,268,2026-01-10,2026-01-15 20:00:00,2026-01-09 23:00:00,2026-01-10 00:00:00,98,1
MO_02038,TYRE_0143,55,2026-01-17,2026-01-29 00:00:00,2026-01-18 16:00:00,2026-01-19 17:00:00,83,0
MO_02039,TYRE_0094,220,2026-01-17,2026-01-28 20:00:00,2026-01-16 23:00:00,2026-01-17 00:00:00,83,1
MO_02040,TYRE_0080,59,2026-01-28,2026-01-31 00:00:00,2026-01-29 08:00:00,2026-01-30 04:00:00,92,0
MO_02041,TYRE_0017,59,2026-01-28,2026-01-30 20:00:00,2026-01-27 23:00:00,2026-01-28 00:00:00,92,1
MO_02042,TYRE_0066,177,2026-01-28,2026-01-30 12:00:00,2026-01-27 23:00:00,2026-01-28 00:00:00,92,2
MO_02043,TYRE_0011,354,2026-01-28,2026-01-30 00:00:00,2026-01-27 23:00:00,2026-01-28 00:00:00,92,3
MO_02044,TYRE_0010,177,2026-01-28,2026-01-30 00:00:00,2026-01-27 23:00:00,2026-01-28 00:00:00,92,3
MO_02045,TYRE_0135,59,2026-01-28,2026-01-30 12:00:00,2026-01-27 23:00:00,2026-01-28 00:00:00,92,2
MO_02046,TYRE_0082,118,2026-01-28,2026-01-30 00:00:00,2026-01-27 23:00:00,2026-01-28 00:00:00,92,3
MO_02047,TYRE_0081,118,2026-01-28,2026-01-30 00:00:00,2026-01-27 23:00:00,2026-01-28 00:00:00,92,3
MO_02048,TYRE_0145,55,2026-01-20,2026-01-22 00:00:00,2026-01-20 11:00:00,2026-01-21 00:00:00,41,0
MO_02049,TYRE_0044,94,2026-01-24,2026-01-28 00:00:00,2026-01-24 09:00:00,2026-01-26 01:00:00,27,0
MO_02050,TYRE_0124,91,2026-01-05,2026-01-09 00:00:00,2026-01-05 06:00:00,2026-01-06 11:00:00,67,0
MO_02051,TYRE_0089,364,2026-01-05,2026-01-08 20:00:00,2026-01-04 23:00:00,2026-01-05 00:00:00,67,1
MO_02052,TYRE_0080,83,2026-01-02,2026-01-04 00:00:00,2026-01-02 23:00:00,2026-01-03 00:00:00,88,0
MO_02053,TYRE_0017,83,2026-01-02,2026-01-03 20:00:00,2026-01-01 23:00:00,2026-01-02 00:00:00,88,1
MO_02054,TYRE_0066,249,2026-01-02,2026-01-03 12:00:00,2026-01-01 23:00:00,2026-01-02 00:00:00,88,2
MO_02055,TYRE_0011,498,2026-01-02,2026-01-03 00:00:00,2026-01-02 00:00:00,2026-01-02 00:00:00,88,3
MO_02056,TYRE_0010,249,2026-01-02,2026-01-03 00:00:00,2026-01-02 00:00:00,2026-01-02 00:00:00,88,3
MO_02057,TYRE_0135,83,2026-01-02,2026-01-03 12:00:00,2026-01-01 23:00:00,2026-01-02 00:00:00,88,2
MO_02058,TYRE_0082,166,2026-01-02,2026-01-03 00:00:00,2026-01-02 00:00:00,2026-01-02 00:00:00,88,3
MO_02059,TYRE_0081,166,2026-01-02,2026-01-03 00:00:00,2026-01-02 00:00:00,2026-01-02 00:00:00,88,3
MO_02060,TYRE_0047,39,2026-01-06,2026-01-11 00:00:00,2026-01-06 00:00:00,2026-01-06 09:00:00,33,0
MO_02061,TYRE_0090,156,2026-01-06,2026-01-10 20:00:00,2026-01-06 00:00:00,2026-01-06 00:00:00,33,1
MO_02062,TYRE_0127,624,2026-01-06,2026-01-10 12:00:00,2026-01-06 00:00:00,2026-01-06 00:00:00,33,2
MO_02063,TYRE_0142,2496,2026-01-06,2026-01-10 00:00:00,2026-01-06 00:00:00,2026-01-06 00:00:00,33,3
MO_02064,TYRE_0011,1872,2026-01-06,2026-01-10 00:00:00,2026-01-06 00:00:00,2026-01-06 00:00:00,33,3
MO_02065,TYRE_0110,78,2026-01-06,2026-01-10 20:00:00,2026-01-06 00:00:00,2026-01-06 00:00:00,33,1
MO_02066,TYRE_0042,234,2026-01-06,2026-01-10 12:00:00,2026-01-06 00:00:00,2026-01-06 00:00:00,33,2
MO_02067,TYRE_0120,936,2026-01-06,2026-01-10 00:00:00,2026-01-06 00:00:00,2026-01-06 00:00:00,33,3
MO_02068,TYRE_0078,936,2026-01-06,2026-01-10 00:00:00,2026-01-06 00:00:00,2026-01-06 00:00:00,33,3
MO_02069,TYRE_0009,68,2026-01-21,2026-01-26 00:00:00,2026-01-21 14:00:00,2026-01-22 00:00:00,14,0
MO_02070,TYRE_0112,51,2026-01-02,2026-01-08 00:00:00,2026-01-02 00:00:00,2026-01-04 14:00:00,62,0
MO_02071,TYRE_0028,51,2026-01-02,2026-01-07 20:00:00,2026-01-02 00:00:00,2026-01-02 00:00:00,62,1
MO_02072,TYRE_0060,51,2026-01-02,2026-01-07 12:00:00,2026-01-02 00:00:00,2026-01-02 00:00:00,62,2
MO_02073,TYRE_0059,153,2026-01-02,2026-01-07 00:00:00,2026-01-02 00:00:00,2026-01-02 00:00:00,62,3
MO_02074,TYRE_0064,51,2026-01-02,2026-01-07 00:00:00,2026-01-02 00:00:00,2026-01-02 00:00:00,62,3
MO_02075,TYRE_0087,204,2026-01-02,2026-01-07 12:00:00,2026-01-02 00:00:00,2026-01-02 00:00:00,62,2
MO_02076,TYRE_0084,153,2026-01-02,2026-01-07 20:00:00,2026-01-02 00:00:00,2026-01-02 00:00:00,62,1
MO_02077,TYRE_0071,78,2026-01-13,2026-01-18 00:00:00,2026-01-14 20:00:00,2026-01-15 02:00:00,82,0
MO_02078,TYRE_0043,78,2026-01-13,2026-01-17 20:00:00,2026-01-12 23:00:00,2026-01-13 00:00:00,82,1
MO_02079,TYRE_0025,76,2026-01-30,2026-02-04 00:00:00,2026-01-30 19:00:00,2026-02-02 05:00:00,64,0
MO_02080,TYRE_0037,76,2026-01-30,2026-02-03 20:00:00,2026-01-29 23:00:00,2026-01-30 00:00:00,64,1
MO_02081,TYRE_0135,152,2026-01-30,2026-02-03 12:00:00,2026-01-29 23:00:00,2026-01-30 00:00:00,64,2
MO_02082,TYRE_0082,304,2026-01-30,2026-02-03 00:00:00,2026-01-29 23:00:00,2026-01-30 00:00:00,64,3
MO_02083,TYRE_0081,304,2026-01-30,2026-02-03 00:00:00,2026-01-29 23:00:00,2026-01-30 00:00:00,64,3
MO_02084,TYRE_0115,152,2026-01-30,2026-02-03 20:00:00,2026-01-29 23:00:00,2026-01-30 00:00:00,64,1
MO_02085,TYRE_0016,152,2026-01-30,2026-02-03 12:00:00,2026-01-29 23:00:00,2026-01-30 00:00:00,64,2
MO_02086,TYRE_0075,304,2026-01-30,2026-02-03 00:00:00,2026-01-29 23:00:00,2026-01-30 00:00:00,64,3
MO_02087,TYRE_0005,608,2026-01-30,2026-02-03 00:00:00,2026-01-29 23:00:00,2026-01-30 00:00:00,64,3
MO_02088,TYRE_0135,24,2026-01-11,2026-01-14 00:00:00,2026-01-11 01:00:00,2026-01-11 12:00:00,14,0
MO_02089,TYRE_0082,48,2026-01-11,2026-01-13 20:00:00,2026-01-10 23:00:00,2026-01-11 00:00:00,14,1
MO_02090,TYRE_0081,48,2026-01-11,2026-01-13 20:00:00,2026-01-10 23:00:00,2026-01-11 00:00:00,14,1
MO_02091,TYRE_0043,22,2026-01-11,2026-01-13 00:00:00,2026-01-11 02:00:00,2026-01-12 00:00:00,78,0
MO_02092,TYRE_0132,67,2026-01-16,2026-01-22 00:00:00,2026-01-17 11:00:00,2026-01-19 03:00:00,50,0
MO_02093,TYRE_0052,67,2026-01-16,2026-01-21 20:00:00,2026-01-15 23:00:00,2026-01-16 00:00:00,50,1
MO_02094,TYRE_0145,134,2026-01-16,2026-01-21 12:00:00,2026-01-15 23:00:00,2026-01-16 00:00:00,50,2
MO_02095,TYRE_0087,201,2026-01-16,2026-01-21 12:00:00,2026-01-15 23:00:00,2026-01-16 00:00:00,50,2
MO_02096,TYRE_0084,67,2026-01-16,2026-01-21 20:00:00,2026-01-15 23:00:00,2026-01-16 00:00:00,50,1
MO_02097,TYRE_0145,55,2026-01-11,2026-01-19 00:00:00,2026-01-11 15:00:00,2026-01-14 02:00:00,16,0
MO_02098,TYRE_0012,65,2026-01-19,2026-01-21 00:00:00,2026-01-19 23:00:00,2026-01-20 00:00:00,99,0
MO_02099,TYRE_0024,38,2026-01-15,2026-01-21 00:00:00,2026-01-16 19:00:00,2026-01-17 22:00:00,10,0
MO_02100,TYRE_0071,152,2026-01-15,2026-01-20 20:00:00,2026-01-14 23:00:00,2026-01-15 00:00:00,10,1
MO_02101,TYRE_0043,152,2026-01-15,2026-01-20 12:00:00,2026-01-14 23:00:00,2026-01-15 00:00:00,10,2
MO_02102,TYRE_0084,38,2026-01-15,2026-01-20 20:00:00,2026-01-14 23:00:00,2026-01-15 00:00:00,10,1
MO_02103,TYRE_0145,49,2026-01-25,2026-01-31 00:00:00,2026-01-26 11:00:00,2026-01-29 01:00:00,61,0
MO_02104,TYRE_0042,78,2026-01-23,2026-01-28 00:00:00,2026-01-24 19:00:00,2026-01-24 21:00:00,35,0
MO_02105,TYRE_0120,312,2026-01-23,2026-01-27 20:00:00,2026-01-22 23:00:00,2026-01-23 00:00:00,35,1
MO_02106,TYRE_0080,312,2026-01-23,2026-01-27 12:00:00,2026-01-22 23:00:00,2026-01-23 00:00:00,35,2
MO_02107,TYRE_0017,312,2026-01-23,2026-01-27 00:00:00,2026-01-22 23:00:00,2026-01-23 00:00:00,35,3
MO_02108,TYRE_0078,312,2026-01-23,2026-01-27 20:00:00,2026-01-22 23:00:00,2026-01-23 00:00:00,35,1
MO_02109,TYRE_0022,624,2026-01-23,2026-01-27 12:00:00,2026-01-22 23:00:00,2026-01-23 00:00:00,35,2
MO_02110,TYRE_0033,936,2026-01-23,2026-01-27 12:00:00,2026-01-22 23:00:00,2026-01-23 00:00:00,35,2
MO_02111,TYRE_0085,50,2026-01-23,2026-01-29 00:00:00,2026-01-24 14:00:00,2026-01-25 21:00:00,72,0
MO_02112,TYRE_0118,15,2026-01-16,2026-01-23 00:00:00,2026-01-16 02:00:00,2026-01-16 22:00:00,21,0
MO_02113,TYRE_0025,26,2026-01-11,2026-01-16 00:00:00,2026-01-12 12:00:00,2026-01-14 18:00:00,79,0
MO_02114,TYRE_0037,26,2026-01-11,2026-01-15 20:00:00,2026-01-10 23:00:00,2026-01-11 00:00:00,79,1
MO_02115,TYRE_0135,52,2026-01-11,2026-01-15 12:00:00,2026-01-10 23:00:00,2026-01-11 00:00:00,79,2
MO_02116,TYRE_0082,104,2026-01-11,2026-01-15 00:00:00,2026-01-10 23:00:00,2026-01-11 00:00:00,79,3
MO_02117,TYRE_0081,104,2026-01-11,2026-01-15 00:00:00,2026-01-10 23:00:00,2026-01-11 00:00:00,79,3
MO_02118,TYRE_0115,52,2026-01-11,2026-01-15 20:00:00,2026-01-10 23:00:00,2026-01-11 00:00:00,79,1
MO_02119,TYRE_0016,52,2026-01-11,2026-01-15 12:00:00,2026-01-10 23:00:00,2026-01-11 00:00:00,79,2
MO_02120,TYRE_0075,104,2026-01-11,2026-01-15 00:00:00,2026-01-10 23:00:00,2026-01-11 00:00:00,79,3
MO_02121,TYRE_0005,208,2026-01-11,2026-01-15 00:00:00,2026-01-10 23:00:00,2026-01-11 00:00:00,79,3
MO_02122,TYRE_0048,14,2026-01-22,2026-01-29 00:00:00,2026-01-23 19:00:00,2026-01-24 12:00:00,93,0
MO_02123,TYRE_0124,88,2026-01-16,2026-01-22 00:00:00,2026-01-16 11:00:00,2026-01-18 15:00:00,28,0
MO_02124,TYRE_0089,352,2026-01-16,2026-01-21 20:00:00,2026-01-15 23:00:00,2026-01-16 00:00:00,28,1
MO_02125,TYRE_0106,39,2026-01-08,2026-01-15 00:00:00,2026-01-08 19:00:00,2026-01-11 07:00:00,89,0
MO_02126,TYRE_0092,57,2026-01-04,2026-01-11 00:00:00,2026-01-04 22:00:00,2026-01-06 23:00:00,13,0
MO_02127,TYRE_0149,35,2026-01-08,2026-01-11 00:00:00,2026-01-08 21:00:00,2026-01-09 04:00:00,91,0
MO_02128,TYRE_0027,140,2026-01-08,2026-01-10 20:00:00,2026-01-07 23:00:00,2026-01-08 00:00:00,91,1
MO_02129,TYRE_0007,420,2026-01-08,2026-01-10 12:00:00,2026-01-07 23:00:00,2026-01-08 00:00:00,91,2
MO_02130,TYRE_0146,1260,2026-01-08,2026-01-10 00:00:00,2026-01-07 23:00:00,2026-01-08 00:00:00,91,3
MO_02131,TYRE_0074,1260,2026-01-08,2026-01-10 00:00:00,2026-01-07 23:00:00,2026-01-08 00:00:00,91,3
MO_02132,TYRE_0020,18,2026-01-04,2026-01-11 00:00:00,2026-01-05 07:00:00,2026-01-05 18:00:00,14,0
MO_02133,TYRE_0091,18,2026-01-04,2026-01-10 20:00:00,2026-01-03 23:00:00,2026-01-04 00:00:00,14,1
MO_02134,TYRE_0124,36,2026-01-04,2026-01-10 12:00:00,2026-01-03 23:00:00,2026-01-04 00:00:00,14,2
MO_02135,TYRE_0089,144,2026-01-04,2026-01-10 00:00:00,2026-01-03 23:00:00,2026-01-04 00:00:00,14,3
MO_02136,TYRE_0043,72,2026-01-04,2026-01-10 20:00:00,2026-01-03 23:00:00,2026-01-04 00:00:00,14,1
MO_02137,TYRE_0048,8,2026-01-24,2026-02-01 00:00:00,2026-01-24 06:00:00,2026-01-26 08:00:00,63,0
MO_02138,TYRE_0134,18,2026-01-25,2026-01-29 00:00:00,2026-01-25 21:00:00,2026-01-28 14:00:00,79,0
MO_02139,TYRE_0058,72,2026-01-25,2026-01-28 20:00:00,2026-01-24 23:00:00,2026-01-25 00:00:00,79,1
MO_02140,TYRE_0138,216,2026-01-25,2026-01-28 12:00:00,2026-01-24 23:00:00,2026-01-25 00:00:00,79,2
MO_02141,TYRE_0009,72,2026-01-25,2026-01-28 20:00:00,2026-01-24 23:00:00,2026-01-25 00:00:00,79,1
MO_02142,TYRE_0126,44,2026-01-03,2026-01-05 00:00:00,2026-01-03 23:00:00,2026-01-04 00:00:00,66,0
MO_02143,TYRE_0089,88,2026-01-03,2026-01-04 20:00:00,2026-01-02 23:00:00,2026-01-03 00:00:00,66,1
MO_02144,TYRE_0119,21,2026-01-03,2026-01-08 00:00:00,2026-01-03 01:00:00,2026-01-03 22:00:00,87,0
MO_02145,TYRE_0121,84,2026-01-03,2026-01-07 20:00:00,2026-01-02 23:00:00,2026-01-03 00:00:00,87,1
MO_02146,TYRE_0021,336,2026-01-03,2026-01-07 12:00:00,2026-01-02 23:00:00,2026-01-03 00:00:00,87,2
MO_02147,TYRE_0070,672,2026-01-03,2026-01-07 00:00:00,2026-01-02 23:00:00,2026-01-03 00:00:00,87,3
MO_02148,TYRE_0096,1008,2026-01-03,2026-01-07 00:00:00,2026-01-02 23:00:00,2026-01-03 00:00:00,87,3
MO_02149,TYRE_0012,50,2026-01-27,2026-01-30 00:00:00,2026-01-27 13:00:00,2026-01-27 21:00:00,61,0
MO_02150,TYRE_0083,74,2026-01-29,2026-02-13 00:00:00,2026-01-29 15:00:00,2026-01-30 01:00:00,27,0
MO_02151,TYRE_0140,80,2026-01-18,2026-01-23 00:00:00,2026-01-18 23:00:00,2026-01-19 11:00:00,73,0
MO_02152,TYRE_0081,80,2026-01-18,2026-01-22 20:00:00,2026-01-17 23:00:00,2026-01-18 00:00:00,73,1
MO_02153,TYRE_0085,72,2026-01-29,2026-02-05 00:00:00,2026-01-29 06:00:00,2026-01-31 13:00:00,19,0
MO_02154,TYRE_0145,66,2026-01-26,2026-02-01 00:00:00,2026-01-26 03:00:00,2026-01-27 06:00:00,32,0
MO_02155,TYRE_0090,51,2026-01-19,2026-01-21 00:00:00,2026-01-19 23:00:00,2026-01-20 00:00:00,91,0
MO_02156,TYRE_0127,204,2026-01-19,2026-01-20 20:00:00,2026-01-18 23:00:00,2026-01-19 00:00:00,91,1
MO_02157,TYRE_0142,816,2026-01-19,2026-01-20 12:00:00,2026-01-18 23:00:00,2026-01-19 00:00:00,91,2
MO_02158,TYRE_0011,612,2026-01-19,2026-01-20 12:00:00,2026-01-18 23:00:00,2026-01-19 00:00:00,91,2
MO_02159,TYRE_0112,1224,2026-01-19,2026-01-20 00:00:00,2026-01-19 00:00:00,2026-01-19 00:00:00,91,3
MO_02160,TYRE_0039,1836,2026-01-19,2026-01-20 00:00:00,2026-01-19 00:00:00,2026-01-19 00:00:00,91,3
MO_02161,TYRE_0126,71,2026-01-19,2026-01-23 00:00:00,2026-01-20 21:00:00,2026-01-22 00:00:00,77,0
MO_02162,TYRE_0089,142,2026-01-19,2026-01-22 20:00:00,2026-01-18 23:00:00,2026-01-19 00:00:00,77,1
MO_02163,TYRE_0034,73,2026-01-21,2026-01-28 00:00:00,2026-01-22 16:00:00,2026-01-25 13:00:00,61,0
MO_02164,TYRE_0048,43,2026-01-05,2026-01-12 00:00:00,2026-01-05 04:00:00,2026-01-07 10:00:00,56,0
MO_02165,TYRE_0112,5,2026-01-18,2026-01-23 00:00:00,2026-01-18 01:00:00,2026-01-19 13:00:00,79,0
MO_02166,TYRE_0028,5,2026-01-18,2026-01-22 20:00:00,2026-01-17 23:00:00,2026-01-18 00:00:00,79,1
MO_02167,TYRE_0060,5,2026-01-18,2026-01-22 12:00:00,2026-01-17 23:00:00,2026-01-18 00:00:00,79,2
MO_02168,TYRE_0059,15,2026-01-18,2026-01-22 00:00:00,2026-01-17 23:00:00,2026-01-18 00:00:00,79,3
MO_02169,TYRE_0064,5,2026-01-18,2026-01-22 00:00:00,2026-01-17 23:00:00,2026-01-18 00:00:00,79,3
MO_02170,TYRE_0087,20,2026-01-18,2026-01-22 12:00:00,2026-01-17 23:00:00,2026-01-18 00:00:00,79,2
MO_02171,TYRE_0084,15,2026-01-18,2026-01-22 20:00:00,2026-01-17 23:00:00,2026-01-18 00:00:00,79,1
MO_02172,TYRE_0120,55,2026-01-28,2026-02-04 00:00:00,2026-01-28 04:00:00,2026-01-29 12:00:00,35,0
MO_02173,TYRE_0080,55,2026-01-28,2026-02-03 20:00:00,2026-01-27 23:00:00,2026-01-28 00:00:00,35,1
MO_02174,TYRE_0017,55,2026-01-28,2026-02-03 12:00:00,2026-01-27 23:00:00,2026-01-28 00:00:00,35,2
MO_02175,TYRE_0066,165,2026-01-28,2026-02-03 00:00:00,2026-01-27 23:00:00,2026-01-28 00:00:00,35,3
MO_02176,TYRE_0135,55,2026-01-28,2026-02-03 00:00:00,2026-01-27 23:00:00,2026-01-28 00:00:00,35,3
MO_02177,TYRE_0061,53,2026-01-10,2026-01-17 00:00:00,2026-01-10 02:00:00,2026-01-11 02:00:00,79,0
MO_02178,TYRE_0095,159,2026-01-10,2026-01-16 20:00:00,2026-01-09 23:00:00,2026-01-10 00:00:00,79,1
MO_02179,TYRE_0113,71,2026-01-29,2026-02-03 00:00:00,2026-01-30 17:00:00,2026-01-31 15:00:00,52,0
MO_02180,TYRE_0043,142,2026-01-29,2026-02-02 20:00:00,2026-01-28 23:00:00,2026-01-29 00:00:00,52,1
MO_02181,TYRE_0019,142,2026-01-29,2026-02-02 20:00:00,2026-01-28 23:00:00,2026-01-29 00:00:00,52,1
MO_02182,TYRE_0123,142,2026-01-29,2026-02-02 12:00:00,2026-01-28 23:00:00,2026-01-29 00:00:00,52,2
MO_02183,TYRE_0048,284,2026-01-29,2026-02-02 00:00:00,2026-01-28 23:00:00,2026-01-29 00:00:00,52,3
MO_02184,TYRE_0069,57,2026-01-22,2026-01-28 00:00:00,2026-01-22 07:00:00,2026-01-24 18:00:00,78,0
MO_02185,TYRE_0113,19,2026-01-21,2026-01-23 00:00:00,2026-01-21 23:00:00,2026-01-22 00:00:00,72,0
MO_02186,TYRE_0043,38,2026-01-21,2026-01-22 20:00:00,2026-01-20 23:00:00,2026-01-21 00:00:00,72,1
MO_02187,TYRE_0019,38,2026-01-21,2026-01-22 20:00:00,2026-01-20 23:00:00,2026-01-21 00:00:00,72,1
MO_02188,TYRE_0123,38,2026-01-21,2026-01-22 12:00:00,2026-01-20 23:00:00,2026-01-21 00:00:00,72,2
MO_02189,TYRE_0048,76,2026-01-21,2026-01-22 00:00:00,2026-01-21 00:00:00,2026-01-21 00:00:00,72,3
MO_02190,TYRE_0009,29,2026-01-06,2026-01-13 00:00:00,2026-01-06 09:00:00,2026-01-08 23:00:00,87,0
MO_02191,TYRE_0126,7,2026-01-01,2026-01-04 00:00:00,2026-01-02 09:00:00,2026-01-02 16:00:00,75,0
MO_02192,TYRE_0089,14,2026-01-01,2026-01-03 20:00:00,2025-12-31 23:00:00,2026-01-01 00:00:00,75,1
MO_02193,TYRE_0042,96,2026-01-05,2026-01-10 00:00:00,2026-01-06 21:00:00,2026-01-07 13:00:00,72,0
MO_02194,TYRE_0120,384,2026-01-05,2026-01-09 20:00:00,2026-01-04 23:00:00,2026-01-05 00:00:00,72,1
MO_02195,TYRE_0080,384,2026-01-05,2026-01-09 12:00:00,2026-01-04 23:00:00,2026-01-05 00:00:00,72,2
MO_02196,TYRE_0017,384,2026-01-05,2026-01-09 00:00:00,2026-01-04 23:00:00,2026-01-05 00:00:00,72,3
MO_02197,TYRE_0078,384,2026-01-05,2026-01-09 20:00:00,2026-01-04 23:00:00,2026-01-05 00:00:00,72,1
MO_02198,TYRE_0022,768,2026-01-05,2026-01-09 12:00:00,2026-01-04 23:00:00,2026-01-05 00:00:00,72,2
MO_02199,TYRE_0033,1152,2026-01-05,2026-01-09 12:00:00,2026-01-04 23:00:00,2026-01-05 00:00:00,72,2
MO_02200,TYRE_0043,6,2026-01-09,2026-01-14 00:00:00,2026-01-10 11:00:00,2026-01-12 19:00:00,22,0
MO_02201,TYRE_0124,52,2026-01-12,2026-01-19 00:00:00,2026-01-12 11:00:00,2026-01-15 00:00:00,60,0
MO_02202,TYRE_0089,208,2026-01-12,2026-01-18 20:00:00,2026-01-11 23:00:00,2026-01-12 00:00:00,60,1
MO_02203,TYRE_0090,23,2026-01-26,2026-01-27 00:00:00,2026-01-25 23:00:00,2026-01-26 00:00:00,14,0
MO_02204,TYRE_0127,92,2026-01-26,2026-01-26 20:00:00,2026-01-25 23:00:00,2026-01-26 00:00:00,14,1
MO_02205,TYRE_0142,368,2026-01-26,2026-01-26 12:00:00,2026-01-25 12:00:00,2026-01-26 00:00:00,14,2
MO_02206,TYRE_0011,276,2026-01-26,2026-01-26 12:00:00,2026-01-25 12:00:00,2026-01-26 00:00:00,14,2
MO_02207,TYRE_0112,552,2026-01-26,2026-01-26 00:00:00,2026-01-25 00:00:00,2026-01-26 00:00:00,14,3
MO_02208,TYRE_0039,828,2026-01-26,2026-01-26 00:00:00,2026-01-25 00:00:00,2026-01-26 00:00:00,14,3
MO_02209,TYRE_0143,28,2026-01-14,2026-01-21 00:00:00,2026-01-15 04:00:00,2026-01-17 22:00:00,56,0
MO_02210,TYRE_0094,112,2026-01-14,2026-01-20 20:00:00,2026-01-13 23:00:00,2026-01-14 00:00:00,56,1
MO_02211,TYRE_0108,6,2026-01-02,2026-01-09 00:00:00,2026-01-02 13:00:00,2026-01-04 04:00:00,45,0
MO_02212,TYRE_0127,12,2026-01-02,2026-01-08 20:00:00,2026-01-01 23:00:00,2026-01-02 00:00:00,45,1
MO_02213,TYRE_0142,48,2026-01-02,2026-01-08 12:00:00,2026-01-01 23:00:00,2026-01-02 00:00:00,45,2
MO_02214,TYRE_0011,36,2026-01-02,2026-01-08 12:00:00,2026-01-01 23:00:00,2026-01-02 00:00:00,45,2
MO_02215,TYRE_0112,72,2026-01-02,2026-01-08 00:00:00,2026-01-01 23:00:00,2026-01-02 00:00:00,45,3
MO_02216,TYRE_0039,108,2026-01-02,2026-01-08 00:00:00,2026-01-01 23:00:00,2026-01-02 00:00:00,45,3
MO_02217,TYRE_0143,61,2026-01-17,2026-01-24 00:00:00,2026-01-18 23:00:00,2026-01-20 14:00:00,45,0
MO_02218,TYRE_0094,244,2026-01-17,2026-01-23 20:00:00,2026-01-16 23:00:00,2026-01-17 00:00:00,45,1
MO_02219,TYRE_0116,17,2026-01-14,2026-01-17 00:00:00,2026-01-14 04:00:00,2026-01-16 11:00:00,59,0
MO_02220,TYRE_0120,46,2026-01-26,2026-02-01 00:00:00,2026-01-27 23:00:00,2026-01-30 03:00:00,65,0
MO_02221,TYRE_0080,46,2026-01-26,2026-01-31 20:00:00,2026-01-25 23:00:00,2026-01-26 00:00:00,65,1
MO_02222,TYRE_0017,46,2026-01-26,2026-01-31 12:00:00,2026-01-25 23:00:00,2026-01-26 00:00:00,65,2
MO_02223,TYRE_0066,138,2026-01-26,2026-01-31 00:00:00,2026-01-25 23:00:00,2026-01-26 00:00:00,65,3
MO_02224,TYRE_0135,46,2026-01-26,2026-01-31 00:00:00,2026-01-25 23:00:00,2026-01-26 00:00:00,65,3
MO_02225,TYRE_0119,71,2026-01-13,2026-01-16 00:00:00,2026-01-14 02:00:00,2026-01-15 05:00:00,28,0
MO_02226,TYRE_0121,284,2026-01-13,2026-01-15 20:00:00,2026-01-12 23:00:00,2026-01-13 00:00:00,28,1
MO_02227,TYRE_0021,1136,2026-01-13,2026-01-15 12:00:00,2026-01-12 23:00:00,2026-01-13 00:00:00,28,2
MO_02228,TYRE_0070,2272,2026-01-13,2026-01-15 00:00:00,2026-01-12 23:00:00,2026-01-13 00:00:00,28,3
MO_02229,TYRE_0096,3408,2026-01-13,2026-01-15 00:00:00,2026-01-12 23:00:00,2026-01-13 00:00:00,28,3
MO_02230,TYRE_0086,51,2026-01-27,2026-02-01 00:00:00,2026-01-27 03:00:00,2026-01-28 20:00:00,29,0
MO_02231,TYRE_0093,153,2026-01-27,2026-01-31 20:00:00,2026-01-26 23:00:00,2026-01-27 00:00:00,29,1
MO_02232,TYRE_0102,612,2026-01-27,2026-01-31 12:00:00,2026-01-26 23:00:00,2026-01-27 00:00:00,29,2
MO_02233,TYRE_0041,153,2026-01-27,2026-01-31 12:00:00,2026-01-26 23:00:00,2026-01-27 00:00:00,29,2
MO_02234,TYRE_0033,153,2026-01-27,2026-01-31 20:00:00,2026-01-26 23:00:00,2026-01-27 00:00:00,29,1
MO_02235,TYRE_0055,86,2026-01-09,2026-01-20 00:00:00,2026-01-10 04:00:00,2026-01-12 01:00:00,31,0
MO_02236,TYRE_0009,344,2026-01-09,2026-01-19 20:00:00,2026-01-08 23:00:00,2026-01-09 00:00:00,31,1
MO_02237,TYRE_0053,172,2026-01-09,2026-01-19 20:00:00,2026-01-08 23:00:00,2026-01-09 00:00:00,31,1
MO_02238,TYRE_0122,516,2026-01-09,2026-01-19 12:00:00,2026-01-08 23:00:00,2026-01-09 00:00:00,31,2
MO_02239,TYRE_0112,1548,2026-01-09,2026-01-19 00:00:00,2026-01-08 23:00:00,2026-01-09 00:00:00,31,3
MO_02240,TYRE_0110,344,2026-01-09,2026-01-19 12:00:00,2026-01-08 23:00:00,2026-01-09 00:00:00,31,2
MO_02241,TYRE_0042,1032,2026-01-09,2026-01-19 00:00:00,2026-01-08 23:00:00,2026-01-09 00:00:00,31,3
MO_02242,TYRE_0043,79,2026-01-26,2026-01-28 00:00:00,2026-01-26 02:00:00,2026-01-26 19:00:00,40,0
MO_02243,TYRE_0090,79,2026-01-25,2026-01-29 00:00:00,2026-01-26 08:00:00,2026-01-27 06:00:00,71,0
MO_02244,TYRE_0127,316,2026-01-25,2026-01-28 20:00:00,2026-01-24 23:00:00,2026-01-25 00:00:00,71,1
MO_02245,TYRE_0142,1264,2026-01-25,2026-01-28 12:00:00,2026-01-24 23:00:00,2026-01-25 00:00:00,71,2
MO_02246,TYRE_0011,948,2026-01-25,2026-01-28 12:00:00,2026-01-24 23:00:00,2026-01-25 00:00:00,71,2
MO_02247,TYRE_0112,1896,2026-01-25,2026-01-28 00:00:00,2026-01-24 23:00:00,2026-01-25 00:00:00,71,3
MO_02248,TYRE_0039,2844,2026-01-25,2026-01-28 00:00:00,2026-01-24 23:00:00,2026-01-25 00:00:00,71,3
MO_02249,TYRE_0121,52,2026-01-15,2026-01-20 00:00:00,2026-01-16 05:00:00,2026-01-17 06:00:00,53,0
MO_02250,TYRE_0021,208,2026-01-15,2026-01-19 20:00:00,2026-01-14 23:00:00,2026-01-15 00:00:00,53,1
MO_02251,TYRE_0070,416,2026-01-15,2026-01-19 12:00:00,2026-01-14 23:00:00,2026-01-15 00:00:00,53,2
MO_02252,TYRE_0027,1248,2026-01-15,2026-01-19 00:00:00,2026-01-14 23:00:00,2026-01-15 00:00:00,53,3
MO_02253,TYRE_0091,1248,2026-01-15,2026-01-19 00:00:00,2026-01-14 23:00:00,2026-01-15 00:00:00,53,3
MO_02254,TYRE_0096,624,2026-01-15,2026-01-19 12:00:00,2026-01-14 23:00:00,2026-01-15 00:00:00,53,2
MO_02255,TYRE_0049,1248,2026-01-15,2026-01-19 00:00:00,2026-01-14 23:00:00,2026-01-15 00:00:00,53,3
MO_02256,TYRE_0063,92,2026-01-25,2026-01-26 00:00:00,2026-01-25 00:00:00,2026-01-25 00:00:00,77,0
MO_02257,TYRE_0048,12,2026-01-22,2026-01-30 00:00:00,2026-01-22 08:00:00,2026-01-24 11:00:00,76,0
MO_02258,TYRE_0126,21,2026-01-15,2026-01-19 00:00:00,2026-01-15 00:00:00,2026-01-16 21:00:00,98,0
MO_02259,TYRE_0089,42,2026-01-15,2026-01-18 20:00:00,2026-01-15 00:00:00,2026-01-15 00:00:00,98,1
MO_02260,TYRE_0124,61,2026-01-24,2026-02-06 00:00:00,2026-01-25 23:00:00,2026-01-25 23:00:00,58,0
MO_02261,TYRE_0089,244,2026-01-24,2026-02-05 20:00:00,2026-01-23 23:00:00,2026-01-24 00:00:00,58,1
MO_02262,TYRE_0005,97,2026-01-30,2026-02-05 00:00:00,2026-01-30 22:00:00,2026-02-02 12:00:00,68,0
MO_02263,TYRE_0040,388,2026-01-30,2026-02-04 20:00:00,2026-01-29 23:00:00,2026-01-30 00:00:00,68,1
MO_02264,TYRE_0010,291,2026-01-30,2026-02-04 20:00:00,2026-01-29 23:00:00,2026-01-30 00:00:00,68,1
MO_02265,TYRE_0025,582,2026-01-30,2026-02-04 12:00:00,2026-01-29 23:00:00,2026-01-30 00:00:00,68,2
MO_02266,TYRE_0037,582,2026-01-30,2026-02-04 00:00:00,2026-01-29 23:00:00,2026-01-30 00:00:00,68,3
MO_02267,TYRE_0115,1164,2026-01-30,2026-02-04 00:00:00,2026-01-29 23:00:00,2026-01-30 00:00:00,68,3
MO_02268,TYRE_0138,61,2026-01-11,2026-01-14 00:00:00,2026-01-11 02:00:00,2026-01-11 17:00:00,13,0
MO_02269,TYRE_0145,77,2026-01-16,2026-01-21 00:00:00,2026-01-17 07:00:00,2026-01-18 07:00:00,48,0
MO_02270,TYRE_0014,40,2026-01-29,2026-02-05 00:00:00,2026-01-29 23:00:00,2026-02-01 12:00:00,16,0
MO_02271,TYRE_0141,24,2026-01-17,2026-01-20 00:00:00,2026-01-17 05:00:00,2026-01-17 20:00:00,80,0
MO_02272,TYRE_0108,63,2026-01-26,2026-02-01 00:00:00,2026-01-26 12:00:00,2026-01-29 08:00:00,58,0
MO_02273,TYRE_0127,126,2026-01-26,2026-01-31 20:00:00,2026-01-25 23:00:00,2026-01-26 00:00:00,58,1
MO_02274,TYRE_0142,504,2026-01-26,2026-01-31 12:00:00,2026-01-25 23:00:00,2026-01-26 00:00:00,58,2
MO_02275,TYRE_0011,378,2026-01-26,2026-01-31 12:00:00,2026-01-25 23:00:00,2026-01-26 00:00:00,58,2
MO_02276,TYRE_0112,756,2026-01-26,2026-01-31 00:00:00,2026-01-25 23:00:00,2026-01-26 00:00:00,58,3
MO_02277,TYRE_0039,1134,2026-01-26,2026-01-31 00:00:00,2026-01-25 23:00:00,2026-01-26 00:00:00,58,3
MO_02278,TYRE_0085,7,2026-01-04,2026-01-09 00:00:00,2026-01-04 14:00:00,2026-01-07 11:00:00,98,0
MO_02279,TYRE_0014,46,2026-01-01,2026-01-06 00:00:00,2026-01-02 05:00:00,2026-01-03 14:00:00,24,0
MO_02280,TYRE_0137,72,2026-01-08,2026-01-19 00:00:00,2026-01-08 11:00:00,2026-01-10 15:00:00,16,0
MO_02281,TYRE_0141,46,2026-01-17,2026-01-19 00:00:00,2026-01-17 23:00:00,2026-01-18 00:00:00,56,0
MO_02282,TYRE_0124,89,2026-01-03,2026-01-06 00:00:00,2026-01-04 23:00:00,2026-01-05 00:00:00,77,0
MO_02283,TYRE_0089,356,2026-01-03,2026-01-05 20:00:00,2026-01-02 23:00:00,2026-01-03 00:00:00,77,1
MO_02284,TYRE_0108,9,2026-01-29,2026-02-08 00:00:00,2026-01-30 10:00:00,2026-02-01 05:00:00,54,0
MO_02285,TYRE_0127,18,2026-01-29,2026-02-07 20:00:00,2026-01-28 23:00:00,2026-01-29 00:00:00,54,1
MO_02286,TYRE_0142,72,2026-01-29,2026-02-07 12:00:00,2026-01-28 23:00:00,2026-01-29 00:00:00,54,2
MO_02287,TYRE_0011,54,2026-01-29,2026-02-07 12:00:00,2026-01-28 23:00:00,2026-01-29 00:00:00,54,2
MO_02288,TYRE_0112,108,2026-01-29,2026-02-07 00:00:00,2026-01-28 23:00:00,2026-01-29 00:00:00,54,3
MO_02289,TYRE_0039,162,2026-01-29,2026-02-07 00:00:00,2026-01-28 23:00:00,2026-01-29 00:00:00,54,3
MO_02290,TYRE_0086,78,2026-01-20,2026-01-21 00:00:00,2026-01-20 00:00:00,2026-01-20 00:00:00,28,0
MO_02291,TYRE_0093,234,2026-01-20,2026-01-20 20:00:00,2026-01-19 20:00:00,2026-01-20 00:00:00,28,1
MO_02292,TYRE_0102,936,2026-01-20,2026-01-20 12:00:00,2026-01-19 12:00:00,2026-01-20 00:00:00,28,2
MO_02293,TYRE_0041,234,2026-01-20,2026-01-20 12:00:00,2026-01-19 12:00:00,2026-01-20 00:00:00,28,2
MO_02294,TYRE_0033,234,2026-01-20,2026-01-20 20:00:00,2026-01-19 20:00:00,2026-01-20 00:00:00,28,1
MO_02295,TYRE_0135,11,2026-01-15,2026-01-21 00:00:00,2026-01-15 03:00:00,2026-01-16 01:00:00,56,0
MO_02296,TYRE_0082,22,2026-01-15,2026-01-20 20:00:00,2026-01-14 23:00:00,2026-01-15 00:00:00,56,1
MO_02297,TYRE_0081,22,2026-01-15,2026-01-20 20:00:00,2026-01-14 23:00:00,2026-01-15 00:00:00,56,1
MO_02298,TYRE_0009,31,2026-01-15,2026-01-19 00:00:00,2026-01-15 06:00:00,2026-01-16 01:00:00,62,0
MO_02299,TYRE_0020,51,2026-01-24,2026-01-28 00:00:00,2026-01-25 22:00:00,2026-01-26 16:00:00,36,0
MO_02300,TYRE_0091,51,2026-01-24,2026-01-27 20:00:00,2026-01-23 23:00:00,2026-01-24 00:00:00,36,1
MO_02301,TYRE_0124,102,2026-01-24,2026-01-27 12:00:00,2026-01-23 23:00:00,2026-01-24 00:00:00,36,2
MO_02302,TYRE_0089,408,2026-01-24,2026-01-27 00:00:00,2026-01-23 23:00:00,2026-01-24 00:00:00,36,3
MO_02303,TYRE_0043,204,2026-01-24,2026-01-27 20:00:00,2026-01-23 23:00:00,2026-01-24 00:00:00,36,1
MO_02304,TYRE_0138,95,2026-01-22,2026-01-28 00:00:00,2026-01-23 18:00:00,2026-01-26 17:00:00,14,0
MO_02305,TYRE_0009,98,2026-01-14,2026-01-18 00:00:00,2026-01-14 15:00:00,2026-01-15 19:00:00,69,0
MO_02306,TYRE_0025,71,2026-01-26,2026-01-27 00:00:00,2026-01-25 23:00:00,2026-01-26 00:00:00,86,0
MO_02307,TYRE_0037,71,2026-01-26,2026-01-26 20:00:00,2026-01-25 20:00:00,2026-01-26 00:00:00,86,1
MO_02308,TYRE_0135,142,2026-01-26,2026-01-26 12:00:00,2026-01-25 12:00:00,2026-01-26 00:00:00,86,2
MO_02309,TYRE_0082,284,2026-01-26,2026-01-26 00:00:00,2026-01-25 00:00:00,2026-01-26 00:00:00,86,3
MO_02310,TYRE_0081,284,2026-01-26,2026-01-26 00:00:00,2026-01-25 00:00:00,2026-01-26 00:00:00,86,3
MO_02311,TYRE_0115,142,2026-01-26,2026-01-26 20:00:00,2026-01-25 20:00:00,2026-01-26 00:00:00,86,1
MO_02312,TYRE_0016,142,2026-01-26,2026-01-26 12:00:00,2026-01-25 12:00:00,2026-01-26 00:00:00,86,2
MO_02313,TYRE_0075,284,2026-01-26,2026-01-26 00:00:00,2026-01-25 00:00:00,2026-01-26 00:00:00,86,3
MO_02314,TYRE_0005,568,2026-01-26,2026-01-26 00:00:00,2026-01-25 00:00:00,2026-01-26 00:00:00,86,3
MO_02315,TYRE_0119,29,2026-01-28,2026-02-04 00:00:00,2026-01-29 21:00:00,2026-02-01 17:00:00,71,0
MO_02316,TYRE_0121,116,2026-01-28,2026-02-03 20:00:00,2026-01-27 23:00:00,2026-01-28 00:00:00,71,1
MO_02317,TYRE_0021,464,2026-01-28,2026-02-03 12:00:00,2026-01-27 23:00:00,2026-01-28 00:00:00,71,2
MO_02318,TYRE_0070,928,2026-01-28,2026-02-03 00:00:00,2026-01-27 23:00:00,2026-01-28 00:00:00,71,3
MO_02319,TYRE_0096,1392,2026-01-28,2026-02-03 00:00:00,2026-01-27 23:00:00,2026-01-28 00:00:00,71,3
MO_02320,TYRE_0055,76,2026-01-23,2026-01-28 00:00:00,2026-01-24 20:00:00,2026-01-25 07:00:00,68,0
MO_02321,TYRE_0009,304,2026-01-23,2026-01-27 20:00:00,2026-01-22 23:00:00,2026-01-23 00:00:00,68,1
MO_02322,TYRE_0053,152,2026-01-23,2026-01-27 20:00:00,2026-01-22 23:00:00,2026-01-23 00:00:00,68,1
MO_02323,TYRE_0122,456,2026-01-23,2026-01-27 12:00:00,2026-01-22 23:00:00,2026-01-23 00:00:00,68,2
MO_02324,TYRE_0112,1368,2026-01-23,2026-01-27 00:00:00,2026-01-22 23:00:00,2026-01-23 00:00:00,68,3
MO_02325,TYRE_0110,304,2026-01-23,2026-01-27 12:00:00,2026-01-22 23:00:00,2026-01-23 00:00:00,68,2
MO_02326,TYRE_0042,912,2026-01-23,2026-01-27 00:00:00,2026-01-22 23:00:00,2026-01-23 00:00:00,68,3
MO_02327,TYRE_0106,91,2026-01-14,2026-01-20 00:00:00,2026-01-15 16:00:00,2026-01-16 01:00:00,70,0
MO_02328,TYRE_0055,26,2026-01-24,2026-01-28 00:00:00,2026-01-25 00:00:00,2026-01-26 12:00:00,65,0
MO_02329,TYRE_0009,104,2026-01-24,2026-01-27 20:00:00,2026-01-23 23:00:00,2026-01-24 00:00:00,65,1
MO_02330,TYRE_0053,52,2026-01-24,2026-01-27 20:00:00,2026-01-23 23:00:00,2026-01-24 00:00:00,65,1
MO_02331,TYRE_0122,156,2026-01-24,2026-01-27 12:00:00,2026-01-23 23:00:00,2026-01-24 00:00:00,65,2
MO_02332,TYRE_0112,468,2026-01-24,2026-01-27 00:00:00,2026-01-23 23:00:00,2026-01-24 00:00:00,65,3
MO_02333,TYRE_0110,104,2026-01-24,2026-01-27 12:00:00,2026-01-23 23:00:00,2026-01-24 00:00:00,65,2
MO_02334,TYRE_0042,312,2026-01-24,2026-01-27 00:00:00,2026-01-23 23:00:00,2026-01-24 00:00:00,65,3
MO_02335,TYRE_0140,89,2026-01-02,2026-01-08 00:00:00,2026-01-02 02:00:00,2026-01-04 08:00:00,87,0
MO_02336,TYRE_0081,89,2026-01-02,2026-01-07 20:00:00,2026-01-01 23:00:00,2026-01-02 00:00:00,87,1
MO_02337,TYRE_0009,45,2026-01-13,2026-01-19 00:00:00,2026-01-13 21:00:00,2026-01-14 00:00:00,56,0
MO_02338,TYRE_0124,86,2026-01-26,2026-02-09 00:00:00,2026-01-27 06:00:00,2026-01-29 20:00:00,57,0
MO_02339,TYRE_0089,344,2026-01-26,2026-02-08 20:00:00,2026-01-25 23:00:00,2026-01-26 00:00:00,57,1
MO_02340,TYRE_0119,77,2026-01-14,2026-01-19 00:00:00,2026-01-15 12:00:00,2026-01-15 23:00:00,19,0
MO_02341,TYRE_0121,308,2026-01-14,2026-01-18 20:00:00,2026-01-13 23:00:00,2026-01-14 00:00:00,19,1
MO_02342,TYRE_0021,1232,2026-01-14,2026-01-18 12:00:00,2026-01-13 23:00:00,2026-01-14 00:00:00,19,2
MO_02343,TYRE_0070,2464,2026-01-14,2026-01-18 00:00:00,2026-01-13 23:00:00,2026-01-14 00:00:00,19,3
MO_02344,TYRE_0096,3696,2026-01-14,2026-01-18 00:00:00,2026-01-13 23:00:00,2026-01-14 00:00:00,19,3
MO_02345,TYRE_0135,51,2026-01-27,2026-02-02 00:00:00,2026-01-27 21:00:00,2026-01-28 14:00:00,41,0
MO_02346,TYRE_0082,102,2026-01-27,2026-02-01 20:00:00,2026-01-26 23:00:00,2026-01-27 00:00:00,41,1
MO_02347,TYRE_0081,102,2026-01-27,2026-02-01 20:00:00,2026-01-26 23:00:00,2026-01-27 00:00:00,41,1
MO_02348,TYRE_0114,97,2026-01-24,2026-02-01 00:00:00,2026-01-25 02:00:00,2026-01-25 09:00:00,74,0
MO_02349,TYRE_0140,388,2026-01-24,2026-01-31 20:00:00,2026-01-23 23:00:00,2026-01-24 00:00:00,74,1
MO_02350,TYRE_0081,388,2026-01-24,2026-01-31 12:00:00,2026-01-23 23:00:00,2026-01-24 00:00:00,74,2
MO_02351,TYRE_0034,291,2026-01-24,2026-01-31 20:00:00,2026-01-23 23:00:00,2026-01-24 00:00:00,74,1
MO_02352,TYRE_0025,43,2026-01-19,2026-01-24 00:00:00,2026-01-19 01:00:00,2026-01-20 08:00:00,33,0
MO_02353,TYRE_0037,43,2026-01-19,2026-01-23 20:00:00,2026-01-18 23:00:00,2026-01-19 00:00:00,33,1
MO_02354,TYRE_0135,86,2026-01-19,2026-01-23 12:00:00,2026-01-18 23:00:00,2026-01-19 00:00:00,33,2
MO_02355,TYRE_0082,172,2026-01-19,2026-01-23 00:00:00,2026-01-18 23:00:00,2026-01-19 00:00:00,33,3
MO_02356,TYRE_0081,172,2026-01-19,2026-01-23 00:00:00,2026-01-18 23:00:00,2026-01-19 00:00:00,33,3
MO_02357,TYRE_0115,86,2026-01-19,2026-01-23 20:00:00,2026-01-18 23:00:00,2026-01-19 00:00:00,33,1
MO_02358,TYRE_0016,86,2026-01-19,2026-01-23 12:00:00,2026-01-18 23:00:00,2026-01-19 00:00:00,33,2
MO_02359,TYRE_0075,172,2026-01-19,2026-01-23 00:00:00,2026-01-18 23:00:00,2026-01-19 00:00:00,33,3
MO_02360,TYRE_0005,344,2026-01-19,2026-01-23 00:00:00,2026-01-18 23:00:00,2026-01-19 00:00:00,33,3
MO_02361,TYRE_0102,7,2026-01-07,2026-01-13 00:00:00,2026-01-07 21:00:00,2026-01-09 21:00:00,38,0
MO_02362,TYRE_0070,17,2026-01-03,2026-01-13 00:00:00,2026-01-03 16:00:00,2026-01-06 06:00:00,16,0
MO_02363,TYRE_0027,51,2026-01-03,2026-01-12 20:00:00,2026-01-02 23:00:00,2026-01-03 00:00:00,16,1
MO_02364,TYRE_0007,153,2026-01-03,2026-01-12 12:00:00,2026-01-02 23:00:00,2026-01-03 00:00:00,16,2
MO_02365,TYRE_0146,459,2026-01-03,2026-01-12 00:00:00,2026-01-02 23:00:00,2026-01-03 00:00:00,16,3
MO_02366,TYRE_0074,459,2026-01-03,2026-01-12 00:00:00,2026-01-02 23:00:00,2026-01-03 00:00:00,16,3
MO_02367,TYRE_0091,51,2026-01-03,2026-01-12 20:00:00,2026-01-02 23:00:00,2026-01-03 00:00:00,16,1
MO_02368,TYRE_0124,102,2026-01-03,2026-01-12 12:00:00,2026-01-02 23:00:00,2026-01-03 00:00:00,16,2
MO_02369,TYRE_0089,408,2026-01-03,2026-01-12 00:00:00,2026-01-02 23:00:00,2026-01-03 00:00:00,16,3
MO_02370,TYRE_0014,51,2026-01-15,2026-01-17 00:00:00,2026-01-15 23:00:00,2026-01-16 00:00:00,26,0
MO_02371,TYRE_0063,16,2026-01-23,2026-01-29 00:00:00,2026-01-23 19:00:00,2026-01-26 13:00:00,34,0
MO_02372,TYRE_0080,97,2026-01-14,2026-01-23 00:00:00,2026-01-14 23:00:00,2026-01-16 13:00:00,45,0
MO_02373,TYRE_0017,97,2026-01-14,2026-01-22 20:00:00,2026-01-13 23:00:00,2026-01-14 00:00:00,45,1
MO_02374,TYRE_0066,291,2026-01-14,2026-01-22 12:00:00,2026-01-13 23:00:00,2026-01-14 00:00:00,45,2
MO_02375,TYRE_0011,582,2026-01-14,2026-01-22 00:00:00,2026-01-13 23:00:00,2026-01-14 00:00:00,45,3
MO_02376,TYRE_0010,291,2026-01-14,2026-01-22 00:00:00,2026-01-13 23:00:00,2026-01-14 00:00:00,45,3
MO_02377,TYRE_0135,97,2026-01-14,2026-01-22 12:00:00,2026-01-13 23:00:00,2026-01-14 00:00:00,45,2
MO_02378,TYRE_0082,194,2026-01-14,2026-01-22 00:00:00,2026-01-13 23:00:00,2026-01-14 00:00:00,45,3
MO_02379,TYRE_0081,194,2026-01-14,2026-01-22 00:00:00,2026-01-13 23:00:00,2026-01-14 00:00:00,45,3
MO_02380,TYRE_0086,94,2026-01-11,2026-01-14 00:00:00,2026-01-12 20:00:00,2026-01-13 00:00:00,70,0
MO_02381,TYRE_0093,282,2026-01-11,2026-01-13 20:00:00,2026-01-10 23:00:00,2026-01-11 00:00:00,70,1
MO_02382,TYRE_0102,1128,2026-01-11,2026-01-13 12:00:00,2026-01-10 23:00:00,2026-01-11 00:00:00,70,2
MO_02383,TYRE_0041,282,2026-01-11,2026-01-13 12:00:00,2026-01-10 23:00:00,2026-01-11 00:00:00,70,2
MO_02384,TYRE_0033,282,2026-01-11,2026-01-13 20:00:00,2026-01-10 23:00:00,2026-01-11 00:00:00,70,1
MO_02385,TYRE_0048,43,2026-01-15,2026-01-18 00:00:00,2026-01-16 06:00:00,2026-01-17 00:00:00,80,0
MO_02386,TYRE_0090,12,2026-01-28,2026-02-01 00:00:00,2026-01-29 18:00:00,2026-01-30 19:00:00,44,0
MO_02387,TYRE_0127,48,2026-01-28,2026-01-31 20:00:00,2026-01-27 23:00:00,2026-01-28 00:00:00,44,1
MO_02388,TYRE_0142,192,2026-01-28,2026-01-31 12:00:00,2026-01-27 23:00:00,2026-01-28 00:00:00,44,2
MO_02389,TYRE_0011,144,2026-01-28,2026-01-31 12:00:00,2026-01-27 23:00:00,2026-01-28 00:00:00,44,2
MO_02390,TYRE_0112,288,2026-01-28,2026-01-31 00:00:00,2026-01-27 23:00:00,2026-01-28 00:00:00,44,3
MO_02391,TYRE_0039,432,2026-01-28,2026-01-31 00:00:00,2026-01-27 23:00:00,2026-01-28 00:00:00,44,3
MO_02392,TYRE_0085,58,2026-01-13,2026-01-20 00:00:00,2026-01-13 07:00:00,2026-01-14 05:00:00,93,0
MO_02393,TYRE_0030,100,2026-01-18,2026-01-29 00:00:00,2026-01-18 04:00:00,2026-01-20 18:00:00,87,0
MO_02394,TYRE_0081,400,2026-01-18,2026-01-28 20:00:00,2026-01-17 23:00:00,2026-01-18 00:00:00,87,1
MO_02395,TYRE_0019,300,2026-01-18,2026-01-28 20:00:00,2026-01-17 23:00:00,2026-01-18 00:00:00,87,1
MO_02396,TYRE_0123,300,2026-01-18,2026-01-28 12:00:00,2026-01-17 23:00:00,2026-01-18 00:00:00,87,2
MO_02397,TYRE_0048,600,2026-01-18,2026-01-28 00:00:00,2026-01-17 23:00:00,2026-01-18 00:00:00,87,3
MO_02398,TYRE_0002,11,2026-01-26,2026-02-02 00:00:00,2026-01-26 01:00:00,2026-01-28 18:00:00,59,0
MO_02399,TYRE_0116,46,2026-01-06,2026-01-11 00:00:00,2026-01-06 03:00:00,2026-01-07 17:00:00,65,0
MO_02400,TYRE_0102,98,2026-01-03,2026-01-06 00:00:00,2026-01-04 10:00:00,2026-01-05 00:00:00,74,0
MO_02401,TYRE_0114,33,2026-01-19,2026-01-23 00:00:00,2026-01-20 09:00:00,2026-01-22 06:00:00,50,0
MO_02402,TYRE_0140,132,2026-01-19,2026-01-22 20:00:00,2026-01-18 23:00:00,2026-01-19 00:00:00,50,1
MO_02403,TYRE_0081,132,2026-01-19,2026-01-22 12:00:00,2026-01-18 23:00:00,2026-01-19 00:00:00,50,2
MO_02404,TYRE_0034,99,2026-01-19,2026-01-22 20:00:00,2026-01-18 23:00:00,2026-01-19 00:00:00,50,1
MO_02405,TYRE_0090,48,2026-01-15,2026-01-20 00:00:00,2026-01-15 02:00:00,2026-01-15 16:00:00,34,0
MO_02406,TYRE_0127,192,2026-01-15,2026-01-19 20:00:00,2026-01-14 23:00:00,2026-01-15 00:00:00,34,1
MO_02407,TYRE_0142,768,2026-01-15,2026-01-19 12:00:00,2026-01-14 23:00:00,2026-01-15 00:00:00,34,2
MO_02408,TYRE_0011,576,2026-01-15,2026-01-19 12:00:00,2026-01-14 23:00:00,2026-01-15 00:00:00,34,2
MO_02409,TYRE_0112,1152,2026-01-15,2026-01-19 00:00:00,2026-01-14 23:00:00,2026-01-15 00:00:00,34,3
MO_02410,TYRE_0039,1728,2026-01-15,2026-01-19 00:00:00,2026-01-14 23:00:00,2026-01-15 00:00:00,34,3
MO_02411,TYRE_0080,38,2026-01-25,2026-02-01 00:00:00,2026-01-26 23:00:00,2026-01-27 14:00:00,43,0
MO_02412,TYRE_0017,38,2026-01-25,2026-01-31 20:00:00,2026-01-24 23:00:00,2026-01-25 00:00:00,43,1
MO_02413,TYRE_0066,114,2026-01-25,2026-01-31 12:00:00,2026-01-24 23:00:00,2026-01-25 00:00:00,43,2
MO_02414,TYRE_0011,228,2026-01-25,2026-01-31 00:00:00,2026-01-24 23:00:00,2026-01-25 00:00:00,43,3
MO_02415,TYRE_0010,114,2026-01-25,2026-01-31 00:00:00,2026-01-24 23:00:00,2026-01-25 00:00:00,43,3
MO_02416,TYRE_0135,38,2026-01-25,2026-01-31 12:00:00,2026-01-24 23:00:00,2026-01-25 00:00:00,43,2
MO_02417,TYRE_0082,76,2026-01-25,2026-01-31 00:00:00,2026-01-24 23:00:00,2026-01-25 00:00:00,43,3
MO_02418,TYRE_0081,76,2026-01-25,2026-01-31 00:00:00,2026-01-24 23:00:00,2026-01-25 00:00:00,43,3
MO_02419,TYRE_0118,22,2026-01-23,2026-01-28 00:00:00,2026-01-23 19:00:00,2026-01-26 18:00:00,17,0
MO_02420,TYRE_0120,76,2026-01-05,2026-01-10 00:00:00,2026-01-05 08:00:00,2026-01-05 23:00:00,65,0
MO_02421,TYRE_0080,76,2026-01-05,2026-01-09 20:00:00,2026-01-04 23:00:00,2026-01-05 00:00:00,65,1
MO_02422,TYRE_0017,76,2026-01-05,2026-01-09 12:00:00,2026-01-04 23:00:00,2026-01-05 00:00:00,65,2
MO_02423,TYRE_0066,228,2026-01-05,2026-01-09 00:00:00,2026-01-04 23:00:00,2026-01-05 00:00:00,65,3
MO_02424,TYRE_0135,76,2026-01-05,2026-01-09 00:00:00,2026-01-04 23:00:00,2026-01-05 00:00:00,65,3
MO_02425,TYRE_0119,14,2026-01-28,2026-02-02 00:00:00,2026-01-28 05:00:00,2026-01-29 19:00:00,93,0
MO_02426,TYRE_0121,56,2026-01-28,2026-02-01 20:00:00,2026-01-27 23:00:00,2026-01-28 00:00:00,93,1
MO_02427,TYRE_0021,224,2026-01-28,2026-02-01 12:00:00,2026-01-27 23:00:00,2026-01-28 00:00:00,93,2
MO_02428,TYRE_0070,448,2026-01-28,2026-02-01 00:00:00,2026-01-27 23:00:00,2026-01-28 00:00:00,93,3
MO_02429,TYRE_0096,672,2026-01-28,2026-02-01 00:00:00,2026-01-27 23:00:00,2026-01-28 00:00:00,93,3
MO_02430,TYRE_0112,19,2026-01-10,2026-01-14 00:00:00,2026-01-11 22:00:00,2026-01-12 08:00:00,39,0
MO_02431,TYRE_0028,19,2026-01-10,2026-01-13 20:00:00,2026-01-09 23:00:00,2026-01-10 00:00:00,39,1
MO_02432,TYRE_0060,19,2026-01-10,2026-01-13 12:00:00,2026-01-09 23:00:00,2026-01-10 00:00:00,39,2
MO_02433,TYRE_0059,57,2026-01-10,2026-01-13 00:00:00,2026-01-09 23:00:00,2026-01-10 00:00:00,39,3
MO_02434,TYRE_0064,19,2026-01-10,2026-01-13 00:00:00,2026-01-09 23:00:00,2026-01-10 00:00:00,39,3
MO_02435,TYRE_0087,76,2026-01-10,2026-01-13 12:00:00,2026-01-09 23:00:00,2026-01-10 00:00:00,39,2
MO_02436,TYRE_0084,57,2026-01-10,2026-01-13 20:00:00,2026-01-09 23:00:00,2026-01-10 00:00:00,39,1
MO_02437,TYRE_0108,46,2026-01-07,2026-01-12 00:00:00,2026-01-07 04:00:00,2026-01-08 15:00:00,77,0
MO_02438,TYRE_0127,92,2026-01-07,2026-01-11 20:00:00,2026-01-06 23:00:00,2026-01-07 00:00:00,77,1
MO_02439,TYRE_0142,368,2026-01-07,2026-01-11 12:00:00,2026-01-06 23:00:00,2026-01-07 00:00:00,77,2
MO_02440,TYRE_0011,276,2026-01-07,2026-01-11 12:00:00,2026-01-06 23:00:00,2026-01-07 00:00:00,77,2
MO_02441,TYRE_0112,552,2026-01-07,2026-01-11 00:00:00,2026-01-06 23:00:00,2026-01-07 00:00:00,77,3
MO_02442,TYRE_0039,828,2026-01-07,2026-01-11 00:00:00,2026-01-06 23:00:00,2026-01-07 00:00:00,77,3
MO_02443,TYRE_0085,26,2026-01-25,2026-01-27 00:00:00,2026-01-25 23:00:00,2026-01-26 00:00:00,30,0
MO_02444,TYRE_0113,10,2026-01-17,2026-01-24 00:00:00,2026-01-18 13:00:00,2026-01-19 11:00:00,19,0
MO_02445,TYRE_0043,20,2026-01-17,2026-01-23 20:00:00,2026-01-16 23:00:00,2026-01-17 00:00:00,19,1
MO_02446,TYRE_0019,20,2026-01-17,2026-01-23 20:00:00,2026-01-16 23:00:00,2026-01-17 00:00:00,19,1
MO_02447,TYRE_0123,20,2026-01-17,2026-01-23 12:00:00,2026-01-16 23:00:00,2026-01-17 00:00:00,19,2
MO_02448,TYRE_0048,40,2026-01-17,2026-01-23 00:00:00,2026-01-16 23:00:00,2026-01-17 00:00:00,19,3
MO_02449,TYRE_0059,24,2026-01-07,2026-01-09 00:00:00,2026-01-07 23:00:00,2026-01-08 00:00:00,96,0
MO_02450,TYRE_0071,24,2026-01-07,2026-01-08 20:00:00,2026-01-06 23:00:00,2026-01-07 00:00:00,96,1
MO_02451,TYRE_0043,24,2026-01-07,2026-01-08 12:00:00,2026-01-06 23:00:00,2026-01-07 00:00:00,96,2
MO_02452,TYRE_0014,48,2026-01-07,2026-01-08 20:00:00,2026-01-06 23:00:00,2026-01-07 00:00:00,96,1
MO_02453,TYRE_0021,36,2026-01-22,2026-01-23 00:00:00,2026-01-22 00:00:00,2026-01-22 00:00:00,42,0
MO_02454,TYRE_0070,72,2026-01-22,2026-01-22 20:00:00,2026-01-21 20:00:00,2026-01-22 00:00:00,42,1
MO_02455,TYRE_0027,216,2026-01-22,2026-01-22 12:00:00,2026-01-21 12:00:00,2026-01-22 00:00:00,42,2
MO_02456,TYRE_0007,648,2026-01-22,2026-01-22 00:00:00,2026-01-21 00:00:00,2026-01-22 00:00:00,42,3
MO_02457,TYRE_0091,216,2026-01-22,2026-01-22 12:00:00,2026-01-21 12:00:00,2026-01-22 00:00:00,42,2
MO_02458,TYRE_0124,432,2026-01-22,2026-01-22 00:00:00,2026-01-21 00:00:00,2026-01-22 00:00:00,42,3
MO_02459,TYRE_0096,108,2026-01-22,2026-01-22 20:00:00,2026-01-21 20:00:00,2026-01-22 00:00:00,42,1
MO_02460,TYRE_0049,216,2026-01-22,2026-01-22 12:00:00,2026-01-21 12:00:00,2026-01-22 00:00:00,42,2
MO_02461,TYRE_0037,6,2026-01-26,2026-02-07 00:00:00,2026-01-26 12:00:00,2026-01-28 07:00:00,84,0
MO_02462,TYRE_0135,12,2026-01-26,2026-02-06 20:00:00,2026-01-25 23:00:00,2026-01-26 00:00:00,84,1
MO_02463,TYRE_0082,24,2026-01-26,2026-02-06 12:00:00,2026-01-25 23:00:00,2026-01-26 00:00:00,84,2
MO_02464,TYRE_0081,24,2026-01-26,2026-02-06 12:00:00,2026-01-25 23:00:00,2026-01-26 00:00:00,84,2
MO_02465,TYRE_0090,65,2026-01-30,2026-02-01 00:00:00,2026-01-31 01:00:00,2026-01-31 01:00:00,92,0
MO_02466,TYRE_0127,260,2026-01-30,2026-01-31 20:00:00,2026-01-29 23:00:00,2026-01-30 00:00:00,92,1
MO_02467,TYRE_0142,1040,2026-01-30,2026-01-31 12:00:00,2026-01-29 23:00:00,2026-01-30 00:00:00,92,2
MO_02468,TYRE_0011,780,2026-01-30,2026-01-31 12:00:00,2026-01-29 23:00:00,2026-01-30 00:00:00,92,2
MO_02469,TYRE_0112,1560,2026-01-30,2026-01-31 00:00:00,2026-01-30 00:00:00,2026-01-30 00:00:00,92,3
MO_02470,TYRE_0039,2340,2026-01-30,2026-01-31 00:00:00,2026-01-30 00:00:00,2026-01-30 00:00:00,92,3
MO_02471,TYRE_0120,31,2026-01-12,2026-01-17 00:00:00,2026-01-12 21:00:00,2026-01-13 03:00:00,84,0
MO_02472,TYRE_0080,31,2026-01-12,2026-01-16 20:00:00,2026-01-11 23:00:00,2026-01-12 00:00:00,84,1
MO_02473,TYRE_0017,31,2026-01-12,2026-01-16 12:00:00,2026-01-11 23:00:00,2026-01-12 00:00:00,84,2
MO_02474,TYRE_0066,93,2026-01-12,2026-01-16 00:00:00,2026-01-11 23:00:00,2026-01-12 00:00:00,84,3
MO_02475,TYRE_0135,31,2026-01-12,2026-01-16 00:00:00,2026-01-11 23:00:00,2026-01-12 00:00:00,84,3
MO_02476,TYRE_0143,84,2026-01-25,2026-02-01 00:00:00,2026-01-26 07:00:00,2026-01-28 06:00:00,13,0
MO_02477,TYRE_0094,336,2026-01-25,2026-01-31 20:00:00,2026-01-24 23:00:00,2026-01-25 00:00:00,13,1
MO_02478,TYRE_0036,53,2026-01-17,2026-01-21 00:00:00,2026-01-17 14:00:00,2026-01-18 05:00:00,32,0
MO_02479,TYRE_0148,53,2026-01-17,2026-01-20 20:00:00,2026-01-16 23:00:00,2026-01-17 00:00:00,32,1
MO_02480,TYRE_0055,26,2026-01-13,2026-01-19 00:00:00,2026-01-13 10:00:00,2026-01-15 09:00:00,78,0
MO_02481,TYRE_0009,104,2026-01-13,2026-01-18 20:00:00,2026-01-12 23:00:00,2026-01-13 00:00:00,78,1
MO_02482,TYRE_0053,52,2026-01-13,2026-01-18 20:00:00,2026-01-12 23:00:00,2026-01-13 00:00:00,78,1
MO_02483,TYRE_0122,156,2026-01-13,2026-01-18 12:00:00,2026-01-12 23:00:00,2026-01-13 00:00:00,78,2
MO_02484,TYRE_0112,468,2026-01-13,2026-01-18 00:00:00,2026-01-12 23:00:00,2026-01-13 00:00:00,78,3
MO_02485,TYRE_0110,104,2026-01-13,2026-01-18 12:00:00,2026-01-12 23:00:00,2026-01-13 00:00:00,78,2
MO_02486,TYRE_0042,312,2026-01-13,2026-01-18 00:00:00,2026-01-12 23:00:00,2026-01-13 00:00:00,78,3
MO_02487,TYRE_0120,11,2026-01-20,2026-01-26 00:00:00,2026-01-20 15:00:00,2026-01-22 09:00:00,62,0
MO_02488,TYRE_0080,11,2026-01-20,2026-01-25 20:00:00,2026-01-19 23:00:00,2026-01-20 00:00:00,62,1
MO_02489,TYRE_0017,11,2026-01-20,2026-01-25 12:00:00,2026-01-19 23:00:00,2026-01-20 00:00:00,62,2
MO_02490,TYRE_0066,33,2026-01-20,2026-01-25 00:00:00,2026-01-19 23:00:00,2026-01-20 00:00:00,62,3
MO_02491,TYRE_0135,11,2026-01-20,2026-01-25 00:00:00,2026-01-19 23:00:00,2026-01-20 00:00:00,62,3
MO_02492,TYRE_0043,39,2026-01-25,2026-01-28 00:00:00,2026-01-26 22:00:00,2026-01-27 00:00:00,14,0
MO_02493,TYRE_0092,42,2026-01-04,2026-01-12 00:00:00,2026-01-04 05:00:00,2026-01-06 22:00:00,27,0
MO_02494,TYRE_0098,70,2026-01-10,2026-01-17 00:00:00,2026-01-11 21:00:00,2026-01-13 03:00:00,26,0
MO_02495,TYRE_0132,280,2026-01-10,2026-01-16 20:00:00,2026-01-09 23:00:00,2026-01-10 00:00:00,26,1
MO_02496,TYRE_0052,280,2026-01-10,2026-01-16 12:00:00,2026-01-09 23:00:00,2026-01-10 00:00:00,26,2
MO_02497,TYRE_0145,560,2026-01-10,2026-01-16 00:00:00,2026-01-09 23:00:00,2026-01-10 00:00:00,26,3
MO_02498,TYRE_0087,840,2026-01-10,2026-01-16 00:00:00,2026-01-09 23:00:00,2026-01-10 00:00:00,26,3
MO_02499,TYRE_0084,280,2026-01-10,2026-01-16 12:00:00,2026-01-09 23:00:00,2026-01-10 00:00:00,26,2
MO_02500,TYRE_0121,210,2026-01-10,2026-01-16 20:00:00,2026-01-09 23:00:00,2026-01-10 00:00:00,26,1
MO_02501,TYRE_0021,840,2026-01-10,2026-01-16 12:00:00,2026-01-09 23:00:00,2026-01-10 00:00:00,26,2
MO_02502,TYRE_0070,1680,2026-01-10,2026-01-16 00:00:00,2026-01-09 23:00:00,2026-01-10 00:00:00,26,3
MO_02503,TYRE_0096,2520,2026-01-10,2026-01-16 00:00:00,2026-01-09 23:00:00,2026-01-10 00:00:00,26,3
MO_02504,TYRE_0025,81,2026-01-03,2026-01-18 00:00:00,2026-01-03 10:00:00,2026-01-05 00:00:00,67,0
MO_02505,TYRE_0037,81,2026-01-03,2026-01-17 20:00:00,2026-01-02 23:00:00,2026-01-03 00:00:00,67,1
MO_02506,TYRE_0135,162,2026-01-03,2026-01-17 12:00:00,2026-01-02 23:00:00,2026-01-03 00:00:00,67,2
MO_02507,TYRE_0082,324,2026-01-03,2026-01-17 00:00:00,2026-01-02 23:00:00,2026-01-03 00:00:00,67,3
MO_02508,TYRE_0081,324,2026-01-03,2026-01-17 00:00:00,2026-01-02 23:00:00,2026-01-03 00:00:00,67,3
MO_02509,TYRE_0115,162,2026-01-03,2026-01-17 20:00:00,2026-01-02 23:00:00,2026-01-03 00:00:00,67,1
MO_02510,TYRE_0016,162,2026-01-03,2026-01-17 12:00:00,2026-01-02 23:00:00,2026-01-03 00:00:00,67,2
MO_02511,TYRE_0075,324,2026-01-03,2026-01-17 00:00:00,2026-01-02 23:00:00,2026-01-03 00:00:00,67,3
MO_02512,TYRE_0005,648,2026-01-03,2026-01-17 00:00:00,2026-01-02 23:00:00,2026-01-03 00:00:00,67,3
MO_02513,TYRE_0012,76,2026-01-09,2026-01-11 00:00:00,2026-01-09 09:00:00,2026-01-09 17:00:00,76,0
MO_02514,TYRE_0005,44,2026-01-13,2026-01-16 00:00:00,2026-01-13 15:00:00,2026-01-15 07:00:00,81,0
MO_02515,TYRE_0040,176,2026-01-13,2026-01-15 20:00:00,2026-01-12 23:00:00,2026-01-13 00:00:00,81,1
MO_02516,TYRE_0010,132,2026-01-13,2026-01-15 20:00:00,2026-01-12 23:00:00,2026-01-13 00:00:00,81,1
MO_02517,TYRE_0025,264,2026-01-13,2026-01-15 12:00:00,2026-01-12 23:00:00,2026-01-13 00:00:00,81,2
MO_02518,TYRE_0037,264,2026-01-13,2026-01-15 00:00:00,2026-01-12 23:00:00,2026-01-13 00:00:00,81,3
MO_02519,TYRE_0115,528,2026-01-13,2026-01-15 00:00:00,2026-01-12 23:00:00,2026-01-13 00:00:00,81,3
MO_02520,TYRE_0135,49,2026-01-18,2026-01-22 00:00:00,2026-01-18 11:00:00,2026-01-21 01:00:00,65,0
MO_02521,TYRE_0082,98,2026-01-18,2026-01-21 20:00:00,2026-01-17 23:00:00,2026-01-18 00:00:00,65,1
MO_02522,TYRE_0081,98,2026-01-18,2026-01-21 20:00:00,2026-01-17 23:00:00,2026-01-18 00:00:00,65,1
MO_02523,TYRE_0090,69,2026-01-15,2026-01-20 00:00:00,2026-01-15 06:00:00,2026-01-15 19:00:00,49,0
MO_02524,TYRE_0127,276,2026-01-15,2026-01-19 20:00:00,2026-01-14 23:00:00,2026-01-15 00:00:00,49,1
MO_02525,TYRE_0142,1104,2026-01-15,2026-01-19 12:00:00,2026-01-14 23:00:00,2026-01-15 00:00:00,49,2
MO_02526,TYRE_0011,828,2026-01-15,2026-01-19 12:00:00,2026-01-14 23:00:00,2026-01-15 00:00:00,49,2
MO_02527,TYRE_0112,1656,2026-01-15,2026-01-19 00:00:00,2026-01-14 23:00:00,2026-01-15 00:00:00,49,3
MO_02528,TYRE_0039,2484,2026-01-15,2026-01-19 00:00:00,2026-01-14 23:00:00,2026-01-15 00:00:00,49,3
MO_02529,TYRE_0116,8,2026-01-04,2026-01-11 00:00:00,2026-01-05 14:00:00,2026-01-07 23:00:00,96,0
MO_02530,TYRE_0071,55,2026-01-15,2026-01-21 00:00:00,2026-01-16 02:00:00,2026-01-18 17:00:00,96,0
MO_02531,TYRE_0043,55,2026-01-15,2026-01-20 20:00:00,2026-01-14 23:00:00,2026-01-15 00:00:00,96,1
MO_02532,TYRE_0022,58,2026-01-22,2026-01-27 00:00:00,2026-01-22 23:00:00,2026-01-24 02:00:00,11,0
MO_02533,TYRE_0126,82,2026-01-02,2026-01-08 00:00:00,2026-01-02 14:00:00,2026-01-02 17:00:00,30,0
MO_02534,TYRE_0089,164,2026-01-02,2026-01-07 20:00:00,2026-01-01 23:00:00,2026-01-02 00:00:00,30,1
MO_02535,TYRE_0145,22,2026-01-15,2026-01-18 00:00:00,2026-01-15 05:00:00,2026-01-16 14:00:00,61,0
MO_02536,TYRE_0055,44,2026-01-08,2026-01-18 00:00:00,2026-01-08 18:00:00,2026-01-08 21:00:00,33,0
MO_02537,TYRE_0009,176,2026-01-08,2026-01-17 20:00:00,2026-01-07 23:00:00,2026-01-08 00:00:00,33,1
MO_02538,TYRE_0053,88,2026-01-08,2026-01-17 20:00:00,2026-01-07 23:00:00,2026-01-08 00:00:00,33,1
MO_02539,TYRE_0122,264,2026-01-08,2026-01-17 12:00:00,2026-01-07 23:00:00,2026-01-08 00:00:00,33,2
MO_02540,TYRE_0112,792,2026-01-08,2026-01-17 00:00:00,2026-01-07 23:00:00,2026-01-08 00:00:00,33,3
MO_02541,TYRE_0110,176,2026-01-08,2026-01-17 12:00:00,2026-01-07 23:00:00,2026-01-08 00:00:00,33,2
MO_02542,TYRE_0042,528,2026-01-08,2026-01-17 00:00:00,2026-01-07 23:00:00,2026-01-08 00:00:00,33,3
MO_02543,TYRE_0134,23,2026-01-08,2026-01-22 00:00:00,2026-01-08 07:00:00,2026-01-11 04:00:00,62,0
MO_02544,TYRE_0058,92,2026-01-08,2026-01-21 20:00:00,2026-01-07 23:00:00,2026-01-08 00:00:00,62,1
MO_02545,TYRE_0138,276,2026-01-08,2026-01-21 12:00:00,2026-01-07 23:00:00,2026-01-08 00:00:00,62,2
MO_02546,TYRE_0009,92,2026-01-08,2026-01-21 20:00:00,2026-01-07 23:00:00,2026-01-08 00:00:00,62,1
MO_02547,TYRE_0144,13,2026-01-17,2026-01-30 00:00:00,2026-01-18 22:00:00,2026-01-21 07:00:00,47,0
MO_02548,TYRE_0119,23,2026-01-12,2026-01-14 00:00:00,2026-01-13 11:00:00,2026-01-13 14:00:00,29,0
MO_02549,TYRE_0121,92,2026-01-12,2026-01-13 20:00:00,2026-01-11 23:00:00,2026-01-12 00:00:00,29,1
MO_02550,TYRE_0021,368,2026-01-12,2026-01-13 12:00:00,2026-01-11 23:00:00,2026-01-12 00:00:00,29,2
MO_02551,TYRE_0070,736,2026-01-12,2026-01-13 00:00:00,2026-01-12 00:00:00,2026-01-12 00:00:00,29,3
MO_02552,TYRE_0096,1104,2026-01-12,2026-01-13 00:00:00,2026-01-12 00:00:00,2026-01-12 00:00:00,29,3
MO_02553,TYRE_0081,57,2026-01-19,2026-02-02 00:00:00,2026-01-19 12:00:00,2026-01-21 13:00:00,59,0
MO_02554,TYRE_0119,24,2026-01-10,2026-01-22 00:00:00,2026-01-11 08:00:00,2026-01-11 12:00:00,48,0
MO_02555,TYRE_0121,96,2026-01-10,2026-01-21 20:00:00,2026-01-09 23:00:00,2026-01-10 00:00:00,48,1
MO_02556,TYRE_0021,384,2026-01-10,2026-01-21 12:00:00,2026-01-09 23:00:00,2026-01-10 00:00:00,48,2
MO_02557,TYRE_0070,768,2026-01-10,2026-01-21 00:00:00,2026-01-09 23:00:00,2026-01-10 00:00:00,48,3
MO_02558,TYRE_0096,1152,2026-01-10,2026-01-21 00:00:00,2026-01-09 23:00:00,2026-01-10 00:00:00,48,3
MO_02559,TYRE_0027,83,2026-01-09,2026-01-10 00:00:00,2026-01-09 00:00:00,2026-01-09 00:00:00,69,0
MO_02560,TYRE_0007,249,2026-01-09,2026-01-09 20:00:00,2026-01-08 20:00:00,2026-01-09 00:00:00,69,1
MO_02561,TYRE_0146,747,2026-01-09,2026-01-09 12:00:00,2026-01-08 12:00:00,2026-01-09 00:00:00,69,2
MO_02562,TYRE_0074,747,2026-01-09,2026-01-09 12:00:00,2026-01-08 12:00:00,2026-01-09 00:00:00,69,2
MO_02563,TYRE_0042,2241,2026-01-09,2026-01-09 00:00:00,2026-01-08 00:00:00,2026-01-09 00:00:00,69,3
MO_02564,TYRE_0043,2241,2026-01-09,2026-01-09 00:00:00,2026-01-08 00:00:00,2026-01-09 00:00:00,69,3
MO_02565,TYRE_0009,81,2026-01-05,2026-01-10 00:00:00,2026-01-06 03:00:00,2026-01-07 13:00:00,48,0
MO_02566,TYRE_0055,93,2026-01-06,2026-01-07 00:00:00,2026-01-06 00:00:00,2026-01-06 00:00:00,80,0
MO_02567,TYRE_0009,372,2026-01-06,2026-01-06 20:00:00,2026-01-05 20:00:00,2026-01-06 00:00:00,80,1
MO_02568,TYRE_0053,186,2026-01-06,2026-01-06 20:00:00,2026-01-05 20:00:00,2026-01-06 00:00:00,80,1
MO_02569,TYRE_0122,558,2026-01-06,2026-01-06 12:00:00,2026-01-05 12:00:00,2026-01-06 00:00:00,80,2
MO_02570,TYRE_0112,1674,2026-01-06,2026-01-06 00:00:00,2026-01-05 00:00:00,2026-01-06 00:00:00,80,3
MO_02571,TYRE_0110,372,2026-01-06,2026-01-06 12:00:00,2026-01-05 12:00:00,2026-01-06 00:00:00,80,2
MO_02572,TYRE_0042,1116,2026-01-06,2026-01-06 00:00:00,2026-01-05 00:00:00,2026-01-06 00:00:00,80,3
MO_02573,TYRE_0034,96,2026-01-20,2026-01-27 00:00:00,2026-01-20 09:00:00,2026-01-20 10:00:00,42,0
MO_02574,TYRE_0012,65,2026-01-26,2026-02-10 00:00:00,2026-01-27 08:00:00,2026-01-29 13:00:00,38,0
MO_02575,TYRE_0120,6,2026-01-02,2026-01-09 00:00:00,2026-01-02 00:00:00,2026-01-04 23:00:00,83,0
MO_02576,TYRE_0080,6,2026-01-02,2026-01-08 20:00:00,2026-01-02 00:00:00,2026-01-02 00:00:00,83,1
MO_02577,TYRE_0017,6,2026-01-02,2026-01-08 12:00:00,2026-01-02 00:00:00,2026-01-02 00:00:00,83,2
MO_02578,TYRE_0066,18,2026-01-02,2026-01-08 00:00:00,2026-01-02 00:00:00,2026-01-02 00:00:00,83,3
MO_02579,TYRE_0135,6,2026-01-02,2026-01-08 00:00:00,2026-01-02 00:00:00,2026-01-02 00:00:00,83,3
MO_02580,TYRE_0105,31,2026-01-27,2026-02-01 00:00:00,2026-01-27 20:00:00,2026-01-29 19:00:00,19,0
MO_02581,TYRE_0102,93,2026-01-27,2026-01-31 20:00:00,2026-01-26 23:00:00,2026-01-27 00:00:00,19,1
MO_02582,TYRE_0039,93,2026-01-27,2026-01-31 20:00:00,2026-01-26 23:00:00,2026-01-27 00:00:00,19,1
MO_02583,TYRE_0122,279,2026-01-27,2026-01-31 12:00:00,2026-01-26 23:00:00,2026-01-27 00:00:00,19,2
MO_02584,TYRE_0112,837,2026-01-27,2026-01-31 00:00:00,2026-01-26 23:00:00,2026-01-27 00:00:00,19,3
MO_02585,TYRE_0048,83,2026-01-24,2026-02-08 00:00:00,2026-01-24 04:00:00,2026-01-26 04:00:00,85,0
MO_02586,TYRE_0124,59,2026-01-27,2026-02-07 00:00:00,2026-01-27 00:00:00,2026-01-27 00:00:00,76,0
MO_02587,TYRE_0089,236,2026-01-27,2026-02-06 20:00:00,2026-01-27 00:00:00,2026-01-27 00:00:00,76,1
MO_02588,TYRE_0116,97,2026-01-13,2026-01-20 00:00:00,2026-01-13 20:00:00,2026-01-15 04:00:00,12,0
MO_02589,TYRE_0009,71,2026-01-06,2026-01-14 00:00:00,2026-01-07 00:00:00,2026-01-08 10:00:00,86,0
MO_02590,TYRE_0109,36,2026-01-05,2026-01-13 00:00:00,2026-01-05 19:00:00,2026-01-08 00:00:00,40,0
MO_02591,TYRE_0027,36,2026-01-05,2026-01-12 20:00:00,2026-01-04 23:00:00,2026-01-05 00:00:00,40,1
MO_02592,TYRE_0007,108,2026-01-05,2026-01-12 12:00:00,2026-01-04 23:00:00,2026-01-05 00:00:00,40,2
MO_02593,TYRE_0146,324,2026-01-05,2026-01-12 00:00:00,2026-01-04 23:00:00,2026-01-05 00:00:00,40,3
MO_02594,TYRE_0074,324,2026-01-05,2026-01-12 00:00:00,2026-01-04 23:00:00,2026-01-05 00:00:00,40,3
MO_02595,TYRE_0083,144,2026-01-05,2026-01-12 20:00:00,2026-01-04 23:00:00,2026-01-05 00:00:00,40,1
MO_02596,TYRE_0135,76,2026-01-25,2026-02-02 00:00:00,2026-01-26 20:00:00,2026-01-29 03:00:00,36,0
MO_02597,TYRE_0082,152,2026-01-25,2026-02-01 20:00:00,2026-01-24 23:00:00,2026-01-25 00:00:00,36,1
MO_02598,TYRE_0081,152,2026-01-25,2026-02-01 20:00:00,2026-01-24 23:00:00,2026-01-25 00:00:00,36,1
MO_02599,TYRE_0143,29,2026-01-01,2026-01-05 00:00:00,2026-01-01 08:00:00,2026-01-01 22:00:00,79,0
MO_02600,TYRE_0094,116,2026-01-01,2026-01-04 20:00:00,2025-12-31 23:00:00,2026-01-01 00:00:00,79,1
MO_02601,TYRE_0135,64,2026-01-21,2026-02-02 00:00:00,2026-01-21 15:00:00,2026-01-24 11:00:00,36,0
MO_02602,TYRE_0082,128,2026-01-21,2026-02-01 20:00:00,2026-01-20 23:00:00,2026-01-21 00:00:00,36,1
MO_02603,TYRE_0081,128,2026-01-21,2026-02-01 20:00:00,2026-01-20 23:00:00,2026-01-21 00:00:00,36,1
MO_02604,TYRE_0025,93,2026-01-22,2026-01-26 00:00:00,2026-01-23 03:00:00,2026-01-23 06:00:00,18,0
MO_02605,TYRE_0037,93,2026-01-22,2026-01-25 20:00:00,2026-01-21 23:00:00,2026-01-22 00:00:00,18,1
MO_02606,TYRE_0135,186,2026-01-22,2026-01-25 12:00:00,2026-01-21 23:00:00,2026-01-22 00:00:00,18,2
MO_02607,TYRE_0082,372,2026-01-22,2026-01-25 00:00:00,2026-01-21 23:00:00,2026-01-22 00:00:00,18,3
MO_02608,TYRE_0081,372,2026-01-22,2026-01-25 00:00:00,2026-01-21 23:00:00,2026-01-22 00:00:00,18,3
MO_02609,TYRE_0115,186,2026-01-22,2026-01-25 20:00:00,2026-01-21 23:00:00,2026-01-22 00:00:00,18,1
MO_02610,TYRE_0016,186,2026-01-22,2026-01-25 12:00:00,2026-01-21 23:00:00,2026-01-22 00:00:00,18,2
MO_02611,TYRE_0075,372,2026-01-22,2026-01-25 00:00:00,2026-01-21 23:00:00,2026-01-22 00:00:00,18,3
MO_02612,TYRE_0005,744,2026-01-22,2026-01-25 00:00:00,2026-01-21 23:00:00,2026-01-22 00:00:00,18,3
MO_02613,TYRE_0126,16,2026-01-21,2026-01-28 00:00:00,2026-01-22 15:00:00,2026-01-25 06:00:00,15,0
MO_02614,TYRE_0089,32,2026-01-21,2026-01-27 20:00:00,2026-01-20 23:00:00,2026-01-21 00:00:00,15,1
MO_02615,TYRE_0028,94,2026-01-06,2026-01-09 00:00:00,2026-01-07 21:00:00,2026-01-08 18:00:00,15,0
MO_02616,TYRE_0060,94,2026-01-06,2026-01-08 20:00:00,2026-01-05 23:00:00,2026-01-06 00:00:00,15,1
MO_02617,TYRE_0059,282,2026-01-06,2026-01-08 12:00:00,2026-01-05 23:00:00,2026-01-06 00:00:00,15,2
MO_02618,TYRE_0071,282,2026-01-06,2026-01-08 00:00:00,2026-01-05 23:00:00,2026-01-06 00:00:00,15,3
MO_02619,TYRE_0014,564,2026-01-06,2026-01-08 00:00:00,2026-01-05 23:00:00,2026-01-06 00:00:00,15,3
MO_02620,TYRE_0064,94,2026-01-06,2026-01-08 12:00:00,2026-01-05 23:00:00,2026-01-06 00:00:00,15,2
MO_02621,TYRE_0081,282,2026-01-06,2026-01-08 00:00:00,2026-01-05 23:00:00,2026-01-06 00:00:00,15,3
MO_02622,TYRE_0060,94,2026-01-06,2026-01-08 00:00:00,2026-01-05 23:00:00,2026-01-06 00:00:00,15,3
MO_02623,TYRE_0087,376,2026-01-06,2026-01-08 20:00:00,2026-01-05 23:00:00,2026-01-06 00:00:00,15,1
MO_02624,TYRE_0135,8,2026-01-06,2026-01-13 00:00:00,2026-01-07 11:00:00,2026-01-08 10:00:00,35,0
MO_02625,TYRE_0082,16,2026-01-06,2026-01-12 20:00:00,2026-01-05 23:00:00,2026-01-06 00:00:00,35,1
MO_02626,TYRE_0081,16,2026-01-06,2026-01-12 20:00:00,2026-01-05 23:00:00,2026-01-06 00:00:00,35,1
MO_02627,TYRE_0080,63,2026-01-23,2026-02-03 00:00:00,2026-01-24 14:00:00,2026-01-26 12:00:00,52,0
MO_02628,TYRE_0017,63,2026-01-23,2026-02-02 20:00:00,2026-01-22 23:00:00,2026-01-23 00:00:00,52,1
MO_02629,TYRE_0066,189,2026-01-23,2026-02-02 12:00:00,2026-01-22 23:00:00,2026-01-23 00:00:00,52,2
MO_02630,TYRE_0011,378,2026-01-23,2026-02-02 00:00:00,2026-01-22 23:00:00,2026-01-23 00:00:00,52,3
MO_02631,TYRE_0010,189,2026-01-23,2026-02-02 00:00:00,2026-01-22 23:00:00,2026-01-23 00:00:00,52,3
MO_02632,TYRE_0135,63,2026-01-23,2026-02-02 12:00:00,2026-01-22 23:00:00,2026-01-23 00:00:00,52,2
MO_02633,TYRE_0082,126,2026-01-23,2026-02-02 00:00:00,2026-01-22 23:00:00,2026-01-23 00:00:00,52,3
MO_02634,TYRE_0081,126,2026-01-23,2026-02-02 00:00:00,2026-01-22 23:00:00,2026-01-23 00:00:00,52,3
MO_02635,TYRE_0124,96,2026-01-16,2026-01-21 00:00:00,2026-01-16 23:00:00,2026-01-17 04:00:00,28,0
MO_02636,TYRE_0089,384,2026-01-16,2026-01-20 20:00:00,2026-01-15 23:00:00,2026-01-16 00:00:00,28,1
MO_02637,TYRE_0023,86,2026-01-04,2026-01-06 00:00:00,2026-01-04 15:00:00,2026-01-05 17:00:00,25,0
MO_02638,TYRE_0145,344,2026-01-04,2026-01-05 20:00:00,2026-01-03 23:00:00,2026-01-04 00:00:00,25,1
MO_02639,TYRE_0118,53,2026-01-30,2026-02-04 00:00:00,2026-01-30 13:00:00,2026-01-30 22:00:00,32,0
MO_02640,TYRE_0116,77,2026-01-11,2026-01-17 00:00:00,2026-01-12 23:00:00,2026-01-14 13:00:00,84,0
MO_02641,TYRE_0038,27,2026-01-30,2026-01-31 00:00:00,2026-01-30 00:00:00,2026-01-30 00:00:00,89,0
MO_02642,TYRE_0042,27,2026-01-30,2026-01-30 20:00:00,2026-01-29 20:00:00,2026-01-30 00:00:00,89,1
MO_02643,TYRE_0120,108,2026-01-30,2026-01-30 12:00:00,2026-01-29 12:00:00,2026-01-30 00:00:00,89,2
MO_02644,TYRE_0080,108,2026-01-30,2026-01-30 00:00:00,2026-01-29 00:00:00,2026-01-30 00:00:00,89,3
MO_02645,TYRE_0078,108,2026-01-30,2026-01-30 12:00:00,2026-01-29 12:00:00,2026-01-30 00:00:00,89,2
MO_02646,TYRE_0022,216,2026-01-30,2026-01-30 00:00:00,2026-01-29 00:00:00,2026-01-30 00:00:00,89,3
MO_02647,TYRE_0033,324,2026-01-30,2026-01-30 00:00:00,2026-01-29 00:00:00,2026-01-30 00:00:00,89,3
MO_02648,TYRE_0034,27,2026-01-30,2026-01-30 20:00:00,2026-01-29 20:00:00,2026-01-30 00:00:00,89,1
MO_02649,TYRE_0013,98,2026-01-30,2026-02-05 00:00:00,2026-01-30 23:00:00,2026-02-02 04:00:00,38,0
MO_02650,TYRE_0114,20,2026-01-30,2026-02-04 00:00:00,2026-01-31 22:00:00,2026-02-03 00:00:00,47,0
MO_02651,TYRE_0140,80,2026-01-30,2026-02-03 20:00:00,2026-01-29 23:00:00,2026-01-30 00:00:00,47,1
MO_02652,TYRE_0081,80,2026-01-30,2026-02-03 12:00:00,2026-01-29 23:00:00,2026-01-30 00:00:00,47,2
MO_02653,TYRE_0034,60,2026-01-30,2026-02-03 20:00:00,2026-01-29 23:00:00,2026-01-30 00:00:00,47,1
MO_02654,TYRE_0051,6,2026-01-24,2026-01-26 00:00:00,2026-01-24 10:00:00,2026-01-25 00:00:00,68,0
MO_02655,TYRE_0054,6,2026-01-24,2026-01-25 20:00:00,2026-01-23 23:00:00,2026-01-24 00:00:00,68,1
MO_02656,TYRE_0123,6,2026-01-24,2026-01-25 12:00:00,2026-01-23 23:00:00,2026-01-24 00:00:00,68,2
MO_02657,TYRE_0048,12,2026-01-24,2026-01-25 00:00:00,2026-01-23 23:00:00,2026-01-24 00:00:00,68,3
MO_02658,TYRE_0149,82,2026-01-23,2026-01-27 00:00:00,2026-01-24 20:00:00,2026-01-26 00:00:00,57,0
MO_02659,TYRE_0027,328,2026-01-23,2026-01-26 20:00:00,2026-01-22 23:00:00,2026-01-23 00:00:00,57,1
MO_02660,TYRE_0007,984,2026-01-23,2026-01-26 12:00:00,2026-01-22 23:00:00,2026-01-23 00:00:00,57,2
MO_02661,TYRE_0146,2952,2026-01-23,2026-01-26 00:00:00,2026-01-22 23:00:00,2026-01-23 00:00:00,57,3
MO_02662,TYRE_0074,2952,2026-01-23,2026-01-26 00:00:00,2026-01-22 23:00:00,2026-01-23 00:00:00,57,3
MO_02663,TYRE_0060,63,2026-01-09,2026-01-16 00:00:00,2026-01-10 11:00:00,2026-01-12 13:00:00,29,0
MO_02664,TYRE_0059,189,2026-01-09,2026-01-15 20:00:00,2026-01-08 23:00:00,2026-01-09 00:00:00,29,1
MO_02665,TYRE_0071,189,2026-01-09,2026-01-15 12:00:00,2026-01-08 23:00:00,2026-01-09 00:00:00,29,2
MO_02666,TYRE_0043,189,2026-01-09,2026-01-15 00:00:00,2026-01-08 23:00:00,2026-01-09 00:00:00,29,3
MO_02667,TYRE_0014,378,2026-01-09,2026-01-15 12:00:00,2026-01-08 23:00:00,2026-01-09 00:00:00,29,2
MO_02668,TYRE_0064,63,2026-01-09,2026-01-15 20:00:00,2026-01-08 23:00:00,2026-01-09 00:00:00,29,1
MO_02669,TYRE_0081,189,2026-01-09,2026-01-15 12:00:00,2026-01-08 23:00:00,2026-01-09 00:00:00,29,2
MO_02670,TYRE_0060,63,2026-01-09,2026-01-15 12:00:00,2026-01-08 23:00:00,2026-01-09 00:00:00,29,2
MO_02671,TYRE_0059,189,2026-01-09,2026-01-15 00:00:00,2026-01-08 23:00:00,2026-01-09 00:00:00,29,3
MO_02672,TYRE_0064,63,2026-01-09,2026-01-15 00:00:00,2026-01-08 23:00:00,2026-01-09 00:00:00,29,3
MO_02673,TYRE_0113,36,2026-01-23,2026-01-27 00:00:00,2026-01-23 00:00:00,2026-01-25 13:00:00,30,0
MO_02674,TYRE_0043,72,2026-01-23,2026-01-26 20:00:00,2026-01-23 00:00:00,2026-01-23 00:00:00,30,1
MO_02675,TYRE_0019,72,2026-01-23,2026-01-26 20:00:00,2026-01-23 00:00:00,2026-01-23 00:00:00,30,1
MO_02676,TYRE_0123,72,2026-01-23,2026-01-26 12:00:00,2026-01-23 00:00:00,2026-01-23 00:00:00,30,2
MO_02677,TYRE_0048,144,2026-01-23,2026-01-26 00:00:00,2026-01-23 00:00:00,2026-01-23 00:00:00,30,3
MO_02678,TYRE_0071,11,2026-01-03,2026-01-08 00:00:00,2026-01-04 22:00:00,2026-01-06 22:00:00,37,0
MO_02679,TYRE_0043,11,2026-01-03,2026-01-07 20:00:00,2026-01-02 23:00:00,2026-01-03 00:00:00,37,1
MO_02680,TYRE_0116,23,2026-01-19,2026-01-23 00:00:00,2026-01-19 11:00:00,2026-01-21 13:00:00,59,0
MO_02681,TYRE_0147,47,2026-01-08,2026-01-20 00:00:00,2026-01-08 20:00:00,2026-01-09 23:00:00,42,0
MO_02682,TYRE_0012,25,2026-01-05,2026-01-06 00:00:00,2026-01-04 23:00:00,2026-01-05 00:00:00,49,0
MO_02683,TYRE_0146,63,2026-01-04,2026-01-09 00:00:00,2026-01-05 14:00:00,2026-01-06 14:00:00,99,0
MO_02684,TYRE_0092,43,2026-01-24,2026-02-02 00:00:00,2026-01-24 02:00:00,2026-01-25 13:00:00,63,0
MO_02685,TYRE_0138,59,2026-01-06,2026-01-10 00:00:00,2026-01-06 15:00:00,2026-01-09 02:00:00,19,0
MO_02686,TYRE_0016,20,2026-01-02,2026-01-07 00:00:00,2026-01-02 03:00:00,2026-01-02 09:00:00,43,0
MO_02687,TYRE_0075,40,2026-01-02,2026-01-06 20:00:00,2026-01-01 23:00:00,2026-01-02 00:00:00,43,1
MO_02688,TYRE_0118,160,2026-01-02,2026-01-06 12:00:00,2026-01-01 23:00:00,2026-01-02 00:00:00,43,2
MO_02689,TYRE_0005,80,2026-01-02,2026-01-06 20:00:00,2026-01-01 23:00:00,2026-01-02 00:00:00,43,1
MO_02690,TYRE_0040,320,2026-01-02,2026-01-06 12:00:00,2026-01-01 23:00:00,2026-01-02 00:00:00,43,2
MO_02691,TYRE_0010,240,2026-01-02,2026-01-06 12:00:00,2026-01-01 23:00:00,2026-01-02 00:00:00,43,2
MO_02692,TYRE_0025,480,2026-01-02,2026-01-06 00:00:00,2026-01-01 23:00:00,2026-01-02 00:00:00,43,3
MO_02693,TYRE_0070,72,2026-01-20,2026-01-27 00:00:00,2026-01-21 01:00:00,2026-01-23 17:00:00,82,0
MO_02694,TYRE_0027,216,2026-01-20,2026-01-26 20:00:00,2026-01-19 23:00:00,2026-01-20 00:00:00,82,1
MO_02695,TYRE_0007,648,2026-01-20,2026-01-26 12:00:00,2026-01-19 23:00:00,2026-01-20 00:00:00,82,2
MO_02696,TYRE_0146,1944,2026-01-20,2026-01-26 00:00:00,2026-01-19 23:00:00,2026-01-20 00:00:00,82,3
MO_02697,TYRE_0074,1944,2026-01-20,2026-01-26 00:00:00,2026-01-19 23:00:00,2026-01-20 00:00:00,82,3
MO_02698,TYRE_0091,216,2026-01-20,2026-01-26 20:00:00,2026-01-19 23:00:00,2026-01-20 00:00:00,82,1
MO_02699,TYRE_0124,432,2026-01-20,2026-01-26 12:00:00,2026-01-19 23:00:00,2026-01-20 00:00:00,82,2
MO_02700,TYRE_0089,1728,2026-01-20,2026-01-26 00:00:00,2026-01-19 23:00:00,2026-01-20 00:00:00,82,3
MO_02701,TYRE_0120,78,2026-01-28,2026-02-01 00:00:00,2026-01-29 21:00:00,2026-01-31 08:00:00,45,0
MO_02702,TYRE_0080,78,2026-01-28,2026-01-31 20:00:00,2026-01-27 23:00:00,2026-01-28 00:00:00,45,1
MO_02703,TYRE_0017,78,2026-01-28,2026-01-31 12:00:00,2026-01-27 23:00:00,2026-01-28 00:00:00,45,2
MO_02704,TYRE_0066,234,2026-01-28,2026-01-31 00:00:00,2026-01-27 23:00:00,2026-01-28 00:00:00,45,3
MO_02705,TYRE_0135,78,2026-01-28,2026-01-31 00:00:00,2026-01-27 23:00:00,2026-01-28 00:00:00,45,3
MO_02706,TYRE_0135,97,2026-01-11,2026-01-26 00:00:00,2026-01-11 12:00:00,2026-01-12 17:00:00,84,0
MO_02707,TYRE_0082,194,2026-01-11,2026-01-25 20:00:00,2026-01-10 23:00:00,2026-01-11 00:00:00,84,1
MO_02708,TYRE_0081,194,2026-01-11,2026-01-25 20:00:00,2026-01-10 23:00:00,2026-01-11 00:00:00,84,1
MO_02709,TYRE_0073,38,2026-01-04,2026-01-10 00:00:00,2026-01-04 19:00:00,2026-01-06 17:00:00,83,0
MO_02710,TYRE_0122,76,2026-01-04,2026-01-09 20:00:00,2026-01-03 23:00:00,2026-01-04 00:00:00,83,1
MO_02711,TYRE_0112,228,2026-01-04,2026-01-09 12:00:00,2026-01-03 23:00:00,2026-01-04 00:00:00,83,2
MO_02712,TYRE_0028,228,2026-01-04,2026-01-09 00:00:00,2026-01-03 23:00:00,2026-01-04 00:00:00,83,3
MO_02713,TYRE_0084,684,2026-01-04,2026-01-09 00:00:00,2026-01-03 23:00:00,2026-01-04 00:00:00,83,3
MO_02714,TYRE_0009,83,2026-01-15,2026-01-20 00:00:00,2026-01-15 18:00:00,2026-01-16 22:00:00,16,0
MO_02715,TYRE_0118,68,2026-01-06,2026-01-13 00:00:00,2026-01-07 02:00:00,2026-01-07 06:00:00,25,0
MO_02716,TYRE_0059,5,2026-01-22,2026-01-27 00:00:00,2026-01-22 01:00:00,2026-01-24 17:00:00,60,0
MO_02717,TYRE_0071,5,2026-01-22,2026-01-26 20:00:00,2026-01-21 23:00:00,2026-01-22 00:00:00,60,1
MO_02718,TYRE_0043,5,2026-01-22,2026-01-26 12:00:00,2026-01-21 23:00:00,2026-01-22 00:00:00,60,2
MO_02719,TYRE_0014,10,2026-01-22,2026-01-26 20:00:00,2026-01-21 23:00:00,2026-01-22 00:00:00,60,1
MO_02720,TYRE_0109,99,2026-01-17,2026-01-21 00:00:00,2026-01-17 09:00:00,2026-01-20 05:00:00,99,0
MO_02721,TYRE_0027,99,2026-01-17,2026-01-20 20:00:00,2026-01-16 23:00:00,2026-01-17 00:00:00,99,1
MO_02722,TYRE_0007,297,2026-01-17,2026-01-20 12:00:00,2026-01-16 23:00:00,2026-01-17 00:00:00,99,2
MO_02723,TYRE_0146,891,2026-01-17,2026-01-20 00:00:00,2026-01-16 23:00:00,2026-01-17 00:00:00,99,3
MO_02724,TYRE_0074,891,2026-01-17,2026-01-20 00:00:00,2026-01-16 23:00:00,2026-01-17 00:00:00,99,3
MO_02725,TYRE_0083,396,2026-01-17,2026-01-20 20:00:00,2026-01-16 23:00:00,2026-01-17 00:00:00,99,1
MO_02726,TYRE_0106,49,2026-01-30,2026-02-05 00:00:00,2026-01-31 00:00:00,2026-02-02 14:00:00,70,0
MO_02727,TYRE_0085,93,2026-01-24,2026-01-29 00:00:00,2026-01-24 18:00:00,2026-01-27 01:00:00,40,0
MO_02728,TYRE_0090,69,2026-01-06,2026-01-08 00:00:00,2026-01-06 14:00:00,2026-01-07 06:00:00,41,0
MO_02729,TYRE_0127,276,2026-01-06,2026-01-07 20:00:00,2026-01-05 23:00:00,2026-01-06 00:00:00,41,1
MO_02730,TYRE_0142,1104,2026-01-06,2026-01-07 12:00:00,2026-01-05 23:00:00,2026-01-06 00:00:00,41,2
MO_02731,TYRE_0011,828,2026-01-06,2026-01-07 12:00:00,2026-01-05 23:00:00,2026-01-06 00:00:00,41,2
MO_02732,TYRE_0112,1656,2026-01-06,2026-01-07 00:00:00,2026-01-05 23:00:00,2026-01-06 00:00:00,41,3
MO_02733,TYRE_0039,2484,2026-01-06,2026-01-07 00:00:00,2026-01-05 23:00:00,2026-01-06 00:00:00,41,3
MO_02734,TYRE_0143,47,2026-01-19,2026-01-22 00:00:00,2026-01-20 14:00:00,2026-01-21 00:00:00,54,0
MO_02735,TYRE_0094,188,2026-01-19,2026-01-21 20:00:00,2026-01-18 23:00:00,2026-01-19 00:00:00,54,1
MO_02736,TYRE_0119,27,2026-01-30,2026-02-03 00:00:00,2026-01-31 22:00:00,2026-02-02 10:00:00,85,0
MO_02737,TYRE_0121,108,2026-01-30,2026-02-02 20:00:00,2026-01-29 23:00:00,2026-01-30 00:00:00,85,1
MO_02738,TYRE_0021,432,2026-01-30,2026-02-02 12:00:00,2026-01-29 23:00:00,2026-01-30 00:00:00,85,2
MO_02739,TYRE_0070,864,2026-01-30,2026-02-02 00:00:00,2026-01-29 23:00:00,2026-01-30 00:00:00,85,3
MO_02740,TYRE_0096,1296,2026-01-30,2026-02-02 00:00:00,2026-01-29 23:00:00,2026-01-30 00:00:00,85,3
MO_02741,TYRE_0108,65,2026-01-25,2026-02-01 00:00:00,2026-01-25 23:00:00,2026-01-26 07:00:00,36,0
MO_02742,TYRE_0127,130,2026-01-25,2026-01-31 20:00:00,2026-01-24 23:00:00,2026-01-25 00:00:00,36,1
MO_02743,TYRE_0142,520,2026-01-25,2026-01-31 12:00:00,2026-01-24 23:00:00,2026-01-25 00:00:00,36,2
MO_02744,TYRE_0011,390,2026-01-25,2026-01-31 12:00:00,2026-01-24 23:00:00,2026-01-25 00:00:00,36,2
MO_02745,TYRE_0112,780,2026-01-25,2026-01-31 00:00:00,2026-01-24 23:00:00,2026-01-25 00:00:00,36,3
MO_02746,TYRE_0039,1170,2026-01-25,2026-01-31 00:00:00,2026-01-24 23:00:00,2026-01-25 00:00:00,36,3
MO_02747,TYRE_0034,73,2026-01-02,2026-01-09 00:00:00,2026-01-02 15:00:00,2026-01-04 04:00:00,31,0
MO_02748,TYRE_0118,100,2026-01-15,2026-01-22 00:00:00,2026-01-15 16:00:00,2026-01-17 20:00:00,24,0
MO_02749,TYRE_0118,76,2026-01-11,2026-01-17 00:00:00,2026-01-11 15:00:00,2026-01-12 03:00:00,17,0
MO_02750,TYRE_0120,50,2026-01-08,2026-01-14 00:00:00,2026-01-08 17:00:00,2026-01-10 21:00:00,77,0
MO_02751,TYRE_0080,50,2026-01-08,2026-01-13 20:00:00,2026-01-07 23:00:00,2026-01-08 00:00:00,77,1
MO_02752,TYRE_0017,50,2026-01-08,2026-01-13 12:00:00,2026-01-07 23:00:00,2026-01-08 00:00:00,77,2
MO_02753,TYRE_0066,150,2026-01-08,2026-01-13 00:00:00,2026-01-07 23:00:00,2026-01-08 00:00:00,77,3
MO_02754,TYRE_0135,50,2026-01-08,2026-01-13 00:00:00,2026-01-07 23:00:00,2026-01-08 00:00:00,77,3
MO_02755,TYRE_0126,48,2026-01-26,2026-01-30 00:00:00,2026-01-26 03:00:00,2026-01-28 03:00:00,17,0
MO_02756,TYRE_0089,96,2026-01-26,2026-01-29 20:00:00,2026-01-25 23:00:00,2026-01-26 00:00:00,17,1
MO_02757,TYRE_0136,28,2026-01-19,2026-02-02 00:00:00,2026-01-19 01:00:00,2026-01-21 22:00:00,96,0
MO_02758,TYRE_0052,56,2026-01-19,2026-02-01 20:00:00,2026-01-18 23:00:00,2026-01-19 00:00:00,96,1
MO_02759,TYRE_0145,112,2026-01-19,2026-02-01 12:00:00,2026-01-18 23:00:00,2026-01-19 00:00:00,96,2
MO_02760,TYRE_0087,168,2026-01-19,2026-02-01 12:00:00,2026-01-18 23:00:00,2026-01-19 00:00:00,96,2
MO_02761,TYRE_0140,84,2026-01-19,2026-02-01 20:00:00,2026-01-18 23:00:00,2026-01-19 00:00:00,96,1
MO_02762,TYRE_0081,84,2026-01-19,2026-02-01 12:00:00,2026-01-18 23:00:00,2026-01-19 00:00:00,96,2
MO_02763,TYRE_0149,95,2026-01-13,2026-01-19 00:00:00,2026-01-14 06:00:00,2026-01-15 16:00:00,25,0
MO_02764,TYRE_0027,380,2026-01-13,2026-01-18 20:00:00,2026-01-12 23:00:00,2026-01-13 00:00:00,25,1
MO_02765,TYRE_0007,1140,2026-01-13,2026-01-18 12:00:00,2026-01-12 23:00:00,2026-01-13 00:00:00,25,2
MO_02766,TYRE_0146,3420,2026-01-13,2026-01-18 00:00:00,2026-01-12 23:00:00,2026-01-13 00:00:00,25,3
MO_02767,TYRE_0074,3420,2026-01-13,2026-01-18 00:00:00,2026-01-12 23:00:00,2026-01-13 00:00:00,25,3
MO_02768,TYRE_0008,68,2026-01-12,2026-01-16 00:00:00,2026-01-12 01:00:00,2026-01-12 16:00:00,57,0
MO_02769,TYRE_0131,68,2026-01-12,2026-01-15 20:00:00,2026-01-11 23:00:00,2026-01-12 00:00:00,57,1
MO_02770,TYRE_0048,136,2026-01-12,2026-01-15 12:00:00,2026-01-11 23:00:00,2026-01-12 00:00:00,57,2
MO_02771,TYRE_0095,32,2026-01-05,2026-01-11 00:00:00,2026-01-05 01:00:00,2026-01-05 13:00:00,43,0
MO_02772,TYRE_0012,30,2026-01-06,2026-01-07 00:00:00,2026-01-06 14:00:00,2026-01-07 00:00:00,95,0
MO_02773,TYRE_0113,69,2026-01-26,2026-02-02 00:00:00,2026-01-27 23:00:00,2026-01-28 00:00:00,96,0
MO_02774,TYRE_0043,138,2026-01-26,2026-02-01 20:00:00,2026-01-25 23:00:00,2026-01-26 00:00:00,96,1
MO_02775,TYRE_0019,138,2026-01-26,2026-02-01 20:00:00,2026-01-25 23:00:00,2026-01-26 00:00:00,96,1
MO_02776,TYRE_0123,138,2026-01-26,2026-02-01 12:00:00,2026-01-25 23:00:00,2026-01-26 00:00:00,96,2
MO_02777,TYRE_0048,276,2026-01-26,2026-02-01 00:00:00,2026-01-25 23:00:00,2026-01-26 00:00:00,96,3
MO_02778,TYRE_0124,46,2026-01-22,2026-02-03 00:00:00,2026-01-23 18:00:00,2026-01-24 12:00:00,66,0
MO_02779,TYRE_0089,184,2026-01-22,2026-02-02 20:00:00,2026-01-21 23:00:00,2026-01-22 00:00:00,66,1
MO_02780,TYRE_0149,91,2026-01-04,2026-01-07 00:00:00,2026-01-05 04:00:00,2026-01-07 00:00:00,14,0
MO_02781,TYRE_0027,364,2026-01-04,2026-01-06 20:00:00,2026-01-03 23:00:00,2026-01-04 00:00:00,14,1
MO_02782,TYRE_0007,1092,2026-01-04,2026-01-06 12:00:00,2026-01-03 23:00:00,2026-01-04 00:00:00,14,2
MO_02783,TYRE_0146,3276,2026-01-04,2026-01-06 00:00:00,2026-01-03 23:00:00,2026-01-04 00:00:00,14,3
MO_02784,TYRE_0074,3276,2026-01-04,2026-01-06 00:00:00,2026-01-03 23:00:00,2026-01-04 00:00:00,14,3
MO_02785,TYRE_0052,54,2026-01-19,2026-01-26 00:00:00,2026-01-20 09:00:00,2026-01-22 06:00:00,53,0
MO_02786,TYRE_0145,108,2026-01-19,2026-01-25 20:00:00,2026-01-18 23:00:00,2026-01-19 00:00:00,53,1
MO_02787,TYRE_0087,162,2026-01-19,2026-01-25 20:00:00,2026-01-18 23:00:00,2026-01-19 00:00:00,53,1
MO_02788,TYRE_0133,10,2026-01-20,2026-01-22 00:00:00,2026-01-20 23:00:00,2026-01-21 00:00:00,80,0
MO_02789,TYRE_0083,10,2026-01-20,2026-01-21 20:00:00,2026-01-19 23:00:00,2026-01-20 00:00:00,80,1
MO_02790,TYRE_0063,40,2026-01-20,2026-01-21 20:00:00,2026-01-19 23:00:00,2026-01-20 00:00:00,80,1
MO_02791,TYRE_0022,18,2026-01-01,2026-01-05 00:00:00,2026-01-02 07:00:00,2026-01-04 07:00:00,46,0
MO_02792,TYRE_0055,78,2026-01-20,2026-01-24 00:00:00,2026-01-20 20:00:00,2026-01-22 13:00:00,99,0
MO_02793,TYRE_0009,312,2026-01-20,2026-01-23 20:00:00,2026-01-19 23:00:00,2026-01-20 00:00:00,99,1
MO_02794,TYRE_0053,156,2026-01-20,2026-01-23 20:00:00,2026-01-19 23:00:00,2026-01-20 00:00:00,99,1
MO_02795,TYRE_0122,468,2026-01-20,2026-01-23 12:00:00,2026-01-19 23:00:00,2026-01-20 00:00:00,99,2
MO_02796,TYRE_0112,1404,2026-01-20,2026-01-23 00:00:00,2026-01-19 23:00:00,2026-01-20 00:00:00,99,3
MO_02797,TYRE_0110,312,2026-01-20,2026-01-23 12:00:00,2026-01-19 23:00:00,2026-01-20 00:00:00,99,2
MO_02798,TYRE_0042,936,2026-01-20,2026-01-23 00:00:00,2026-01-19 23:00:00,2026-01-20 00:00:00,99,3
MO_02799,TYRE_0053,41,2026-01-17,2026-01-22 00:00:00,2026-01-18 05:00:00,2026-01-19 13:00:00,37,0
MO_02800,TYRE_0122,123,2026-01-17,2026-01-21 20:00:00,2026-01-16 23:00:00,2026-01-17 00:00:00,37,1
MO_02801,TYRE_0112,369,2026-01-17,2026-01-21 12:00:00,2026-01-16 23:00:00,2026-01-17 00:00:00,37,2
MO_02802,TYRE_0028,369,2026-01-17,2026-01-21 00:00:00,2026-01-16 23:00:00,2026-01-17 00:00:00,37,3
MO_02803,TYRE_0084,1107,2026-01-17,2026-01-21 00:00:00,2026-01-16 23:00:00,2026-01-17 00:00:00,37,3
MO_02804,TYRE_0110,82,2026-01-17,2026-01-21 20:00:00,2026-01-16 23:00:00,2026-01-17 00:00:00,37,1
MO_02805,TYRE_0042,246,2026-01-17,2026-01-21 12:00:00,2026-01-16 23:00:00,2026-01-17 00:00:00,37,2
MO_02806,TYRE_0120,984,2026-01-17,2026-01-21 00:00:00,2026-01-16 23:00:00,2026-01-17 00:00:00,37,3
MO_02807,TYRE_0078,984,2026-01-17,2026-01-21 00:00:00,2026-01-16 23:00:00,2026-01-17 00:00:00,37,3
MO_02808,TYRE_0124,39,2026-01-12,2026-01-16 00:00:00,2026-01-12 23:00:00,2026-01-14 15:00:00,77,0
MO_02809,TYRE_0089,156,2026-01-12,2026-01-15 20:00:00,2026-01-11 23:00:00,2026-01-12 00:00:00,77,1
MO_02810,TYRE_0106,76,2026-01-15,2026-01-18 00:00:00,2026-01-16 19:00:00,2026-01-17 00:00:00,47,0
MO_02811,TYRE_0120,39,2026-01-01,2026-01-07 00:00:00,2026-01-01 13:00:00,2026-01-02 07:00:00,55,0
MO_02812,TYRE_0080,39,2026-01-01,2026-01-06 20:00:00,2025-12-31 23:00:00,2026-01-01 00:00:00,55,1
MO_02813,TYRE_0017,39,2026-01-01,2026-01-06 12:00:00,2025-12-31 23:00:00,2026-01-01 00:00:00,55,2
MO_02814,TYRE_0066,117,2026-01-01,2026-01-06 00:00:00,2025-12-31 23:00:00,2026-01-01 00:00:00,55,3
MO_02815,TYRE_0135,39,2026-01-01,2026-01-06 00:00:00,2025-12-31 23:00:00,2026-01-01 00:00:00,55,3
MO_02816,TYRE_0061,26,2026-01-26,2026-02-06 00:00:00,2026-01-27 03:00:00,2026-01-28 17:00:00,82,0
MO_02817,TYRE_0095,78,2026-01-26,2026-02-05 20:00:00,2026-01-25 23:00:00,2026-01-26 00:00:00,82,1
MO_02818,TYRE_0009,11,2026-01-14,2026-01-29 00:00:00,2026-01-14 13:00:00,2026-01-14 19:00:00,35,0
MO_02819,TYRE_0086,18,2026-01-06,2026-01-14 00:00:00,2026-01-07 19:00:00,2026-01-09 09:00:00,84,0
MO_02820,TYRE_0093,54,2026-01-06,2026-01-13 20:00:00,2026-01-05 23:00:00,2026-01-06 00:00:00,84,1
MO_02821,TYRE_0102,216,2026-01-06,2026-01-13 12:00:00,2026-01-05 23:00:00,2026-01-06 00:00:00,84,2
MO_02822,TYRE_0041,54,2026-01-06,2026-01-13 12:00:00,2026-01-05 23:00:00,2026-01-06 00:00:00,84,2
MO_02823,TYRE_0033,54,2026-01-06,2026-01-13 20:00:00,2026-01-05 23:00:00,2026-01-06 00:00:00,84,1
MO_02824,TYRE_0113,95,2026-01-05,2026-01-10 00:00:00,2026-01-06 09:00:00,2026-01-07 18:00:00,93,0
MO_02825,TYRE_0043,190,2026-01-05,2026-01-09 20:00:00,2026-01-04 23:00:00,2026-01-05 00:00:00,93,1
MO_02826,TYRE_0019,190,2026-01-05,2026-01-09 20:00:00,2026-01-04 23:00:00,2026-01-05 00:00:00,93,1
MO_02827,TYRE_0123,190,2026-01-05,2026-01-09 12:00:00,2026-01-04 23:00:00,2026-01-05 00:00:00,93,2
MO_02828,TYRE_0048,380,2026-01-05,2026-01-09 00:00:00,2026-01-04 23:00:00,2026-01-05 00:00:00,93,3
MO_02829,TYRE_0080,83,2026-01-30,2026-02-06 00:00:00,2026-01-30 13:00:00,2026-02-01 08:00:00,62,0
MO_02830,TYRE_0017,83,2026-01-30,2026-02-05 20:00:00,2026-01-29 23:00:00,2026-01-30 00:00:00,62,1
MO_02831,TYRE_0066,249,2026-01-30,2026-02-05 12:00:00,2026-01-29 23:00:00,2026-01-30 00:00:00,62,2
MO_02832,TYRE_0011,498,2026-01-30,2026-02-05 00:00:00,2026-01-29 23:00:00,2026-01-30 00:00:00,62,3
MO_02833,TYRE_0010,249,2026-01-30,2026-02-05 00:00:00,2026-01-29 23:00:00,2026-01-30 00:00:00,62,3
MO_02834,TYRE_0135,83,2026-01-30,2026-02-05 12:00:00,2026-01-29 23:00:00,2026-01-30 00:00:00,62,2
MO_02835,TYRE_0082,166,2026-01-30,2026-02-05 00:00:00,2026-01-29 23:00:00,2026-01-30 00:00:00,62,3
MO_02836,TYRE_0081,166,2026-01-30,2026-02-05 00:00:00,2026-01-29 23:00:00,2026-01-30 00:00:00,62,3
MO_02837,TYRE_0124,64,2026-01-11,2026-01-20 00:00:00,2026-01-12 00:00:00,2026-01-14 20:00:00,72,0
MO_02838,TYRE_0089,256,2026-01-11,2026-01-19 20:00:00,2026-01-10 23:00:00,2026-01-11 00:00:00,72,1
MO_02839,TYRE_0113,17,2026-01-04,2026-01-19 00:00:00,2026-01-04 11:00:00,2026-01-07 06:00:00,72,0
MO_02840,TYRE_0043,34,2026-01-04,2026-01-18 20:00:00,2026-01-03 23:00:00,2026-01-04 00:00:00,72,1
MO_02841,TYRE_0019,34,2026-01-04,2026-01-18 20:00:00,2026-01-03 23:00:00,2026-01-04 00:00:00,72,1
MO_02842,TYRE_0123,34,2026-01-04,2026-01-18 12:00:00,2026-01-03 23:00:00,2026-01-04 00:00:00,72,2
MO_02843,TYRE_0048,68,2026-01-04,2026-01-18 00:00:00,2026-01-03 23:00:00,2026-01-04 00:00:00,72,3
MO_02844,TYRE_0055,65,2026-01-13,2026-01-20 00:00:00,2026-01-14 16:00:00,2026-01-17 06:00:00,47,0
MO_02845,TYRE_0009,260,2026-01-13,2026-01-19 20:00:00,2026-01-12 23:00:00,2026-01-13 00:00:00,47,1
MO_02846,TYRE_0053,130,2026-01-13,2026-01-19 20:00:00,2026-01-12 23:00:00,2026-01-13 00:00:00,47,1
MO_02847,TYRE_0122,390,2026-01-13,2026-01-19 12:00:00,2026-01-12 23:00:00,2026-01-13 00:00:00,47,2
MO_02848,TYRE_0112,1170,2026-01-13,2026-01-19 00:00:00,2026-01-12 23:00:00,2026-01-13 00:00:00,47,3
MO_02849,TYRE_0110,260,2026-01-13,2026-01-19 12:00:00,2026-01-12 23:00:00,2026-01-13 00:00:00,47,2
MO_02850,TYRE_0042,780,2026-01-13,2026-01-19 00:00:00,2026-01-12 23:00:00,2026-01-13 00:00:00,47,3
MO_02851,TYRE_0102,38,2026-01-11,2026-01-14 00:00:00,2026-01-12 15:00:00,2026-01-13 00:00:00,24,0
MO_02852,TYRE_0100,47,2026-01-03,2026-01-06 00:00:00,2026-01-03 19:00:00,2026-01-05 18:00:00,18,0
MO_02853,TYRE_0057,47,2026-01-03,2026-01-05 20:00:00,2026-01-02 23:00:00,2026-01-03 00:00:00,18,1
MO_02854,TYRE_0126,47,2026-01-03,2026-01-05 12:00:00,2026-01-02 23:00:00,2026-01-03 00:00:00,18,2
MO_02855,TYRE_0089,94,2026-01-03,2026-01-05 00:00:00,2026-01-02 23:00:00,2026-01-03 00:00:00,18,3
MO_02856,TYRE_0048,188,2026-01-03,2026-01-05 12:00:00,2026-01-02 23:00:00,2026-01-03 00:00:00,18,2
MO_02857,TYRE_0027,188,2026-01-03,2026-01-05 20:00:00,2026-01-02 23:00:00,2026-01-03 00:00:00,18,1
MO_02858,TYRE_0007,564,2026-01-03,2026-01-05 12:00:00,2026-01-02 23:00:00,2026-01-03 00:00:00,18,2
MO_02859,TYRE_0146,1692,2026-01-03,2026-01-05 00:00:00,2026-01-02 23:00:00,2026-01-03 00:00:00,18,3
MO_02860,TYRE_0074,1692,2026-01-03,2026-01-05 00:00:00,2026-01-02 23:00:00,2026-01-03 00:00:00,18,3
MO_02861,TYRE_0083,13,2026-01-01,2026-01-05 00:00:00,2026-01-02 23:00:00,2026-01-03 01:00:00,84,0
MO_02862,TYRE_0014,41,2026-01-06,2026-01-11 00:00:00,2026-01-07 17:00:00,2026-01-09 02:00:00,31,0
MO_02863,TYRE_0147,56,2026-01-18,2026-01-19 00:00:00,2026-01-18 06:00:00,2026-01-18 14:00:00,79,0
MO_02864,TYRE_0027,43,2026-01-24,2026-01-28 00:00:00,2026-01-24 14:00:00,2026-01-27 02:00:00,65,0
MO_02865,TYRE_0007,129,2026-01-24,2026-01-27 20:00:00,2026-01-23 23:00:00,2026-01-24 00:00:00,65,1
MO_02866,TYRE_0146,387,2026-01-24,2026-01-27 12:00:00,2026-01-23 23:00:00,2026-01-24 00:00:00,65,2
MO_02867,TYRE_0074,387,2026-01-24,2026-01-27 12:00:00,2026-01-23 23:00:00,2026-01-24 00:00:00,65,2
MO_02868,TYRE_0042,1161,2026-01-24,2026-01-27 00:00:00,2026-01-23 23:00:00,2026-01-24 00:00:00,65,3
MO_02869,TYRE_0043,1161,2026-01-24,2026-01-27 00:00:00,2026-01-23 23:00:00,2026-01-24 00:00:00,65,3
MO_02870,TYRE_0135,84,2026-01-10,2026-01-15 00:00:00,2026-01-10 08:00:00,2026-01-11 03:00:00,46,0
MO_02871,TYRE_0082,168,2026-01-10,2026-01-14 20:00:00,2026-01-09 23:00:00,2026-01-10 00:00:00,46,1
MO_02872,TYRE_0081,168,2026-01-10,2026-01-14 20:00:00,2026-01-09 23:00:00,2026-01-10 00:00:00,46,1
MO_02873,TYRE_0012,13,2026-01-05,2026-01-19 00:00:00,2026-01-05 03:00:00,2026-01-06 18:00:00,66,0
MO_02874,TYRE_0108,60,2026-01-23,2026-01-30 00:00:00,2026-01-24 06:00:00,2026-01-24 17:00:00,69,0
MO_02875,TYRE_0127,120,2026-01-23,2026-01-29 20:00:00,2026-01-22 23:00:00,2026-01-23 00:00:00,69,1
MO_02876,TYRE_0142,480,2026-01-23,2026-01-29 12:00:00,2026-01-22 23:00:00,2026-01-23 00:00:00,69,2
MO_02877,TYRE_0011,360,2026-01-23,2026-01-29 12:00:00,2026-01-22 23:00:00,2026-01-23 00:00:00,69,2
MO_02878,TYRE_0112,720,2026-01-23,2026-01-29 00:00:00,2026-01-22 23:00:00,2026-01-23 00:00:00,69,3
MO_02879,TYRE_0039,1080,2026-01-23,2026-01-29 00:00:00,2026-01-22 23:00:00,2026-01-23 00:00:00,69,3
MO_02880,TYRE_0124,27,2026-01-10,2026-01-15 00:00:00,2026-01-10 22:00:00,2026-01-12 01:00:00,94,0
MO_02881,TYRE_0089,108,2026-01-10,2026-01-14 20:00:00,2026-01-09 23:00:00,2026-01-10 00:00:00,94,1
MO_02882,TYRE_0019,19,2026-01-12,2026-01-19 00:00:00,2026-01-12 05:00:00,2026-01-14 04:00:00,21,0
MO_02883,TYRE_0123,19,2026-01-12,2026-01-18 20:00:00,2026-01-11 23:00:00,2026-01-12 00:00:00,21,1
MO_02884,TYRE_0048,38,2026-01-12,2026-01-18 12:00:00,2026-01-11 23:00:00,2026-01-12 00:00:00,21,2
MO_02885,TYRE_0109,61,2026-01-02,2026-01-06 00:00:00,2026-01-03 03:00:00,2026-01-03 09:00:00,16,0
MO_02886,TYRE_0027,61,2026-01-02,2026-01-05 20:00:00,2026-01-01 23:00:00,2026-01-02 00:00:00,16,1
MO_02887,TYRE_0007,183,2026-01-02,2026-01-05 12:00:00,2026-01-01 23:00:00,2026-01-02 00:00:00,16,2
MO_02888,TYRE_0146,549,2026-01-02,2026-01-05 00:00:00,2026-01-01 23:00:00,2026-01-02 00:00:00,16,3
MO_02889,TYRE_0074,549,2026-01-02,2026-01-05 00:00:00,2026-01-01 23:00:00,2026-01-02 00:00:00,16,3
MO_02890,TYRE_0083,244,2026-01-02,2026-01-05 20:00:00,2026-01-01 23:00:00,2026-01-02 00:00:00,16,1
MO_02891,TYRE_0135,92,2026-01-13,2026-01-14 00:00:00,2026-01-13 11:00:00,2026-01-14 00:00:00,75,0
MO_02892,TYRE_0082,184,2026-01-13,2026-01-13 20:00:00,2026-01-12 23:00:00,2026-01-13 00:00:00,75,1
MO_02893,TYRE_0081,184,2026-01-13,2026-01-13 20:00:00,2026-01-12 23:00:00,2026-01-13 00:00:00,75,1
MO_02894,TYRE_0097,16,2026-01-08,2026-01-12 00:00:00,2026-01-09 22:00:00,2026-01-10 16:00:00,50,0
MO_02895,TYRE_0126,23,2026-01-02,2026-01-10 00:00:00,2026-01-02 21:00:00,2026-01-05 02:00:00,33,0
MO_02896,TYRE_0089,46,2026-01-02,2026-01-09 20:00:00,2026-01-01 23:00:00,2026-01-02 00:00:00,33,1
MO_02897,TYRE_0115,83,2026-01-20,2026-01-27 00:00:00,2026-01-20 23:00:00,2026-01-23 10:00:00,99,0
MO_02898,TYRE_0016,83,2026-01-20,2026-01-26 20:00:00,2026-01-19 23:00:00,2026-01-20 00:00:00,99,1
MO_02899,TYRE_0075,166,2026-01-20,2026-01-26 12:00:00,2026-01-19 23:00:00,2026-01-20 00:00:00,99,2
MO_02900,TYRE_0118,664,2026-01-20,2026-01-26 00:00:00,2026-01-19 23:00:00,2026-01-20 00:00:00,99,3
MO_02901,TYRE_0005,332,2026-01-20,2026-01-26 12:00:00,2026-01-19 23:00:00,2026-01-20 00:00:00,99,2
MO_02902,TYRE_0040,1328,2026-01-20,2026-01-26 00:00:00,2026-01-19 23:00:00,2026-01-20 00:00:00,99,3
MO_02903,TYRE_0010,996,2026-01-20,2026-01-26 00:00:00,2026-01-19 23:00:00,2026-01-20 00:00:00,99,3
MO_02904,TYRE_0120,43,2026-01-01,2026-01-07 00:00:00,2026-01-02 09:00:00,2026-01-05 03:00:00,34,0
MO_02905,TYRE_0080,43,2026-01-01,2026-01-06 20:00:00,2025-12-31 23:00:00,2026-01-01 00:00:00,34,1
MO_02906,TYRE_0017,43,2026-01-01,2026-01-06 12:00:00,2025-12-31 23:00:00,2026-01-01 00:00:00,34,2
MO_02907,TYRE_0066,129,2026-01-01,2026-01-06 00:00:00,2025-12-31 23:00:00,2026-01-01 00:00:00,34,3
MO_02908,TYRE_0135,43,2026-01-01,2026-01-06 00:00:00,2025-12-31 23:00:00,2026-01-01 00:00:00,34,3
MO_02909,TYRE_0048,96,2026-01-05,2026-01-12 00:00:00,2026-01-05 18:00:00,2026-01-07 03:00:00,71,0
MO_02910,TYRE_0088,83,2026-01-09,2026-01-17 00:00:00,2026-01-09 23:00:00,2026-01-11 15:00:00,93,0
MO_02911,TYRE_0103,12,2026-01-17,2026-01-29 00:00:00,2026-01-17 19:00:00,2026-01-19 01:00:00,53,0
MO_02912,TYRE_0017,12,2026-01-17,2026-01-28 20:00:00,2026-01-16 23:00:00,2026-01-17 00:00:00,53,1
MO_02913,TYRE_0066,36,2026-01-17,2026-01-28 12:00:00,2026-01-16 23:00:00,2026-01-17 00:00:00,53,2
MO_02914,TYRE_0011,72,2026-01-17,2026-01-28 00:00:00,2026-01-16 23:00:00,2026-01-17 00:00:00,53,3
MO_02915,TYRE_0010,36,2026-01-17,2026-01-28 00:00:00,2026-01-16 23:00:00,2026-01-17 00:00:00,53,3
MO_02916,TYRE_0135,12,2026-01-17,2026-01-28 12:00:00,2026-01-16 23:00:00,2026-01-17 00:00:00,53,2
MO_02917,TYRE_0082,24,2026-01-17,2026-01-28 00:00:00,2026-01-16 23:00:00,2026-01-17 00:00:00,53,3
MO_02918,TYRE_0081,24,2026-01-17,2026-01-28 00:00:00,2026-01-16 23:00:00,2026-01-17 00:00:00,53,3
MO_02919,TYRE_0145,95,2026-01-09,2026-01-17 00:00:00,2026-01-10 09:00:00,2026-01-11 23:00:00,11,0
MO_02920,TYRE_0014,8,2026-01-11,2026-01-13 00:00:00,2026-01-11 23:00:00,2026-01-12 00:00:00,51,0
MO_02921,TYRE_0061,96,2026-01-15,2026-01-21 00:00:00,2026-01-16 02:00:00,2026-01-18 00:00:00,42,0
MO_02922,TYRE_0095,288,2026-01-15,2026-01-20 20:00:00,2026-01-14 23:00:00,2026-01-15 00:00:00,42,1
MO_02923,TYRE_0135,89,2026-01-24,2026-01-29 00:00:00,2026-01-25 19:00:00,2026-01-26 14:00:00,26,0
MO_02924,TYRE_0082,178,2026-01-24,2026-01-28 20:00:00,2026-01-23 23:00:00,2026-01-24 00:00:00,26,1
MO_02925,TYRE_0081,178,2026-01-24,2026-01-28 20:00:00,2026-01-23 23:00:00,2026-01-24 00:00:00,26,1
MO_02926,TYRE_0126,51,2026-01-06,2026-01-08 00:00:00,2026-01-06 23:00:00,2026-01-07 00:00:00,72,0
MO_02927,TYRE_0089,102,2026-01-06,2026-01-07 20:00:00,2026-01-05 23:00:00,2026-01-06 00:00:00,72,1
MO_02928,TYRE_0039,22,2026-01-23,2026-01-28 00:00:00,2026-01-23 00:00:00,2026-01-25 22:00:00,31,0
MO_02929,TYRE_0122,66,2026-01-23,2026-01-27 20:00:00,2026-01-23 00:00:00,2026-01-23 00:00:00,31,1
MO_02930,TYRE_0112,198,2026-01-23,2026-01-27 12:00:00,2026-01-23 00:00:00,2026-01-23 00:00:00,31,2
MO_02931,TYRE_0028,198,2026-01-23,2026-01-27 00:00:00,2026-01-23 00:00:00,2026-01-23 00:00:00,31,3
MO_02932,TYRE_0084,594,2026-01-23,2026-01-27 00:00:00,2026-01-23 00:00:00,2026-01-23 00:00:00,31,3
MO_02933,TYRE_0085,67,2026-01-03,2026-01-06 00:00:00,2026-01-04 21:00:00,2026-01-05 00:00:00,10,0
MO_02934,TYRE_0034,58,2026-01-30,2026-02-02 00:00:00,2026-01-31 11:00:00,2026-01-31 15:00:00,79,0
MO_02935,TYRE_0108,70,2026-01-17,2026-01-24 00:00:00,2026-01-18 18:00:00,2026-01-21 02:00:00,63,0
MO_02936,TYRE_0127,140,2026-01-17,2026-01-23 20:00:00,2026-01-16 23:00:00,2026-01-17 00:00:00,63,1
MO_02937,TYRE_0142,560,2026-01-17,2026-01-23 12:00:00,2026-01-16 23:00:00,2026-01-17 00:00:00,63,2
MO_02938,TYRE_0011,420,2026-01-17,2026-01-23 12:00:00,2026-01-16 23:00:00,2026-01-17 00:00:00,63,2
MO_02939,TYRE_0112,840,2026-01-17,2026-01-23 00:00:00,2026-01-16 23:00:00,2026-01-17 00:00:00,63,3
MO_02940,TYRE_0039,1260,2026-01-17,2026-01-23 00:00:00,2026-01-16 23:00:00,2026-01-17 00:00:00,63,3
MO_02941,TYRE_0108,33,2026-01-05,2026-01-11 00:00:00,2026-01-06 14:00:00,2026-01-06 17:00:00,23,0
MO_02942,TYRE_0127,66,2026-01-05,2026-01-10 20:00:00,2026-01-04 23:00:00,2026-01-05 00:00:00,23,1
MO_02943,TYRE_0142,264,2026-01-05,2026-01-10 12:00:00,2026-01-04 23:00:00,2026-01-05 00:00:00,23,2
MO_02944,TYRE_0011,198,2026-01-05,2026-01-10 12:00:00,2026-01-04 23:00:00,2026-01-05 00:00:00,23,2
MO_02945,TYRE_0112,396,2026-01-05,2026-01-10 00:00:00,2026-01-04 23:00:00,2026-01-05 00:00:00,23,3
MO_02946,TYRE_0039,594,2026-01-05,2026-01-10 00:00:00,2026-01-04 23:00:00,2026-01-05 00:00:00,23,3
MO_02947,TYRE_0009,98,2026-01-30,2026-02-01 00:00:00,2026-01-30 23:00:00,2026-01-31 00:00:00,62,0
MO_02948,TYRE_0118,9,2026-01-28,2026-02-03 00:00:00,2026-01-29 21:00:00,2026-01-30 15:00:00,15,0
MO_02949,TYRE_0145,19,2026-01-12,2026-01-18 00:00:00,2026-01-12 06:00:00,2026-01-13 08:00:00,99,0
MO_02950,TYRE_0061,98,2026-01-18,2026-01-21 00:00:00,2026-01-19 18:00:00,2026-01-20 22:00:00,73,0
MO_02951,TYRE_0095,294,2026-01-18,2026-01-20 20:00:00,2026-01-17 23:00:00,2026-01-18 00:00:00,73,1
MO_02952,TYRE_0149,64,2026-01-14,2026-01-26 00:00:00,2026-01-14 19:00:00,2026-01-15 12:00:00,97,0
MO_02953,TYRE_0027,256,2026-01-14,2026-01-25 20:00:00,2026-01-13 23:00:00,2026-01-14 00:00:00,97,1
MO_02954,TYRE_0007,768,2026-01-14,2026-01-25 12:00:00,2026-01-13 23:00:00,2026-01-14 00:00:00,97,2
MO_02955,TYRE_0146,2304,2026-01-14,2026-01-25 00:00:00,2026-01-13 23:00:00,2026-01-14 00:00:00,97,3
MO_02956,TYRE_0074,2304,2026-01-14,2026-01-25 00:00:00,2026-01-13 23:00:00,2026-01-14 00:00:00,97,3
MO_02957,TYRE_0118,36,2026-01-21,2026-01-30 00:00:00,2026-01-21 19:00:00,2026-01-23 07:00:00,42,0
MO_02958,TYRE_0119,92,2026-01-24,2026-01-28 00:00:00,2026-01-25 00:00:00,2026-01-27 12:00:00,81,0
MO_02959,TYRE_0121,368,2026-01-24,2026-01-27 20:00:00,2026-01-23 23:00:00,2026-01-24 00:00:00,81,1
MO_02960,TYRE_0021,1472,2026-01-24,2026-01-27 12:00:00,2026-01-23 23:00:00,2026-01-24 00:00:00,81,2
MO_02961,TYRE_0070,2944,2026-01-24,2026-01-27 00:00:00,2026-01-23 23:00:00,2026-01-24 00:00:00,81,3
MO_02962,TYRE_0096,4416,2026-01-24,2026-01-27 00:00:00,2026-01-23 23:00:00,2026-01-24 00:00:00,81,3
MO_02963,TYRE_0090,48,2026-01-11,2026-01-15 00:00:00,2026-01-12 18:00:00,2026-01-14 16:00:00,53,0
MO_02964,TYRE_0127,192,2026-01-11,2026-01-14 20:00:00,2026-01-10 23:00:00,2026-01-11 00:00:00,53,1
MO_02965,TYRE_0142,768,2026-01-11,2026-01-14 12:00:00,2026-01-10 23:00:00,2026-01-11 00:00:00,53,2
MO_02966,TYRE_0011,576,2026-01-11,2026-01-14 12:00:00,2026-01-10 23:00:00,2026-01-11 00:00:00,53,2
MO_02967,TYRE_0112,1152,2026-01-11,2026-01-14 00:00:00,2026-01-10 23:00:00,2026-01-11 00:00:00,53,3
MO_02968,TYRE_0039,1728,2026-01-11,2026-01-14 00:00:00,2026-01-10 23:00:00,2026-01-11 00:00:00,53,3
MO_02969,TYRE_0043,78,2026-01-09,2026-01-16 00:00:00,2026-01-09 20:00:00,2026-01-10 15:00:00,43,0
MO_02970,TYRE_0107,42,2026-01-02,2026-01-08 00:00:00,2026-01-02 08:00:00,2026-01-05 05:00:00,43,0
MO_02971,TYRE_0058,168,2026-01-02,2026-01-07 20:00:00,2026-01-01 23:00:00,2026-01-02 00:00:00,43,1
MO_02972,TYRE_0138,504,2026-01-02,2026-01-07 12:00:00,2026-01-01 23:00:00,2026-01-02 00:00:00,43,2
MO_02973,TYRE_0060,42,2026-01-02,2026-01-07 20:00:00,2026-01-01 23:00:00,2026-01-02 00:00:00,43,1
MO_02974,TYRE_0059,126,2026-01-02,2026-01-07 12:00:00,2026-01-01 23:00:00,2026-01-02 00:00:00,43,2
MO_02975,TYRE_0071,126,2026-01-02,2026-01-07 00:00:00,2026-01-01 23:00:00,2026-01-02 00:00:00,43,3
MO_02976,TYRE_0014,252,2026-01-02,2026-01-07 00:00:00,2026-01-01 23:00:00,2026-01-02 00:00:00,43,3
MO_02977,TYRE_0064,42,2026-01-02,2026-01-07 12:00:00,2026-01-01 23:00:00,2026-01-02 00:00:00,43,2
MO_02978,TYRE_0081,126,2026-01-02,2026-01-07 00:00:00,2026-01-01 23:00:00,2026-01-02 00:00:00,43,3
MO_02979,TYRE_0060,42,2026-01-02,2026-01-07 00:00:00,2026-01-01 23:00:00,2026-01-02 00:00:00,43,3
MO_02980,TYRE_0061,98,2026-01-12,2026-01-24 00:00:00,2026-01-13 02:00:00,2026-01-15 02:00:00,33,0
MO_02981,TYRE_0095,294,2026-01-12,2026-01-23 20:00:00,2026-01-11 23:00:00,2026-01-12 00:00:00,33,1
MO_02982,TYRE_0066,79,2026-01-03,2026-01-05 00:00:00,2026-01-04 03:00:00,2026-01-04 17:00:00,11,0
MO_02983,TYRE_0011,158,2026-01-03,2026-01-04 20:00:00,2026-01-02 23:00:00,2026-01-03 00:00:00,11,1
MO_02984,TYRE_0112,316,2026-01-03,2026-01-04 12:00:00,2026-01-02 23:00:00,2026-01-03 00:00:00,11,2
MO_02985,TYRE_0028,316,2026-01-03,2026-01-04 00:00:00,2026-01-03 00:00:00,2026-01-03 00:00:00,11,3
MO_02986,TYRE_0084,948,2026-01-03,2026-01-04 00:00:00,2026-01-03 00:00:00,2026-01-03 00:00:00,11,3
MO_02987,TYRE_0039,474,2026-01-03,2026-01-04 12:00:00,2026-01-02 23:00:00,2026-01-03 00:00:00,11,2
MO_02988,TYRE_0122,1422,2026-01-03,2026-01-04 00:00:00,2026-01-03 00:00:00,2026-01-03 00:00:00,11,3
MO_02989,TYRE_0010,79,2026-01-03,2026-01-04 20:00:00,2026-01-02 23:00:00,2026-01-03 00:00:00,11,1
MO_02990,TYRE_0025,158,2026-01-03,2026-01-04 12:00:00,2026-01-02 23:00:00,2026-01-03 00:00:00,11,2
MO_02991,TYRE_0037,158,2026-01-03,2026-01-04 00:00:00,2026-01-03 00:00:00,2026-01-03 00:00:00,11,3
MO_02992,TYRE_0115,316,2026-01-03,2026-01-04 00:00:00,2026-01-03 00:00:00,2026-01-03 00:00:00,11,3
MO_02993,TYRE_0116,99,2026-01-03,2026-01-09 00:00:00,2026-01-04 00:00:00,2026-01-04 17:00:00,17,0
MO_02994,TYRE_0025,69,2026-01-01,2026-01-06 00:00:00,2026-01-02 11:00:00,2026-01-04 00:00:00,34,0
MO_02995,TYRE_0037,69,2026-01-01,2026-01-05 20:00:00,2025-12-31 23:00:00,2026-01-01 00:00:00,34,1
MO_02996,TYRE_0135,138,2026-01-01,2026-01-05 12:00:00,2025-12-31 23:00:00,2026-01-01 00:00:00,34,2
MO_02997,TYRE_0082,276,2026-01-01,2026-01-05 00:00:00,2025-12-31 23:00:00,2026-01-01 00:00:00,34,3
MO_02998,TYRE_0081,276,2026-01-01,2026-01-05 00:00:00,2025-12-31 23:00:00,2026-01-01 00:00:00,34,3
MO_02999,TYRE_0115,138,2026-01-01,2026-01-05 20:00:00,2025-12-31 23:00:00,2026-01-01 00:00:00,34,1
MO_03000,TYRE_0016,138,2026-01-01,2026-01-05 12:00:00,2025-12-31 23:00:00,2026-01-01 00:00:00,34,2
MO_03001,TYRE_0075,276,2026-01-01,2026-01-05 00:00:00,2025-12-31 23:00:00,2026-01-01 00:00:00,34,3
MO_03002,TYRE_0005,552,2026-01-01,2026-01-05 00:00:00,2025-12-31 23:00:00,2026-01-01 00:00:00,34,3
MO_03003,TYRE_0090,83,2026-01-08,2026-01-13 00:00:00,2026-01-09 09:00:00,2026-01-10 06:00:00,41,0
MO_03004,TYRE_0127,332,2026-01-08,2026-01-12 20:00:00,2026-01-07 23:00:00,2026-01-08 00:00:00,41,1
MO_03005,TYRE_0142,1328,2026-01-08,2026-01-12 12:00:00,2026-01-07 23:00:00,2026-01-08 00:00:00,41,2
MO_03006,TYRE_0011,996,2026-01-08,2026-01-12 12:00:00,2026-01-07 23:00:00,2026-01-08 00:00:00,41,2
MO_03007,TYRE_0112,1992,2026-01-08,2026-01-12 00:00:00,2026-01-07 23:00:00,2026-01-08 00:00:00,41,3
MO_03008,TYRE_0039,2988,2026-01-08,2026-01-12 00:00:00,2026-01-07 23:00:00,2026-01-08 00:00:00,41,3
MO_03009,TYRE_0149,82,2026-01-22,2026-01-26 00:00:00,2026-01-22 01:00:00,2026-01-24 12:00:00,65,0
MO_03010,TYRE_0027,328,2026-01-22,2026-01-25 20:00:00,2026-01-21 23:00:00,2026-01-22 00:00:00,65,1
MO_03011,TYRE_0007,984,2026-01-22,2026-01-25 12:00:00,2026-01-21 23:00:00,2026-01-22 00:00:00,65,2
MO_03012,TYRE_0146,2952,2026-01-22,2026-01-25 00:00:00,2026-01-21 23:00:00,2026-01-22 00:00:00,65,3
MO_03013,TYRE_0074,2952,2026-01-22,2026-01-25 00:00:00,2026-01-21 23:00:00,2026-01-22 00:00:00,65,3
MO_03014,TYRE_0080,52,2026-01-28,2026-02-04 00:00:00,2026-01-28 08:00:00,2026-01-31 01:00:00,16,0
MO_03015,TYRE_0017,52,2026-01-28,2026-02-03 20:00:00,2026-01-27 23:00:00,2026-01-28 00:00:00,16,1
MO_03016,TYRE_0066,156,2026-01-28,2026-02-03 12:00:00,2026-01-27 23:00:00,2026-01-28 00:00:00,16,2
MO_03017,TYRE_0011,312,2026-01-28,2026-02-03 00:00:00,2026-01-27 23:00:00,2026-01-28 00:00:00,16,3
MO_03018,TYRE_0010,156,2026-01-28,2026-02-03 00:00:00,2026-01-27 23:00:00,2026-01-28 00:00:00,16,3
MO_03019,TYRE_0135,52,2026-01-28,2026-02-03 12:00:00,2026-01-27 23:00:00,2026-01-28 00:00:00,16,2
MO_03020,TYRE_0082,104,2026-01-28,2026-02-03 00:00:00,2026-01-27 23:00:00,2026-01-28 00:00:00,16,3
MO_03021,TYRE_0081,104,2026-01-28,2026-02-03 00:00:00,2026-01-27 23:00:00,2026-01-28 00:00:00,16,3
MO_03022,TYRE_0066,67,2026-01-29,2026-02-03 00:00:00,2026-01-29 18:00:00,2026-01-30 19:00:00,57,0
MO_03023,TYRE_0011,134,2026-01-29,2026-02-02 20:00:00,2026-01-28 23:00:00,2026-01-29 00:00:00,57,1
MO_03024,TYRE_0112,268,2026-01-29,2026-02-02 12:00:00,2026-01-28 23:00:00,2026-01-29 00:00:00,57,2
MO_03025,TYRE_0028,268,2026-01-29,2026-02-02 00:00:00,2026-01-28 23:00:00,2026-01-29 00:00:00,57,3
MO_03026,TYRE_0084,804,2026-01-29,2026-02-02 00:00:00,2026-01-28 23:00:00,2026-01-29 00:00:00,57,3
MO_03027,TYRE_0039,402,2026-01-29,2026-02-02 12:00:00,2026-01-28 23:00:00,2026-01-29 00:00:00,57,2
MO_03028,TYRE_0122,1206,2026-01-29,2026-02-02 00:00:00,2026-01-28 23:00:00,2026-01-29 00:00:00,57,3
MO_03029,TYRE_0010,67,2026-01-29,2026-02-02 20:00:00,2026-01-28 23:00:00,2026-01-29 00:00:00,57,1
MO_03030,TYRE_0025,134,2026-01-29,2026-02-02 12:00:00,2026-01-28 23:00:00,2026-01-29 00:00:00,57,2
MO_03031,TYRE_0037,134,2026-01-29,2026-02-02 00:00:00,2026-01-28 23:00:00,2026-01-29 00:00:00,57,3
MO_03032,TYRE_0115,268,2026-01-29,2026-02-02 00:00:00,2026-01-28 23:00:00,2026-01-29 00:00:00,57,3
MO_03033,TYRE_0118,15,2026-01-08,2026-01-21 00:00:00,2026-01-08 14:00:00,2026-01-11 05:00:00,97,0
MO_03034,TYRE_0039,54,2026-01-11,2026-01-25 00:00:00,2026-01-11 20:00:00,2026-01-14 05:00:00,63,0
MO_03035,TYRE_0122,162,2026-01-11,2026-01-24 20:00:00,2026-01-10 23:00:00,2026-01-11 00:00:00,63,1
MO_03036,TYRE_0112,486,2026-01-11,2026-01-24 12:00:00,2026-01-10 23:00:00,2026-01-11 00:00:00,63,2
MO_03037,TYRE_0028,486,2026-01-11,2026-01-24 00:00:00,2026-01-10 23:00:00,2026-01-11 00:00:00,63,3
MO_03038,TYRE_0084,1458,2026-01-11,2026-01-24 00:00:00,2026-01-10 23:00:00,2026-01-11 00:00:00,63,3
MO_03039,TYRE_0109,31,2026-01-09,2026-01-14 00:00:00,2026-01-09 15:00:00,2026-01-09 17:00:00,72,0
MO_03040,TYRE_0027,31,2026-01-09,2026-01-13 20:00:00,2026-01-08 23:00:00,2026-01-09 00:00:00,72,1
MO_03041,TYRE_0007,93,2026-01-09,2026-01-13 12:00:00,2026-01-08 23:00:00,2026-01-09 00:00:00,72,2
MO_03042,TYRE_0146,279,2026-01-09,2026-01-13 00:00:00,2026-01-08 23:00:00,2026-01-09 00:00:00,72,3
MO_03043,TYRE_0074,279,2026-01-09,2026-01-13 00:00:00,2026-01-08 23:00:00,2026-01-09 00:00:00,72,3
MO_03044,TYRE_0083,124,2026-01-09,2026-01-13 20:00:00,2026-01-08 23:00:00,2026-01-09 00:00:00,72,1
MO_03045,TYRE_0108,19,2026-01-05,2026-01-11 00:00:00,2026-01-05 01:00:00,2026-01-06 06:00:00,82,0
MO_03046,TYRE_0127,38,2026-01-05,2026-01-10 20:00:00,2026-01-04 23:00:00,2026-01-05 00:00:00,82,1
MO_03047,TYRE_0142,152,2026-01-05,2026-01-10 12:00:00,2026-01-04 23:00:00,2026-01-05 00:00:00,82,2
MO_03048,TYRE_0011,114,2026-01-05,2026-01-10 12:00:00,2026-01-04 23:00:00,2026-01-05 00:00:00,82,2
MO_03049,TYRE_0112,228,2026-01-05,2026-01-10 00:00:00,2026-01-04 23:00:00,2026-01-05 00:00:00,82,3
MO_03050,TYRE_0039,342,2026-01-05,2026-01-10 00:00:00,2026-01-04 23:00:00,2026-01-05 00:00:00,82,3
MO_03051,TYRE_0109,65,2026-01-14,2026-01-20 00:00:00,2026-01-15 01:00:00,2026-01-15 19:00:00,89,0
MO_03052,TYRE_0027,65,2026-01-14,2026-01-19 20:00:00,2026-01-13 23:00:00,2026-01-14 00:00:00,89,1
MO_03053,TYRE_0007,195,2026-01-14,2026-01-19 12:00:00,2026-01-13 23:00:00,2026-01-14 00:00:00,89,2
MO_03054,TYRE_0146,585,2026-01-14,2026-01-19 00:00:00,2026-01-13 23:00:00,2026-01-14 00:00:00,89,3
MO_03055,TYRE_0074,585,2026-01-14,2026-01-19 00:00:00,2026-01-13 23:00:00,2026-01-14 00:00:00,89,3
MO_03056,TYRE_0083,260,2026-01-14,2026-01-19 20:00:00,2026-01-13 23:00:00,2026-01-14 00:00:00,89,1
MO_03057,TYRE_0136,65,2026-01-28,2026-02-04 00:00:00,2026-01-29 19:00:00,2026-01-30 04:00:00,11,0
MO_03058,TYRE_0052,130,2026-01-28,2026-02-03 20:00:00,2026-01-27 23:00:00,2026-01-28 00:00:00,11,1
MO_03059,TYRE_0145,260,2026-01-28,2026-02-03 12:00:00,2026-01-27 23:00:00,2026-01-28 00:00:00,11,2
MO_03060,TYRE_0087,390,2026-01-28,2026-02-03 12:00:00,2026-01-27 23:00:00,2026-01-28 00:00:00,11,2
MO_03061,TYRE_0140,195,2026-01-28,2026-02-03 20:00:00,2026-01-27 23:00:00,2026-01-28 00:00:00,11,1
MO_03062,TYRE_0081,195,2026-01-28,2026-02-03 12:00:00,2026-01-27 23:00:00,2026-01-28 00:00:00,11,2
MO_03063,TYRE_0118,41,2026-01-30,2026-02-07 00:00:00,2026-01-31 04:00:00,2026-02-02 01:00:00,44,0
MO_03064,TYRE_0114,72,2026-01-03,2026-01-09 00:00:00,2026-01-04 08:00:00,2026-01-05 02:00:00,31,0
MO_03065,TYRE_0140,288,2026-01-03,2026-01-08 20:00:00,2026-01-02 23:00:00,2026-01-03 00:00:00,31,1
MO_03066,TYRE_0081,288,2026-01-03,2026-01-08 12:00:00,2026-01-02 23:00:00,2026-01-03 00:00:00,31,2
MO_03067,TYRE_0034,216,2026-01-03,2026-01-08 20:00:00,2026-01-02 23:00:00,2026-01-03 00:00:00,31,1
MO_03068,TYRE_0010,86,2026-01-21,2026-01-24 00:00:00,2026-01-22 09:00:00,2026-01-23 00:00:00,92,0
MO_03069,TYRE_0025,172,2026-01-21,2026-01-23 20:00:00,2026-01-20 23:00:00,2026-01-21 00:00:00,92,1
MO_03070,TYRE_0037,172,2026-01-21,2026-01-23 12:00:00,2026-01-20 23:00:00,2026-01-21 00:00:00,92,2
MO_03071,TYRE_0135,344,2026-01-21,2026-01-23 00:00:00,2026-01-20 23:00:00,2026-01-21 00:00:00,92,3
MO_03072,TYRE_0115,344,2026-01-21,2026-01-23 12:00:00,2026-01-20 23:00:00,2026-01-21 00:00:00,92,2
MO_03073,TYRE_0016,344,2026-01-21,2026-01-23 00:00:00,2026-01-20 23:00:00,2026-01-21 00:00:00,92,3
MO_03074,TYRE_0149,47,2026-01-05,2026-01-11 00:00:00,2026-01-06 21:00:00,2026-01-07 02:00:00,73,0
MO_03075,TYRE_0027,188,2026-01-05,2026-01-10 20:00:00,2026-01-04 23:00:00,2026-01-05 00:00:00,73,1
MO_03076,TYRE_0007,564,2026-01-05,2026-01-10 12:00:00,2026-01-04 23:00:00,2026-01-05 00:00:00,73,2
MO_03077,TYRE_0146,1692,2026-01-05,2026-01-10 00:00:00,2026-01-04 23:00:00,2026-01-05 00:00:00,73,3
MO_03078,TYRE_0074,1692,2026-01-05,2026-01-10 00:00:00,2026-01-04 23:00:00,2026-01-05 00:00:00,73,3
MO_03079,TYRE_0090,79,2026-01-05,2026-01-08 00:00:00,2026-01-06 02:00:00,2026-01-07 00:00:00,68,0
MO_03080,TYRE_0127,316,2026-01-05,2026-01-07 20:00:00,2026-01-04 23:00:00,2026-01-05 00:00:00,68,1
MO_03081,TYRE_0142,1264,2026-01-05,2026-01-07 12:00:00,2026-01-04 23:00:00,2026-01-05 00:00:00,68,2
MO_03082,TYRE_0011,948,2026-01-05,2026-01-07 12:00:00,2026-01-04 23:00:00,2026-01-05 00:00:00,68,2
MO_03083,TYRE_0112,1896,2026-01-05,2026-01-07 00:00:00,2026-01-04 23:00:00,2026-01-05 00:00:00,68,3
MO_03084,TYRE_0039,2844,2026-01-05,2026-01-07 00:00:00,2026-01-04 23:00:00,2026-01-05 00:00:00,68,3
MO_03085,TYRE_0143,98,2026-01-19,2026-01-24 00:00:00,2026-01-19 06:00:00,2026-01-19 19:00:00,58,0
MO_03086,TYRE_0094,392,2026-01-19,2026-01-23 20:00:00,2026-01-18 23:00:00,2026-01-19 00:00:00,58,1
MO_03087,TYRE_0049,45,2026-01-27,2026-02-01 00:00:00,2026-01-27 14:00:00,2026-01-29 23:00:00,61,0
MO_03088,TYRE_0055,6,2026-01-14,2026-01-15 00:00:00,2026-01-14 16:00:00,2026-01-14 23:00:00,30,0
MO_03089,TYRE_0009,24,2026-01-14,2026-01-14 20:00:00,2026-01-13 23:00:00,2026-01-14 00:00:00,30,1
MO_03090,TYRE_0053,12,2026-01-14,2026-01-14 20:00:00,2026-01-13 23:00:00,2026-01-14 00:00:00,30,1
MO_03091,TYRE_0122,36,2026-01-14,2026-01-14 12:00:00,2026-01-13 12:00:00,2026-01-14 00:00:00,30,2
MO_03092,TYRE_0112,108,2026-01-14,2026-01-14 00:00:00,2026-01-13 00:00:00,2026-01-14 00:00:00,30,3
MO_03093,TYRE_0110,24,2026-01-14,2026-01-14 12:00:00,2026-01-13 12:00:00,2026-01-14 00:00:00,30,2
MO_03094,TYRE_0042,72,2026-01-14,2026-01-14 00:00:00,2026-01-13 00:00:00,2026-01-14 00:00:00,30,3
MO_03095,TYRE_0118,49,2026-01-26,2026-01-28 00:00:00,2026-01-26 08:00:00,2026-01-26 09:00:00,21,0
MO_03096,TYRE_0025,8,2026-01-30,2026-02-03 00:00:00,2026-01-30 12:00:00,2026-01-31 05:00:00,20,0
MO_03097,TYRE_0037,8,2026-01-30,2026-02-02 20:00:00,2026-01-29 23:00:00,2026-01-30 00:00:00,20,1
MO_03098,TYRE_0135,16,2026-01-30,2026-02-02 12:00:00,2026-01-29 23:00:00,2026-01-30 00:00:00,20,2
MO_03099,TYRE_0082,32,2026-01-30,2026-02-02 00:00:00,2026-01-29 23:00:00,2026-01-30 00:00:00,20,3
MO_03100,TYRE_0081,32,2026-01-30,2026-02-02 00:00:00,2026-01-29 23:00:00,2026-01-30 00:00:00,20,3
MO_03101,TYRE_0115,16,2026-01-30,2026-02-02 20:00:00,2026-01-29 23:00:00,2026-01-30 00:00:00,20,1
MO_03102,TYRE_0016,16,2026-01-30,2026-02-02 12:00:00,2026-01-29 23:00:00,2026-01-30 00:00:00,20,2
MO_03103,TYRE_0075,32,2026-01-30,2026-02-02 00:00:00,2026-01-29 23:00:00,2026-01-30 00:00:00,20,3
MO_03104,TYRE_0005,64,2026-01-30,2026-02-02 00:00:00,2026-01-29 23:00:00,2026-01-30 00:00:00,20,3
MO_03105,TYRE_0116,81,2026-01-04,2026-01-15 00:00:00,2026-01-05 07:00:00,2026-01-07 15:00:00,63,0
MO_03106,TYRE_0061,82,2026-01-25,2026-02-03 00:00:00,2026-01-25 01:00:00,2026-01-26 11:00:00,92,0
MO_03107,TYRE_0095,246,2026-01-25,2026-02-02 20:00:00,2026-01-24 23:00:00,2026-01-25 00:00:00,92,1
MO_03108,TYRE_0055,19,2026-01-13,2026-01-18 00:00:00,2026-01-14 07:00:00,2026-01-17 00:00:00,79,0
MO_03109,TYRE_0009,76,2026-01-13,2026-01-17 20:00:00,2026-01-12 23:00:00,2026-01-13 00:00:00,79,1
MO_03110,TYRE_0053,38,2026-01-13,2026-01-17 20:00:00,2026-01-12 23:00:00,2026-01-13 00:00:00,79,1
MO_03111,TYRE_0122,114,2026-01-13,2026-01-17 12:00:00,2026-01-12 23:00:00,2026-01-13 00:00:00,79,2
MO_03112,TYRE_0112,342,2026-01-13,2026-01-17 00:00:00,2026-01-12 23:00:00,2026-01-13 00:00:00,79,3
MO_03113,TYRE_0110,76,2026-01-13,2026-01-17 12:00:00,2026-01-12 23:00:00,2026-01-13 00:00:00,79,2
MO_03114,TYRE_0042,228,2026-01-13,2026-01-17 00:00:00,2026-01-12 23:00:00,2026-01-13 00:00:00,79,3
MO_03115,TYRE_0064,86,2026-01-10,2026-01-14 00:00:00,2026-01-11 22:00:00,2026-01-13 00:00:00,23,0
MO_03116,TYRE_0081,258,2026-01-10,2026-01-13 20:00:00,2026-01-09 23:00:00,2026-01-10 00:00:00,23,1
MO_03117,TYRE_0060,86,2026-01-10,2026-01-13 20:00:00,2026-01-09 23:00:00,2026-01-10 00:00:00,23,1
MO_03118,TYRE_0059,258,2026-01-10,2026-01-13 12:00:00,2026-01-09 23:00:00,2026-01-10 00:00:00,23,2
MO_03119,TYRE_0071,258,2026-01-10,2026-01-13 00:00:00,2026-01-09 23:00:00,2026-01-10 00:00:00,23,3
MO_03120,TYRE_0014,516,2026-01-10,2026-01-13 00:00:00,2026-01-09 23:00:00,2026-01-10 00:00:00,23,3
MO_03121,TYRE_0064,86,2026-01-10,2026-01-13 12:00:00,2026-01-09 23:00:00,2026-01-10 00:00:00,23,2
MO_03122,TYRE_0081,258,2026-01-10,2026-01-13 00:00:00,2026-01-09 23:00:00,2026-01-10 00:00:00,23,3
MO_03123,TYRE_0060,86,2026-01-10,2026-01-13 00:00:00,2026-01-09 23:00:00,2026-01-10 00:00:00,23,3
MO_03124,TYRE_0106,37,2026-01-25,2026-01-31 00:00:00,2026-01-25 19:00:00,2026-01-27 13:00:00,42,0
MO_03125,TYRE_0113,53,2026-01-18,2026-01-22 00:00:00,2026-01-19 18:00:00,2026-01-21 00:00:00,86,0
MO_03126,TYRE_0043,106,2026-01-18,2026-01-21 20:00:00,2026-01-17 23:00:00,2026-01-18 00:00:00,86,1
MO_03127,TYRE_0019,106,2026-01-18,2026-01-21 20:00:00,2026-01-17 23:00:00,2026-01-18 00:00:00,86,1
MO_03128,TYRE_0123,106,2026-01-18,2026-01-21 12:00:00,2026-01-17 23:00:00,2026-01-18 00:00:00,86,2
MO_03129,TYRE_0048,212,2026-01-18,2026-01-21 00:00:00,2026-01-17 23:00:00,2026-01-18 00:00:00,86,3
MO_03130,TYRE_0116,27,2026-01-08,2026-01-14 00:00:00,2026-01-08 18:00:00,2026-01-09 01:00:00,35,0
MO_03131,TYRE_0086,83,2026-01-08,2026-01-19 00:00:00,2026-01-09 21:00:00,2026-01-10 01:00:00,23,0
MO_03132,TYRE_0093,249,2026-01-08,2026-01-18 20:00:00,2026-01-07 23:00:00,2026-01-08 00:00:00,23,1
MO_03133,TYRE_0102,996,2026-01-08,2026-01-18 12:00:00,2026-01-07 23:00:00,2026-01-08 00:00:00,23,2
MO_03134,TYRE_0041,249,2026-01-08,2026-01-18 12:00:00,2026-01-07 23:00:00,2026-01-08 00:00:00,23,2
MO_03135,TYRE_0033,249,2026-01-08,2026-01-18 20:00:00,2026-01-07 23:00:00,2026-01-08 00:00:00,23,1
MO_03136,TYRE_0085,74,2026-01-07,2026-01-12 00:00:00,2026-01-08 02:00:00,2026-01-08 14:00:00,97,0
MO_03137,TYRE_0055,61,2026-01-08,2026-01-12 00:00:00,2026-01-09 11:00:00,2026-01-09 17:00:00,57,0
MO_03138,TYRE_0009,244,2026-01-08,2026-01-11 20:00:00,2026-01-07 23:00:00,2026-01-08 00:00:00,57,1
MO_03139,TYRE_0053,122,2026-01-08,2026-01-11 20:00:00,2026-01-07 23:00:00,2026-01-08 00:00:00,57,1
MO_03140,TYRE_0122,366,2026-01-08,2026-01-11 12:00:00,2026-01-07 23:00:00,2026-01-08 00:00:00,57,2
MO_03141,TYRE_0112,1098,2026-01-08,2026-01-11 00:00:00,2026-01-07 23:00:00,2026-01-08 00:00:00,57,3
MO_03142,TYRE_0110,244,2026-01-08,2026-01-11 12:00:00,2026-01-07 23:00:00,2026-01-08 00:00:00,57,2
MO_03143,TYRE_0042,732,2026-01-08,2026-01-11 00:00:00,2026-01-07 23:00:00,2026-01-08 00:00:00,57,3
MO_03144,TYRE_0026,78,2026-01-14,2026-01-15 00:00:00,2026-01-14 00:00:00,2026-01-14 00:00:00,74,0
MO_03145,TYRE_0114,24,2026-01-19,2026-01-21 00:00:00,2026-01-19 10:00:00,2026-01-20 22:00:00,55,0
MO_03146,TYRE_0140,96,2026-01-19,2026-01-20 20:00:00,2026-01-18 23:00:00,2026-01-19 00:00:00,55,1
MO_03147,TYRE_0081,96,2026-01-19,2026-01-20 12:00:00,2026-01-18 23:00:00,2026-01-19 00:00:00,55,2
MO_03148,TYRE_0034,72,2026-01-19,2026-01-20 20:00:00,2026-01-18 23:00:00,2026-01-19 00:00:00,55,1
MO_03149,TYRE_0000,39,2026-01-29,2026-02-12 00:00:00,2026-01-29 15:00:00,2026-01-31 11:00:00,64,0
MO_03150,TYRE_0076,117,2026-01-29,2026-02-11 20:00:00,2026-01-28 23:00:00,2026-01-29 00:00:00,64,1
MO_03151,TYRE_0018,117,2026-01-29,2026-02-11 20:00:00,2026-01-28 23:00:00,2026-01-29 00:00:00,64,1
MO_03152,TYRE_0080,117,2026-01-29,2026-02-11 12:00:00,2026-01-28 23:00:00,2026-01-29 00:00:00,64,2
MO_03153,TYRE_0017,117,2026-01-29,2026-02-11 00:00:00,2026-01-28 23:00:00,2026-01-29 00:00:00,64,3
MO_03154,TYRE_0124,70,2026-01-06,2026-01-14 00:00:00,2026-01-07 01:00:00,2026-01-09 04:00:00,83,0
MO_03155,TYRE_0089,280,2026-01-06,2026-01-13 20:00:00,2026-01-05 23:00:00,2026-01-06 00:00:00,83,1
MO_03156,TYRE_0125,98,2026-01-01,2026-01-08 00:00:00,2026-01-02 05:00:00,2026-01-04 04:00:00,83,0
MO_03157,TYRE_0106,98,2026-01-01,2026-01-07 20:00:00,2025-12-31 23:00:00,2026-01-01 00:00:00,83,1
MO_03158,TYRE_0087,98,2026-01-01,2026-01-07 20:00:00,2025-12-31 23:00:00,2026-01-01 00:00:00,83,1
MO_03159,TYRE_0017,54,2026-01-23,2026-01-27 00:00:00,2026-01-23 01:00:00,2026-01-25 14:00:00,77,0
MO_03160,TYRE_0066,162,2026-01-23,2026-01-26 20:00:00,2026-01-22 23:00:00,2026-01-23 00:00:00,77,1
MO_03161,TYRE_0011,324,2026-01-23,2026-01-26 12:00:00,2026-01-22 23:00:00,2026-01-23 00:00:00,77,2
MO_03162,TYRE_0112,648,2026-01-23,2026-01-26 00:00:00,2026-01-22 23:00:00,2026-01-23 00:00:00,77,3
MO_03163,TYRE_0039,972,2026-01-23,2026-01-26 00:00:00,2026-01-22 23:00:00,2026-01-23 00:00:00,77,3
MO_03164,TYRE_0010,162,2026-01-23,2026-01-26 12:00:00,2026-01-22 23:00:00,2026-01-23 00:00:00,77,2
MO_03165,TYRE_0025,324,2026-01-23,2026-01-26 00:00:00,2026-01-22 23:00:00,2026-01-23 00:00:00,77,3
MO_03166,TYRE_0135,54,2026-01-23,2026-01-26 20:00:00,2026-01-22 23:00:00,2026-01-23 00:00:00,77,1
MO_03167,TYRE_0082,108,2026-01-23,2026-01-26 12:00:00,2026-01-22 23:00:00,2026-01-23 00:00:00,77,2
MO_03168,TYRE_0081,108,2026-01-23,2026-01-26 12:00:00,2026-01-22 23:00:00,2026-01-23 00:00:00,77,2
MO_03169,TYRE_0123,50,2026-01-15,2026-01-18 00:00:00,2026-01-16 09:00:00,2026-01-17 00:00:00,87,0
MO_03170,TYRE_0048,100,2026-01-15,2026-01-17 20:00:00,2026-01-14 23:00:00,2026-01-15 00:00:00,87,1
MO_03171,TYRE_0025,51,2026-01-01,2026-01-05 00:00:00,2026-01-02 16:00:00,2026-01-02 19:00:00,21,0
MO_03172,TYRE_0037,51,2026-01-01,2026-01-04 20:00:00,2025-12-31 23:00:00,2026-01-01 00:00:00,21,1
MO_03173,TYRE_0135,102,2026-01-01,2026-01-04 12:00:00,2025-12-31 23:00:00,2026-01-01 00:00:00,21,2
MO_03174,TYRE_0082,204,2026-01-01,2026-01-04 00:00:00,2025-12-31 23:00:00,2026-01-01 00:00:00,21,3
MO_03175,TYRE_0081,204,2026-01-01,2026-01-04 00:00:00,2025-12-31 23:00:00,2026-01-01 00:00:00,21,3
MO_03176,TYRE_0115,102,2026-01-01,2026-01-04 20:00:00,2025-12-31 23:00:00,2026-01-01 00:00:00,21,1
MO_03177,TYRE_0016,102,2026-01-01,2026-01-04 12:00:00,2025-12-31 23:00:00,2026-01-01 00:00:00,21,2
MO_03178,TYRE_0075,204,2026-01-01,2026-01-04 00:00:00,2025-12-31 23:00:00,2026-01-01 00:00:00,21,3
MO_03179,TYRE_0005,408,2026-01-01,2026-01-04 00:00:00,2025-12-31 23:00:00,2026-01-01 00:00:00,21,3
MO_03180,TYRE_0124,42,2026-01-25,2026-01-27 00:00:00,2026-01-25 21:00:00,2026-01-26 00:00:00,63,0
MO_03181,TYRE_0089,168,2026-01-25,2026-01-26 20:00:00,2026-01-24 23:00:00,2026-01-25 00:00:00,63,1
MO_03182,TYRE_0012,89,2026-01-17,2026-01-24 00:00:00,2026-01-18 06:00:00,2026-01-19 15:00:00,73,0
MO_03183,TYRE_0061,85,2026-01-01,2026-01-05 00:00:00,2026-01-01 20:00:00,2026-01-03 16:00:00,56,0
MO_03184,TYRE_0095,255,2026-01-01,2026-01-04 20:00:00,2025-12-31 23:00:00,2026-01-01 00:00:00,56,1
MO_03185,TYRE_0124,61,2026-01-15,2026-01-18 00:00:00,2026-01-16 11:00:00,2026-01-17 02:00:00,46,0
MO_03186,TYRE_0089,244,2026-01-15,2026-01-17 20:00:00,2026-01-14 23:00:00,2026-01-15 00:00:00,46,1
MO_03187,TYRE_0035,97,2026-01-23,2026-01-24 00:00:00,2026-01-23 00:00:00,2026-01-23 00:00:00,83,0
MO_03188,TYRE_0006,291,2026-01-23,2026-01-23 20:00:00,2026-01-22 20:00:00,2026-01-23 00:00:00,83,1
MO_03189,TYRE_0080,97,2026-01-23,2026-01-23 20:00:00,2026-01-22 20:00:00,2026-01-23 00:00:00,83,1
MO_03190,TYRE_0017,97,2026-01-23,2026-01-23 12:00:00,2026-01-22 12:00:00,2026-01-23 00:00:00,83,2
MO_03191,TYRE_0066,291,2026-01-23,2026-01-23 00:00:00,2026-01-22 00:00:00,2026-01-23 00:00:00,83,3
MO_03192,TYRE_0135,97,2026-01-23,2026-01-23 00:00:00,2026-01-22 00:00:00,2026-01-23 00:00:00,83,3
MO_03193,TYRE_0061,74,2026-01-02,2026-01-06 00:00:00,2026-01-02 22:00:00,2026-01-03 13:00:00,50,0
MO_03194,TYRE_0095,222,2026-01-02,2026-01-05 20:00:00,2026-01-01 23:00:00,2026-01-02 00:00:00,50,1
MO_03195,TYRE_0086,7,2026-01-14,2026-01-21 00:00:00,2026-01-15 01:00:00,2026-01-16 07:00:00,36,0
MO_03196,TYRE_0093,21,2026-01-14,2026-01-20 20:00:00,2026-01-13 23:00:00,2026-01-14 00:00:00,36,1
MO_03197,TYRE_0102,84,2026-01-14,2026-01-20 12:00:00,2026-01-13 23:00:00,2026-01-14 00:00:00,36,2
MO_03198,TYRE_0041,21,2026-01-14,2026-01-20 12:00:00,2026-01-13 23:00:00,2026-01-14 00:00:00,36,2
MO_03199,TYRE_0033,21,2026-01-14,2026-01-20 20:00:00,2026-01-13 23:00:00,2026-01-14 00:00:00,36,1
MO_03200,TYRE_0116,56,2026-01-21,2026-01-25 00:00:00,2026-01-21 17:00:00,2026-01-22 05:00:00,51,0
MO_03201,TYRE_0090,91,2026-01-08,2026-01-15 00:00:00,2026-01-08 14:00:00,2026-01-08 18:00:00,85,0
MO_03202,TYRE_0127,364,2026-01-08,2026-01-14 20:00:00,2026-01-07 23:00:00,2026-01-08 00:00:00,85,1
MO_03203,TYRE_0142,1456,2026-01-08,2026-01-14 12:00:00,2026-01-07 23:00:00,2026-01-08 00:00:00,85,2
MO_03204,TYRE_0011,1092,2026-01-08,2026-01-14 12:00:00,2026-01-07 23:00:00,2026-01-08 00:00:00,85,2
MO_03205,TYRE_0112,2184,2026-01-08,2026-01-14 00:00:00,2026-01-07 23:00:00,2026-01-08 00:00:00,85,3
MO_03206,TYRE_0039,3276,2026-01-08,2026-01-14 00:00:00,2026-01-07 23:00:00,2026-01-08 00:00:00,85,3
MO_03207,TYRE_0137,34,2026-01-08,2026-01-11 00:00:00,2026-01-09 09:00:00,2026-01-10 00:00:00,95,0
MO_03208,TYRE_0009,88,2026-01-19,2026-01-26 00:00:00,2026-01-19 21:00:00,2026-01-21 11:00:00,77,0
MO_03209,TYRE_0048,36,2026-01-07,2026-01-15 00:00:00,2026-01-08 03:00:00,2026-01-08 20:00:00,38,0
MO_03210,TYRE_0033,11,2026-01-19,2026-01-22 00:00:00,2026-01-20 18:00:00,2026-01-21 13:00:00,45,0
MO_03211,TYRE_0024,80,2026-01-06,2026-01-11 00:00:00,2026-01-06 06:00:00,2026-01-06 07:00:00,66,0
MO_03212,TYRE_0071,320,2026-01-06,2026-01-10 20:00:00,2026-01-05 23:00:00,2026-01-06 00:00:00,66,1
MO_03213,TYRE_0043,320,2026-01-06,2026-01-10 12:00:00,2026-01-05 23:00:00,2026-01-06 00:00:00,66,2
MO_03214,TYRE_0084,80,2026-01-06,2026-01-10 20:00:00,2026-01-05 23:00:00,2026-01-06 00:00:00,66,1
MO_03215,TYRE_0108,81,2026-01-06,2026-01-08 00:00:00,2026-01-06 23:00:00,2026-01-07 00:00:00,87,0
MO_03216,TYRE_0127,162,2026-01-06,2026-01-07 20:00:00,2026-01-05 23:00:00,2026-01-06 00:00:00,87,1
MO_03217,TYRE_0142,648,2026-01-06,2026-01-07 12:00:00,2026-01-05 23:00:00,2026-01-06 00:00:00,87,2
MO_03218,TYRE_0011,486,2026-01-06,2026-01-07 12:00:00,2026-01-05 23:00:00,2026-01-06 00:00:00,87,2
MO_03219,TYRE_0112,972,2026-01-06,2026-01-07 00:00:00,2026-01-06 00:00:00,2026-01-06 00:00:00,87,3
MO_03220,TYRE_0039,1458,2026-01-06,2026-01-07 00:00:00,2026-01-06 00:00:00,2026-01-06 00:00:00,87,3
MO_03221,TYRE_0056,59,2026-01-03,2026-01-04 00:00:00,2026-01-03 00:00:00,2026-01-03 00:00:00,21,0
MO_03222,TYRE_0108,46,2026-01-07,2026-01-21 00:00:00,2026-01-07 23:00:00,2026-01-08 08:00:00,54,0
MO_03223,TYRE_0127,92,2026-01-07,2026-01-20 20:00:00,2026-01-06 23:00:00,2026-01-07 00:00:00,54,1
MO_03224,TYRE_0142,368,2026-01-07,2026-01-20 12:00:00,2026-01-06 23:00:00,2026-01-07 00:00:00,54,2
MO_03225,TYRE_0011,276,2026-01-07,2026-01-20 12:00:00,2026-01-06 23:00:00,2026-01-07 00:00:00,54,2
MO_03226,TYRE_0112,552,2026-01-07,2026-01-20 00:00:00,2026-01-06 23:00:00,2026-01-07 00:00:00,54,3
MO_03227,TYRE_0039,828,2026-01-07,2026-01-20 00:00:00,2026-01-06 23:00:00,2026-01-07 00:00:00,54,3
MO_03228,TYRE_0055,46,2026-01-19,2026-01-24 00:00:00,2026-01-20 10:00:00,2026-01-23 01:00:00,29,0
MO_03229,TYRE_0009,184,2026-01-19,2026-01-23 20:00:00,2026-01-18 23:00:00,2026-01-19 00:00:00,29,1
MO_03230,TYRE_0053,92,2026-01-19,2026-01-23 20:00:00,2026-01-18 23:00:00,2026-01-19 00:00:00,29,1
MO_03231,TYRE_0122,276,2026-01-19,2026-01-23 12:00:00,2026-01-18 23:00:00,2026-01-19 00:00:00,29,2
MO_03232,TYRE_0112,828,2026-01-19,2026-01-23 00:00:00,2026-01-18 23:00:00,2026-01-19 00:00:00,29,3
MO_03233,TYRE_0110,184,2026-01-19,2026-01-23 12:00:00,2026-01-18 23:00:00,2026-01-19 00:00:00,29,2
MO_03234,TYRE_0042,552,2026-01-19,2026-01-23 00:00:00,2026-01-18 23:00:00,2026-01-19 00:00:00,29,3
MO_03235,TYRE_0054,47,2026-01-08,2026-01-13 00:00:00,2026-01-08 12:00:00,2026-01-10 05:00:00,54,0
MO_03236,TYRE_0123,47,2026-01-08,2026-01-12 20:00:00,2026-01-07 23:00:00,2026-01-08 00:00:00,54,1
MO_03237,TYRE_0048,94,2026-01-08,2026-01-12 12:00:00,2026-01-07 23:00:00,2026-01-08 00:00:00,54,2
MO_03238,TYRE_0106,26,2026-01-10,2026-01-12 00:00:00,2026-01-10 12:00:00,2026-01-11 00:00:00,32,0
MO_03239,TYRE_0141,79,2026-01-20,2026-01-21 00:00:00,2026-01-20 00:00:00,2026-01-20 00:00:00,71,0
MO_03240,TYRE_0042,25,2026-01-15,2026-01-22 00:00:00,2026-01-15 18:00:00,2026-01-17 09:00:00,95,0
MO_03241,TYRE_0120,100,2026-01-15,2026-01-21 20:00:00,2026-01-14 23:00:00,2026-01-15 00:00:00,95,1
MO_03242,TYRE_0080,100,2026-01-15,2026-01-21 12:00:00,2026-01-14 23:00:00,2026-01-15 00:00:00,95,2
MO_03243,TYRE_0017,100,2026-01-15,2026-01-21 00:00:00,2026-01-14 23:00:00,2026-01-15 00:00:00,95,3
MO_03244,TYRE_0078,100,2026-01-15,2026-01-21 20:00:00,2026-01-14 23:00:00,2026-01-15 00:00:00,95,1
MO_03245,TYRE_0022,200,2026-01-15,2026-01-21 12:00:00,2026-01-14 23:00:00,2026-01-15 00:00:00,95,2
MO_03246,TYRE_0033,300,2026-01-15,2026-01-21 12:00:00,2026-01-14 23:00:00,2026-01-15 00:00:00,95,2
MO_03247,TYRE_0086,27,2026-01-15,2026-01-16 00:00:00,2026-01-15 00:00:00,2026-01-15 00:00:00,43,0
MO_03248,TYRE_0093,81,2026-01-15,2026-01-15 20:00:00,2026-01-14 20:00:00,2026-01-15 00:00:00,43,1
MO_03249,TYRE_0102,324,2026-01-15,2026-01-15 12:00:00,2026-01-14 12:00:00,2026-01-15 00:00:00,43,2
MO_03250,TYRE_0041,81,2026-01-15,2026-01-15 12:00:00,2026-01-14 12:00:00,2026-01-15 00:00:00,43,2
MO_03251,TYRE_0033,81,2026-01-15,2026-01-15 20:00:00,2026-01-14 20:00:00,2026-01-15 00:00:00,43,1
MO_03252,TYRE_0072,93,2026-01-29,2026-02-05 00:00:00,2026-01-29 21:00:00,2026-01-31 20:00:00,30,0
MO_03253,TYRE_0126,57,2026-01-01,2026-01-08 00:00:00,2026-01-02 16:00:00,2026-01-05 04:00:00,60,0
MO_03254,TYRE_0089,114,2026-01-01,2026-01-07 20:00:00,2025-12-31 23:00:00,2026-01-01 00:00:00,60,1
MO_03255,TYRE_0012,81,2026-01-20,2026-01-24 00:00:00,2026-01-20 20:00:00,2026-01-22 09:00:00,18,0
MO_03256,TYRE_0086,85,2026-01-30,2026-02-03 00:00:00,2026-01-30 15:00:00,2026-02-01 10:00:00,83,0
MO_03257,TYRE_0093,255,2026-01-30,2026-02-02 20:00:00,2026-01-29 23:00:00,2026-01-30 00:00:00,83,1
MO_03258,TYRE_0102,1020,2026-01-30,2026-02-02 12:00:00,2026-01-29 23:00:00,2026-01-30 00:00:00,83,2
MO_03259,TYRE_0041,255,2026-01-30,2026-02-02 12:00:00,2026-01-29 23:00:00,2026-01-30 00:00:00,83,2
MO_03260,TYRE_0033,255,2026-01-30,2026-02-02 20:00:00,2026-01-29 23:00:00,2026-01-30 00:00:00,83,1
MO_03261,TYRE_0077,76,2026-01-07,2026-01-11 00:00:00,2026-01-08 05:00:00,2026-01-08 19:00:00,19,0
MO_03262,TYRE_0042,84,2026-01-27,2026-02-05 00:00:00,2026-01-27 04:00:00,2026-01-29 16:00:00,61,0
MO_03263,TYRE_0120,336,2026-01-27,2026-02-04 20:00:00,2026-01-26 23:00:00,2026-01-27 00:00:00,61,1
MO_03264,TYRE_0080,336,2026-01-27,2026-02-04 12:00:00,2026-01-26 23:00:00,2026-01-27 00:00:00,61,2
MO_03265,TYRE_0017,336,2026-01-27,2026-02-04 00:00:00,2026-01-26 23:00:00,2026-01-27 00:00:00,61,3
MO_03266,TYRE_0078,336,2026-01-27,2026-02-04 20:00:00,2026-01-26 23:00:00,2026-01-27 00:00:00,61,1
MO_03267,TYRE_0022,672,2026-01-27,2026-02-04 12:00:00,2026-01-26 23:00:00,2026-01-27 00:00:00,61,2
MO_03268,TYRE_0033,1008,2026-01-27,2026-02-04 12:00:00,2026-01-26 23:00:00,2026-01-27 00:00:00,61,2
MO_03269,TYRE_0143,64,2026-01-04,2026-01-15 00:00:00,2026-01-05 16:00:00,2026-01-05 22:00:00,54,0
MO_03270,TYRE_0094,256,2026-01-04,2026-01-14 20:00:00,2026-01-03 23:00:00,2026-01-04 00:00:00,54,1
MO_03271,TYRE_0053,19,2026-01-29,2026-02-03 00:00:00,2026-01-30 16:00:00,2026-01-31 21:00:00,61,0
MO_03272,TYRE_0122,57,2026-01-29,2026-02-02 20:00:00,2026-01-28 23:00:00,2026-01-29 00:00:00,61,1
MO_03273,TYRE_0112,171,2026-01-29,2026-02-02 12:00:00,2026-01-28 23:00:00,2026-01-29 00:00:00,61,2
MO_03274,TYRE_0028,171,2026-01-29,2026-02-02 00:00:00,2026-01-28 23:00:00,2026-01-29 00:00:00,61,3
MO_03275,TYRE_0084,513,2026-01-29,2026-02-02 00:00:00,2026-01-28 23:00:00,2026-01-29 00:00:00,61,3
MO_03276,TYRE_0110,38,2026-01-29,2026-02-02 20:00:00,2026-01-28 23:00:00,2026-01-29 00:00:00,61,1
MO_03277,TYRE_0042,114,2026-01-29,2026-02-02 12:00:00,2026-01-28 23:00:00,2026-01-29 00:00:00,61,2
MO_03278,TYRE_0120,456,2026-01-29,2026-02-02 00:00:00,2026-01-28 23:00:00,2026-01-29 00:00:00,61,3
MO_03279,TYRE_0078,456,2026-01-29,2026-02-02 00:00:00,2026-01-28 23:00:00,2026-01-29 00:00:00,61,3
MO_03280,TYRE_0121,90,2026-01-06,2026-01-11 00:00:00,2026-01-06 05:00:00,2026-01-07 16:00:00,39,0
MO_03281,TYRE_0021,360,2026-01-06,2026-01-10 20:00:00,2026-01-05 23:00:00,2026-01-06 00:00:00,39,1
MO_03282,TYRE_0070,720,2026-01-06,2026-01-10 12:00:00,2026-01-05 23:00:00,2026-01-06 00:00:00,39,2
MO_03283,TYRE_0027,2160,2026-01-06,2026-01-10 00:00:00,2026-01-05 23:00:00,2026-01-06 00:00:00,39,3
MO_03284,TYRE_0091,2160,2026-01-06,2026-01-10 00:00:00,2026-01-05 23:00:00,2026-01-06 00:00:00,39,3
MO_03285,TYRE_0096,1080,2026-01-06,2026-01-10 12:00:00,2026-01-05 23:00:00,2026-01-06 00:00:00,39,2
MO_03286,TYRE_0049,2160,2026-01-06,2026-01-10 00:00:00,2026-01-05 23:00:00,2026-01-06 00:00:00,39,3
MO_03287,TYRE_0013,31,2026-01-25,2026-01-31 00:00:00,2026-01-25 20:00:00,2026-01-26 06:00:00,73,0
MO_03288,TYRE_0124,10,2026-01-01,2026-01-08 00:00:00,2026-01-02 17:00:00,2026-01-05 14:00:00,11,0
MO_03289,TYRE_0089,40,2026-01-01,2026-01-07 20:00:00,2025-12-31 23:00:00,2026-01-01 00:00:00,11,1
MO_03290,TYRE_0116,25,2026-01-29,2026-02-08 00:00:00,2026-01-29 10:00:00,2026-01-30 14:00:00,58,0
MO_03291,TYRE_0124,35,2026-01-05,2026-01-09 00:00:00,2026-01-05 23:00:00,2026-01-06 04:00:00,54,0
MO_03292,TYRE_0089,140,2026-01-05,2026-01-08 20:00:00,2026-01-04 23:00:00,2026-01-05 00:00:00,54,1
MO_03293,TYRE_0148,100,2026-01-27,2026-02-01 00:00:00,2026-01-28 03:00:00,2026-01-30 05:00:00,26,0
MO_03294,TYRE_0083,46,2026-01-23,2026-01-27 00:00:00,2026-01-23 14:00:00,2026-01-25 03:00:00,37,0
MO_03295,TYRE_0102,53,2026-01-01,2026-01-06 00:00:00,2026-01-02 14:00:00,2026-01-03 11:00:00,54,0
MO_03296,TYRE_0018,11,2026-01-30,2026-02-06 00:00:00,2026-01-31 21:00:00,2026-02-03 02:00:00,26,0
MO_03297,TYRE_0080,11,2026-01-30,2026-02-05 20:00:00,2026-01-29 23:00:00,2026-01-30 00:00:00,26,1
MO_03298,TYRE_0017,11,2026-01-30,2026-02-05 12:00:00,2026-01-29 23:00:00,2026-01-30 00:00:00,26,2
MO_03299,TYRE_0066,33,2026-01-30,2026-02-05 00:00:00,2026-01-29 23:00:00,2026-01-30 00:00:00,26,3
MO_03300,TYRE_0135,11,2026-01-30,2026-02-05 00:00:00,2026-01-29 23:00:00,2026-01-30 00:00:00,26,3
MO_03301,TYRE_0037,27,2026-01-04,2026-01-11 00:00:00,2026-01-05 15:00:00,2026-01-07 06:00:00,68,0
MO_03302,TYRE_0135,54,2026-01-04,2026-01-10 20:00:00,2026-01-03 23:00:00,2026-01-04 00:00:00,68,1
MO_03303,TYRE_0082,108,2026-01-04,2026-01-10 12:00:00,2026-01-03 23:00:00,2026-01-04 00:00:00,68,2
MO_03304,TYRE_0081,108,2026-01-04,2026-01-10 12:00:00,2026-01-03 23:00:00,2026-01-04 00:00:00,68,2
MO_03305,TYRE_0126,85,2026-01-22,2026-01-27 00:00:00,2026-01-23 22:00:00,2026-01-24 04:00:00,23,0
MO_03306,TYRE_0089,170,2026-01-22,2026-01-26 20:00:00,2026-01-21 23:00:00,2026-01-22 00:00:00,23,1
MO_03307,TYRE_0106,9,2026-01-02,2026-01-07 00:00:00,2026-01-02 18:00:00,2026-01-04 09:00:00,19,0
MO_03308,TYRE_0015,64,2026-01-10,2026-01-14 00:00:00,2026-01-10 16:00:00,2026-01-11 15:00:00,87,0
MO_03309,TYRE_0010,256,2026-01-10,2026-01-13 20:00:00,2026-01-09 23:00:00,2026-01-10 00:00:00,87,1
MO_03310,TYRE_0025,512,2026-01-10,2026-01-13 12:00:00,2026-01-09 23:00:00,2026-01-10 00:00:00,87,2
MO_03311,TYRE_0037,512,2026-01-10,2026-01-13 00:00:00,2026-01-09 23:00:00,2026-01-10 00:00:00,87,3
MO_03312,TYRE_0115,1024,2026-01-10,2026-01-13 00:00:00,2026-01-09 23:00:00,2026-01-10 00:00:00,87,3
MO_03313,TYRE_0070,64,2026-01-10,2026-01-13 20:00:00,2026-01-09 23:00:00,2026-01-10 00:00:00,87,1
MO_03314,TYRE_0027,192,2026-01-10,2026-01-13 12:00:00,2026-01-09 23:00:00,2026-01-10 00:00:00,87,2
MO_03315,TYRE_0007,576,2026-01-10,2026-01-13 00:00:00,2026-01-09 23:00:00,2026-01-10 00:00:00,87,3
MO_03316,TYRE_0091,192,2026-01-10,2026-01-13 12:00:00,2026-01-09 23:00:00,2026-01-10 00:00:00,87,2
MO_03317,TYRE_0124,384,2026-01-10,2026-01-13 00:00:00,2026-01-09 23:00:00,2026-01-10 00:00:00,87,3
MO_03318,TYRE_0012,42,2026-01-05,2026-01-10 00:00:00,2026-01-05 02:00:00,2026-01-06 18:00:00,90,0
MO_03319,TYRE_0090,78,2026-01-27,2026-02-01 00:00:00,2026-01-27 02:00:00,2026-01-29 04:00:00,95,0
MO_03320,TYRE_0127,312,2026-01-27,2026-01-31 20:00:00,2026-01-26 23:00:00,2026-01-27 00:00:00,95,1
MO_03321,TYRE_0142,1248,2026-01-27,2026-01-31 12:00:00,2026-01-26 23:00:00,2026-01-27 00:00:00,95,2
MO_03322,TYRE_0011,936,2026-01-27,2026-01-31 12:00:00,2026-01-26 23:00:00,2026-01-27 00:00:00,95,2
MO_03323,TYRE_0112,1872,2026-01-27,2026-01-31 00:00:00,2026-01-26 23:00:00,2026-01-27 00:00:00,95,3
MO_03324,TYRE_0039,2808,2026-01-27,2026-01-31 00:00:00,2026-01-26 23:00:00,2026-01-27 00:00:00,95,3
MO_03325,TYRE_0058,67,2026-01-10,2026-01-13 00:00:00,2026-01-11 14:00:00,2026-01-12 00:00:00,27,0
MO_03326,TYRE_0138,201,2026-01-10,2026-01-12 20:00:00,2026-01-09 23:00:00,2026-01-10 00:00:00,27,1
MO_03327,TYRE_0055,40,2026-01-01,2026-01-08 00:00:00,2026-01-02 03:00:00,2026-01-03 21:00:00,44,0
MO_03328,TYRE_0009,160,2026-01-01,2026-01-07 20:00:00,2025-12-31 23:00:00,2026-01-01 00:00:00,44,1
MO_03329,TYRE_0053,80,2026-01-01,2026-01-07 20:00:00,2025-12-31 23:00:00,2026-01-01 00:00:00,44,1
MO_03330,TYRE_0122,240,2026-01-01,2026-01-07 12:00:00,2025-12-31 23:00:00,2026-01-01 00:00:00,44,2
MO_03331,TYRE_0112,720,2026-01-01,2026-01-07 00:00:00,2025-12-31 23:00:00,2026-01-01 00:00:00,44,3
MO_03332,TYRE_0110,160,2026-01-01,2026-01-07 12:00:00,2025-12-31 23:00:00,2026-01-01 00:00:00,44,2
MO_03333,TYRE_0042,480,2026-01-01,2026-01-07 00:00:00,2025-12-31 23:00:00,2026-01-01 00:00:00,44,3
MO_03334,TYRE_0112,36,2026-01-22,2026-01-27 00:00:00,2026-01-23 06:00:00,2026-01-26 02:00:00,57,0
MO_03335,TYRE_0028,36,2026-01-22,2026-01-26 20:00:00,2026-01-21 23:00:00,2026-01-22 00:00:00,57,1
MO_03336,TYRE_0060,36,2026-01-22,2026-01-26 12:00:00,2026-01-21 23:00:00,2026-01-22 00:00:00,57,2
MO_03337,TYRE_0059,108,2026-01-22,2026-01-26 00:00:00,2026-01-21 23:00:00,2026-01-22 00:00:00,57,3
MO_03338,TYRE_0064,36,2026-01-22,2026-01-26 00:00:00,2026-01-21 23:00:00,2026-01-22 00:00:00,57,3
MO_03339,TYRE_0087,144,2026-01-22,2026-01-26 12:00:00,2026-01-21 23:00:00,2026-01-22 00:00:00,57,2
MO_03340,TYRE_0084,108,2026-01-22,2026-01-26 20:00:00,2026-01-21 23:00:00,2026-01-22 00:00:00,57,1
MO_03341,TYRE_0080,78,2026-01-06,2026-01-11 00:00:00,2026-01-07 17:00:00,2026-01-10 03:00:00,67,0
MO_03342,TYRE_0017,78,2026-01-06,2026-01-10 20:00:00,2026-01-05 23:00:00,2026-01-06 00:00:00,67,1
MO_03343,TYRE_0066,234,2026-01-06,2026-01-10 12:00:00,2026-01-05 23:00:00,2026-01-06 00:00:00,67,2
MO_03344,TYRE_0011,468,2026-01-06,2026-01-10 00:00:00,2026-01-05 23:00:00,2026-01-06 00:00:00,67,3
MO_03345,TYRE_0010,234,2026-01-06,2026-01-10 00:00:00,2026-01-05 23:00:00,2026-01-06 00:00:00,67,3
MO_03346,TYRE_0135,78,2026-01-06,2026-01-10 12:00:00,2026-01-05 23:00:00,2026-01-06 00:00:00,67,2
MO_03347,TYRE_0082,156,2026-01-06,2026-01-10 00:00:00,2026-01-05 23:00:00,2026-01-06 00:00:00,67,3
MO_03348,TYRE_0081,156,2026-01-06,2026-01-10 00:00:00,2026-01-05 23:00:00,2026-01-06 00:00:00,67,3
MO_03349,TYRE_0106,65,2026-01-13,2026-01-21 00:00:00,2026-01-14 22:00:00,2026-01-15 22:00:00,27,0
MO_03350,TYRE_0129,55,2026-01-15,2026-01-18 00:00:00,2026-01-15 07:00:00,2026-01-16 07:00:00,61,0
MO_03351,TYRE_0091,110,2026-01-15,2026-01-17 20:00:00,2026-01-14 23:00:00,2026-01-15 00:00:00,61,1
MO_03352,TYRE_0124,220,2026-01-15,2026-01-17 12:00:00,2026-01-14 23:00:00,2026-01-15 00:00:00,61,2
MO_03353,TYRE_0089,880,2026-01-15,2026-01-17 00:00:00,2026-01-14 23:00:00,2026-01-15 00:00:00,61,3
MO_03354,TYRE_0124,55,2026-01-15,2026-01-17 20:00:00,2026-01-14 23:00:00,2026-01-15 00:00:00,61,1
MO_03355,TYRE_0089,220,2026-01-15,2026-01-17 12:00:00,2026-01-14 23:00:00,2026-01-15 00:00:00,61,2
MO_03356,TYRE_0090,62,2026-01-04,2026-01-08 00:00:00,2026-01-04 16:00:00,2026-01-05 15:00:00,39,0
MO_03357,TYRE_0127,248,2026-01-04,2026-01-07 20:00:00,2026-01-03 23:00:00,2026-01-04 00:00:00,39,1
MO_03358,TYRE_0142,992,2026-01-04,2026-01-07 12:00:00,2026-01-03 23:00:00,2026-01-04 00:00:00,39,2
MO_03359,TYRE_0011,744,2026-01-04,2026-01-07 12:00:00,2026-01-03 23:00:00,2026-01-04 00:00:00,39,2
MO_03360,TYRE_0112,1488,2026-01-04,2026-01-07 00:00:00,2026-01-03 23:00:00,2026-01-04 00:00:00,39,3
MO_03361,TYRE_0039,2232,2026-01-04,2026-01-07 00:00:00,2026-01-03 23:00:00,2026-01-04 00:00:00,39,3
MO_03362,TYRE_0113,93,2026-01-13,2026-01-17 00:00:00,2026-01-14 10:00:00,2026-01-16 23:00:00,46,0
MO_03363,TYRE_0043,186,2026-01-13,2026-01-16 20:00:00,2026-01-12 23:00:00,2026-01-13 00:00:00,46,1
MO_03364,TYRE_0019,186,2026-01-13,2026-01-16 20:00:00,2026-01-12 23:00:00,2026-01-13 00:00:00,46,1
MO_03365,TYRE_0123,186,2026-01-13,2026-01-16 12:00:00,2026-01-12 23:00:00,2026-01-13 00:00:00,46,2
MO_03366,TYRE_0048,372,2026-01-13,2026-01-16 00:00:00,2026-01-12 23:00:00,2026-01-13 00:00:00,46,3
MO_03367,TYRE_0055,35,2026-01-24,2026-01-26 00:00:00,2026-01-24 23:00:00,2026-01-25 00:00:00,49,0
MO_03368,TYRE_0009,140,2026-01-24,2026-01-25 20:00:00,2026-01-23 23:00:00,2026-01-24 00:00:00,49,1
MO_03369,TYRE_0053,70,2026-01-24,2026-01-25 20:00:00,2026-01-23 23:00:00,2026-01-24 00:00:00,49,1
MO_03370,TYRE_0122,210,2026-01-24,2026-01-25 12:00:00,2026-01-23 23:00:00,2026-01-24 00:00:00,49,2
MO_03371,TYRE_0112,630,2026-01-24,2026-01-25 00:00:00,2026-01-24 00:00:00,2026-01-24 00:00:00,49,3
MO_03372,TYRE_0110,140,2026-01-24,2026-01-25 12:00:00,2026-01-23 23:00:00,2026-01-24 00:00:00,49,2
MO_03373,TYRE_0042,420,2026-01-24,2026-01-25 00:00:00,2026-01-24 00:00:00,2026-01-24 00:00:00,49,3
MO_03374,TYRE_0113,44,2026-01-20,2026-01-23 00:00:00,2026-01-21 02:00:00,2026-01-22 00:00:00,15,0
MO_03375,TYRE_0043,88,2026-01-20,2026-01-22 20:00:00,2026-01-19 23:00:00,2026-01-20 00:00:00,15,1
MO_03376,TYRE_0019,88,2026-01-20,2026-01-22 20:00:00,2026-01-19 23:00:00,2026-01-20 00:00:00,15,1
MO_03377,TYRE_0123,88,2026-01-20,2026-01-22 12:00:00,2026-01-19 23:00:00,2026-01-20 00:00:00,15,2
MO_03378,TYRE_0048,176,2026-01-20,2026-01-22 00:00:00,2026-01-19 23:00:00,2026-01-20 00:00:00,15,3
MO_03379,TYRE_0109,63,2026-01-24,2026-02-01 00:00:00,2026-01-25 15:00:00,2026-01-27 20:00:00,88,0
MO_03380,TYRE_0027,63,2026-01-24,2026-01-31 20:00:00,2026-01-23 23:00:00,2026-01-24 00:00:00,88,1
MO_03381,TYRE_0007,189,2026-01-24,2026-01-31 12:00:00,2026-01-23 23:00:00,2026-01-24 00:00:00,88,2
MO_03382,TYRE_0146,567,2026-01-24,2026-01-31 00:00:00,2026-01-23 23:00:00,2026-01-24 00:00:00,88,3
MO_03383,TYRE_0074,567,2026-01-24,2026-01-31 00:00:00,2026-01-23 23:00:00,2026-01-24 00:00:00,88,3
MO_03384,TYRE_0083,252,2026-01-24,2026-01-31 20:00:00,2026-01-23 23:00:00,2026-01-24 00:00:00,88,1
MO_03385,TYRE_0126,28,2026-01-15,2026-01-29 00:00:00,2026-01-16 20:00:00,2026-01-17 21:00:00,44,0
MO_03386,TYRE_0089,56,2026-01-15,2026-01-28 20:00:00,2026-01-14 23:00:00,2026-01-15 00:00:00,44,1
MO_03387,TYRE_0094,85,2026-01-29,2026-02-02 00:00:00,2026-01-30 08:00:00,2026-02-01 13:00:00,35,0
MO_03388,TYRE_0138,42,2026-01-08,2026-01-12 00:00:00,2026-01-08 10:00:00,2026-01-10 22:00:00,39,0
MO_03389,TYRE_0106,92,2026-01-05,2026-01-10 00:00:00,2026-01-05 20:00:00,2026-01-07 15:00:00,84,0
MO_03390,TYRE_0138,70,2026-01-29,2026-02-02 00:00:00,2026-01-29 05:00:00,2026-01-29 13:00:00,33,0
MO_03391,TYRE_0093,54,2026-01-15,2026-01-24 00:00:00,2026-01-16 23:00:00,2026-01-18 16:00:00,64,0
MO_03392,TYRE_0102,216,2026-01-15,2026-01-23 20:00:00,2026-01-14 23:00:00,2026-01-15 00:00:00,64,1
MO_03393,TYRE_0041,54,2026-01-15,2026-01-23 20:00:00,2026-01-14 23:00:00,2026-01-15 00:00:00,64,1
MO_03394,TYRE_0009,27,2026-01-04,2026-01-06 00:00:00,2026-01-04 20:00:00,2026-01-06 00:00:00,87,0
MO_03395,TYRE_0061,31,2026-01-12,2026-01-15 00:00:00,2026-01-13 03:00:00,2026-01-14 00:00:00,96,0
MO_03396,TYRE_0095,93,2026-01-12,2026-01-14 20:00:00,2026-01-11 23:00:00,2026-01-12 00:00:00,96,1
MO_03397,TYRE_0124,88,2026-01-13,2026-01-17 00:00:00,2026-01-13 16:00:00,2026-01-16 06:00:00,18,0
MO_03398,TYRE_0089,352,2026-01-13,2026-01-16 20:00:00,2026-01-12 23:00:00,2026-01-13 00:00:00,18,1
MO_03399,TYRE_0143,100,2026-01-02,2026-01-07 00:00:00,2026-01-02 17:00:00,2026-01-04 17:00:00,71,0
MO_03400,TYRE_0094,400,2026-01-02,2026-01-06 20:00:00,2026-01-01 23:00:00,2026-01-02 00:00:00,71,1
MO_03401,TYRE_0082,69,2026-01-27,2026-02-02 00:00:00,2026-01-27 10:00:00,2026-01-27 20:00:00,27,0
MO_03402,TYRE_0070,49,2026-01-19,2026-01-21 00:00:00,2026-01-19 23:00:00,2026-01-20 00:00:00,60,0
MO_03403,TYRE_0027,147,2026-01-19,2026-01-20 20:00:00,2026-01-18 23:00:00,2026-01-19 00:00:00,60,1
MO_03404,TYRE_0007,441,2026-01-19,2026-01-20 12:00:00,2026-01-18 23:00:00,2026-01-19 00:00:00,60,2
MO_03405,TYRE_0146,1323,2026-01-19,2026-01-20 00:00:00,2026-01-19 00:00:00,2026-01-19 00:00:00,60,3
MO_03406,TYRE_0074,1323,2026-01-19,2026-01-20 00:00:00,2026-01-19 00:00:00,2026-01-19 00:00:00,60,3
MO_03407,TYRE_0091,147,2026-01-19,2026-01-20 20:00:00,2026-01-18 23:00:00,2026-01-19 00:00:00,60,1
MO_03408,TYRE_0124,294,2026-01-19,2026-01-20 12:00:00,2026-01-18 23:00:00,2026-01-19 00:00:00,60,2
MO_03409,TYRE_0089,1176,2026-01-19,2026-01-20 00:00:00,2026-01-19 00:00:00,2026-01-19 00:00:00,60,3
MO_03410,TYRE_0118,65,2026-01-19,2026-01-23 00:00:00,2026-01-20 19:00:00,2026-01-22 00:00:00,28,0
MO_03411,TYRE_0136,84,2026-01-04,2026-01-19 00:00:00,2026-01-05 00:00:00,2026-01-07 17:00:00,78,0
MO_03412,TYRE_0052,168,2026-01-04,2026-01-18 20:00:00,2026-01-03 23:00:00,2026-01-04 00:00:00,78,1
MO_03413,TYRE_0145,336,2026-01-04,2026-01-18 12:00:00,2026-01-03 23:00:00,2026-01-04 00:00:00,78,2
MO_03414,TYRE_0087,504,2026-01-04,2026-01-18 12:00:00,2026-01-03 23:00:00,2026-01-04 00:00:00,78,2
MO_03415,TYRE_0140,252,2026-01-04,2026-01-18 20:00:00,2026-01-03 23:00:00,2026-01-04 00:00:00,78,1
MO_03416,TYRE_0081,252,2026-01-04,2026-01-18 12:00:00,2026-01-03 23:00:00,2026-01-04 00:00:00,78,2
MO_03417,TYRE_0055,29,2026-01-04,2026-01-13 00:00:00,2026-01-05 05:00:00,2026-01-07 21:00:00,91,0
MO_03418,TYRE_0009,116,2026-01-04,2026-01-12 20:00:00,2026-01-03 23:00:00,2026-01-04 00:00:00,91,1
MO_03419,TYRE_0053,58,2026-01-04,2026-01-12 20:00:00,2026-01-03 23:00:00,2026-01-04 00:00:00,91,1
MO_03420,TYRE_0122,174,2026-01-04,2026-01-12 12:00:00,2026-01-03 23:00:00,2026-01-04 00:00:00,91,2
MO_03421,TYRE_0112,522,2026-01-04,2026-01-12 00:00:00,2026-01-03 23:00:00,2026-01-04 00:00:00,91,3
MO_03422,TYRE_0110,116,2026-01-04,2026-01-12 12:00:00,2026-01-03 23:00:00,2026-01-04 00:00:00,91,2
MO_03423,TYRE_0042,348,2026-01-04,2026-01-12 00:00:00,2026-01-03 23:00:00,2026-01-04 00:00:00,91,3
MO_03424,TYRE_0117,27,2026-01-26,2026-01-28 00:00:00,2026-01-27 00:00:00,2026-01-27 00:00:00,42,0
MO_03425,TYRE_0104,81,2026-01-26,2026-01-27 20:00:00,2026-01-25 23:00:00,2026-01-26 00:00:00,42,1
MO_03426,TYRE_0055,243,2026-01-26,2026-01-27 12:00:00,2026-01-25 23:00:00,2026-01-26 00:00:00,42,2
MO_03427,TYRE_0009,972,2026-01-26,2026-01-27 00:00:00,2026-01-25 23:00:00,2026-01-26 00:00:00,42,3
MO_03428,TYRE_0053,486,2026-01-26,2026-01-27 00:00:00,2026-01-25 23:00:00,2026-01-26 00:00:00,42,3
MO_03429,TYRE_0107,81,2026-01-26,2026-01-27 12:00:00,2026-01-25 23:00:00,2026-01-26 00:00:00,42,2
MO_03430,TYRE_0058,324,2026-01-26,2026-01-27 00:00:00,2026-01-25 23:00:00,2026-01-26 00:00:00,42,3
MO_03431,TYRE_0060,81,2026-01-26,2026-01-27 00:00:00,2026-01-25 23:00:00,2026-01-26 00:00:00,42,3
MO_03432,TYRE_0097,27,2026-01-26,2026-01-27 20:00:00,2026-01-25 23:00:00,2026-01-26 00:00:00,42,1
MO_03433,TYRE_0113,19,2026-01-11,2026-01-13 00:00:00,2026-01-11 06:00:00,2026-01-12 00:00:00,47,0
MO_03434,TYRE_0043,38,2026-01-11,2026-01-12 20:00:00,2026-01-10 23:00:00,2026-01-11 00:00:00,47,1
MO_03435,TYRE_0019,38,2026-01-11,2026-01-12 20:00:00,2026-01-10 23:00:00,2026-01-11 00:00:00,47,1
MO_03436,TYRE_0123,38,2026-01-11,2026-01-12 12:00:00,2026-01-10 23:00:00,2026-01-11 00:00:00,47,2
MO_03437,TYRE_0048,76,2026-01-11,2026-01-12 00:00:00,2026-01-10 23:00:00,2026-01-11 00:00:00,47,3
MO_03438,TYRE_0127,71,2026-01-27,2026-01-28 00:00:00,2026-01-27 00:00:00,2026-01-27 00:00:00,22,0
MO_03439,TYRE_0142,284,2026-01-27,2026-01-27 20:00:00,2026-01-26 20:00:00,2026-01-27 00:00:00,22,1
MO_03440,TYRE_0011,213,2026-01-27,2026-01-27 20:00:00,2026-01-26 20:00:00,2026-01-27 00:00:00,22,1
MO_03441,TYRE_0112,426,2026-01-27,2026-01-27 12:00:00,2026-01-26 12:00:00,2026-01-27 00:00:00,22,2
MO_03442,TYRE_0028,426,2026-01-27,2026-01-27 00:00:00,2026-01-26 00:00:00,2026-01-27 00:00:00,22,3
MO_03443,TYRE_0084,1278,2026-01-27,2026-01-27 00:00:00,2026-01-26 00:00:00,2026-01-27 00:00:00,22,3
MO_03444,TYRE_0039,639,2026-01-27,2026-01-27 12:00:00,2026-01-26 12:00:00,2026-01-27 00:00:00,22,2
MO_03445,TYRE_0122,1917,2026-01-27,2026-01-27 00:00:00,2026-01-26 00:00:00,2026-01-27 00:00:00,22,3
MO_03446,TYRE_0005,65,2026-01-05,2026-01-10 00:00:00,2026-01-06 21:00:00,2026-01-09 02:00:00,58,0
MO_03447,TYRE_0040,260,2026-01-05,2026-01-09 20:00:00,2026-01-04 23:00:00,2026-01-05 00:00:00,58,1
MO_03448,TYRE_0010,195,2026-01-05,2026-01-09 20:00:00,2026-01-04 23:00:00,2026-01-05 00:00:00,58,1
MO_03449,TYRE_0025,390,2026-01-05,2026-01-09 12:00:00,2026-01-04 23:00:00,2026-01-05 00:00:00,58,2
MO_03450,TYRE_0037,390,2026-01-05,2026-01-09 00:00:00,2026-01-04 23:00:00,2026-01-05 00:00:00,58,3
MO_03451,TYRE_0115,780,2026-01-05,2026-01-09 00:00:00,2026-01-04 23:00:00,2026-01-05 00:00:00,58,3
MO_03452,TYRE_0109,42,2026-01-20,2026-01-24 00:00:00,2026-01-21 02:00:00,2026-01-23 22:00:00,82,0
MO_03453,TYRE_0027,42,2026-01-20,2026-01-23 20:00:00,2026-01-19 23:00:00,2026-01-20 00:00:00,82,1
MO_03454,TYRE_0007,126,2026-01-20,2026-01-23 12:00:00,2026-01-19 23:00:00,2026-01-20 00:00:00,82,2
MO_03455,TYRE_0146,378,2026-01-20,2026-01-23 00:00:00,2026-01-19 23:00:00,2026-01-20 00:00:00,82,3
MO_03456,TYRE_0074,378,2026-01-20,2026-01-23 00:00:00,2026-01-19 23:00:00,2026-01-20 00:00:00,82,3
MO_03457,TYRE_0083,168,2026-01-20,2026-01-23 20:00:00,2026-01-19 23:00:00,2026-01-20 00:00:00,82,1
MO_03458,TYRE_0043,71,2026-01-11,2026-01-22 00:00:00,2026-01-12 01:00:00,2026-01-13 00:00:00,99,0
MO_03459,TYRE_0112,67,2026-01-30,2026-02-05 00:00:00,2026-01-30 12:00:00,2026-02-02 02:00:00,62,0
MO_03460,TYRE_0028,67,2026-01-30,2026-02-04 20:00:00,2026-01-29 23:00:00,2026-01-30 00:00:00,62,1
MO_03461,TYRE_0060,67,2026-01-30,2026-02-04 12:00:00,2026-01-29 23:00:00,2026-01-30 00:00:00,62,2
MO_03462,TYRE_0059,201,2026-01-30,2026-02-04 00:00:00,2026-01-29 23:00:00,2026-01-30 00:00:00,62,3
MO_03463,TYRE_0064,67,2026-01-30,2026-02-04 00:00:00,2026-01-29 23:00:00,2026-01-30 00:00:00,62,3
MO_03464,TYRE_0087,268,2026-01-30,2026-02-04 12:00:00,2026-01-29 23:00:00,2026-01-30 00:00:00,62,2
MO_03465,TYRE_0084,201,2026-01-30,2026-02-04 20:00:00,2026-01-29 23:00:00,2026-01-30 00:00:00,62,1
MO_03466,TYRE_0061,63,2026-01-10,2026-01-17 00:00:00,2026-01-10 23:00:00,2026-01-13 01:00:00,10,0
MO_03467,TYRE_0095,189,2026-01-10,2026-01-16 20:00:00,2026-01-09 23:00:00,2026-01-10 00:00:00,10,1
MO_03468,TYRE_0126,26,2026-01-08,2026-01-20 00:00:00,2026-01-08 11:00:00,2026-01-09 01:00:00,21,0
MO_03469,TYRE_0089,52,2026-01-08,2026-01-19 20:00:00,2026-01-07 23:00:00,2026-01-08 00:00:00,21,1
MO_03470,TYRE_0058,11,2026-01-06,2026-01-12 00:00:00,2026-01-06 13:00:00,2026-01-08 11:00:00,33,0
MO_03471,TYRE_0138,33,2026-01-06,2026-01-11 20:00:00,2026-01-05 23:00:00,2026-01-06 00:00:00,33,1
MO_03472,TYRE_0025,84,2026-01-06,2026-01-11 00:00:00,2026-01-06 08:00:00,2026-01-08 05:00:00,10,0
MO_03473,TYRE_0037,84,2026-01-06,2026-01-10 20:00:00,2026-01-05 23:00:00,2026-01-06 00:00:00,10,1
MO_03474,TYRE_0135,168,2026-01-06,2026-01-10 12:00:00,2026-01-05 23:00:00,2026-01-06 00:00:00,10,2
MO_03475,TYRE_0082,336,2026-01-06,2026-01-10 00:00:00,2026-01-05 23:00:00,2026-01-06 00:00:00,10,3
MO_03476,TYRE_0081,336,2026-01-06,2026-01-10 00:00:00,2026-01-05 23:00:00,2026-01-06 00:00:00,10,3
MO_03477,TYRE_0115,168,2026-01-06,2026-01-10 20:00:00,2026-01-05 23:00:00,2026-01-06 00:00:00,10,1
MO_03478,TYRE_0016,168,2026-01-06,2026-01-10 12:00:00,2026-01-05 23:00:00,2026-01-06 00:00:00,10,2
MO_03479,TYRE_0075,336,2026-01-06,2026-01-10 00:00:00,2026-01-05 23:00:00,2026-01-06 00:00:00,10,3
MO_03480,TYRE_0005,672,2026-01-06,2026-01-10 00:00:00,2026-01-05 23:00:00,2026-01-06 00:00:00,10,3
MO_03481,TYRE_0137,95,2026-01-08,2026-01-13 00:00:00,2026-01-09 06:00:00,2026-01-10 11:00:00,77,0
MO_03482,TYRE_0039,10,2026-01-23,2026-01-24 00:00:00,2026-01-23 03:00:00,2026-01-23 22:00:00,16,0
MO_03483,TYRE_0122,30,2026-01-23,2026-01-23 20:00:00,2026-01-22 23:00:00,2026-01-23 00:00:00,16,1
MO_03484,TYRE_0112,90,2026-01-23,2026-01-23 12:00:00,2026-01-22 23:00:00,2026-01-23 00:00:00,16,2
MO_03485,TYRE_0028,90,2026-01-23,2026-01-23 00:00:00,2026-01-22 00:00:00,2026-01-23 00:00:00,16,3
MO_03486,TYRE_0084,270,2026-01-23,2026-01-23 00:00:00,2026-01-22 00:00:00,2026-01-23 00:00:00,16,3
MO_03487,TYRE_0147,52,2026-01-15,2026-01-17 00:00:00,2026-01-15 18:00:00,2026-01-16 00:00:00,78,0
MO_03488,TYRE_0145,49,2026-01-26,2026-02-01 00:00:00,2026-01-26 00:00:00,2026-01-28 00:00:00,48,0
MO_03489,TYRE_0109,73,2026-01-14,2026-01-19 00:00:00,2026-01-15 04:00:00,2026-01-17 11:00:00,41,0
MO_03490,TYRE_0027,73,2026-01-14,2026-01-18 20:00:00,2026-01-13 23:00:00,2026-01-14 00:00:00,41,1
MO_03491,TYRE_0007,219,2026-01-14,2026-01-18 12:00:00,2026-01-13 23:00:00,2026-01-14 00:00:00,41,2
MO_03492,TYRE_0146,657,2026-01-14,2026-01-18 00:00:00,2026-01-13 23:00:00,2026-01-14 00:00:00,41,3
MO_03493,TYRE_0074,657,2026-01-14,2026-01-18 00:00:00,2026-01-13 23:00:00,2026-01-14 00:00:00,41,3
MO_03494,TYRE_0083,292,2026-01-14,2026-01-18 20:00:00,2026-01-13 23:00:00,2026-01-14 00:00:00,41,1
MO_03495,TYRE_0048,23,2026-01-11,2026-01-13 00:00:00,2026-01-11 23:00:00,2026-01-12 00:00:00,58,0
MO_03496,TYRE_0081,74,2026-01-12,2026-01-15 00:00:00,2026-01-12 05:00:00,2026-01-13 05:00:00,40,0
MO_03497,TYRE_0084,65,2026-01-26,2026-02-01 00:00:00,2026-01-26 00:00:00,2026-01-26 08:00:00,88,0
MO_03498,TYRE_0146,48,2026-01-13,2026-01-20 00:00:00,2026-01-14 00:00:00,2026-01-14 21:00:00,12,0
MO_03499,TYRE_0122,91,2026-01-08,2026-01-18 00:00:00,2026-01-09 02:00:00,2026-01-10 14:00:00,56,0
MO_03500,TYRE_0112,273,2026-01-08,2026-01-17 20:00:00,2026-01-07 23:00:00,2026-01-08 00:00:00,56,1
MO_03501,TYRE_0028,273,2026-01-08,2026-01-17 12:00:00,2026-01-07 23:00:00,2026-01-08 00:00:00,56,2
MO_03502,TYRE_0060,273,2026-01-08,2026-01-17 00:00:00,2026-01-07 23:00:00,2026-01-08 00:00:00,56,3
MO_03503,TYRE_0087,1092,2026-01-08,2026-01-17 00:00:00,2026-01-07 23:00:00,2026-01-08 00:00:00,56,3
MO_03504,TYRE_0084,819,2026-01-08,2026-01-17 12:00:00,2026-01-07 23:00:00,2026-01-08 00:00:00,56,2
MO_03505,TYRE_0025,33,2026-01-30,2026-02-02 00:00:00,2026-01-30 21:00:00,2026-02-01 00:00:00,24,0
MO_03506,TYRE_0037,33,2026-01-30,2026-02-01 20:00:00,2026-01-29 23:00:00,2026-01-30 00:00:00,24,1
MO_03507,TYRE_0135,66,2026-01-30,2026-02-01 12:00:00,2026-01-29 23:00:00,2026-01-30 00:00:00,24,2
MO_03508,TYRE_0082,132,2026-01-30,2026-02-01 00:00:00,2026-01-29 23:00:00,2026-01-30 00:00:00,24,3
MO_03509,TYRE_0081,132,2026-01-30,2026-02-01 00:00:00,2026-01-29 23:00:00,2026-01-30 00:00:00,24,3
MO_03510,TYRE_0115,66,2026-01-30,2026-02-01 20:00:00,2026-01-29 23:00:00,2026-01-30 00:00:00,24,1
MO_03511,TYRE_0016,66,2026-01-30,2026-02-01 12:00:00,2026-01-29 23:00:00,2026-01-30 00:00:00,24,2
MO_03512,TYRE_0075,132,2026-01-30,2026-02-01 00:00:00,2026-01-29 23:00:00,2026-01-30 00:00:00,24,3
MO_03513,TYRE_0005,264,2026-01-30,2026-02-01 00:00:00,2026-01-29 23:00:00,2026-01-30 00:00:00,24,3
MO_03514,TYRE_0113,79,2026-01-18,2026-01-23 00:00:00,2026-01-18 16:00:00,2026-01-19 05:00:00,60,0
MO_03515,TYRE_0043,158,2026-01-18,2026-01-22 20:00:00,2026-01-17 23:00:00,2026-01-18 00:00:00,60,1
MO_03516,TYRE_0019,158,2026-01-18,2026-01-22 20:00:00,2026-01-17 23:00:00,2026-01-18 00:00:00,60,1
MO_03517,TYRE_0123,158,2026-01-18,2026-01-22 12:00:00,2026-01-17 23:00:00,2026-01-18 00:00:00,60,2
MO_03518,TYRE_0048,316,2026-01-18,2026-01-22 00:00:00,2026-01-17 23:00:00,2026-01-18 00:00:00,60,3
MO_03519,TYRE_0090,30,2026-01-25,2026-02-06 00:00:00,2026-01-26 04:00:00,2026-01-27 09:00:00,91,0
MO_03520,TYRE_0127,120,2026-01-25,2026-02-05 20:00:00,2026-01-24 23:00:00,2026-01-25 00:00:00,91,1
MO_03521,TYRE_0142,480,2026-01-25,2026-02-05 12:00:00,2026-01-24 23:00:00,2026-01-25 00:00:00,91,2
MO_03522,TYRE_0011,360,2026-01-25,2026-02-05 12:00:00,2026-01-24 23:00:00,2026-01-25 00:00:00,91,2
MO_03523,TYRE_0112,720,2026-01-25,2026-02-05 00:00:00,2026-01-24 23:00:00,2026-01-25 00:00:00,91,3
MO_03524,TYRE_0039,1080,2026-01-25,2026-02-05 00:00:00,2026-01-24 23:00:00,2026-01-25 00:00:00,91,3
MO_03525,TYRE_0145,70,2026-01-01,2026-01-10 00:00:00,2026-01-01 02:00:00,2026-01-02 16:00:00,94,0
MO_03526,TYRE_0086,90,2026-01-15,2026-01-19 00:00:00,2026-01-15 16:00:00,2026-01-18 00:00:00,83,0
MO_03527,TYRE_0093,270,2026-01-15,2026-01-18 20:00:00,2026-01-14 23:00:00,2026-01-15 00:00:00,83,1
MO_03528,TYRE_0102,1080,2026-01-15,2026-01-18 12:00:00,2026-01-14 23:00:00,2026-01-15 00:00:00,83,2
MO_03529,TYRE_0041,270,2026-01-15,2026-01-18 12:00:00,2026-01-14 23:00:00,2026-01-15 00:00:00,83,2
MO_03530,TYRE_0033,270,2026-01-15,2026-01-18 20:00:00,2026-01-14 23:00:00,2026-01-15 00:00:00,83,1
MO_03531,TYRE_0126,52,2026-01-08,2026-01-15 00:00:00,2026-01-08 01:00:00,2026-01-08 05:00:00,30,0
MO_03532,TYRE_0089,104,2026-01-08,2026-01-14 20:00:00,2026-01-07 23:00:00,2026-01-08 00:00:00,30,1
MO_03533,TYRE_0043,44,2026-01-28,2026-02-03 00:00:00,2026-01-29 07:00:00,2026-01-29 18:00:00,99,0
MO_03534,TYRE_0143,61,2026-01-11,2026-01-14 00:00:00,2026-01-11 21:00:00,2026-01-13 07:00:00,50,0
MO_03535,TYRE_0094,244,2026-01-11,2026-01-13 20:00:00,2026-01-10 23:00:00,2026-01-11 00:00:00,50,1
MO_03536,TYRE_0106,25,2026-01-12,2026-01-24 00:00:00,2026-01-13 14:00:00,2026-01-15 06:00:00,12,0
MO_03537,TYRE_0108,22,2026-01-12,2026-01-19 00:00:00,2026-01-13 08:00:00,2026-01-15 22:00:00,10,0
MO_03538,TYRE_0127,44,2026-01-12,2026-01-18 20:00:00,2026-01-11 23:00:00,2026-01-12 00:00:00,10,1
MO_03539,TYRE_0142,176,2026-01-12,2026-01-18 12:00:00,2026-01-11 23:00:00,2026-01-12 00:00:00,10,2
MO_03540,TYRE_0011,132,2026-01-12,2026-01-18 12:00:00,2026-01-11 23:00:00,2026-01-12 00:00:00,10,2
MO_03541,TYRE_0112,264,2026-01-12,2026-01-18 00:00:00,2026-01-11 23:00:00,2026-01-12 00:00:00,10,3
MO_03542,TYRE_0039,396,2026-01-12,2026-01-18 00:00:00,2026-01-11 23:00:00,2026-01-12 00:00:00,10,3
MO_03543,TYRE_0022,65,2026-01-04,2026-01-06 00:00:00,2026-01-04 21:00:00,2026-01-05 00:00:00,30,0
MO_03544,TYRE_0134,80,2026-01-16,2026-01-25 00:00:00,2026-01-17 22:00:00,2026-01-20 14:00:00,84,0
MO_03545,TYRE_0058,320,2026-01-16,2026-01-24 20:00:00,2026-01-15 23:00:00,2026-01-16 00:00:00,84,1
MO_03546,TYRE_0138,960,2026-01-16,2026-01-24 12:00:00,2026-01-15 23:00:00,2026-01-16 00:00:00,84,2
MO_03547,TYRE_0009,320,2026-01-16,2026-01-24 20:00:00,2026-01-15 23:00:00,2026-01-16 00:00:00,84,1
MO_03548,TYRE_0022,39,2026-01-04,2026-01-07 00:00:00,2026-01-04 03:00:00,2026-01-06 19:00:00,89,0
MO_03549,TYRE_0145,30,2026-01-05,2026-01-10 00:00:00,2026-01-06 13:00:00,2026-01-08 07:00:00,30,0
