order_id,operation_seq,due_date,remaining_time,slack_time,priority,processing_time
ORD_00887,1,2026-02-12,174,162.0,L,10
ORD_00887,2,2026-02-12,174,162.0,L,22
ORD_00887,3,2026-02-12,174,162.0,L,19
ORD_00887,4,2026-02-12,174,162.0,L,23
ORD_00887,5,2026-02-12,174,162.0,L,77
ORD_00887,6,2026-02-12,174,162.0,L,11
ORD_00887,7,2026-02-12,174,162.0,L,12
ORD_00544,1,2026-01-18,377,-281.0,M,17
ORD_00544,2,2026-01-18,377,-281.0,M,32
ORD_00544,3,2026-01-18,377,-281.0,M,37
ORD_00544,4,2026-01-18,377,-281.0,M,28
ORD_00544,5,2026-01-18,377,-281.0,M,29
ORD_00544,6,2026-01-18,377,-281.0,M,28
ORD_00544,7,2026-01-18,377,-281.0,M,88
ORD_00544,8,2026-01-18,377,-281.0,M,84
ORD_00544,9,2026-01-18,377,-281.0,M,20
ORD_00544,10,2026-01-18,377,-281.0,M,14
ORD_00688,1,2026-02-02,227,-59.0,M,20
ORD_00688,2,2026-02-02,227,-59.0,M,17
ORD_00688,3,2026-02-02,227,-59.0,M,18
ORD_00688,4,2026-02-02,227,-59.0,M,42
ORD_00688,5,2026-02-02,227,-59.0,M,39
ORD_00688,6,2026-02-02,227,-59.0,M,42
ORD_00688,7,2026-02-02,227,-59.0,M,27
ORD_00688,8,2026-02-02,227,-59.0,M,22
ORD_00218,1,2026-02-03,262,50.0,L,27
ORD_00237,1,2026-01-12,262,-94.0,M,27
ORD_00218,2,2026-02-03,262,50.0,L,41
ORD_00237,2,2026-01-12,262,-94.0,M,41
ORD_00218,3,2026-02-03,262,50.0,L,43
ORD_00237,3,2026-01-12,262,-94.0,M,43
ORD_00218,4,2026-02-03,262,50.0,L,38
ORD_00237,4,2026-01-12,262,-94.0,M,38
ORD_00218,5,2026-02-03,262,50.0,L,85
ORD_00237,5,2026-01-12,262,-94.0,M,85
ORD_00218,6,2026-02-03,262,50.0,L,11
ORD_00237,6,2026-01-12,262,-94.0,M,11
ORD_00218,7,2026-02-03,262,50.0,L,17
ORD_00237,7,2026-01-12,262,-94.0,M,17
ORD_00527,1,2026-01-23,230,-110.0,M,29
ORD_00648,1,2026-02-05,230,-86.0,M,29
ORD_00715,1,2026-01-16,230,-158.0,H,29
ORD_00968,1,2026-01-10,230,-110.0,M,29
ORD_00527,2,2026-01-23,230,-110.0,M,32
ORD_00648,2,2026-02-05,230,-86.0,M,32
ORD_00715,2,2026-01-16,230,-158.0,H,32
ORD_00968,2,2026-01-10,230,-110.0,M,32
ORD_00527,3,2026-01-23,230,-110.0,M,20
ORD_00648,3,2026-02-05,230,-86.0,M,20
ORD_00715,3,2026-01-16,230,-158.0,H,20
ORD_00968,3,2026-01-10,230,-110.0,M,20
ORD_00527,4,2026-01-23,230,-110.0,M,32
ORD_00648,4,2026-02-05,230,-86.0,M,32
ORD_00715,4,2026-01-16,230,-158.0,H,32
ORD_00968,4,2026-01-10,230,-110.0,M,32
ORD_00527,5,2026-01-23,230,-110.0,M,80
ORD_00648,5,2026-02-05,230,-86.0,M,80
ORD_00715,5,2026-01-16,230,-158.0,H,80
ORD_00968,5,2026-01-10,230,-110.0,M,80
ORD_00527,6,2026-01-23,230,-110.0,M,20
ORD_00648,6,2026-02-05,230,-86.0,M,20
ORD_00715,6,2026-01-16,230,-158.0,H,20
ORD_00968,6,2026-01-10,230,-110.0,M,20
ORD_00527,7,2026-01-23,230,-110.0,M,17
ORD_00648,7,2026-02-05,230,-86.0,M,17
ORD_00715,7,2026-01-16,230,-158.0,H,17
ORD_00968,7,2026-01-10,230,-110.0,M,17
ORD_00139,1,2026-02-14,211,149.0,L,20
ORD_00139,2,2026-02-14,211,149.0,L,23
ORD_00139,3,2026-02-14,211,149.0,L,21
ORD_00139,4,2026-02-14,211,149.0,L,48
ORD_00139,5,2026-02-14,211,149.0,L,53
ORD_00139,6,2026-02-14,211,149.0,L,22
ORD_00139,7,2026-02-14,211,149.0,L,24
ORD_00105,1,2026-01-09,267,-219.0,H,11
ORD_00454,1,2026-01-09,267,-99.0,M,11
ORD_00789,1,2026-01-16,267,-171.0,M,11
ORD_00105,2,2026-01-09,267,-219.0,H,19
ORD_00454,2,2026-01-09,267,-99.0,M,19
ORD_00789,2,2026-01-16,267,-171.0,M,19
ORD_00105,3,2026-01-09,267,-219.0,H,40
ORD_00454,3,2026-01-09,267,-99.0,M,40
ORD_00789,3,2026-01-16,267,-171.0,M,40
ORD_00105,4,2026-01-09,267,-219.0,H,34
ORD_00454,4,2026-01-09,267,-99.0,M,34
ORD_00789,4,2026-01-16,267,-171.0,M,34
ORD_00105,5,2026-01-09,267,-219.0,H,32
ORD_00454,5,2026-01-09,267,-99.0,M,32
ORD_00789,5,2026-01-16,267,-171.0,M,32
ORD_00105,6,2026-01-09,267,-219.0,H,78
ORD_00454,6,2026-01-09,267,-99.0,M,78
ORD_00789,6,2026-01-16,267,-171.0,M,78
ORD_00105,7,2026-01-09,267,-219.0,H,26
ORD_00454,7,2026-01-09,267,-99.0,M,26
ORD_00789,7,2026-01-16,267,-171.0,M,26
ORD_00105,8,2026-01-09,267,-219.0,H,27
ORD_00454,8,2026-01-09,267,-99.0,M,27
ORD_00789,8,2026-01-16,267,-171.0,M,27
ORD_00012,1,2026-01-15,270,-78.0,L,13
ORD_00097,1,2026-01-23,270,-102.0,M,13
ORD_00131,1,2026-02-02,270,-102.0,M,13
ORD_00214,1,2026-02-02,270,-174.0,M,13
ORD_00227,1,2026-01-23,270,-126.0,M,13
ORD_00274,1,2026-01-11,270,-126.0,M,13
ORD_00280,1,2026-01-27,270,-126.0,M,13
ORD_00298,1,2026-01-16,270,-150.0,M,13
ORD_00310,1,2026-01-15,270,-78.0,L,13
ORD_00337,1,2026-01-12,270,-126.0,M,13
ORD_00360,1,2026-02-02,270,-174.0,M,13
ORD_00493,1,2026-01-14,270,-6.0,L,13
ORD_00524,1,2026-01-26,270,-174.0,M,13
ORD_00531,1,2026-01-27,270,90.0,L,13
ORD_00554,1,2026-01-06,270,-174.0,M,13
ORD_00587,1,2026-01-26,270,-150.0,M,13
ORD_00627,1,2026-01-13,270,-102.0,M,13
ORD_00662,1,2026-01-19,270,-174.0,M,13
ORD_00665,1,2026-01-18,270,-174.0,M,13
ORD_00672,1,2026-01-19,270,-126.0,M,13
ORD_00730,1,2026-01-10,270,-150.0,M,13
ORD_00739,1,2026-01-14,270,-78.0,L,13
ORD_00772,1,2026-01-20,270,-150.0,M,13
ORD_00804,1,2026-01-29,270,90.0,L,13
ORD_00841,1,2026-02-01,270,-222.0,H,13
ORD_00903,1,2026-01-26,270,-102.0,M,13
ORD_00956,1,2026-01-06,270,-222.0,H,13
ORD_00012,2,2026-01-15,270,-78.0,L,39
ORD_00097,2,2026-01-23,270,-102.0,M,39
ORD_00131,2,2026-02-02,270,-102.0,M,39
ORD_00214,2,2026-02-02,270,-174.0,M,39
ORD_00227,2,2026-01-23,270,-126.0,M,39
ORD_00274,2,2026-01-11,270,-126.0,M,39
ORD_00280,2,2026-01-27,270,-126.0,M,39
ORD_00298,2,2026-01-16,270,-150.0,M,39
ORD_00310,2,2026-01-15,270,-78.0,L,39
ORD_00337,2,2026-01-12,270,-126.0,M,39
ORD_00360,2,2026-02-02,270,-174.0,M,39
ORD_00493,2,2026-01-14,270,-6.0,L,39
ORD_00524,2,2026-01-26,270,-174.0,M,39
ORD_00531,2,2026-01-27,270,90.0,L,39
ORD_00554,2,2026-01-06,270,-174.0,M,39
ORD_00587,2,2026-01-26,270,-150.0,M,39
ORD_00627,2,2026-01-13,270,-102.0,M,39
ORD_00662,2,2026-01-19,270,-174.0,M,39
ORD_00665,2,2026-01-18,270,-174.0,M,39
ORD_00672,2,2026-01-19,270,-126.0,M,39
ORD_00730,2,2026-01-10,270,-150.0,M,39
ORD_00739,2,2026-01-14,270,-78.0,L,39
ORD_00772,2,2026-01-20,270,-150.0,M,39
ORD_00804,2,2026-01-29,270,90.0,L,39
ORD_00841,2,2026-02-01,270,-222.0,H,39
ORD_00903,2,2026-01-26,270,-102.0,M,39
ORD_00956,2,2026-01-06,270,-222.0,H,39
ORD_00012,3,2026-01-15,270,-78.0,L,18
ORD_00097,3,2026-01-23,270,-102.0,M,18
ORD_00131,3,2026-02-02,270,-102.0,M,18
ORD_00214,3,2026-02-02,270,-174.0,M,18
ORD_00227,3,2026-01-23,270,-126.0,M,18
ORD_00274,3,2026-01-11,270,-126.0,M,18
ORD_00280,3,2026-01-27,270,-126.0,M,18
ORD_00298,3,2026-01-16,270,-150.0,M,18
ORD_00310,3,2026-01-15,270,-78.0,L,18
ORD_00337,3,2026-01-12,270,-126.0,M,18
ORD_00360,3,2026-02-02,270,-174.0,M,18
ORD_00493,3,2026-01-14,270,-6.0,L,18
ORD_00524,3,2026-01-26,270,-174.0,M,18
ORD_00531,3,2026-01-27,270,90.0,L,18
ORD_00554,3,2026-01-06,270,-174.0,M,18
ORD_00587,3,2026-01-26,270,-150.0,M,18
ORD_00627,3,2026-01-13,270,-102.0,M,18
ORD_00662,3,2026-01-19,270,-174.0,M,18
ORD_00665,3,2026-01-18,270,-174.0,M,18
ORD_00672,3,2026-01-19,270,-126.0,M,18
ORD_00730,3,2026-01-10,270,-150.0,M,18
ORD_00739,3,2026-01-14,270,-78.0,L,18
ORD_00772,3,2026-01-20,270,-150.0,M,18
ORD_00804,3,2026-01-29,270,90.0,L,18
ORD_00841,3,2026-02-01,270,-222.0,H,18
ORD_00903,3,2026-01-26,270,-102.0,M,18
ORD_00956,3,2026-01-06,270,-222.0,H,18
ORD_00012,4,2026-01-15,270,-78.0,L,28
ORD_00097,4,2026-01-23,270,-102.0,M,28
ORD_00131,4,2026-02-02,270,-102.0,M,28
ORD_00214,4,2026-02-02,270,-174.0,M,28
ORD_00227,4,2026-01-23,270,-126.0,M,28
ORD_00274,4,2026-01-11,270,-126.0,M,28
ORD_00280,4,2026-01-27,270,-126.0,M,28
ORD_00298,4,2026-01-16,270,-150.0,M,28
ORD_00310,4,2026-01-15,270,-78.0,L,28
ORD_00337,4,2026-01-12,270,-126.0,M,28
ORD_00360,4,2026-02-02,270,-174.0,M,28
ORD_00493,4,2026-01-14,270,-6.0,L,28
ORD_00524,4,2026-01-26,270,-174.0,M,28
ORD_00531,4,2026-01-27,270,90.0,L,28
ORD_00554,4,2026-01-06,270,-174.0,M,28
ORD_00587,4,2026-01-26,270,-150.0,M,28
ORD_00627,4,2026-01-13,270,-102.0,M,28
ORD_00662,4,2026-01-19,270,-174.0,M,28
ORD_00665,4,2026-01-18,270,-174.0,M,28
ORD_00672,4,2026-01-19,270,-126.0,M,28
ORD_00730,4,2026-01-10,270,-150.0,M,28
ORD_00739,4,2026-01-14,270,-78.0,L,28
ORD_00772,4,2026-01-20,270,-150.0,M,28
ORD_00804,4,2026-01-29,270,90.0,L,28
ORD_00841,4,2026-02-01,270,-222.0,H,28
ORD_00903,4,2026-01-26,270,-102.0,M,28
ORD_00956,4,2026-01-06,270,-222.0,H,28
ORD_00012,5,2026-01-15,270,-78.0,L,34
ORD_00097,5,2026-01-23,270,-102.0,M,34
ORD_00131,5,2026-02-02,270,-102.0,M,34
ORD_00214,5,2026-02-02,270,-174.0,M,34
ORD_00227,5,2026-01-23,270,-126.0,M,34
ORD_00274,5,2026-01-11,270,-126.0,M,34
ORD_00280,5,2026-01-27,270,-126.0,M,34
ORD_00298,5,2026-01-16,270,-150.0,M,34
ORD_00310,5,2026-01-15,270,-78.0,L,34
ORD_00337,5,2026-01-12,270,-126.0,M,34
ORD_00360,5,2026-02-02,270,-174.0,M,34
ORD_00493,5,2026-01-14,270,-6.0,L,34
ORD_00524,5,2026-01-26,270,-174.0,M,34
ORD_00531,5,2026-01-27,270,90.0,L,34
ORD_00554,5,2026-01-06,270,-174.0,M,34
ORD_00587,5,2026-01-26,270,-150.0,M,34
ORD_00627,5,2026-01-13,270,-102.0,M,34
ORD_00662,5,2026-01-19,270,-174.0,M,34
ORD_00665,5,2026-01-18,270,-174.0,M,34
ORD_00672,5,2026-01-19,270,-126.0,M,34
ORD_00730,5,2026-01-10,270,-150.0,M,34
ORD_00739,5,2026-01-14,270,-78.0,L,34
ORD_00772,5,2026-01-20,270,-150.0,M,34
ORD_00804,5,2026-01-29,270,90.0,L,34
ORD_00841,5,2026-02-01,270,-222.0,H,34
ORD_00903,5,2026-01-26,270,-102.0,M,34
ORD_00956,5,2026-01-06,270,-222.0,H,34
ORD_00012,6,2026-01-15,270,-78.0,L,86
ORD_00097,6,2026-01-23,270,-102.0,M,86
ORD_00131,6,2026-02-02,270,-102.0,M,86
ORD_00214,6,2026-02-02,270,-174.0,M,86
ORD_00227,6,2026-01-23,270,-126.0,M,86
ORD_00274,6,2026-01-11,270,-126.0,M,86
ORD_00280,6,2026-01-27,270,-126.0,M,86
ORD_00298,6,2026-01-16,270,-150.0,M,86
ORD_00310,6,2026-01-15,270,-78.0,L,86
ORD_00337,6,2026-01-12,270,-126.0,M,86
ORD_00360,6,2026-02-02,270,-174.0,M,86
ORD_00493,6,2026-01-14,270,-6.0,L,86
ORD_00524,6,2026-01-26,270,-174.0,M,86
ORD_00531,6,2026-01-27,270,90.0,L,86
ORD_00554,6,2026-01-06,270,-174.0,M,86
ORD_00587,6,2026-01-26,270,-150.0,M,86
ORD_00627,6,2026-01-13,270,-102.0,M,86
ORD_00662,6,2026-01-19,270,-174.0,M,86
ORD_00665,6,2026-01-18,270,-174.0,M,86
ORD_00672,6,2026-01-19,270,-126.0,M,86
ORD_00730,6,2026-01-10,270,-150.0,M,86
ORD_00739,6,2026-01-14,270,-78.0,L,86
ORD_00772,6,2026-01-20,270,-150.0,M,86
ORD_00804,6,2026-01-29,270,90.0,L,86
ORD_00841,6,2026-02-01,270,-222.0,H,86
ORD_00903,6,2026-01-26,270,-102.0,M,86
ORD_00956,6,2026-01-06,270,-222.0,H,86
ORD_00012,7,2026-01-15,270,-78.0,L,26
ORD_00097,7,2026-01-23,270,-102.0,M,26
ORD_00131,7,2026-02-02,270,-102.0,M,26
ORD_00214,7,2026-02-02,270,-174.0,M,26
ORD_00227,7,2026-01-23,270,-126.0,M,26
ORD_00274,7,2026-01-11,270,-126.0,M,26
ORD_00280,7,2026-01-27,270,-126.0,M,26
ORD_00298,7,2026-01-16,270,-150.0,M,26
ORD_00310,7,2026-01-15,270,-78.0,L,26
ORD_00337,7,2026-01-12,270,-126.0,M,26
ORD_00360,7,2026-02-02,270,-174.0,M,26
ORD_00493,7,2026-01-14,270,-6.0,L,26
ORD_00524,7,2026-01-26,270,-174.0,M,26
ORD_00531,7,2026-01-27,270,90.0,L,26
ORD_00554,7,2026-01-06,270,-174.0,M,26
ORD_00587,7,2026-01-26,270,-150.0,M,26
ORD_00627,7,2026-01-13,270,-102.0,M,26
ORD_00662,7,2026-01-19,270,-174.0,M,26
ORD_00665,7,2026-01-18,270,-174.0,M,26
ORD_00672,7,2026-01-19,270,-126.0,M,26
ORD_00730,7,2026-01-10,270,-150.0,M,26
ORD_00739,7,2026-01-14,270,-78.0,L,26
ORD_00772,7,2026-01-20,270,-150.0,M,26
ORD_00804,7,2026-01-29,270,90.0,L,26
ORD_00841,7,2026-02-01,270,-222.0,H,26
ORD_00903,7,2026-01-26,270,-102.0,M,26
ORD_00956,7,2026-01-06,270,-222.0,H,26
ORD_00012,8,2026-01-15,270,-78.0,L,26
ORD_00097,8,2026-01-23,270,-102.0,M,26
ORD_00131,8,2026-02-02,270,-102.0,M,26
ORD_00214,8,2026-02-02,270,-174.0,M,26
ORD_00227,8,2026-01-23,270,-126.0,M,26
ORD_00274,8,2026-01-11,270,-126.0,M,26
ORD_00280,8,2026-01-27,270,-126.0,M,26
ORD_00298,8,2026-01-16,270,-150.0,M,26
ORD_00310,8,2026-01-15,270,-78.0,L,26
ORD_00337,8,2026-01-12,270,-126.0,M,26
ORD_00360,8,2026-02-02,270,-174.0,M,26
ORD_00493,8,2026-01-14,270,-6.0,L,26
ORD_00524,8,2026-01-26,270,-174.0,M,26
ORD_00531,8,2026-01-27,270,90.0,L,26
ORD_00554,8,2026-01-06,270,-174.0,M,26
ORD_00587,8,2026-01-26,270,-150.0,M,26
ORD_00627,8,2026-01-13,270,-102.0,M,26
ORD_00662,8,2026-01-19,270,-174.0,M,26
ORD_00665,8,2026-01-18,270,-174.0,M,26
ORD_00672,8,2026-01-19,270,-126.0,M,26
ORD_00730,8,2026-01-10,270,-150.0,M,26
ORD_00739,8,2026-01-14,270,-78.0,L,26
ORD_00772,8,2026-01-20,270,-150.0,M,26
ORD_00804,8,2026-01-29,270,90.0,L,26
ORD_00841,8,2026-02-01,270,-222.0,H,26
ORD_00903,8,2026-01-26,270,-102.0,M,26
ORD_00956,8,2026-01-06,270,-222.0,H,26
ORD_00080,1,2026-02-06,254,10.0,L,30
ORD_00178,1,2026-01-19,254,-86.0,M,30
ORD_00867,1,2026-01-24,254,-182.0,H,30
ORD_00080,2,2026-02-06,254,10.0,L,41
ORD_00178,2,2026-01-19,254,-86.0,M,41
ORD_00867,2,2026-01-24,254,-182.0,H,41
ORD_00080,3,2026-02-06,254,10.0,L,34
ORD_00178,3,2026-01-19,254,-86.0,M,34
ORD_00867,3,2026-01-24,254,-182.0,H,34
ORD_00080,4,2026-02-06,254,10.0,L,24
ORD_00178,4,2026-01-19,254,-86.0,M,24
ORD_00867,4,2026-01-24,254,-182.0,H,24
ORD_00080,5,2026-02-06,254,10.0,L,88
ORD_00178,5,2026-01-19,254,-86.0,M,88
ORD_00867,5,2026-01-24,254,-182.0,H,88
ORD_00080,6,2026-02-06,254,10.0,L,27
ORD_00178,6,2026-01-19,254,-86.0,M,27
ORD_00867,6,2026-01-24,254,-182.0,H,27
ORD_00080,7,2026-02-06,254,10.0,L,10
ORD_00178,7,2026-01-19,254,-86.0,M,10
ORD_00867,7,2026-01-24,254,-182.0,H,10
ORD_00407,1,2026-01-24,308,-284.0,H,25
ORD_00437,1,2026-01-10,308,-92.0,L,25
ORD_00407,2,2026-01-24,308,-284.0,H,18
ORD_00437,2,2026-01-10,308,-92.0,L,18
ORD_00407,3,2026-01-24,308,-284.0,H,43
ORD_00437,3,2026-01-10,308,-92.0,L,43
ORD_00407,4,2026-01-24,308,-284.0,H,22
ORD_00437,4,2026-01-10,308,-92.0,L,22
ORD_00407,5,2026-01-24,308,-284.0,H,22
ORD_00437,5,2026-01-10,308,-92.0,L,22
ORD_00407,6,2026-01-24,308,-284.0,H,50
ORD_00437,6,2026-01-10,308,-92.0,L,50
ORD_00407,7,2026-01-24,308,-284.0,H,45
ORD_00437,7,2026-01-10,308,-92.0,L,45
ORD_00407,8,2026-01-24,308,-284.0,H,44
ORD_00437,8,2026-01-10,308,-92.0,L,44
ORD_00407,9,2026-01-24,308,-284.0,H,14
ORD_00437,9,2026-01-10,308,-92.0,L,14
ORD_00407,10,2026-01-24,308,-284.0,H,25
ORD_00437,10,2026-01-10,308,-92.0,L,25
ORD_00014,1,2026-01-10,325,-181.0,M,18
ORD_00066,1,2026-01-24,325,-229.0,M,18
ORD_00129,1,2026-01-19,325,-157.0,M,18
ORD_00156,1,2026-01-20,325,-157.0,M,18
ORD_00196,1,2026-01-20,325,-253.0,H,18
ORD_00209,1,2026-01-31,325,-205.0,M,18
ORD_00258,1,2026-01-10,325,-181.0,M,18
ORD_00289,1,2026-01-23,325,-13.0,L,18
ORD_00293,1,2026-02-02,325,-157.0,M,18
ORD_00368,1,2026-02-04,325,-85.0,L,18
ORD_00378,1,2026-01-16,325,-229.0,M,18
ORD_00421,1,2026-02-04,325,-157.0,M,18
ORD_00466,1,2026-01-06,325,-205.0,M,18
ORD_00512,1,2026-02-02,325,-253.0,H,18
ORD_00529,1,2026-01-06,325,-205.0,M,18
ORD_00536,1,2026-01-29,325,-229.0,M,18
ORD_00573,1,2026-01-11,325,-181.0,M,18
ORD_00595,1,2026-01-21,325,-277.0,H,18
ORD_00612,1,2026-01-30,325,-253.0,H,18
ORD_00714,1,2026-01-11,325,-277.0,H,18
ORD_00733,1,2026-02-10,325,35.0,L,18
ORD_00763,1,2026-01-06,325,-301.0,H,18
ORD_00791,1,2026-01-07,325,-301.0,H,18
ORD_00818,1,2026-01-19,325,11.0,L,18
ORD_00894,1,2026-01-24,325,-157.0,M,18
ORD_00918,1,2026-01-24,325,-229.0,M,18
ORD_00937,1,2026-01-10,325,-205.0,M,18
ORD_00014,2,2026-01-10,325,-181.0,M,45
ORD_00066,2,2026-01-24,325,-229.0,M,45
ORD_00129,2,2026-01-19,325,-157.0,M,45
ORD_00156,2,2026-01-20,325,-157.0,M,45
ORD_00196,2,2026-01-20,325,-253.0,H,45
ORD_00209,2,2026-01-31,325,-205.0,M,45
ORD_00258,2,2026-01-10,325,-181.0,M,45
ORD_00289,2,2026-01-23,325,-13.0,L,45
ORD_00293,2,2026-02-02,325,-157.0,M,45
ORD_00368,2,2026-02-04,325,-85.0,L,45
ORD_00378,2,2026-01-16,325,-229.0,M,45
ORD_00421,2,2026-02-04,325,-157.0,M,45
ORD_00466,2,2026-01-06,325,-205.0,M,45
ORD_00512,2,2026-02-02,325,-253.0,H,45
ORD_00529,2,2026-01-06,325,-205.0,M,45
ORD_00536,2,2026-01-29,325,-229.0,M,45
ORD_00573,2,2026-01-11,325,-181.0,M,45
ORD_00595,2,2026-01-21,325,-277.0,H,45
ORD_00612,2,2026-01-30,325,-253.0,H,45
ORD_00714,2,2026-01-11,325,-277.0,H,45
ORD_00733,2,2026-02-10,325,35.0,L,45
ORD_00763,2,2026-01-06,325,-301.0,H,45
ORD_00791,2,2026-01-07,325,-301.0,H,45
ORD_00818,2,2026-01-19,325,11.0,L,45
ORD_00894,2,2026-01-24,325,-157.0,M,45
ORD_00918,2,2026-01-24,325,-229.0,M,45
ORD_00937,2,2026-01-10,325,-205.0,M,45
ORD_00014,3,2026-01-10,325,-181.0,M,44
ORD_00066,3,2026-01-24,325,-229.0,M,44
ORD_00129,3,2026-01-19,325,-157.0,M,44
ORD_00156,3,2026-01-20,325,-157.0,M,44
ORD_00196,3,2026-01-20,325,-253.0,H,44
ORD_00209,3,2026-01-31,325,-205.0,M,44
ORD_00258,3,2026-01-10,325,-181.0,M,44
ORD_00289,3,2026-01-23,325,-13.0,L,44
ORD_00293,3,2026-02-02,325,-157.0,M,44
ORD_00368,3,2026-02-04,325,-85.0,L,44
ORD_00378,3,2026-01-16,325,-229.0,M,44
ORD_00421,3,2026-02-04,325,-157.0,M,44
ORD_00466,3,2026-01-06,325,-205.0,M,44
ORD_00512,3,2026-02-02,325,-253.0,H,44
ORD_00529,3,2026-01-06,325,-205.0,M,44
ORD_00536,3,2026-01-29,325,-229.0,M,44
ORD_00573,3,2026-01-11,325,-181.0,M,44
ORD_00595,3,2026-01-21,325,-277.0,H,44
ORD_00612,3,2026-01-30,325,-253.0,H,44
ORD_00714,3,2026-01-11,325,-277.0,H,44
ORD_00733,3,2026-02-10,325,35.0,L,44
ORD_00763,3,2026-01-06,325,-301.0,H,44
ORD_00791,3,2026-01-07,325,-301.0,H,44
ORD_00818,3,2026-01-19,325,11.0,L,44
ORD_00894,3,2026-01-24,325,-157.0,M,44
ORD_00918,3,2026-01-24,325,-229.0,M,44
ORD_00937,3,2026-01-10,325,-205.0,M,44
ORD_00014,4,2026-01-10,325,-181.0,M,39
ORD_00066,4,2026-01-24,325,-229.0,M,39
ORD_00129,4,2026-01-19,325,-157.0,M,39
ORD_00156,4,2026-01-20,325,-157.0,M,39
ORD_00196,4,2026-01-20,325,-253.0,H,39
ORD_00209,4,2026-01-31,325,-205.0,M,39
ORD_00258,4,2026-01-10,325,-181.0,M,39
ORD_00289,4,2026-01-23,325,-13.0,L,39
ORD_00293,4,2026-02-02,325,-157.0,M,39
ORD_00368,4,2026-02-04,325,-85.0,L,39
ORD_00378,4,2026-01-16,325,-229.0,M,39
ORD_00421,4,2026-02-04,325,-157.0,M,39
ORD_00466,4,2026-01-06,325,-205.0,M,39
ORD_00512,4,2026-02-02,325,-253.0,H,39
ORD_00529,4,2026-01-06,325,-205.0,M,39
ORD_00536,4,2026-01-29,325,-229.0,M,39
ORD_00573,4,2026-01-11,325,-181.0,M,39
ORD_00595,4,2026-01-21,325,-277.0,H,39
ORD_00612,4,2026-01-30,325,-253.0,H,39
ORD_00714,4,2026-01-11,325,-277.0,H,39
ORD_00733,4,2026-02-10,325,35.0,L,39
ORD_00763,4,2026-01-06,325,-301.0,H,39
ORD_00791,4,2026-01-07,325,-301.0,H,39
ORD_00818,4,2026-01-19,325,11.0,L,39
ORD_00894,4,2026-01-24,325,-157.0,M,39
ORD_00918,4,2026-01-24,325,-229.0,M,39
ORD_00937,4,2026-01-10,325,-205.0,M,39
ORD_00014,5,2026-01-10,325,-181.0,M,42
ORD_00066,5,2026-01-24,325,-229.0,M,42
ORD_00129,5,2026-01-19,325,-157.0,M,42
ORD_00156,5,2026-01-20,325,-157.0,M,42
ORD_00196,5,2026-01-20,325,-253.0,H,42
ORD_00209,5,2026-01-31,325,-205.0,M,42
ORD_00258,5,2026-01-10,325,-181.0,M,42
ORD_00289,5,2026-01-23,325,-13.0,L,42
ORD_00293,5,2026-02-02,325,-157.0,M,42
ORD_00368,5,2026-02-04,325,-85.0,L,42
ORD_00378,5,2026-01-16,325,-229.0,M,42
ORD_00421,5,2026-02-04,325,-157.0,M,42
ORD_00466,5,2026-01-06,325,-205.0,M,42
ORD_00512,5,2026-02-02,325,-253.0,H,42
ORD_00529,5,2026-01-06,325,-205.0,M,42
ORD_00536,5,2026-01-29,325,-229.0,M,42
ORD_00573,5,2026-01-11,325,-181.0,M,42
ORD_00595,5,2026-01-21,325,-277.0,H,42
ORD_00612,5,2026-01-30,325,-253.0,H,42
ORD_00714,5,2026-01-11,325,-277.0,H,42
ORD_00733,5,2026-02-10,325,35.0,L,42
ORD_00763,5,2026-01-06,325,-301.0,H,42
ORD_00791,5,2026-01-07,325,-301.0,H,42
ORD_00818,5,2026-01-19,325,11.0,L,42
ORD_00894,5,2026-01-24,325,-157.0,M,42
ORD_00918,5,2026-01-24,325,-229.0,M,42
ORD_00937,5,2026-01-10,325,-205.0,M,42
ORD_00014,6,2026-01-10,325,-181.0,M,85
ORD_00066,6,2026-01-24,325,-229.0,M,85
ORD_00129,6,2026-01-19,325,-157.0,M,85
ORD_00156,6,2026-01-20,325,-157.0,M,85
ORD_00196,6,2026-01-20,325,-253.0,H,85
ORD_00209,6,2026-01-31,325,-205.0,M,85
ORD_00258,6,2026-01-10,325,-181.0,M,85
ORD_00289,6,2026-01-23,325,-13.0,L,85
ORD_00293,6,2026-02-02,325,-157.0,M,85
ORD_00368,6,2026-02-04,325,-85.0,L,85
ORD_00378,6,2026-01-16,325,-229.0,M,85
ORD_00421,6,2026-02-04,325,-157.0,M,85
ORD_00466,6,2026-01-06,325,-205.0,M,85
ORD_00512,6,2026-02-02,325,-253.0,H,85
ORD_00529,6,2026-01-06,325,-205.0,M,85
ORD_00536,6,2026-01-29,325,-229.0,M,85
ORD_00573,6,2026-01-11,325,-181.0,M,85
ORD_00595,6,2026-01-21,325,-277.0,H,85
ORD_00612,6,2026-01-30,325,-253.0,H,85
ORD_00714,6,2026-01-11,325,-277.0,H,85
ORD_00733,6,2026-02-10,325,35.0,L,85
ORD_00763,6,2026-01-06,325,-301.0,H,85
ORD_00791,6,2026-01-07,325,-301.0,H,85
ORD_00818,6,2026-01-19,325,11.0,L,85
ORD_00894,6,2026-01-24,325,-157.0,M,85
ORD_00918,6,2026-01-24,325,-229.0,M,85
ORD_00937,6,2026-01-10,325,-205.0,M,85
ORD_00014,7,2026-01-10,325,-181.0,M,22
ORD_00066,7,2026-01-24,325,-229.0,M,22
ORD_00129,7,2026-01-19,325,-157.0,M,22
ORD_00156,7,2026-01-20,325,-157.0,M,22
ORD_00196,7,2026-01-20,325,-253.0,H,22
ORD_00209,7,2026-01-31,325,-205.0,M,22
ORD_00258,7,2026-01-10,325,-181.0,M,22
ORD_00289,7,2026-01-23,325,-13.0,L,22
ORD_00293,7,2026-02-02,325,-157.0,M,22
ORD_00368,7,2026-02-04,325,-85.0,L,22
ORD_00378,7,2026-01-16,325,-229.0,M,22
ORD_00421,7,2026-02-04,325,-157.0,M,22
ORD_00466,7,2026-01-06,325,-205.0,M,22
ORD_00512,7,2026-02-02,325,-253.0,H,22
ORD_00529,7,2026-01-06,325,-205.0,M,22
ORD_00536,7,2026-01-29,325,-229.0,M,22
ORD_00573,7,2026-01-11,325,-181.0,M,22
ORD_00595,7,2026-01-21,325,-277.0,H,22
ORD_00612,7,2026-01-30,325,-253.0,H,22
ORD_00714,7,2026-01-11,325,-277.0,H,22
ORD_00733,7,2026-02-10,325,35.0,L,22
ORD_00763,7,2026-01-06,325,-301.0,H,22
ORD_00791,7,2026-01-07,325,-301.0,H,22
ORD_00818,7,2026-01-19,325,11.0,L,22
ORD_00894,7,2026-01-24,325,-157.0,M,22
ORD_00918,7,2026-01-24,325,-229.0,M,22
ORD_00937,7,2026-01-10,325,-205.0,M,22
ORD_00014,8,2026-01-10,325,-181.0,M,30
ORD_00066,8,2026-01-24,325,-229.0,M,30
ORD_00129,8,2026-01-19,325,-157.0,M,30
ORD_00156,8,2026-01-20,325,-157.0,M,30
ORD_00196,8,2026-01-20,325,-253.0,H,30
ORD_00209,8,2026-01-31,325,-205.0,M,30
ORD_00258,8,2026-01-10,325,-181.0,M,30
ORD_00289,8,2026-01-23,325,-13.0,L,30
ORD_00293,8,2026-02-02,325,-157.0,M,30
ORD_00368,8,2026-02-04,325,-85.0,L,30
ORD_00378,8,2026-01-16,325,-229.0,M,30
ORD_00421,8,2026-02-04,325,-157.0,M,30
ORD_00466,8,2026-01-06,325,-205.0,M,30
ORD_00512,8,2026-02-02,325,-253.0,H,30
ORD_00529,8,2026-01-06,325,-205.0,M,30
ORD_00536,8,2026-01-29,325,-229.0,M,30
ORD_00573,8,2026-01-11,325,-181.0,M,30
ORD_00595,8,2026-01-21,325,-277.0,H,30
ORD_00612,8,2026-01-30,325,-253.0,H,30
ORD_00714,8,2026-01-11,325,-277.0,H,30
ORD_00733,8,2026-02-10,325,35.0,L,30
ORD_00763,8,2026-01-06,325,-301.0,H,30
ORD_00791,8,2026-01-07,325,-301.0,H,30
ORD_00818,8,2026-01-19,325,11.0,L,30
ORD_00894,8,2026-01-24,325,-157.0,M,30
ORD_00918,8,2026-01-24,325,-229.0,M,30
ORD_00937,8,2026-01-10,325,-205.0,M,30
ORD_00754,1,2026-02-05,209,-65.0,M,24
ORD_00925,1,2026-01-31,209,-65.0,M,24
ORD_00754,2,2026-02-05,209,-65.0,M,18
ORD_00925,2,2026-01-31,209,-65.0,M,18
ORD_00754,3,2026-02-05,209,-65.0,M,22
ORD_00925,3,2026-01-31,209,-65.0,M,22
ORD_00754,4,2026-02-05,209,-65.0,M,30
ORD_00925,4,2026-01-31,209,-65.0,M,30
ORD_00754,5,2026-02-05,209,-65.0,M,77
ORD_00925,5,2026-01-31,209,-65.0,M,77
ORD_00754,6,2026-02-05,209,-65.0,M,28
ORD_00925,6,2026-01-31,209,-65.0,M,28
ORD_00754,7,2026-02-05,209,-65.0,M,10
ORD_00925,7,2026-01-31,209,-65.0,M,10
ORD_00122,1,2026-01-16,229,-205.0,H,30
ORD_00125,1,2026-01-20,229,-85.0,M,30
ORD_00144,1,2026-01-26,229,-133.0,M,30
ORD_00164,1,2026-02-07,229,11.0,L,30
ORD_00248,1,2026-01-21,229,-133.0,M,30
ORD_00259,1,2026-01-23,229,35.0,L,30
ORD_00300,1,2026-01-28,229,11.0,L,30
ORD_00349,1,2026-02-06,229,-61.0,M,30
ORD_00432,1,2026-01-16,229,59.0,L,30
ORD_00449,1,2026-01-25,229,-61.0,M,30
ORD_00503,1,2026-01-28,229,-61.0,M,30
ORD_00651,1,2026-02-05,229,-61.0,M,30
ORD_00655,1,2026-01-06,229,-109.0,M,30
ORD_00680,1,2026-01-17,229,-181.0,H,30
ORD_00814,1,2026-01-11,229,-109.0,M,30
ORD_00832,1,2026-01-13,229,-181.0,H,30
ORD_00122,2,2026-01-16,229,-205.0,H,22
ORD_00125,2,2026-01-20,229,-85.0,M,22
ORD_00144,2,2026-01-26,229,-133.0,M,22
ORD_00164,2,2026-02-07,229,11.0,L,22
ORD_00248,2,2026-01-21,229,-133.0,M,22
ORD_00259,2,2026-01-23,229,35.0,L,22
ORD_00300,2,2026-01-28,229,11.0,L,22
ORD_00349,2,2026-02-06,229,-61.0,M,22
ORD_00432,2,2026-01-16,229,59.0,L,22
ORD_00449,2,2026-01-25,229,-61.0,M,22
ORD_00503,2,2026-01-28,229,-61.0,M,22
ORD_00651,2,2026-02-05,229,-61.0,M,22
ORD_00655,2,2026-01-06,229,-109.0,M,22
ORD_00680,2,2026-01-17,229,-181.0,H,22
ORD_00814,2,2026-01-11,229,-109.0,M,22
ORD_00832,2,2026-01-13,229,-181.0,H,22
ORD_00122,3,2026-01-16,229,-205.0,H,43
ORD_00125,3,2026-01-20,229,-85.0,M,43
ORD_00144,3,2026-01-26,229,-133.0,M,43
ORD_00164,3,2026-02-07,229,11.0,L,43
ORD_00248,3,2026-01-21,229,-133.0,M,43
ORD_00259,3,2026-01-23,229,35.0,L,43
ORD_00300,3,2026-01-28,229,11.0,L,43
ORD_00349,3,2026-02-06,229,-61.0,M,43
ORD_00432,3,2026-01-16,229,59.0,L,43
ORD_00449,3,2026-01-25,229,-61.0,M,43
ORD_00503,3,2026-01-28,229,-61.0,M,43
ORD_00651,3,2026-02-05,229,-61.0,M,43
ORD_00655,3,2026-01-06,229,-109.0,M,43
ORD_00680,3,2026-01-17,229,-181.0,H,43
ORD_00814,3,2026-01-11,229,-109.0,M,43
ORD_00832,3,2026-01-13,229,-181.0,H,43
ORD_00122,4,2026-01-16,229,-205.0,H,47
ORD_00125,4,2026-01-20,229,-85.0,M,47
ORD_00144,4,2026-01-26,229,-133.0,M,47
ORD_00164,4,2026-02-07,229,11.0,L,47
ORD_00248,4,2026-01-21,229,-133.0,M,47
ORD_00259,4,2026-01-23,229,35.0,L,47
ORD_00300,4,2026-01-28,229,11.0,L,47
ORD_00349,4,2026-02-06,229,-61.0,M,47
ORD_00432,4,2026-01-16,229,59.0,L,47
ORD_00449,4,2026-01-25,229,-61.0,M,47
ORD_00503,4,2026-01-28,229,-61.0,M,47
ORD_00651,4,2026-02-05,229,-61.0,M,47
ORD_00655,4,2026-01-06,229,-109.0,M,47
ORD_00680,4,2026-01-17,229,-181.0,H,47
ORD_00814,4,2026-01-11,229,-109.0,M,47
ORD_00832,4,2026-01-13,229,-181.0,H,47
ORD_00122,5,2026-01-16,229,-205.0,H,44
ORD_00125,5,2026-01-20,229,-85.0,M,44
ORD_00144,5,2026-01-26,229,-133.0,M,44
ORD_00164,5,2026-02-07,229,11.0,L,44
ORD_00248,5,2026-01-21,229,-133.0,M,44
ORD_00259,5,2026-01-23,229,35.0,L,44
ORD_00300,5,2026-01-28,229,11.0,L,44
ORD_00349,5,2026-02-06,229,-61.0,M,44
ORD_00432,5,2026-01-16,229,59.0,L,44
ORD_00449,5,2026-01-25,229,-61.0,M,44
ORD_00503,5,2026-01-28,229,-61.0,M,44
ORD_00651,5,2026-02-05,229,-61.0,M,44
ORD_00655,5,2026-01-06,229,-109.0,M,44
ORD_00680,5,2026-01-17,229,-181.0,H,44
ORD_00814,5,2026-01-11,229,-109.0,M,44
ORD_00832,5,2026-01-13,229,-181.0,H,44
ORD_00122,6,2026-01-16,229,-205.0,H,18
ORD_00125,6,2026-01-20,229,-85.0,M,18
ORD_00144,6,2026-01-26,229,-133.0,M,18
ORD_00164,6,2026-02-07,229,11.0,L,18
ORD_00248,6,2026-01-21,229,-133.0,M,18
ORD_00259,6,2026-01-23,229,35.0,L,18
ORD_00300,6,2026-01-28,229,11.0,L,18
ORD_00349,6,2026-02-06,229,-61.0,M,18
ORD_00432,6,2026-01-16,229,59.0,L,18
ORD_00449,6,2026-01-25,229,-61.0,M,18
ORD_00503,6,2026-01-28,229,-61.0,M,18
ORD_00651,6,2026-02-05,229,-61.0,M,18
ORD_00655,6,2026-01-06,229,-109.0,M,18
ORD_00680,6,2026-01-17,229,-181.0,H,18
ORD_00814,6,2026-01-11,229,-109.0,M,18
ORD_00832,6,2026-01-13,229,-181.0,H,18
ORD_00122,7,2026-01-16,229,-205.0,H,25
ORD_00125,7,2026-01-20,229,-85.0,M,25
ORD_00144,7,2026-01-26,229,-133.0,M,25
ORD_00164,7,2026-02-07,229,11.0,L,25
ORD_00248,7,2026-01-21,229,-133.0,M,25
ORD_00259,7,2026-01-23,229,35.0,L,25
ORD_00300,7,2026-01-28,229,11.0,L,25
ORD_00349,7,2026-02-06,229,-61.0,M,25
ORD_00432,7,2026-01-16,229,59.0,L,25
ORD_00449,7,2026-01-25,229,-61.0,M,25
ORD_00503,7,2026-01-28,229,-61.0,M,25
ORD_00651,7,2026-02-05,229,-61.0,M,25
ORD_00655,7,2026-01-06,229,-109.0,M,25
ORD_00680,7,2026-01-17,229,-181.0,H,25
ORD_00814,7,2026-01-11,229,-109.0,M,25
ORD_00832,7,2026-01-13,229,-181.0,H,25
ORD_00042,1,2026-01-17,227,-59.0,M,27
ORD_00936,1,2026-01-14,227,-131.0,M,27
ORD_00042,2,2026-01-17,227,-59.0,M,38
ORD_00936,2,2026-01-14,227,-131.0,M,38
ORD_00042,3,2026-01-17,227,-59.0,M,33
ORD_00936,3,2026-01-14,227,-131.0,M,33
ORD_00042,4,2026-01-17,227,-59.0,M,27
ORD_00936,4,2026-01-14,227,-131.0,M,27
ORD_00042,5,2026-01-17,227,-59.0,M,66
ORD_00936,5,2026-01-14,227,-131.0,M,66
ORD_00042,6,2026-01-17,227,-59.0,M,13
ORD_00936,6,2026-01-14,227,-131.0,M,13
ORD_00042,7,2026-01-17,227,-59.0,M,23
ORD_00936,7,2026-01-14,227,-131.0,M,23
ORD_00344,1,2026-02-03,208,-40.0,M,23
ORD_00483,1,2026-01-05,208,-112.0,M,23
ORD_00767,1,2026-01-07,208,-88.0,M,23
ORD_00344,2,2026-02-03,208,-40.0,M,29
ORD_00483,2,2026-01-05,208,-112.0,M,29
ORD_00767,2,2026-01-07,208,-88.0,M,29
ORD_00344,3,2026-02-03,208,-40.0,M,36
ORD_00483,3,2026-01-05,208,-112.0,M,36
ORD_00767,3,2026-01-07,208,-88.0,M,36
ORD_00344,4,2026-02-03,208,-40.0,M,40
ORD_00483,4,2026-01-05,208,-112.0,M,40
ORD_00767,4,2026-01-07,208,-88.0,M,40
ORD_00344,5,2026-02-03,208,-40.0,M,43
ORD_00483,5,2026-01-05,208,-112.0,M,43
ORD_00767,5,2026-01-07,208,-88.0,M,43
ORD_00344,6,2026-02-03,208,-40.0,M,20
ORD_00483,6,2026-01-05,208,-112.0,M,20
ORD_00767,6,2026-01-07,208,-88.0,M,20
ORD_00344,7,2026-02-03,208,-40.0,M,17
ORD_00483,7,2026-01-05,208,-112.0,M,17
ORD_00767,7,2026-01-07,208,-88.0,M,17
ORD_00330,1,2026-01-23,171,-99.0,H,16
ORD_00534,1,2026-02-06,171,-3.0,M,16
ORD_00890,1,2026-01-27,171,-75.0,M,16
ORD_00330,2,2026-01-23,171,-99.0,H,19
ORD_00534,2,2026-02-06,171,-3.0,M,19
ORD_00890,2,2026-01-27,171,-75.0,M,19
ORD_00330,3,2026-01-23,171,-99.0,H,20
ORD_00534,3,2026-02-06,171,-3.0,M,20
ORD_00890,3,2026-01-27,171,-75.0,M,20
ORD_00330,4,2026-01-23,171,-99.0,H,34
ORD_00534,4,2026-02-06,171,-3.0,M,34
ORD_00890,4,2026-01-27,171,-75.0,M,34
ORD_00330,5,2026-01-23,171,-99.0,H,44
ORD_00534,5,2026-02-06,171,-3.0,M,44
ORD_00890,5,2026-01-27,171,-75.0,M,44
ORD_00330,6,2026-01-23,171,-99.0,H,27
ORD_00534,6,2026-02-06,171,-3.0,M,27
ORD_00890,6,2026-01-27,171,-75.0,M,27
ORD_00330,7,2026-01-23,171,-99.0,H,11
ORD_00534,7,2026-02-06,171,-3.0,M,11
ORD_00890,7,2026-01-27,171,-75.0,M,11
ORD_00478,1,2026-01-18,175,-55.0,M,12
ORD_00932,1,2026-02-06,175,-7.0,M,12
ORD_00478,2,2026-01-18,175,-55.0,M,20
ORD_00932,2,2026-02-06,175,-7.0,M,20
ORD_00478,3,2026-01-18,175,-55.0,M,30
ORD_00932,3,2026-02-06,175,-7.0,M,30
ORD_00478,4,2026-01-18,175,-55.0,M,26
ORD_00932,4,2026-02-06,175,-7.0,M,26
ORD_00478,5,2026-01-18,175,-55.0,M,43
ORD_00932,5,2026-02-06,175,-7.0,M,43
ORD_00478,6,2026-01-18,175,-55.0,M,22
ORD_00932,6,2026-02-06,175,-7.0,M,22
ORD_00478,7,2026-01-18,175,-55.0,M,22
ORD_00932,7,2026-02-06,175,-7.0,M,22
ORD_00422,1,2026-01-10,219,-75.0,M,24
ORD_00821,1,2026-01-19,219,-51.0,M,24
ORD_00422,2,2026-01-10,219,-75.0,M,28
ORD_00821,2,2026-01-19,219,-51.0,M,28
ORD_00422,3,2026-01-10,219,-75.0,M,36
ORD_00821,3,2026-01-19,219,-51.0,M,36
ORD_00422,4,2026-01-10,219,-75.0,M,35
ORD_00821,4,2026-01-19,219,-51.0,M,35
ORD_00422,5,2026-01-10,219,-75.0,M,52
ORD_00821,5,2026-01-19,219,-51.0,M,52
ORD_00422,6,2026-01-10,219,-75.0,M,16
ORD_00821,6,2026-01-19,219,-51.0,M,16
ORD_00422,7,2026-01-10,219,-75.0,M,28
ORD_00821,7,2026-01-19,219,-51.0,M,28
ORD_00607,1,2026-01-11,251,-83.0,M,20
ORD_00663,1,2026-01-28,251,-155.0,M,20
ORD_00607,2,2026-01-11,251,-83.0,M,16
ORD_00663,2,2026-01-28,251,-155.0,M,16
ORD_00607,3,2026-01-11,251,-83.0,M,30
ORD_00663,3,2026-01-28,251,-155.0,M,30
ORD_00607,4,2026-01-11,251,-83.0,M,44
ORD_00663,4,2026-01-28,251,-155.0,M,44
ORD_00607,5,2026-01-11,251,-83.0,M,25
ORD_00663,5,2026-01-28,251,-155.0,M,25
ORD_00607,6,2026-01-11,251,-83.0,M,72
ORD_00663,6,2026-01-28,251,-155.0,M,72
ORD_00607,7,2026-01-11,251,-83.0,M,15
ORD_00663,7,2026-01-28,251,-155.0,M,15
ORD_00607,8,2026-01-11,251,-83.0,M,29
ORD_00663,8,2026-01-28,251,-155.0,M,29
ORD_00223,1,2026-01-10,226,-106.0,M,17
ORD_00322,1,2026-01-12,226,-58.0,M,17
ORD_00702,1,2026-01-23,226,-202.0,H,17
ORD_00223,2,2026-01-10,226,-106.0,M,18
ORD_00322,2,2026-01-12,226,-58.0,M,18
ORD_00702,2,2026-01-23,226,-202.0,H,18
ORD_00223,3,2026-01-10,226,-106.0,M,22
ORD_00322,3,2026-01-12,226,-58.0,M,22
ORD_00702,3,2026-01-23,226,-202.0,H,22
ORD_00223,4,2026-01-10,226,-106.0,M,39
ORD_00322,4,2026-01-12,226,-58.0,M,39
ORD_00702,4,2026-01-23,226,-202.0,H,39
ORD_00223,5,2026-01-10,226,-106.0,M,79
ORD_00322,5,2026-01-12,226,-58.0,M,79
ORD_00702,5,2026-01-23,226,-202.0,H,79
ORD_00223,6,2026-01-10,226,-106.0,M,23
ORD_00322,6,2026-01-12,226,-58.0,M,23
ORD_00702,6,2026-01-23,226,-202.0,H,23
ORD_00223,7,2026-01-10,226,-106.0,M,28
ORD_00322,7,2026-01-12,226,-58.0,M,28
ORD_00702,7,2026-01-23,226,-202.0,H,28
ORD_00301,1,2026-01-28,226,86.0,L,18
ORD_00342,1,2026-01-23,226,-202.0,H,18
ORD_00370,1,2026-01-22,226,-106.0,M,18
ORD_00720,1,2026-01-27,226,-106.0,M,18
ORD_00797,1,2026-01-05,226,-130.0,M,18
ORD_00996,1,2026-01-06,226,-178.0,H,18
ORD_00998,1,2026-01-07,226,-154.0,H,18
ORD_00301,2,2026-01-28,226,86.0,L,36
ORD_00342,2,2026-01-23,226,-202.0,H,36
ORD_00370,2,2026-01-22,226,-106.0,M,36
ORD_00720,2,2026-01-27,226,-106.0,M,36
ORD_00797,2,2026-01-05,226,-130.0,M,36
ORD_00996,2,2026-01-06,226,-178.0,H,36
ORD_00998,2,2026-01-07,226,-154.0,H,36
ORD_00301,3,2026-01-28,226,86.0,L,22
ORD_00342,3,2026-01-23,226,-202.0,H,22
ORD_00370,3,2026-01-22,226,-106.0,M,22
ORD_00720,3,2026-01-27,226,-106.0,M,22
ORD_00797,3,2026-01-05,226,-130.0,M,22
ORD_00996,3,2026-01-06,226,-178.0,H,22
ORD_00998,3,2026-01-07,226,-154.0,H,22
ORD_00301,4,2026-01-28,226,86.0,L,32
ORD_00342,4,2026-01-23,226,-202.0,H,32
ORD_00370,4,2026-01-22,226,-106.0,M,32
ORD_00720,4,2026-01-27,226,-106.0,M,32
ORD_00797,4,2026-01-05,226,-130.0,M,32
ORD_00996,4,2026-01-06,226,-178.0,H,32
ORD_00998,4,2026-01-07,226,-154.0,H,32
ORD_00301,5,2026-01-28,226,86.0,L,82
ORD_00342,5,2026-01-23,226,-202.0,H,82
ORD_00370,5,2026-01-22,226,-106.0,M,82
ORD_00720,5,2026-01-27,226,-106.0,M,82
ORD_00797,5,2026-01-05,226,-130.0,M,82
ORD_00996,5,2026-01-06,226,-178.0,H,82
ORD_00998,5,2026-01-07,226,-154.0,H,82
ORD_00301,6,2026-01-28,226,86.0,L,24
ORD_00342,6,2026-01-23,226,-202.0,H,24
ORD_00370,6,2026-01-22,226,-106.0,M,24
ORD_00720,6,2026-01-27,226,-106.0,M,24
ORD_00797,6,2026-01-05,226,-130.0,M,24
ORD_00996,6,2026-01-06,226,-178.0,H,24
ORD_00998,6,2026-01-07,226,-154.0,H,24
ORD_00301,7,2026-01-28,226,86.0,L,12
ORD_00342,7,2026-01-23,226,-202.0,H,12
ORD_00370,7,2026-01-22,226,-106.0,M,12
ORD_00720,7,2026-01-27,226,-106.0,M,12
ORD_00797,7,2026-01-05,226,-130.0,M,12
ORD_00996,7,2026-01-06,226,-178.0,H,12
ORD_00998,7,2026-01-07,226,-154.0,H,12
ORD_00251,1,2026-01-17,188,-164.0,H,24
ORD_00562,1,2026-01-31,188,-44.0,M,24
ORD_00750,1,2026-01-06,188,-140.0,H,24
ORD_00251,2,2026-01-17,188,-164.0,H,17
ORD_00562,2,2026-01-31,188,-44.0,M,17
ORD_00750,2,2026-01-06,188,-140.0,H,17
ORD_00251,3,2026-01-17,188,-164.0,H,21
ORD_00562,3,2026-01-31,188,-44.0,M,21
ORD_00750,3,2026-01-06,188,-140.0,H,21
ORD_00251,4,2026-01-17,188,-164.0,H,28
ORD_00562,4,2026-01-31,188,-44.0,M,28
ORD_00750,4,2026-01-06,188,-140.0,H,28
ORD_00251,5,2026-01-17,188,-164.0,H,62
ORD_00562,5,2026-01-31,188,-44.0,M,62
ORD_00750,5,2026-01-06,188,-140.0,H,62
ORD_00251,6,2026-01-17,188,-164.0,H,17
ORD_00562,6,2026-01-31,188,-44.0,M,17
ORD_00750,6,2026-01-06,188,-140.0,H,17
ORD_00251,7,2026-01-17,188,-164.0,H,19
ORD_00562,7,2026-01-31,188,-44.0,M,19
ORD_00750,7,2026-01-06,188,-140.0,H,19
ORD_00108,1,2026-02-06,228,-36.0,L,24
ORD_00186,1,2026-01-31,228,-180.0,H,24
ORD_00202,1,2026-01-28,228,-180.0,H,24
ORD_00596,1,2026-01-21,228,-84.0,M,24
ORD_00906,1,2026-01-11,228,-108.0,M,24
ORD_00108,2,2026-02-06,228,-36.0,L,34
ORD_00186,2,2026-01-31,228,-180.0,H,34
ORD_00202,2,2026-01-28,228,-180.0,H,34
ORD_00596,2,2026-01-21,228,-84.0,M,34
ORD_00906,2,2026-01-11,228,-108.0,M,34
ORD_00108,3,2026-02-06,228,-36.0,L,15
ORD_00186,3,2026-01-31,228,-180.0,H,15
ORD_00202,3,2026-01-28,228,-180.0,H,15
ORD_00596,3,2026-01-21,228,-84.0,M,15
ORD_00906,3,2026-01-11,228,-108.0,M,15
ORD_00108,4,2026-02-06,228,-36.0,L,46
ORD_00186,4,2026-01-31,228,-180.0,H,46
ORD_00202,4,2026-01-28,228,-180.0,H,46
ORD_00596,4,2026-01-21,228,-84.0,M,46
ORD_00906,4,2026-01-11,228,-108.0,M,46
ORD_00108,5,2026-02-06,228,-36.0,L,82
ORD_00186,5,2026-01-31,228,-180.0,H,82
ORD_00202,5,2026-01-28,228,-180.0,H,82
ORD_00596,5,2026-01-21,228,-84.0,M,82
ORD_00906,5,2026-01-11,228,-108.0,M,82
ORD_00108,6,2026-02-06,228,-36.0,L,14
ORD_00186,6,2026-01-31,228,-180.0,H,14
ORD_00202,6,2026-01-28,228,-180.0,H,14
ORD_00596,6,2026-01-21,228,-84.0,M,14
ORD_00906,6,2026-01-11,228,-108.0,M,14
ORD_00108,7,2026-02-06,228,-36.0,L,13
ORD_00186,7,2026-01-31,228,-180.0,H,13
ORD_00202,7,2026-01-28,228,-180.0,H,13
ORD_00596,7,2026-01-21,228,-84.0,M,13
ORD_00906,7,2026-01-11,228,-108.0,M,13
ORD_00068,1,2026-01-19,249,-105.0,M,27
ORD_00085,1,2026-01-29,249,-105.0,M,27
ORD_00170,1,2026-01-05,249,-201.0,H,27
ORD_00245,1,2026-01-14,249,-129.0,M,27
ORD_00317,1,2026-02-11,249,111.0,L,27
ORD_00340,1,2026-02-09,249,15.0,L,27
ORD_00372,1,2026-01-28,249,-153.0,M,27
ORD_00447,1,2026-02-03,249,-129.0,M,27
ORD_00590,1,2026-02-04,249,-129.0,M,27
ORD_00601,1,2026-01-16,249,-129.0,M,27
ORD_00666,1,2026-01-27,249,-225.0,H,27
ORD_00677,1,2026-01-24,249,-129.0,M,27
ORD_00713,1,2026-01-18,249,111.0,L,27
ORD_00744,1,2026-01-26,249,-153.0,M,27
ORD_00854,1,2026-01-06,249,-129.0,M,27
ORD_00874,1,2026-02-03,249,-153.0,M,27
ORD_00892,1,2026-01-05,249,-153.0,M,27
ORD_00975,1,2026-01-11,249,-129.0,M,27
ORD_00986,1,2026-02-02,249,-177.0,H,27
ORD_00068,2,2026-01-19,249,-105.0,M,23
ORD_00085,2,2026-01-29,249,-105.0,M,23
ORD_00170,2,2026-01-05,249,-201.0,H,23
ORD_00245,2,2026-01-14,249,-129.0,M,23
ORD_00317,2,2026-02-11,249,111.0,L,23
ORD_00340,2,2026-02-09,249,15.0,L,23
ORD_00372,2,2026-01-28,249,-153.0,M,23
ORD_00447,2,2026-02-03,249,-129.0,M,23
ORD_00590,2,2026-02-04,249,-129.0,M,23
ORD_00601,2,2026-01-16,249,-129.0,M,23
ORD_00666,2,2026-01-27,249,-225.0,H,23
ORD_00677,2,2026-01-24,249,-129.0,M,23
ORD_00713,2,2026-01-18,249,111.0,L,23
ORD_00744,2,2026-01-26,249,-153.0,M,23
ORD_00854,2,2026-01-06,249,-129.0,M,23
ORD_00874,2,2026-02-03,249,-153.0,M,23
ORD_00892,2,2026-01-05,249,-153.0,M,23
ORD_00975,2,2026-01-11,249,-129.0,M,23
ORD_00986,2,2026-02-02,249,-177.0,H,23
ORD_00068,3,2026-01-19,249,-105.0,M,34
ORD_00085,3,2026-01-29,249,-105.0,M,34
ORD_00170,3,2026-01-05,249,-201.0,H,34
ORD_00245,3,2026-01-14,249,-129.0,M,34
ORD_00317,3,2026-02-11,249,111.0,L,34
ORD_00340,3,2026-02-09,249,15.0,L,34
ORD_00372,3,2026-01-28,249,-153.0,M,34
ORD_00447,3,2026-02-03,249,-129.0,M,34
ORD_00590,3,2026-02-04,249,-129.0,M,34
ORD_00601,3,2026-01-16,249,-129.0,M,34
ORD_00666,3,2026-01-27,249,-225.0,H,34
ORD_00677,3,2026-01-24,249,-129.0,M,34
ORD_00713,3,2026-01-18,249,111.0,L,34
ORD_00744,3,2026-01-26,249,-153.0,M,34
ORD_00854,3,2026-01-06,249,-129.0,M,34
ORD_00874,3,2026-02-03,249,-153.0,M,34
ORD_00892,3,2026-01-05,249,-153.0,M,34
ORD_00975,3,2026-01-11,249,-129.0,M,34
ORD_00986,3,2026-02-02,249,-177.0,H,34
ORD_00068,4,2026-01-19,249,-105.0,M,37
ORD_00085,4,2026-01-29,249,-105.0,M,37
ORD_00170,4,2026-01-05,249,-201.0,H,37
ORD_00245,4,2026-01-14,249,-129.0,M,37
ORD_00317,4,2026-02-11,249,111.0,L,37
ORD_00340,4,2026-02-09,249,15.0,L,37
ORD_00372,4,2026-01-28,249,-153.0,M,37
ORD_00447,4,2026-02-03,249,-129.0,M,37
ORD_00590,4,2026-02-04,249,-129.0,M,37
ORD_00601,4,2026-01-16,249,-129.0,M,37
ORD_00666,4,2026-01-27,249,-225.0,H,37
ORD_00677,4,2026-01-24,249,-129.0,M,37
ORD_00713,4,2026-01-18,249,111.0,L,37
ORD_00744,4,2026-01-26,249,-153.0,M,37
ORD_00854,4,2026-01-06,249,-129.0,M,37
ORD_00874,4,2026-02-03,249,-153.0,M,37
ORD_00892,4,2026-01-05,249,-153.0,M,37
ORD_00975,4,2026-01-11,249,-129.0,M,37
ORD_00986,4,2026-02-02,249,-177.0,H,37
ORD_00068,5,2026-01-19,249,-105.0,M,26
ORD_00085,5,2026-01-29,249,-105.0,M,26
ORD_00170,5,2026-01-05,249,-201.0,H,26
ORD_00245,5,2026-01-14,249,-129.0,M,26
ORD_00317,5,2026-02-11,249,111.0,L,26
ORD_00340,5,2026-02-09,249,15.0,L,26
ORD_00372,5,2026-01-28,249,-153.0,M,26
ORD_00447,5,2026-02-03,249,-129.0,M,26
ORD_00590,5,2026-02-04,249,-129.0,M,26
ORD_00601,5,2026-01-16,249,-129.0,M,26
ORD_00666,5,2026-01-27,249,-225.0,H,26
ORD_00677,5,2026-01-24,249,-129.0,M,26
ORD_00713,5,2026-01-18,249,111.0,L,26
ORD_00744,5,2026-01-26,249,-153.0,M,26
ORD_00854,5,2026-01-06,249,-129.0,M,26
ORD_00874,5,2026-02-03,249,-153.0,M,26
ORD_00892,5,2026-01-05,249,-153.0,M,26
ORD_00975,5,2026-01-11,249,-129.0,M,26
ORD_00986,5,2026-02-02,249,-177.0,H,26
ORD_00068,6,2026-01-19,249,-105.0,M,72
ORD_00085,6,2026-01-29,249,-105.0,M,72
ORD_00170,6,2026-01-05,249,-201.0,H,72
ORD_00245,6,2026-01-14,249,-129.0,M,72
ORD_00317,6,2026-02-11,249,111.0,L,72
ORD_00340,6,2026-02-09,249,15.0,L,72
ORD_00372,6,2026-01-28,249,-153.0,M,72
ORD_00447,6,2026-02-03,249,-129.0,M,72
ORD_00590,6,2026-02-04,249,-129.0,M,72
ORD_00601,6,2026-01-16,249,-129.0,M,72
ORD_00666,6,2026-01-27,249,-225.0,H,72
ORD_00677,6,2026-01-24,249,-129.0,M,72
ORD_00713,6,2026-01-18,249,111.0,L,72
ORD_00744,6,2026-01-26,249,-153.0,M,72
ORD_00854,6,2026-01-06,249,-129.0,M,72
ORD_00874,6,2026-02-03,249,-153.0,M,72
ORD_00892,6,2026-01-05,249,-153.0,M,72
ORD_00975,6,2026-01-11,249,-129.0,M,72
ORD_00986,6,2026-02-02,249,-177.0,H,72
ORD_00068,7,2026-01-19,249,-105.0,M,18
ORD_00085,7,2026-01-29,249,-105.0,M,18
ORD_00170,7,2026-01-05,249,-201.0,H,18
ORD_00245,7,2026-01-14,249,-129.0,M,18
ORD_00317,7,2026-02-11,249,111.0,L,18
ORD_00340,7,2026-02-09,249,15.0,L,18
ORD_00372,7,2026-01-28,249,-153.0,M,18
ORD_00447,7,2026-02-03,249,-129.0,M,18
ORD_00590,7,2026-02-04,249,-129.0,M,18
ORD_00601,7,2026-01-16,249,-129.0,M,18
ORD_00666,7,2026-01-27,249,-225.0,H,18
ORD_00677,7,2026-01-24,249,-129.0,M,18
ORD_00713,7,2026-01-18,249,111.0,L,18
ORD_00744,7,2026-01-26,249,-153.0,M,18
ORD_00854,7,2026-01-06,249,-129.0,M,18
ORD_00874,7,2026-02-03,249,-153.0,M,18
ORD_00892,7,2026-01-05,249,-153.0,M,18
ORD_00975,7,2026-01-11,249,-129.0,M,18
ORD_00986,7,2026-02-02,249,-177.0,H,18
ORD_00068,8,2026-01-19,249,-105.0,M,12
ORD_00085,8,2026-01-29,249,-105.0,M,12
ORD_00170,8,2026-01-05,249,-201.0,H,12
ORD_00245,8,2026-01-14,249,-129.0,M,12
ORD_00317,8,2026-02-11,249,111.0,L,12
ORD_00340,8,2026-02-09,249,15.0,L,12
ORD_00372,8,2026-01-28,249,-153.0,M,12
ORD_00447,8,2026-02-03,249,-129.0,M,12
ORD_00590,8,2026-02-04,249,-129.0,M,12
ORD_00601,8,2026-01-16,249,-129.0,M,12
ORD_00666,8,2026-01-27,249,-225.0,H,12
ORD_00677,8,2026-01-24,249,-129.0,M,12
ORD_00713,8,2026-01-18,249,111.0,L,12
ORD_00744,8,2026-01-26,249,-153.0,M,12
ORD_00854,8,2026-01-06,249,-129.0,M,12
ORD_00874,8,2026-02-03,249,-153.0,M,12
ORD_00892,8,2026-01-05,249,-153.0,M,12
ORD_00975,8,2026-01-11,249,-129.0,M,12
ORD_00986,8,2026-02-02,249,-177.0,H,12
ORD_00206,1,2026-01-15,212,-68.0,M,18
ORD_00885,1,2026-01-15,212,-188.0,H,18
ORD_00206,2,2026-01-15,212,-68.0,M,15
ORD_00885,2,2026-01-15,212,-188.0,H,15
ORD_00206,3,2026-01-15,212,-68.0,M,39
ORD_00885,3,2026-01-15,212,-188.0,H,39
ORD_00206,4,2026-01-15,212,-68.0,M,40
ORD_00885,4,2026-01-15,212,-188.0,H,40
ORD_00206,5,2026-01-15,212,-68.0,M,50
ORD_00885,5,2026-01-15,212,-188.0,H,50
ORD_00206,6,2026-01-15,212,-68.0,M,27
ORD_00885,6,2026-01-15,212,-188.0,H,27
ORD_00206,7,2026-01-15,212,-68.0,M,23
ORD_00885,7,2026-01-15,212,-188.0,H,23
ORD_00729,1,2026-01-10,247,-223.0,H,13
ORD_00816,1,2026-01-28,247,-151.0,M,13
ORD_00729,2,2026-01-10,247,-223.0,H,45
ORD_00816,2,2026-01-28,247,-151.0,M,45
ORD_00729,3,2026-01-10,247,-223.0,H,32
ORD_00816,3,2026-01-28,247,-151.0,M,32
ORD_00729,4,2026-01-10,247,-223.0,H,46
ORD_00816,4,2026-01-28,247,-151.0,M,46
ORD_00729,5,2026-01-10,247,-223.0,H,77
ORD_00816,5,2026-01-28,247,-151.0,M,77
ORD_00729,6,2026-01-10,247,-223.0,H,23
ORD_00816,6,2026-01-28,247,-151.0,M,23
ORD_00729,7,2026-01-10,247,-223.0,H,11
ORD_00816,7,2026-01-28,247,-151.0,M,11
ORD_00402,1,2026-02-05,217,143.0,L,21
ORD_00746,1,2026-01-09,217,-145.0,H,21
ORD_00402,2,2026-02-05,217,143.0,L,43
ORD_00746,2,2026-01-09,217,-145.0,H,43
ORD_00402,3,2026-02-05,217,143.0,L,21
ORD_00746,3,2026-01-09,217,-145.0,H,21
ORD_00402,4,2026-02-05,217,143.0,L,27
ORD_00746,4,2026-01-09,217,-145.0,H,27
ORD_00402,5,2026-02-05,217,143.0,L,62
ORD_00746,5,2026-01-09,217,-145.0,H,62
ORD_00402,6,2026-02-05,217,143.0,L,29
ORD_00746,6,2026-01-09,217,-145.0,H,29
ORD_00402,7,2026-02-05,217,143.0,L,14
ORD_00746,7,2026-01-09,217,-145.0,H,14
ORD_00059,1,2026-01-16,281,-209.0,H,22
ORD_00398,1,2026-01-21,281,-185.0,M,22
ORD_00687,1,2026-01-29,281,-17.0,L,22
ORD_00059,2,2026-01-16,281,-209.0,H,42
ORD_00398,2,2026-01-21,281,-185.0,M,42
ORD_00687,2,2026-01-29,281,-17.0,L,42
ORD_00059,3,2026-01-16,281,-209.0,H,22
ORD_00398,3,2026-01-21,281,-185.0,M,22
ORD_00687,3,2026-01-29,281,-17.0,L,22
ORD_00059,4,2026-01-16,281,-209.0,H,41
ORD_00398,4,2026-01-21,281,-185.0,M,41
ORD_00687,4,2026-01-29,281,-17.0,L,41
ORD_00059,5,2026-01-16,281,-209.0,H,31
ORD_00398,5,2026-01-21,281,-185.0,M,31
ORD_00687,5,2026-01-29,281,-17.0,L,31
ORD_00059,6,2026-01-16,281,-209.0,H,90
ORD_00398,6,2026-01-21,281,-185.0,M,90
ORD_00687,6,2026-01-29,281,-17.0,L,90
ORD_00059,7,2026-01-16,281,-209.0,H,17
ORD_00398,7,2026-01-21,281,-185.0,M,17
ORD_00687,7,2026-01-29,281,-17.0,L,17
ORD_00059,8,2026-01-16,281,-209.0,H,16
ORD_00398,8,2026-01-21,281,-185.0,M,16
ORD_00687,8,2026-01-29,281,-17.0,L,16
ORD_00187,1,2026-01-18,214,-94.0,M,28
ORD_00328,1,2026-01-02,214,-190.0,H,28
ORD_00187,2,2026-01-18,214,-94.0,M,16
ORD_00328,2,2026-01-02,214,-190.0,H,16
ORD_00187,3,2026-01-18,214,-94.0,M,34
ORD_00328,3,2026-01-02,214,-190.0,H,34
ORD_00187,4,2026-01-18,214,-94.0,M,31
ORD_00328,4,2026-01-02,214,-190.0,H,31
ORD_00187,5,2026-01-18,214,-94.0,M,67
ORD_00328,5,2026-01-02,214,-190.0,H,67
ORD_00187,6,2026-01-18,214,-94.0,M,22
ORD_00328,6,2026-01-02,214,-190.0,H,22
ORD_00187,7,2026-01-18,214,-94.0,M,16
ORD_00328,7,2026-01-02,214,-190.0,H,16
ORD_00415,1,2026-01-19,347,-179.0,M,11
ORD_00905,1,2026-01-22,347,-275.0,H,11
ORD_00415,2,2026-01-19,347,-179.0,M,15
ORD_00905,2,2026-01-22,347,-275.0,H,15
ORD_00415,3,2026-01-19,347,-179.0,M,26
ORD_00905,3,2026-01-22,347,-275.0,H,26
ORD_00415,4,2026-01-19,347,-179.0,M,17
ORD_00905,4,2026-01-22,347,-275.0,H,17
ORD_00415,5,2026-01-19,347,-179.0,M,34
ORD_00905,5,2026-01-22,347,-275.0,H,34
ORD_00415,6,2026-01-19,347,-179.0,M,41
ORD_00905,6,2026-01-22,347,-275.0,H,41
ORD_00415,7,2026-01-19,347,-179.0,M,86
ORD_00905,7,2026-01-22,347,-275.0,H,86
ORD_00415,8,2026-01-19,347,-179.0,M,72
ORD_00905,8,2026-01-22,347,-275.0,H,72
ORD_00415,9,2026-01-19,347,-179.0,M,23
ORD_00905,9,2026-01-22,347,-275.0,H,23
ORD_00415,10,2026-01-19,347,-179.0,M,22
ORD_00905,10,2026-01-22,347,-275.0,H,22
ORD_00134,1,2026-01-26,361,-241.0,M,27
ORD_00502,1,2026-01-23,361,-217.0,M,27
ORD_00619,1,2026-01-28,361,-193.0,M,27
ORD_00732,1,2026-01-27,361,-193.0,M,27
ORD_00782,1,2026-01-09,361,-193.0,M,27
ORD_00838,1,2026-02-02,361,-289.0,H,27
ORD_00134,2,2026-01-26,361,-241.0,M,21
ORD_00502,2,2026-01-23,361,-217.0,M,21
ORD_00619,2,2026-01-28,361,-193.0,M,21
ORD_00732,2,2026-01-27,361,-193.0,M,21
ORD_00782,2,2026-01-09,361,-193.0,M,21
ORD_00838,2,2026-02-02,361,-289.0,H,21
ORD_00134,3,2026-01-26,361,-241.0,M,36
ORD_00502,3,2026-01-23,361,-217.0,M,36
ORD_00619,3,2026-01-28,361,-193.0,M,36
ORD_00732,3,2026-01-27,361,-193.0,M,36
ORD_00782,3,2026-01-09,361,-193.0,M,36
ORD_00838,3,2026-02-02,361,-289.0,H,36
ORD_00134,4,2026-01-26,361,-241.0,M,36
ORD_00502,4,2026-01-23,361,-217.0,M,36
ORD_00619,4,2026-01-28,361,-193.0,M,36
ORD_00732,4,2026-01-27,361,-193.0,M,36
ORD_00782,4,2026-01-09,361,-193.0,M,36
ORD_00838,4,2026-02-02,361,-289.0,H,36
ORD_00134,5,2026-01-26,361,-241.0,M,34
ORD_00502,5,2026-01-23,361,-217.0,M,34
ORD_00619,5,2026-01-28,361,-193.0,M,34
ORD_00732,5,2026-01-27,361,-193.0,M,34
ORD_00782,5,2026-01-09,361,-193.0,M,34
ORD_00838,5,2026-02-02,361,-289.0,H,34
ORD_00134,6,2026-01-26,361,-241.0,M,29
ORD_00502,6,2026-01-23,361,-217.0,M,29
ORD_00619,6,2026-01-28,361,-193.0,M,29
ORD_00732,6,2026-01-27,361,-193.0,M,29
ORD_00782,6,2026-01-09,361,-193.0,M,29
ORD_00838,6,2026-02-02,361,-289.0,H,29
ORD_00134,7,2026-01-26,361,-241.0,M,75
ORD_00502,7,2026-01-23,361,-217.0,M,75
ORD_00619,7,2026-01-28,361,-193.0,M,75
ORD_00732,7,2026-01-27,361,-193.0,M,75
ORD_00782,7,2026-01-09,361,-193.0,M,75
ORD_00838,7,2026-02-02,361,-289.0,H,75
ORD_00134,8,2026-01-26,361,-241.0,M,59
ORD_00502,8,2026-01-23,361,-217.0,M,59
ORD_00619,8,2026-01-28,361,-193.0,M,59
ORD_00732,8,2026-01-27,361,-193.0,M,59
ORD_00782,8,2026-01-09,361,-193.0,M,59
ORD_00838,8,2026-02-02,361,-289.0,H,59
ORD_00134,9,2026-01-26,361,-241.0,M,16
ORD_00502,9,2026-01-23,361,-217.0,M,16
ORD_00619,9,2026-01-28,361,-193.0,M,16
ORD_00732,9,2026-01-27,361,-193.0,M,16
ORD_00782,9,2026-01-09,361,-193.0,M,16
ORD_00838,9,2026-02-02,361,-289.0,H,16
ORD_00134,10,2026-01-26,361,-241.0,M,28
ORD_00502,10,2026-01-23,361,-217.0,M,28
ORD_00619,10,2026-01-28,361,-193.0,M,28
ORD_00732,10,2026-01-27,361,-193.0,M,28
ORD_00782,10,2026-01-09,361,-193.0,M,28
ORD_00838,10,2026-02-02,361,-289.0,H,28
ORD_00023,1,2026-01-22,238,-166.0,H,24
ORD_00026,1,2026-01-31,238,-166.0,H,24
ORD_00141,1,2026-01-28,238,-118.0,M,24
ORD_00266,1,2026-01-29,238,-214.0,H,24
ORD_00897,1,2026-01-24,238,-214.0,H,24
ORD_00023,2,2026-01-22,238,-166.0,H,29
ORD_00026,2,2026-01-31,238,-166.0,H,29
ORD_00141,2,2026-01-28,238,-118.0,M,29
ORD_00266,2,2026-01-29,238,-214.0,H,29
ORD_00897,2,2026-01-24,238,-214.0,H,29
ORD_00023,3,2026-01-22,238,-166.0,H,31
ORD_00026,3,2026-01-31,238,-166.0,H,31
ORD_00141,3,2026-01-28,238,-118.0,M,31
ORD_00266,3,2026-01-29,238,-214.0,H,31
ORD_00897,3,2026-01-24,238,-214.0,H,31
ORD_00023,4,2026-01-22,238,-166.0,H,40
ORD_00026,4,2026-01-31,238,-166.0,H,40
ORD_00141,4,2026-01-28,238,-118.0,M,40
ORD_00266,4,2026-01-29,238,-214.0,H,40
ORD_00897,4,2026-01-24,238,-214.0,H,40
ORD_00023,5,2026-01-22,238,-166.0,H,25
ORD_00026,5,2026-01-31,238,-166.0,H,25
ORD_00141,5,2026-01-28,238,-118.0,M,25
ORD_00266,5,2026-01-29,238,-214.0,H,25
ORD_00897,5,2026-01-24,238,-214.0,H,25
ORD_00023,6,2026-01-22,238,-166.0,H,58
ORD_00026,6,2026-01-31,238,-166.0,H,58
ORD_00141,6,2026-01-28,238,-118.0,M,58
ORD_00266,6,2026-01-29,238,-214.0,H,58
ORD_00897,6,2026-01-24,238,-214.0,H,58
ORD_00023,7,2026-01-22,238,-166.0,H,12
ORD_00026,7,2026-01-31,238,-166.0,H,12
ORD_00141,7,2026-01-28,238,-118.0,M,12
ORD_00266,7,2026-01-29,238,-214.0,H,12
ORD_00897,7,2026-01-24,238,-214.0,H,12
ORD_00023,8,2026-01-22,238,-166.0,H,19
ORD_00026,8,2026-01-31,238,-166.0,H,19
ORD_00141,8,2026-01-28,238,-118.0,M,19
ORD_00266,8,2026-01-29,238,-214.0,H,19
ORD_00897,8,2026-01-24,238,-214.0,H,19
ORD_00000,1,2026-01-10,207,-135.0,H,16
ORD_00112,1,2026-02-02,207,-39.0,M,16
ORD_00208,1,2026-01-07,207,-135.0,H,16
ORD_00707,1,2026-01-21,207,-111.0,M,16
ORD_00000,2,2026-01-10,207,-135.0,H,15
ORD_00112,2,2026-02-02,207,-39.0,M,15
ORD_00208,2,2026-01-07,207,-135.0,H,15
ORD_00707,2,2026-01-21,207,-111.0,M,15
ORD_00000,3,2026-01-10,207,-135.0,H,22
ORD_00112,3,2026-02-02,207,-39.0,M,22
ORD_00208,3,2026-01-07,207,-135.0,H,22
ORD_00707,3,2026-01-21,207,-111.0,M,22
ORD_00000,4,2026-01-10,207,-135.0,H,39
ORD_00112,4,2026-02-02,207,-39.0,M,39
ORD_00208,4,2026-01-07,207,-135.0,H,39
ORD_00707,4,2026-01-21,207,-111.0,M,39
ORD_00000,5,2026-01-10,207,-135.0,H,69
ORD_00112,5,2026-02-02,207,-39.0,M,69
ORD_00208,5,2026-01-07,207,-135.0,H,69
ORD_00707,5,2026-01-21,207,-111.0,M,69
ORD_00000,6,2026-01-10,207,-135.0,H,30
ORD_00112,6,2026-02-02,207,-39.0,M,30
ORD_00208,6,2026-01-07,207,-135.0,H,30
ORD_00707,6,2026-01-21,207,-111.0,M,30
ORD_00000,7,2026-01-10,207,-135.0,H,16
ORD_00112,7,2026-02-02,207,-39.0,M,16
ORD_00208,7,2026-01-07,207,-135.0,H,16
ORD_00707,7,2026-01-21,207,-111.0,M,16
ORD_00020,1,2026-01-22,234,-90.0,M,25
ORD_00453,1,2026-02-06,234,54.0,L,25
ORD_00513,1,2026-01-08,234,-66.0,M,25
ORD_00703,1,2026-02-07,234,54.0,L,25
ORD_00933,1,2026-01-11,234,-66.0,M,25
ORD_00020,2,2026-01-22,234,-90.0,M,22
ORD_00453,2,2026-02-06,234,54.0,L,22
ORD_00513,2,2026-01-08,234,-66.0,M,22
ORD_00703,2,2026-02-07,234,54.0,L,22
ORD_00933,2,2026-01-11,234,-66.0,M,22
ORD_00020,3,2026-01-22,234,-90.0,M,35
ORD_00453,3,2026-02-06,234,54.0,L,35
ORD_00513,3,2026-01-08,234,-66.0,M,35
ORD_00703,3,2026-02-07,234,54.0,L,35
ORD_00933,3,2026-01-11,234,-66.0,M,35
ORD_00020,4,2026-01-22,234,-90.0,M,20
ORD_00453,4,2026-02-06,234,54.0,L,20
ORD_00513,4,2026-01-08,234,-66.0,M,20
ORD_00703,4,2026-02-07,234,54.0,L,20
ORD_00933,4,2026-01-11,234,-66.0,M,20
ORD_00020,5,2026-01-22,234,-90.0,M,89
ORD_00453,5,2026-02-06,234,54.0,L,89
ORD_00513,5,2026-01-08,234,-66.0,M,89
ORD_00703,5,2026-02-07,234,54.0,L,89
ORD_00933,5,2026-01-11,234,-66.0,M,89
ORD_00020,6,2026-01-22,234,-90.0,M,17
ORD_00453,6,2026-02-06,234,54.0,L,17
ORD_00513,6,2026-01-08,234,-66.0,M,17
ORD_00703,6,2026-02-07,234,54.0,L,17
ORD_00933,6,2026-01-11,234,-66.0,M,17
ORD_00020,7,2026-01-22,234,-90.0,M,26
ORD_00453,7,2026-02-06,234,54.0,L,26
ORD_00513,7,2026-01-08,234,-66.0,M,26
ORD_00703,7,2026-02-07,234,54.0,L,26
ORD_00933,7,2026-01-11,234,-66.0,M,26
ORD_00753,1,2026-01-31,308,-284.0,H,11
ORD_00753,2,2026-01-31,308,-284.0,H,44
ORD_00753,3,2026-01-31,308,-284.0,H,29
ORD_00753,4,2026-01-31,308,-284.0,H,40
ORD_00753,5,2026-01-31,308,-284.0,H,41
ORD_00753,6,2026-01-31,308,-284.0,H,88
ORD_00753,7,2026-01-31,308,-284.0,H,29
ORD_00753,8,2026-01-31,308,-284.0,H,26
ORD_00836,1,2026-01-28,286,-166.0,M,27
ORD_00860,1,2026-01-25,286,50.0,L,27
ORD_00977,1,2026-01-24,286,-262.0,H,27
ORD_00836,2,2026-01-28,286,-166.0,M,43
ORD_00860,2,2026-01-25,286,50.0,L,43
ORD_00977,2,2026-01-24,286,-262.0,H,43
ORD_00836,3,2026-01-28,286,-166.0,M,38
ORD_00860,3,2026-01-25,286,50.0,L,38
ORD_00977,3,2026-01-24,286,-262.0,H,38
ORD_00836,4,2026-01-28,286,-166.0,M,34
ORD_00860,4,2026-01-25,286,50.0,L,34
ORD_00977,4,2026-01-24,286,-262.0,H,34
ORD_00836,5,2026-01-28,286,-166.0,M,88
ORD_00860,5,2026-01-25,286,50.0,L,88
ORD_00977,5,2026-01-24,286,-262.0,H,88
ORD_00836,6,2026-01-28,286,-166.0,M,30
ORD_00860,6,2026-01-25,286,50.0,L,30
ORD_00977,6,2026-01-24,286,-262.0,H,30
ORD_00836,7,2026-01-28,286,-166.0,M,26
ORD_00860,7,2026-01-25,286,50.0,L,26
ORD_00977,7,2026-01-24,286,-262.0,H,26
ORD_00229,1,2026-01-22,216,-72.0,M,14
ORD_00229,2,2026-01-22,216,-72.0,M,27
ORD_00229,3,2026-01-22,216,-72.0,M,37
ORD_00229,4,2026-01-22,216,-72.0,M,22
ORD_00229,5,2026-01-22,216,-72.0,M,66
ORD_00229,6,2026-01-22,216,-72.0,M,27
ORD_00229,7,2026-01-22,216,-72.0,M,23
ORD_00025,1,2026-01-22,221,-53.0,M,16
ORD_00065,1,2026-01-15,221,-53.0,M,16
ORD_00162,1,2026-01-09,221,-53.0,M,16
ORD_00166,1,2026-01-24,221,-125.0,M,16
ORD_00181,1,2026-01-06,221,-101.0,M,16
ORD_00211,1,2026-01-19,221,-197.0,H,16
ORD_00303,1,2026-01-13,221,-125.0,M,16
ORD_00308,1,2026-01-30,221,-197.0,H,16
ORD_00311,1,2026-01-21,221,-53.0,M,16
ORD_00334,1,2026-01-19,221,-77.0,M,16
ORD_00396,1,2026-01-21,221,-77.0,M,16
ORD_00405,1,2026-01-11,221,-29.0,L,16
ORD_00537,1,2026-01-20,221,-149.0,H,16
ORD_00598,1,2026-01-28,221,-101.0,M,16
ORD_00629,1,2026-01-10,221,-101.0,M,16
ORD_00914,1,2026-01-22,221,-53.0,M,16
ORD_00921,1,2026-02-05,221,-5.0,L,16
ORD_00025,2,2026-01-22,221,-53.0,M,27
ORD_00065,2,2026-01-15,221,-53.0,M,27
ORD_00162,2,2026-01-09,221,-53.0,M,27
ORD_00166,2,2026-01-24,221,-125.0,M,27
ORD_00181,2,2026-01-06,221,-101.0,M,27
ORD_00211,2,2026-01-19,221,-197.0,H,27
ORD_00303,2,2026-01-13,221,-125.0,M,27
ORD_00308,2,2026-01-30,221,-197.0,H,27
ORD_00311,2,2026-01-21,221,-53.0,M,27
ORD_00334,2,2026-01-19,221,-77.0,M,27
ORD_00396,2,2026-01-21,221,-77.0,M,27
ORD_00405,2,2026-01-11,221,-29.0,L,27
ORD_00537,2,2026-01-20,221,-149.0,H,27
ORD_00598,2,2026-01-28,221,-101.0,M,27
ORD_00629,2,2026-01-10,221,-101.0,M,27
ORD_00914,2,2026-01-22,221,-53.0,M,27
ORD_00921,2,2026-02-05,221,-5.0,L,27
ORD_00025,3,2026-01-22,221,-53.0,M,45
ORD_00065,3,2026-01-15,221,-53.0,M,45
ORD_00162,3,2026-01-09,221,-53.0,M,45
ORD_00166,3,2026-01-24,221,-125.0,M,45
ORD_00181,3,2026-01-06,221,-101.0,M,45
ORD_00211,3,2026-01-19,221,-197.0,H,45
ORD_00303,3,2026-01-13,221,-125.0,M,45
ORD_00308,3,2026-01-30,221,-197.0,H,45
ORD_00311,3,2026-01-21,221,-53.0,M,45
ORD_00334,3,2026-01-19,221,-77.0,M,45
ORD_00396,3,2026-01-21,221,-77.0,M,45
ORD_00405,3,2026-01-11,221,-29.0,L,45
ORD_00537,3,2026-01-20,221,-149.0,H,45
ORD_00598,3,2026-01-28,221,-101.0,M,45
ORD_00629,3,2026-01-10,221,-101.0,M,45
ORD_00914,3,2026-01-22,221,-53.0,M,45
ORD_00921,3,2026-02-05,221,-5.0,L,45
ORD_00025,4,2026-01-22,221,-53.0,M,20
ORD_00065,4,2026-01-15,221,-53.0,M,20
ORD_00162,4,2026-01-09,221,-53.0,M,20
ORD_00166,4,2026-01-24,221,-125.0,M,20
ORD_00181,4,2026-01-06,221,-101.0,M,20
ORD_00211,4,2026-01-19,221,-197.0,H,20
ORD_00303,4,2026-01-13,221,-125.0,M,20
ORD_00308,4,2026-01-30,221,-197.0,H,20
ORD_00311,4,2026-01-21,221,-53.0,M,20
ORD_00334,4,2026-01-19,221,-77.0,M,20
ORD_00396,4,2026-01-21,221,-77.0,M,20
ORD_00405,4,2026-01-11,221,-29.0,L,20
ORD_00537,4,2026-01-20,221,-149.0,H,20
ORD_00598,4,2026-01-28,221,-101.0,M,20
ORD_00629,4,2026-01-10,221,-101.0,M,20
ORD_00914,4,2026-01-22,221,-53.0,M,20
ORD_00921,4,2026-02-05,221,-5.0,L,20
ORD_00025,5,2026-01-22,221,-53.0,M,70
ORD_00065,5,2026-01-15,221,-53.0,M,70
ORD_00162,5,2026-01-09,221,-53.0,M,70
ORD_00166,5,2026-01-24,221,-125.0,M,70
ORD_00181,5,2026-01-06,221,-101.0,M,70
ORD_00211,5,2026-01-19,221,-197.0,H,70
ORD_00303,5,2026-01-13,221,-125.0,M,70
ORD_00308,5,2026-01-30,221,-197.0,H,70
ORD_00311,5,2026-01-21,221,-53.0,M,70
ORD_00334,5,2026-01-19,221,-77.0,M,70
ORD_00396,5,2026-01-21,221,-77.0,M,70
ORD_00405,5,2026-01-11,221,-29.0,L,70
ORD_00537,5,2026-01-20,221,-149.0,H,70
ORD_00598,5,2026-01-28,221,-101.0,M,70
ORD_00629,5,2026-01-10,221,-101.0,M,70
ORD_00914,5,2026-01-22,221,-53.0,M,70
ORD_00921,5,2026-02-05,221,-5.0,L,70
ORD_00025,6,2026-01-22,221,-53.0,M,21
ORD_00065,6,2026-01-15,221,-53.0,M,21
ORD_00162,6,2026-01-09,221,-53.0,M,21
ORD_00166,6,2026-01-24,221,-125.0,M,21
ORD_00181,6,2026-01-06,221,-101.0,M,21
ORD_00211,6,2026-01-19,221,-197.0,H,21
ORD_00303,6,2026-01-13,221,-125.0,M,21
ORD_00308,6,2026-01-30,221,-197.0,H,21
ORD_00311,6,2026-01-21,221,-53.0,M,21
ORD_00334,6,2026-01-19,221,-77.0,M,21
ORD_00396,6,2026-01-21,221,-77.0,M,21
ORD_00405,6,2026-01-11,221,-29.0,L,21
ORD_00537,6,2026-01-20,221,-149.0,H,21
ORD_00598,6,2026-01-28,221,-101.0,M,21
ORD_00629,6,2026-01-10,221,-101.0,M,21
ORD_00914,6,2026-01-22,221,-53.0,M,21
ORD_00921,6,2026-02-05,221,-5.0,L,21
ORD_00025,7,2026-01-22,221,-53.0,M,22
ORD_00065,7,2026-01-15,221,-53.0,M,22
ORD_00162,7,2026-01-09,221,-53.0,M,22
ORD_00166,7,2026-01-24,221,-125.0,M,22
ORD_00181,7,2026-01-06,221,-101.0,M,22
ORD_00211,7,2026-01-19,221,-197.0,H,22
ORD_00303,7,2026-01-13,221,-125.0,M,22
ORD_00308,7,2026-01-30,221,-197.0,H,22
ORD_00311,7,2026-01-21,221,-53.0,M,22
ORD_00334,7,2026-01-19,221,-77.0,M,22
ORD_00396,7,2026-01-21,221,-77.0,M,22
ORD_00405,7,2026-01-11,221,-29.0,L,22
ORD_00537,7,2026-01-20,221,-149.0,H,22
ORD_00598,7,2026-01-28,221,-101.0,M,22
ORD_00629,7,2026-01-10,221,-101.0,M,22
ORD_00914,7,2026-01-22,221,-53.0,M,22
ORD_00921,7,2026-02-05,221,-5.0,L,22
ORD_00054,1,2026-01-16,372,-276.0,M,27
ORD_00098,1,2026-02-01,372,-204.0,M,27
ORD_00132,1,2026-02-08,372,-60.0,L,27
ORD_00221,1,2026-01-08,372,-276.0,M,27
ORD_00288,1,2026-01-26,372,-252.0,M,27
ORD_00315,1,2026-01-15,372,-228.0,M,27
ORD_00354,1,2026-02-05,372,-180.0,L,27
ORD_00451,1,2026-01-09,372,-276.0,M,27
ORD_00506,1,2026-01-22,372,-180.0,L,27
ORD_00592,1,2026-01-13,372,-324.0,H,27
ORD_00630,1,2026-01-14,372,-252.0,M,27
ORD_00641,1,2026-01-28,372,-324.0,H,27
ORD_00710,1,2026-01-28,372,-300.0,H,27
ORD_00849,1,2026-01-16,372,-204.0,M,27
ORD_00970,1,2026-01-22,372,-108.0,L,27
ORD_00992,1,2026-02-03,372,-228.0,M,27
ORD_00054,2,2026-01-16,372,-276.0,M,30
ORD_00098,2,2026-02-01,372,-204.0,M,30
ORD_00132,2,2026-02-08,372,-60.0,L,30
ORD_00221,2,2026-01-08,372,-276.0,M,30
ORD_00288,2,2026-01-26,372,-252.0,M,30
ORD_00315,2,2026-01-15,372,-228.0,M,30
ORD_00354,2,2026-02-05,372,-180.0,L,30
ORD_00451,2,2026-01-09,372,-276.0,M,30
ORD_00506,2,2026-01-22,372,-180.0,L,30
ORD_00592,2,2026-01-13,372,-324.0,H,30
ORD_00630,2,2026-01-14,372,-252.0,M,30
ORD_00641,2,2026-01-28,372,-324.0,H,30
ORD_00710,2,2026-01-28,372,-300.0,H,30
ORD_00849,2,2026-01-16,372,-204.0,M,30
ORD_00970,2,2026-01-22,372,-108.0,L,30
ORD_00992,2,2026-02-03,372,-228.0,M,30
ORD_00054,3,2026-01-16,372,-276.0,M,23
ORD_00098,3,2026-02-01,372,-204.0,M,23
ORD_00132,3,2026-02-08,372,-60.0,L,23
ORD_00221,3,2026-01-08,372,-276.0,M,23
ORD_00288,3,2026-01-26,372,-252.0,M,23
ORD_00315,3,2026-01-15,372,-228.0,M,23
ORD_00354,3,2026-02-05,372,-180.0,L,23
ORD_00451,3,2026-01-09,372,-276.0,M,23
ORD_00506,3,2026-01-22,372,-180.0,L,23
ORD_00592,3,2026-01-13,372,-324.0,H,23
ORD_00630,3,2026-01-14,372,-252.0,M,23
ORD_00641,3,2026-01-28,372,-324.0,H,23
ORD_00710,3,2026-01-28,372,-300.0,H,23
ORD_00849,3,2026-01-16,372,-204.0,M,23
ORD_00970,3,2026-01-22,372,-108.0,L,23
ORD_00992,3,2026-02-03,372,-228.0,M,23
ORD_00054,4,2026-01-16,372,-276.0,M,30
ORD_00098,4,2026-02-01,372,-204.0,M,30
ORD_00132,4,2026-02-08,372,-60.0,L,30
ORD_00221,4,2026-01-08,372,-276.0,M,30
ORD_00288,4,2026-01-26,372,-252.0,M,30
ORD_00315,4,2026-01-15,372,-228.0,M,30
ORD_00354,4,2026-02-05,372,-180.0,L,30
ORD_00451,4,2026-01-09,372,-276.0,M,30
ORD_00506,4,2026-01-22,372,-180.0,L,30
ORD_00592,4,2026-01-13,372,-324.0,H,30
ORD_00630,4,2026-01-14,372,-252.0,M,30
ORD_00641,4,2026-01-28,372,-324.0,H,30
ORD_00710,4,2026-01-28,372,-300.0,H,30
ORD_00849,4,2026-01-16,372,-204.0,M,30
ORD_00970,4,2026-01-22,372,-108.0,L,30
ORD_00992,4,2026-02-03,372,-228.0,M,30
ORD_00054,5,2026-01-16,372,-276.0,M,27
ORD_00098,5,2026-02-01,372,-204.0,M,27
ORD_00132,5,2026-02-08,372,-60.0,L,27
ORD_00221,5,2026-01-08,372,-276.0,M,27
ORD_00288,5,2026-01-26,372,-252.0,M,27
ORD_00315,5,2026-01-15,372,-228.0,M,27
ORD_00354,5,2026-02-05,372,-180.0,L,27
ORD_00451,5,2026-01-09,372,-276.0,M,27
ORD_00506,5,2026-01-22,372,-180.0,L,27
ORD_00592,5,2026-01-13,372,-324.0,H,27
ORD_00630,5,2026-01-14,372,-252.0,M,27
ORD_00641,5,2026-01-28,372,-324.0,H,27
ORD_00710,5,2026-01-28,372,-300.0,H,27
ORD_00849,5,2026-01-16,372,-204.0,M,27
ORD_00970,5,2026-01-22,372,-108.0,L,27
ORD_00992,5,2026-02-03,372,-228.0,M,27
ORD_00054,6,2026-01-16,372,-276.0,M,41
ORD_00098,6,2026-02-01,372,-204.0,M,41
ORD_00132,6,2026-02-08,372,-60.0,L,41
ORD_00221,6,2026-01-08,372,-276.0,M,41
ORD_00288,6,2026-01-26,372,-252.0,M,41
ORD_00315,6,2026-01-15,372,-228.0,M,41
ORD_00354,6,2026-02-05,372,-180.0,L,41
ORD_00451,6,2026-01-09,372,-276.0,M,41
ORD_00506,6,2026-01-22,372,-180.0,L,41
ORD_00592,6,2026-01-13,372,-324.0,H,41
ORD_00630,6,2026-01-14,372,-252.0,M,41
ORD_00641,6,2026-01-28,372,-324.0,H,41
ORD_00710,6,2026-01-28,372,-300.0,H,41
ORD_00849,6,2026-01-16,372,-204.0,M,41
ORD_00970,6,2026-01-22,372,-108.0,L,41
ORD_00992,6,2026-02-03,372,-228.0,M,41
ORD_00054,7,2026-01-16,372,-276.0,M,86
ORD_00098,7,2026-02-01,372,-204.0,M,86
ORD_00132,7,2026-02-08,372,-60.0,L,86
ORD_00221,7,2026-01-08,372,-276.0,M,86
ORD_00288,7,2026-01-26,372,-252.0,M,86
ORD_00315,7,2026-01-15,372,-228.0,M,86
ORD_00354,7,2026-02-05,372,-180.0,L,86
ORD_00451,7,2026-01-09,372,-276.0,M,86
ORD_00506,7,2026-01-22,372,-180.0,L,86
ORD_00592,7,2026-01-13,372,-324.0,H,86
ORD_00630,7,2026-01-14,372,-252.0,M,86
ORD_00641,7,2026-01-28,372,-324.0,H,86
ORD_00710,7,2026-01-28,372,-300.0,H,86
ORD_00849,7,2026-01-16,372,-204.0,M,86
ORD_00970,7,2026-01-22,372,-108.0,L,86
ORD_00992,7,2026-02-03,372,-228.0,M,86
ORD_00054,8,2026-01-16,372,-276.0,M,69
ORD_00098,8,2026-02-01,372,-204.0,M,69
ORD_00132,8,2026-02-08,372,-60.0,L,69
ORD_00221,8,2026-01-08,372,-276.0,M,69
ORD_00288,8,2026-01-26,372,-252.0,M,69
ORD_00315,8,2026-01-15,372,-228.0,M,69
ORD_00354,8,2026-02-05,372,-180.0,L,69
ORD_00451,8,2026-01-09,372,-276.0,M,69
ORD_00506,8,2026-01-22,372,-180.0,L,69
ORD_00592,8,2026-01-13,372,-324.0,H,69
ORD_00630,8,2026-01-14,372,-252.0,M,69
ORD_00641,8,2026-01-28,372,-324.0,H,69
ORD_00710,8,2026-01-28,372,-300.0,H,69
ORD_00849,8,2026-01-16,372,-204.0,M,69
ORD_00970,8,2026-01-22,372,-108.0,L,69
ORD_00992,8,2026-02-03,372,-228.0,M,69
ORD_00054,9,2026-01-16,372,-276.0,M,29
ORD_00098,9,2026-02-01,372,-204.0,M,29
ORD_00132,9,2026-02-08,372,-60.0,L,29
ORD_00221,9,2026-01-08,372,-276.0,M,29
ORD_00288,9,2026-01-26,372,-252.0,M,29
ORD_00315,9,2026-01-15,372,-228.0,M,29
ORD_00354,9,2026-02-05,372,-180.0,L,29
ORD_00451,9,2026-01-09,372,-276.0,M,29
ORD_00506,9,2026-01-22,372,-180.0,L,29
ORD_00592,9,2026-01-13,372,-324.0,H,29
ORD_00630,9,2026-01-14,372,-252.0,M,29
ORD_00641,9,2026-01-28,372,-324.0,H,29
ORD_00710,9,2026-01-28,372,-300.0,H,29
ORD_00849,9,2026-01-16,372,-204.0,M,29
ORD_00970,9,2026-01-22,372,-108.0,L,29
ORD_00992,9,2026-02-03,372,-228.0,M,29
ORD_00054,10,2026-01-16,372,-276.0,M,10
ORD_00098,10,2026-02-01,372,-204.0,M,10
ORD_00132,10,2026-02-08,372,-60.0,L,10
ORD_00221,10,2026-01-08,372,-276.0,M,10
ORD_00288,10,2026-01-26,372,-252.0,M,10
ORD_00315,10,2026-01-15,372,-228.0,M,10
ORD_00354,10,2026-02-05,372,-180.0,L,10
ORD_00451,10,2026-01-09,372,-276.0,M,10
ORD_00506,10,2026-01-22,372,-180.0,L,10
ORD_00592,10,2026-01-13,372,-324.0,H,10
ORD_00630,10,2026-01-14,372,-252.0,M,10
ORD_00641,10,2026-01-28,372,-324.0,H,10
ORD_00710,10,2026-01-28,372,-300.0,H,10
ORD_00849,10,2026-01-16,372,-204.0,M,10
ORD_00970,10,2026-01-22,372,-108.0,L,10
ORD_00992,10,2026-02-03,372,-228.0,M,10
ORD_00228,1,2026-01-06,189,-117.0,H,28
ORD_00264,1,2026-01-11,189,-141.0,H,28
ORD_00355,1,2026-02-03,189,-93.0,M,28
ORD_00583,1,2026-01-28,189,-93.0,M,28
ORD_00228,2,2026-01-06,189,-117.0,H,17
ORD_00264,2,2026-01-11,189,-141.0,H,17
ORD_00355,2,2026-02-03,189,-93.0,M,17
ORD_00583,2,2026-01-28,189,-93.0,M,17
ORD_00228,3,2026-01-06,189,-117.0,H,19
ORD_00264,3,2026-01-11,189,-141.0,H,19
ORD_00355,3,2026-02-03,189,-93.0,M,19
ORD_00583,3,2026-01-28,189,-93.0,M,19
ORD_00228,4,2026-01-06,189,-117.0,H,25
ORD_00264,4,2026-01-11,189,-141.0,H,25
ORD_00355,4,2026-02-03,189,-93.0,M,25
ORD_00583,4,2026-01-28,189,-93.0,M,25
ORD_00228,5,2026-01-06,189,-117.0,H,56
ORD_00264,5,2026-01-11,189,-141.0,H,56
ORD_00355,5,2026-02-03,189,-93.0,M,56
ORD_00583,5,2026-01-28,189,-93.0,M,56
ORD_00228,6,2026-01-06,189,-117.0,H,20
ORD_00264,6,2026-01-11,189,-141.0,H,20
ORD_00355,6,2026-02-03,189,-93.0,M,20
ORD_00583,6,2026-01-28,189,-93.0,M,20
ORD_00228,7,2026-01-06,189,-117.0,H,24
ORD_00264,7,2026-01-11,189,-141.0,H,24
ORD_00355,7,2026-02-03,189,-93.0,M,24
ORD_00583,7,2026-01-28,189,-93.0,M,24
ORD_00448,1,2026-01-12,261,-117.0,M,20
ORD_00448,2,2026-01-12,261,-117.0,M,23
ORD_00448,3,2026-01-12,261,-117.0,M,23
ORD_00448,4,2026-01-12,261,-117.0,M,30
ORD_00448,5,2026-01-12,261,-117.0,M,43
ORD_00448,6,2026-01-12,261,-117.0,M,62
ORD_00448,7,2026-01-12,261,-117.0,M,30
ORD_00448,8,2026-01-12,261,-117.0,M,30
ORD_00031,1,2026-01-31,278,10.0,L,21
ORD_00586,1,2026-01-11,278,-158.0,M,21
ORD_00031,2,2026-01-31,278,10.0,L,34
ORD_00586,2,2026-01-11,278,-158.0,M,34
ORD_00031,3,2026-01-31,278,10.0,L,45
ORD_00586,3,2026-01-11,278,-158.0,M,45
ORD_00031,4,2026-01-31,278,10.0,L,42
ORD_00586,4,2026-01-11,278,-158.0,M,42
ORD_00031,5,2026-01-31,278,10.0,L,89
ORD_00586,5,2026-01-11,278,-158.0,M,89
ORD_00031,6,2026-01-31,278,10.0,L,19
ORD_00586,6,2026-01-11,278,-158.0,M,19
ORD_00031,7,2026-01-31,278,10.0,L,28
ORD_00586,7,2026-01-11,278,-158.0,M,28
ORD_00021,1,2026-01-20,208,-64.0,M,19
ORD_00027,1,2026-01-17,208,152.0,L,19
ORD_00039,1,2026-01-28,208,-64.0,M,19
ORD_00044,1,2026-01-28,208,104.0,L,19
ORD_00063,1,2026-01-12,208,8.0,L,19
ORD_00078,1,2026-02-01,208,-64.0,M,19
ORD_00082,1,2026-01-27,208,-184.0,H,19
ORD_00169,1,2026-01-23,208,-88.0,M,19
ORD_00197,1,2026-02-10,208,152.0,L,19
ORD_00268,1,2026-01-28,208,-16.0,L,19
ORD_00299,1,2026-01-17,208,-64.0,M,19
ORD_00520,1,2026-02-02,208,-40.0,M,19
ORD_00575,1,2026-01-09,208,-88.0,M,19
ORD_00602,1,2026-01-29,208,-40.0,M,19
ORD_00608,1,2026-02-01,208,-16.0,L,19
ORD_00620,1,2026-01-12,208,-40.0,M,19
ORD_00645,1,2026-01-30,208,-16.0,L,19
ORD_00684,1,2026-01-18,208,-136.0,H,19
ORD_00736,1,2026-02-08,208,152.0,L,19
ORD_00828,1,2026-01-12,208,-40.0,M,19
ORD_00904,1,2026-01-15,208,-16.0,L,19
ORD_00981,1,2026-01-13,208,-160.0,H,19
ORD_00021,2,2026-01-20,208,-64.0,M,27
ORD_00027,2,2026-01-17,208,152.0,L,27
ORD_00039,2,2026-01-28,208,-64.0,M,27
ORD_00044,2,2026-01-28,208,104.0,L,27
ORD_00063,2,2026-01-12,208,8.0,L,27
ORD_00078,2,2026-02-01,208,-64.0,M,27
ORD_00082,2,2026-01-27,208,-184.0,H,27
ORD_00169,2,2026-01-23,208,-88.0,M,27
ORD_00197,2,2026-02-10,208,152.0,L,27
ORD_00268,2,2026-01-28,208,-16.0,L,27
ORD_00299,2,2026-01-17,208,-64.0,M,27
ORD_00520,2,2026-02-02,208,-40.0,M,27
ORD_00575,2,2026-01-09,208,-88.0,M,27
ORD_00602,2,2026-01-29,208,-40.0,M,27
ORD_00608,2,2026-02-01,208,-16.0,L,27
ORD_00620,2,2026-01-12,208,-40.0,M,27
ORD_00645,2,2026-01-30,208,-16.0,L,27
ORD_00684,2,2026-01-18,208,-136.0,H,27
ORD_00736,2,2026-02-08,208,152.0,L,27
ORD_00828,2,2026-01-12,208,-40.0,M,27
ORD_00904,2,2026-01-15,208,-16.0,L,27
ORD_00981,2,2026-01-13,208,-160.0,H,27
ORD_00021,3,2026-01-20,208,-64.0,M,17
ORD_00027,3,2026-01-17,208,152.0,L,17
ORD_00039,3,2026-01-28,208,-64.0,M,17
ORD_00044,3,2026-01-28,208,104.0,L,17
ORD_00063,3,2026-01-12,208,8.0,L,17
ORD_00078,3,2026-02-01,208,-64.0,M,17
ORD_00082,3,2026-01-27,208,-184.0,H,17
ORD_00169,3,2026-01-23,208,-88.0,M,17
ORD_00197,3,2026-02-10,208,152.0,L,17
ORD_00268,3,2026-01-28,208,-16.0,L,17
ORD_00299,3,2026-01-17,208,-64.0,M,17
ORD_00520,3,2026-02-02,208,-40.0,M,17
ORD_00575,3,2026-01-09,208,-88.0,M,17
ORD_00602,3,2026-01-29,208,-40.0,M,17
ORD_00608,3,2026-02-01,208,-16.0,L,17
ORD_00620,3,2026-01-12,208,-40.0,M,17
ORD_00645,3,2026-01-30,208,-16.0,L,17
ORD_00684,3,2026-01-18,208,-136.0,H,17
ORD_00736,3,2026-02-08,208,152.0,L,17
ORD_00828,3,2026-01-12,208,-40.0,M,17
ORD_00904,3,2026-01-15,208,-16.0,L,17
ORD_00981,3,2026-01-13,208,-160.0,H,17
ORD_00021,4,2026-01-20,208,-64.0,M,42
ORD_00027,4,2026-01-17,208,152.0,L,42
ORD_00039,4,2026-01-28,208,-64.0,M,42
ORD_00044,4,2026-01-28,208,104.0,L,42
ORD_00063,4,2026-01-12,208,8.0,L,42
ORD_00078,4,2026-02-01,208,-64.0,M,42
ORD_00082,4,2026-01-27,208,-184.0,H,42
ORD_00169,4,2026-01-23,208,-88.0,M,42
ORD_00197,4,2026-02-10,208,152.0,L,42
ORD_00268,4,2026-01-28,208,-16.0,L,42
ORD_00299,4,2026-01-17,208,-64.0,M,42
ORD_00520,4,2026-02-02,208,-40.0,M,42
ORD_00575,4,2026-01-09,208,-88.0,M,42
ORD_00602,4,2026-01-29,208,-40.0,M,42
ORD_00608,4,2026-02-01,208,-16.0,L,42
ORD_00620,4,2026-01-12,208,-40.0,M,42
ORD_00645,4,2026-01-30,208,-16.0,L,42
ORD_00684,4,2026-01-18,208,-136.0,H,42
ORD_00736,4,2026-02-08,208,152.0,L,42
ORD_00828,4,2026-01-12,208,-40.0,M,42
ORD_00904,4,2026-01-15,208,-16.0,L,42
ORD_00981,4,2026-01-13,208,-160.0,H,42
ORD_00021,5,2026-01-20,208,-64.0,M,46
ORD_00027,5,2026-01-17,208,152.0,L,46
ORD_00039,5,2026-01-28,208,-64.0,M,46
ORD_00044,5,2026-01-28,208,104.0,L,46
ORD_00063,5,2026-01-12,208,8.0,L,46
ORD_00078,5,2026-02-01,208,-64.0,M,46
ORD_00082,5,2026-01-27,208,-184.0,H,46
ORD_00169,5,2026-01-23,208,-88.0,M,46
ORD_00197,5,2026-02-10,208,152.0,L,46
ORD_00268,5,2026-01-28,208,-16.0,L,46
ORD_00299,5,2026-01-17,208,-64.0,M,46
ORD_00520,5,2026-02-02,208,-40.0,M,46
ORD_00575,5,2026-01-09,208,-88.0,M,46
ORD_00602,5,2026-01-29,208,-40.0,M,46
ORD_00608,5,2026-02-01,208,-16.0,L,46
ORD_00620,5,2026-01-12,208,-40.0,M,46
ORD_00645,5,2026-01-30,208,-16.0,L,46
ORD_00684,5,2026-01-18,208,-136.0,H,46
ORD_00736,5,2026-02-08,208,152.0,L,46
ORD_00828,5,2026-01-12,208,-40.0,M,46
ORD_00904,5,2026-01-15,208,-16.0,L,46
ORD_00981,5,2026-01-13,208,-160.0,H,46
ORD_00021,6,2026-01-20,208,-64.0,M,29
ORD_00027,6,2026-01-17,208,152.0,L,29
ORD_00039,6,2026-01-28,208,-64.0,M,29
ORD_00044,6,2026-01-28,208,104.0,L,29
ORD_00063,6,2026-01-12,208,8.0,L,29
ORD_00078,6,2026-02-01,208,-64.0,M,29
ORD_00082,6,2026-01-27,208,-184.0,H,29
ORD_00169,6,2026-01-23,208,-88.0,M,29
ORD_00197,6,2026-02-10,208,152.0,L,29
ORD_00268,6,2026-01-28,208,-16.0,L,29
ORD_00299,6,2026-01-17,208,-64.0,M,29
ORD_00520,6,2026-02-02,208,-40.0,M,29
ORD_00575,6,2026-01-09,208,-88.0,M,29
ORD_00602,6,2026-01-29,208,-40.0,M,29
ORD_00608,6,2026-02-01,208,-16.0,L,29
ORD_00620,6,2026-01-12,208,-40.0,M,29
ORD_00645,6,2026-01-30,208,-16.0,L,29
ORD_00684,6,2026-01-18,208,-136.0,H,29
ORD_00736,6,2026-02-08,208,152.0,L,29
ORD_00828,6,2026-01-12,208,-40.0,M,29
ORD_00904,6,2026-01-15,208,-16.0,L,29
ORD_00981,6,2026-01-13,208,-160.0,H,29
ORD_00021,7,2026-01-20,208,-64.0,M,28
ORD_00027,7,2026-01-17,208,152.0,L,28
ORD_00039,7,2026-01-28,208,-64.0,M,28
ORD_00044,7,2026-01-28,208,104.0,L,28
ORD_00063,7,2026-01-12,208,8.0,L,28
ORD_00078,7,2026-02-01,208,-64.0,M,28
ORD_00082,7,2026-01-27,208,-184.0,H,28
ORD_00169,7,2026-01-23,208,-88.0,M,28
ORD_00197,7,2026-02-10,208,152.0,L,28
ORD_00268,7,2026-01-28,208,-16.0,L,28
ORD_00299,7,2026-01-17,208,-64.0,M,28
ORD_00520,7,2026-02-02,208,-40.0,M,28
ORD_00575,7,2026-01-09,208,-88.0,M,28
ORD_00602,7,2026-01-29,208,-40.0,M,28
ORD_00608,7,2026-02-01,208,-16.0,L,28
ORD_00620,7,2026-01-12,208,-40.0,M,28
ORD_00645,7,2026-01-30,208,-16.0,L,28
ORD_00684,7,2026-01-18,208,-136.0,H,28
ORD_00736,7,2026-02-08,208,152.0,L,28
ORD_00828,7,2026-01-12,208,-40.0,M,28
ORD_00904,7,2026-01-15,208,-16.0,L,28
ORD_00981,7,2026-01-13,208,-160.0,H,28
ORD_00871,1,2026-02-01,202,-82.0,M,21
ORD_00871,2,2026-02-01,202,-82.0,M,36
ORD_00871,3,2026-02-01,202,-82.0,M,17
ORD_00871,4,2026-02-01,202,-82.0,M,40
ORD_00871,5,2026-02-01,202,-82.0,M,40
ORD_00871,6,2026-02-01,202,-82.0,M,25
ORD_00871,7,2026-02-01,202,-82.0,M,23
ORD_00505,1,2026-01-13,393,-297.0,M,30
ORD_00505,2,2026-01-13,393,-297.0,M,37
ORD_00505,3,2026-01-13,393,-297.0,M,28
ORD_00505,4,2026-01-13,393,-297.0,M,38
ORD_00505,5,2026-01-13,393,-297.0,M,45
ORD_00505,6,2026-01-13,393,-297.0,M,28
ORD_00505,7,2026-01-13,393,-297.0,M,69
ORD_00505,8,2026-01-13,393,-297.0,M,86
ORD_00505,9,2026-01-13,393,-297.0,M,20
ORD_00505,10,2026-01-13,393,-297.0,M,12
ORD_00138,1,2026-02-04,264,-144.0,M,24
ORD_00756,1,2026-01-26,264,-216.0,H,24
ORD_00138,2,2026-02-04,264,-144.0,M,39
ORD_00756,2,2026-01-26,264,-216.0,H,39
ORD_00138,3,2026-02-04,264,-144.0,M,33
ORD_00756,3,2026-01-26,264,-216.0,H,33
ORD_00138,4,2026-02-04,264,-144.0,M,36
ORD_00756,4,2026-01-26,264,-216.0,H,36
ORD_00138,5,2026-02-04,264,-144.0,M,30
ORD_00756,5,2026-01-26,264,-216.0,H,30
ORD_00138,6,2026-02-04,264,-144.0,M,71
ORD_00756,6,2026-01-26,264,-216.0,H,71
ORD_00138,7,2026-02-04,264,-144.0,M,15
ORD_00756,7,2026-01-26,264,-216.0,H,15
ORD_00138,8,2026-02-04,264,-144.0,M,16
ORD_00756,8,2026-01-26,264,-216.0,H,16
ORD_00215,1,2026-01-29,374,-254.0,M,18
ORD_00395,1,2026-01-22,374,-278.0,M,18
ORD_00795,1,2026-01-26,374,-206.0,M,18
ORD_00215,2,2026-01-29,374,-254.0,M,23
ORD_00395,2,2026-01-22,374,-278.0,M,23
ORD_00795,2,2026-01-26,374,-206.0,M,23
ORD_00215,3,2026-01-29,374,-254.0,M,32
ORD_00395,3,2026-01-22,374,-278.0,M,32
ORD_00795,3,2026-01-26,374,-206.0,M,32
ORD_00215,4,2026-01-29,374,-254.0,M,31
ORD_00395,4,2026-01-22,374,-278.0,M,31
ORD_00795,4,2026-01-26,374,-206.0,M,31
ORD_00215,5,2026-01-29,374,-254.0,M,17
ORD_00395,5,2026-01-22,374,-278.0,M,17
ORD_00795,5,2026-01-26,374,-206.0,M,17
ORD_00215,6,2026-01-29,374,-254.0,M,43
ORD_00395,6,2026-01-22,374,-278.0,M,43
ORD_00795,6,2026-01-26,374,-206.0,M,43
ORD_00215,7,2026-01-29,374,-254.0,M,71
ORD_00395,7,2026-01-22,374,-278.0,M,71
ORD_00795,7,2026-01-26,374,-206.0,M,71
ORD_00215,8,2026-01-29,374,-254.0,M,84
ORD_00395,8,2026-01-22,374,-278.0,M,84
ORD_00795,8,2026-01-26,374,-206.0,M,84
ORD_00215,9,2026-01-29,374,-254.0,M,30
ORD_00395,9,2026-01-22,374,-278.0,M,30
ORD_00795,9,2026-01-26,374,-206.0,M,30
ORD_00215,10,2026-01-29,374,-254.0,M,25
ORD_00395,10,2026-01-22,374,-278.0,M,25
ORD_00795,10,2026-01-26,374,-206.0,M,25
ORD_00799,1,2026-01-22,243,-123.0,M,10
ORD_00923,1,2026-02-03,243,-123.0,M,10
ORD_00799,2,2026-01-22,243,-123.0,M,24
ORD_00923,2,2026-02-03,243,-123.0,M,24
ORD_00799,3,2026-01-22,243,-123.0,M,27
ORD_00923,3,2026-02-03,243,-123.0,M,27
ORD_00799,4,2026-01-22,243,-123.0,M,24
ORD_00923,4,2026-02-03,243,-123.0,M,24
ORD_00799,5,2026-01-22,243,-123.0,M,38
ORD_00923,5,2026-02-03,243,-123.0,M,38
ORD_00799,6,2026-01-22,243,-123.0,M,70
ORD_00923,6,2026-02-03,243,-123.0,M,70
ORD_00799,7,2026-01-22,243,-123.0,M,23
ORD_00923,7,2026-02-03,243,-123.0,M,23
ORD_00799,8,2026-01-22,243,-123.0,M,27
ORD_00923,8,2026-02-03,243,-123.0,M,27
ORD_00194,1,2026-01-09,192,-48.0,M,21
ORD_00390,1,2026-01-09,192,-72.0,M,21
ORD_00476,1,2026-02-10,192,144.0,L,21
ORD_00911,1,2026-01-13,192,-72.0,M,21
ORD_00194,2,2026-01-09,192,-48.0,M,23
ORD_00390,2,2026-01-09,192,-72.0,M,23
ORD_00476,2,2026-02-10,192,144.0,L,23
ORD_00911,2,2026-01-13,192,-72.0,M,23
ORD_00194,3,2026-01-09,192,-48.0,M,23
ORD_00390,3,2026-01-09,192,-72.0,M,23
ORD_00476,3,2026-02-10,192,144.0,L,23
ORD_00911,3,2026-01-13,192,-72.0,M,23
ORD_00194,4,2026-01-09,192,-48.0,M,23
ORD_00390,4,2026-01-09,192,-72.0,M,23
ORD_00476,4,2026-02-10,192,144.0,L,23
ORD_00911,4,2026-01-13,192,-72.0,M,23
ORD_00194,5,2026-01-09,192,-48.0,M,60
ORD_00390,5,2026-01-09,192,-72.0,M,60
ORD_00476,5,2026-02-10,192,144.0,L,60
ORD_00911,5,2026-01-13,192,-72.0,M,60
ORD_00194,6,2026-01-09,192,-48.0,M,27
ORD_00390,6,2026-01-09,192,-72.0,M,27
ORD_00476,6,2026-02-10,192,144.0,L,27
ORD_00911,6,2026-01-13,192,-72.0,M,27
ORD_00194,7,2026-01-09,192,-48.0,M,15
ORD_00390,7,2026-01-09,192,-72.0,M,15
ORD_00476,7,2026-02-10,192,144.0,L,15
ORD_00911,7,2026-01-13,192,-72.0,M,15
ORD_00019,1,2026-01-21,308,-140.0,M,16
ORD_00043,1,2026-01-12,308,-164.0,M,16
ORD_00047,1,2026-02-01,308,-212.0,M,16
ORD_00069,1,2026-01-29,308,-44.0,L,16
ORD_00091,1,2026-02-02,308,-140.0,M,16
ORD_00104,1,2026-02-07,308,-92.0,L,16
ORD_00155,1,2026-01-16,308,-44.0,L,16
ORD_00249,1,2026-02-05,308,-164.0,M,16
ORD_00272,1,2026-01-22,308,-164.0,M,16
ORD_00282,1,2026-01-25,308,-212.0,M,16
ORD_00406,1,2026-01-20,308,-212.0,M,16
ORD_00455,1,2026-01-15,308,-188.0,M,16
ORD_00482,1,2026-01-04,308,-284.0,H,16
ORD_00488,1,2026-02-10,308,4.0,L,16
ORD_00497,1,2026-01-25,308,-212.0,M,16
ORD_00499,1,2026-01-15,308,-188.0,M,16
ORD_00572,1,2026-01-23,308,-164.0,M,16
ORD_00640,1,2026-01-20,308,-44.0,L,16
ORD_00668,1,2026-01-28,308,-188.0,M,16
ORD_00670,1,2026-01-28,308,-212.0,M,16
ORD_00708,1,2026-01-19,308,-164.0,M,16
ORD_00723,1,2026-01-18,308,-68.0,L,16
ORD_00731,1,2026-01-07,308,-284.0,H,16
ORD_00798,1,2026-01-24,308,-212.0,M,16
ORD_00810,1,2026-01-20,308,-140.0,M,16
ORD_00872,1,2026-01-15,308,-284.0,H,16
ORD_00877,1,2026-01-18,308,-188.0,M,16
ORD_00884,1,2026-01-12,308,-212.0,M,16
ORD_00910,1,2026-01-24,308,-188.0,M,16
ORD_00940,1,2026-01-08,308,-140.0,M,16
ORD_00947,1,2026-01-26,308,-260.0,H,16
ORD_00964,1,2026-01-13,308,-92.0,L,16
ORD_00019,2,2026-01-21,308,-140.0,M,23
ORD_00043,2,2026-01-12,308,-164.0,M,23
ORD_00047,2,2026-02-01,308,-212.0,M,23
ORD_00069,2,2026-01-29,308,-44.0,L,23
ORD_00091,2,2026-02-02,308,-140.0,M,23
ORD_00104,2,2026-02-07,308,-92.0,L,23
ORD_00155,2,2026-01-16,308,-44.0,L,23
ORD_00249,2,2026-02-05,308,-164.0,M,23
ORD_00272,2,2026-01-22,308,-164.0,M,23
ORD_00282,2,2026-01-25,308,-212.0,M,23
ORD_00406,2,2026-01-20,308,-212.0,M,23
ORD_00455,2,2026-01-15,308,-188.0,M,23
ORD_00482,2,2026-01-04,308,-284.0,H,23
ORD_00488,2,2026-02-10,308,4.0,L,23
ORD_00497,2,2026-01-25,308,-212.0,M,23
ORD_00499,2,2026-01-15,308,-188.0,M,23
ORD_00572,2,2026-01-23,308,-164.0,M,23
ORD_00640,2,2026-01-20,308,-44.0,L,23
ORD_00668,2,2026-01-28,308,-188.0,M,23
ORD_00670,2,2026-01-28,308,-212.0,M,23
ORD_00708,2,2026-01-19,308,-164.0,M,23
ORD_00723,2,2026-01-18,308,-68.0,L,23
ORD_00731,2,2026-01-07,308,-284.0,H,23
ORD_00798,2,2026-01-24,308,-212.0,M,23
ORD_00810,2,2026-01-20,308,-140.0,M,23
ORD_00872,2,2026-01-15,308,-284.0,H,23
ORD_00877,2,2026-01-18,308,-188.0,M,23
ORD_00884,2,2026-01-12,308,-212.0,M,23
ORD_00910,2,2026-01-24,308,-188.0,M,23
ORD_00940,2,2026-01-08,308,-140.0,M,23
ORD_00947,2,2026-01-26,308,-260.0,H,23
ORD_00964,2,2026-01-13,308,-92.0,L,23
ORD_00019,3,2026-01-21,308,-140.0,M,18
ORD_00043,3,2026-01-12,308,-164.0,M,18
ORD_00047,3,2026-02-01,308,-212.0,M,18
ORD_00069,3,2026-01-29,308,-44.0,L,18
ORD_00091,3,2026-02-02,308,-140.0,M,18
ORD_00104,3,2026-02-07,308,-92.0,L,18
ORD_00155,3,2026-01-16,308,-44.0,L,18
ORD_00249,3,2026-02-05,308,-164.0,M,18
ORD_00272,3,2026-01-22,308,-164.0,M,18
ORD_00282,3,2026-01-25,308,-212.0,M,18
ORD_00406,3,2026-01-20,308,-212.0,M,18
ORD_00455,3,2026-01-15,308,-188.0,M,18
ORD_00482,3,2026-01-04,308,-284.0,H,18
ORD_00488,3,2026-02-10,308,4.0,L,18
ORD_00497,3,2026-01-25,308,-212.0,M,18
ORD_00499,3,2026-01-15,308,-188.0,M,18
ORD_00572,3,2026-01-23,308,-164.0,M,18
ORD_00640,3,2026-01-20,308,-44.0,L,18
ORD_00668,3,2026-01-28,308,-188.0,M,18
ORD_00670,3,2026-01-28,308,-212.0,M,18
ORD_00708,3,2026-01-19,308,-164.0,M,18
ORD_00723,3,2026-01-18,308,-68.0,L,18
ORD_00731,3,2026-01-07,308,-284.0,H,18
ORD_00798,3,2026-01-24,308,-212.0,M,18
ORD_00810,3,2026-01-20,308,-140.0,M,18
ORD_00872,3,2026-01-15,308,-284.0,H,18
ORD_00877,3,2026-01-18,308,-188.0,M,18
ORD_00884,3,2026-01-12,308,-212.0,M,18
ORD_00910,3,2026-01-24,308,-188.0,M,18
ORD_00940,3,2026-01-08,308,-140.0,M,18
ORD_00947,3,2026-01-26,308,-260.0,H,18
ORD_00964,3,2026-01-13,308,-92.0,L,18
ORD_00019,4,2026-01-21,308,-140.0,M,24
ORD_00043,4,2026-01-12,308,-164.0,M,24
ORD_00047,4,2026-02-01,308,-212.0,M,24
ORD_00069,4,2026-01-29,308,-44.0,L,24
ORD_00091,4,2026-02-02,308,-140.0,M,24
ORD_00104,4,2026-02-07,308,-92.0,L,24
ORD_00155,4,2026-01-16,308,-44.0,L,24
ORD_00249,4,2026-02-05,308,-164.0,M,24
ORD_00272,4,2026-01-22,308,-164.0,M,24
ORD_00282,4,2026-01-25,308,-212.0,M,24
ORD_00406,4,2026-01-20,308,-212.0,M,24
ORD_00455,4,2026-01-15,308,-188.0,M,24
ORD_00482,4,2026-01-04,308,-284.0,H,24
ORD_00488,4,2026-02-10,308,4.0,L,24
ORD_00497,4,2026-01-25,308,-212.0,M,24
ORD_00499,4,2026-01-15,308,-188.0,M,24
ORD_00572,4,2026-01-23,308,-164.0,M,24
ORD_00640,4,2026-01-20,308,-44.0,L,24
ORD_00668,4,2026-01-28,308,-188.0,M,24
ORD_00670,4,2026-01-28,308,-212.0,M,24
ORD_00708,4,2026-01-19,308,-164.0,M,24
ORD_00723,4,2026-01-18,308,-68.0,L,24
ORD_00731,4,2026-01-07,308,-284.0,H,24
ORD_00798,4,2026-01-24,308,-212.0,M,24
ORD_00810,4,2026-01-20,308,-140.0,M,24
ORD_00872,4,2026-01-15,308,-284.0,H,24
ORD_00877,4,2026-01-18,308,-188.0,M,24
ORD_00884,4,2026-01-12,308,-212.0,M,24
ORD_00910,4,2026-01-24,308,-188.0,M,24
ORD_00940,4,2026-01-08,308,-140.0,M,24
ORD_00947,4,2026-01-26,308,-260.0,H,24
ORD_00964,4,2026-01-13,308,-92.0,L,24
ORD_00019,5,2026-01-21,308,-140.0,M,26
ORD_00043,5,2026-01-12,308,-164.0,M,26
ORD_00047,5,2026-02-01,308,-212.0,M,26
ORD_00069,5,2026-01-29,308,-44.0,L,26
ORD_00091,5,2026-02-02,308,-140.0,M,26
ORD_00104,5,2026-02-07,308,-92.0,L,26
ORD_00155,5,2026-01-16,308,-44.0,L,26
ORD_00249,5,2026-02-05,308,-164.0,M,26
ORD_00272,5,2026-01-22,308,-164.0,M,26
ORD_00282,5,2026-01-25,308,-212.0,M,26
ORD_00406,5,2026-01-20,308,-212.0,M,26
ORD_00455,5,2026-01-15,308,-188.0,M,26
ORD_00482,5,2026-01-04,308,-284.0,H,26
ORD_00488,5,2026-02-10,308,4.0,L,26
ORD_00497,5,2026-01-25,308,-212.0,M,26
ORD_00499,5,2026-01-15,308,-188.0,M,26
ORD_00572,5,2026-01-23,308,-164.0,M,26
ORD_00640,5,2026-01-20,308,-44.0,L,26
ORD_00668,5,2026-01-28,308,-188.0,M,26
ORD_00670,5,2026-01-28,308,-212.0,M,26
ORD_00708,5,2026-01-19,308,-164.0,M,26
ORD_00723,5,2026-01-18,308,-68.0,L,26
ORD_00731,5,2026-01-07,308,-284.0,H,26
ORD_00798,5,2026-01-24,308,-212.0,M,26
ORD_00810,5,2026-01-20,308,-140.0,M,26
ORD_00872,5,2026-01-15,308,-284.0,H,26
ORD_00877,5,2026-01-18,308,-188.0,M,26
ORD_00884,5,2026-01-12,308,-212.0,M,26
ORD_00910,5,2026-01-24,308,-188.0,M,26
ORD_00940,5,2026-01-08,308,-140.0,M,26
ORD_00947,5,2026-01-26,308,-260.0,H,26
ORD_00964,5,2026-01-13,308,-92.0,L,26
ORD_00019,6,2026-01-21,308,-140.0,M,29
ORD_00043,6,2026-01-12,308,-164.0,M,29
ORD_00047,6,2026-02-01,308,-212.0,M,29
ORD_00069,6,2026-01-29,308,-44.0,L,29
ORD_00091,6,2026-02-02,308,-140.0,M,29
ORD_00104,6,2026-02-07,308,-92.0,L,29
ORD_00155,6,2026-01-16,308,-44.0,L,29
ORD_00249,6,2026-02-05,308,-164.0,M,29
ORD_00272,6,2026-01-22,308,-164.0,M,29
ORD_00282,6,2026-01-25,308,-212.0,M,29
ORD_00406,6,2026-01-20,308,-212.0,M,29
ORD_00455,6,2026-01-15,308,-188.0,M,29
ORD_00482,6,2026-01-04,308,-284.0,H,29
ORD_00488,6,2026-02-10,308,4.0,L,29
ORD_00497,6,2026-01-25,308,-212.0,M,29
ORD_00499,6,2026-01-15,308,-188.0,M,29
ORD_00572,6,2026-01-23,308,-164.0,M,29
ORD_00640,6,2026-01-20,308,-44.0,L,29
ORD_00668,6,2026-01-28,308,-188.0,M,29
ORD_00670,6,2026-01-28,308,-212.0,M,29
ORD_00708,6,2026-01-19,308,-164.0,M,29
ORD_00723,6,2026-01-18,308,-68.0,L,29
ORD_00731,6,2026-01-07,308,-284.0,H,29
ORD_00798,6,2026-01-24,308,-212.0,M,29
ORD_00810,6,2026-01-20,308,-140.0,M,29
ORD_00872,6,2026-01-15,308,-284.0,H,29
ORD_00877,6,2026-01-18,308,-188.0,M,29
ORD_00884,6,2026-01-12,308,-212.0,M,29
ORD_00910,6,2026-01-24,308,-188.0,M,29
ORD_00940,6,2026-01-08,308,-140.0,M,29
ORD_00947,6,2026-01-26,308,-260.0,H,29
ORD_00964,6,2026-01-13,308,-92.0,L,29
ORD_00019,7,2026-01-21,308,-140.0,M,85
ORD_00043,7,2026-01-12,308,-164.0,M,85
ORD_00047,7,2026-02-01,308,-212.0,M,85
ORD_00069,7,2026-01-29,308,-44.0,L,85
ORD_00091,7,2026-02-02,308,-140.0,M,85
ORD_00104,7,2026-02-07,308,-92.0,L,85
ORD_00155,7,2026-01-16,308,-44.0,L,85
ORD_00249,7,2026-02-05,308,-164.0,M,85
ORD_00272,7,2026-01-22,308,-164.0,M,85
ORD_00282,7,2026-01-25,308,-212.0,M,85
ORD_00406,7,2026-01-20,308,-212.0,M,85
ORD_00455,7,2026-01-15,308,-188.0,M,85
ORD_00482,7,2026-01-04,308,-284.0,H,85
ORD_00488,7,2026-02-10,308,4.0,L,85
ORD_00497,7,2026-01-25,308,-212.0,M,85
ORD_00499,7,2026-01-15,308,-188.0,M,85
ORD_00572,7,2026-01-23,308,-164.0,M,85
ORD_00640,7,2026-01-20,308,-44.0,L,85
ORD_00668,7,2026-01-28,308,-188.0,M,85
ORD_00670,7,2026-01-28,308,-212.0,M,85
ORD_00708,7,2026-01-19,308,-164.0,M,85
ORD_00723,7,2026-01-18,308,-68.0,L,85
ORD_00731,7,2026-01-07,308,-284.0,H,85
ORD_00798,7,2026-01-24,308,-212.0,M,85
ORD_00810,7,2026-01-20,308,-140.0,M,85
ORD_00872,7,2026-01-15,308,-284.0,H,85
ORD_00877,7,2026-01-18,308,-188.0,M,85
ORD_00884,7,2026-01-12,308,-212.0,M,85
ORD_00910,7,2026-01-24,308,-188.0,M,85
ORD_00940,7,2026-01-08,308,-140.0,M,85
ORD_00947,7,2026-01-26,308,-260.0,H,85
ORD_00964,7,2026-01-13,308,-92.0,L,85
ORD_00019,8,2026-01-21,308,-140.0,M,57
ORD_00043,8,2026-01-12,308,-164.0,M,57
ORD_00047,8,2026-02-01,308,-212.0,M,57
ORD_00069,8,2026-01-29,308,-44.0,L,57
ORD_00091,8,2026-02-02,308,-140.0,M,57
ORD_00104,8,2026-02-07,308,-92.0,L,57
ORD_00155,8,2026-01-16,308,-44.0,L,57
ORD_00249,8,2026-02-05,308,-164.0,M,57
ORD_00272,8,2026-01-22,308,-164.0,M,57
ORD_00282,8,2026-01-25,308,-212.0,M,57
ORD_00406,8,2026-01-20,308,-212.0,M,57
ORD_00455,8,2026-01-15,308,-188.0,M,57
ORD_00482,8,2026-01-04,308,-284.0,H,57
ORD_00488,8,2026-02-10,308,4.0,L,57
ORD_00497,8,2026-01-25,308,-212.0,M,57
ORD_00499,8,2026-01-15,308,-188.0,M,57
ORD_00572,8,2026-01-23,308,-164.0,M,57
ORD_00640,8,2026-01-20,308,-44.0,L,57
ORD_00668,8,2026-01-28,308,-188.0,M,57
ORD_00670,8,2026-01-28,308,-212.0,M,57
ORD_00708,8,2026-01-19,308,-164.0,M,57
ORD_00723,8,2026-01-18,308,-68.0,L,57
ORD_00731,8,2026-01-07,308,-284.0,H,57
ORD_00798,8,2026-01-24,308,-212.0,M,57
ORD_00810,8,2026-01-20,308,-140.0,M,57
ORD_00872,8,2026-01-15,308,-284.0,H,57
ORD_00877,8,2026-01-18,308,-188.0,M,57
ORD_00884,8,2026-01-12,308,-212.0,M,57
ORD_00910,8,2026-01-24,308,-188.0,M,57
ORD_00940,8,2026-01-08,308,-140.0,M,57
ORD_00947,8,2026-01-26,308,-260.0,H,57
ORD_00964,8,2026-01-13,308,-92.0,L,57
ORD_00019,9,2026-01-21,308,-140.0,M,11
ORD_00043,9,2026-01-12,308,-164.0,M,11
ORD_00047,9,2026-02-01,308,-212.0,M,11
ORD_00069,9,2026-01-29,308,-44.0,L,11
ORD_00091,9,2026-02-02,308,-140.0,M,11
ORD_00104,9,2026-02-07,308,-92.0,L,11
ORD_00155,9,2026-01-16,308,-44.0,L,11
ORD_00249,9,2026-02-05,308,-164.0,M,11
ORD_00272,9,2026-01-22,308,-164.0,M,11
ORD_00282,9,2026-01-25,308,-212.0,M,11
ORD_00406,9,2026-01-20,308,-212.0,M,11
ORD_00455,9,2026-01-15,308,-188.0,M,11
ORD_00482,9,2026-01-04,308,-284.0,H,11
ORD_00488,9,2026-02-10,308,4.0,L,11
ORD_00497,9,2026-01-25,308,-212.0,M,11
ORD_00499,9,2026-01-15,308,-188.0,M,11
ORD_00572,9,2026-01-23,308,-164.0,M,11
ORD_00640,9,2026-01-20,308,-44.0,L,11
ORD_00668,9,2026-01-28,308,-188.0,M,11
ORD_00670,9,2026-01-28,308,-212.0,M,11
ORD_00708,9,2026-01-19,308,-164.0,M,11
ORD_00723,9,2026-01-18,308,-68.0,L,11
ORD_00731,9,2026-01-07,308,-284.0,H,11
ORD_00798,9,2026-01-24,308,-212.0,M,11
ORD_00810,9,2026-01-20,308,-140.0,M,11
ORD_00872,9,2026-01-15,308,-284.0,H,11
ORD_00877,9,2026-01-18,308,-188.0,M,11
ORD_00884,9,2026-01-12,308,-212.0,M,11
ORD_00910,9,2026-01-24,308,-188.0,M,11
ORD_00940,9,2026-01-08,308,-140.0,M,11
ORD_00947,9,2026-01-26,308,-260.0,H,11
ORD_00964,9,2026-01-13,308,-92.0,L,11
ORD_00019,10,2026-01-21,308,-140.0,M,19
ORD_00043,10,2026-01-12,308,-164.0,M,19
ORD_00047,10,2026-02-01,308,-212.0,M,19
ORD_00069,10,2026-01-29,308,-44.0,L,19
ORD_00091,10,2026-02-02,308,-140.0,M,19
ORD_00104,10,2026-02-07,308,-92.0,L,19
ORD_00155,10,2026-01-16,308,-44.0,L,19
ORD_00249,10,2026-02-05,308,-164.0,M,19
ORD_00272,10,2026-01-22,308,-164.0,M,19
ORD_00282,10,2026-01-25,308,-212.0,M,19
ORD_00406,10,2026-01-20,308,-212.0,M,19
ORD_00455,10,2026-01-15,308,-188.0,M,19
ORD_00482,10,2026-01-04,308,-284.0,H,19
ORD_00488,10,2026-02-10,308,4.0,L,19
ORD_00497,10,2026-01-25,308,-212.0,M,19
ORD_00499,10,2026-01-15,308,-188.0,M,19
ORD_00572,10,2026-01-23,308,-164.0,M,19
ORD_00640,10,2026-01-20,308,-44.0,L,19
ORD_00668,10,2026-01-28,308,-188.0,M,19
ORD_00670,10,2026-01-28,308,-212.0,M,19
ORD_00708,10,2026-01-19,308,-164.0,M,19
ORD_00723,10,2026-01-18,308,-68.0,L,19
ORD_00731,10,2026-01-07,308,-284.0,H,19
ORD_00798,10,2026-01-24,308,-212.0,M,19
ORD_00810,10,2026-01-20,308,-140.0,M,19
ORD_00872,10,2026-01-15,308,-284.0,H,19
ORD_00877,10,2026-01-18,308,-188.0,M,19
ORD_00884,10,2026-01-12,308,-212.0,M,19
ORD_00910,10,2026-01-24,308,-188.0,M,19
ORD_00940,10,2026-01-08,308,-140.0,M,19
ORD_00947,10,2026-01-26,308,-260.0,H,19
ORD_00964,10,2026-01-13,308,-92.0,L,19
ORD_00908,1,2026-01-04,217,-193.0,H,30
ORD_00908,2,2026-01-04,217,-193.0,H,18
ORD_00908,3,2026-01-04,217,-193.0,H,33
ORD_00908,4,2026-01-04,217,-193.0,H,35
ORD_00908,5,2026-01-04,217,-193.0,H,68
ORD_00908,6,2026-01-04,217,-193.0,H,15
ORD_00908,7,2026-01-04,217,-193.0,H,18
ORD_00353,1,2026-01-24,186,-42.0,M,13
ORD_00353,2,2026-01-24,186,-42.0,M,27
ORD_00353,3,2026-01-24,186,-42.0,M,17
ORD_00353,4,2026-01-24,186,-42.0,M,40
ORD_00353,5,2026-01-24,186,-42.0,M,49
ORD_00353,6,2026-01-24,186,-42.0,M,28
ORD_00353,7,2026-01-24,186,-42.0,M,12
ORD_00236,1,2026-02-03,224,-128.0,M,13
ORD_00939,1,2026-01-13,224,-152.0,H,13
ORD_00974,1,2026-01-12,224,-80.0,M,13
ORD_00236,2,2026-02-03,224,-128.0,M,34
ORD_00939,2,2026-01-13,224,-152.0,H,34
ORD_00974,2,2026-01-12,224,-80.0,M,34
ORD_00236,3,2026-02-03,224,-128.0,M,40
ORD_00939,3,2026-01-13,224,-152.0,H,40
ORD_00974,3,2026-01-12,224,-80.0,M,40
ORD_00236,4,2026-02-03,224,-128.0,M,27
ORD_00939,4,2026-01-13,224,-152.0,H,27
ORD_00974,4,2026-01-12,224,-80.0,M,27
ORD_00236,5,2026-02-03,224,-128.0,M,68
ORD_00939,5,2026-01-13,224,-152.0,H,68
ORD_00974,5,2026-01-12,224,-80.0,M,68
ORD_00236,6,2026-02-03,224,-128.0,M,19
ORD_00939,6,2026-01-13,224,-152.0,H,19
ORD_00974,6,2026-01-12,224,-80.0,M,19
ORD_00236,7,2026-02-03,224,-128.0,M,23
ORD_00939,7,2026-01-13,224,-152.0,H,23
ORD_00974,7,2026-01-12,224,-80.0,M,23
ORD_00029,1,2026-01-27,233,-137.0,M,28
ORD_00404,1,2026-01-28,233,-89.0,M,28
ORD_00701,1,2026-01-09,233,-185.0,H,28
ORD_00774,1,2026-01-27,233,-113.0,M,28
ORD_00029,2,2026-01-27,233,-137.0,M,34
ORD_00404,2,2026-01-28,233,-89.0,M,34
ORD_00701,2,2026-01-09,233,-185.0,H,34
ORD_00774,2,2026-01-27,233,-113.0,M,34
ORD_00029,3,2026-01-27,233,-137.0,M,45
ORD_00404,3,2026-01-28,233,-89.0,M,45
ORD_00701,3,2026-01-09,233,-185.0,H,45
ORD_00774,3,2026-01-27,233,-113.0,M,45
ORD_00029,4,2026-01-27,233,-137.0,M,40
ORD_00404,4,2026-01-28,233,-89.0,M,40
ORD_00701,4,2026-01-09,233,-185.0,H,40
ORD_00774,4,2026-01-27,233,-113.0,M,40
ORD_00029,5,2026-01-27,233,-137.0,M,56
ORD_00404,5,2026-01-28,233,-89.0,M,56
ORD_00701,5,2026-01-09,233,-185.0,H,56
ORD_00774,5,2026-01-27,233,-113.0,M,56
ORD_00029,6,2026-01-27,233,-137.0,M,15
ORD_00404,6,2026-01-28,233,-89.0,M,15
ORD_00701,6,2026-01-09,233,-185.0,H,15
ORD_00774,6,2026-01-27,233,-113.0,M,15
ORD_00029,7,2026-01-27,233,-137.0,M,15
ORD_00404,7,2026-01-28,233,-89.0,M,15
ORD_00701,7,2026-01-09,233,-185.0,H,15
ORD_00774,7,2026-01-27,233,-113.0,M,15
ORD_00758,1,2026-01-16,195,-27.0,M,15
ORD_00758,2,2026-01-16,195,-27.0,M,28
ORD_00758,3,2026-01-16,195,-27.0,M,37
ORD_00758,4,2026-01-16,195,-27.0,M,35
ORD_00758,5,2026-01-16,195,-27.0,M,42
ORD_00758,6,2026-01-16,195,-27.0,M,19
ORD_00758,7,2026-01-16,195,-27.0,M,19
ORD_00010,1,2026-01-29,258,-234.0,H,12
ORD_00048,1,2026-01-09,258,-162.0,M,12
ORD_00055,1,2026-01-06,258,-234.0,H,12
ORD_00100,1,2026-01-18,258,-138.0,M,12
ORD_00160,1,2026-01-25,258,-42.0,L,12
ORD_00226,1,2026-01-04,258,-234.0,H,12
ORD_00285,1,2026-01-30,258,-138.0,M,12
ORD_00296,1,2026-01-28,258,-138.0,M,12
ORD_00297,1,2026-02-12,258,78.0,L,12
ORD_00377,1,2026-01-27,258,-234.0,H,12
ORD_00417,1,2026-02-08,258,6.0,L,12
ORD_00433,1,2026-01-28,258,-234.0,H,12
ORD_00434,1,2026-01-29,258,-90.0,M,12
ORD_00517,1,2026-02-09,258,30.0,L,12
ORD_00550,1,2026-02-02,258,-138.0,M,12
ORD_00571,1,2026-01-30,258,6.0,L,12
ORD_00623,1,2026-01-17,258,-90.0,M,12
ORD_00803,1,2026-02-06,258,6.0,L,12
ORD_00833,1,2026-01-21,258,-114.0,M,12
ORD_00844,1,2026-01-21,258,-186.0,H,12
ORD_00851,1,2026-01-24,258,30.0,L,12
ORD_00876,1,2026-02-03,258,-42.0,L,12
ORD_00895,1,2026-01-05,258,-162.0,M,12
ORD_00898,1,2026-01-06,258,-162.0,M,12
ORD_00957,1,2026-01-15,258,-186.0,H,12
ORD_00972,1,2026-01-17,258,-90.0,M,12
ORD_00010,2,2026-01-29,258,-234.0,H,44
ORD_00048,2,2026-01-09,258,-162.0,M,44
ORD_00055,2,2026-01-06,258,-234.0,H,44
ORD_00100,2,2026-01-18,258,-138.0,M,44
ORD_00160,2,2026-01-25,258,-42.0,L,44
ORD_00226,2,2026-01-04,258,-234.0,H,44
ORD_00285,2,2026-01-30,258,-138.0,M,44
ORD_00296,2,2026-01-28,258,-138.0,M,44
ORD_00297,2,2026-02-12,258,78.0,L,44
ORD_00377,2,2026-01-27,258,-234.0,H,44
ORD_00417,2,2026-02-08,258,6.0,L,44
ORD_00433,2,2026-01-28,258,-234.0,H,44
ORD_00434,2,2026-01-29,258,-90.0,M,44
ORD_00517,2,2026-02-09,258,30.0,L,44
ORD_00550,2,2026-02-02,258,-138.0,M,44
ORD_00571,2,2026-01-30,258,6.0,L,44
ORD_00623,2,2026-01-17,258,-90.0,M,44
ORD_00803,2,2026-02-06,258,6.0,L,44
ORD_00833,2,2026-01-21,258,-114.0,M,44
ORD_00844,2,2026-01-21,258,-186.0,H,44
ORD_00851,2,2026-01-24,258,30.0,L,44
ORD_00876,2,2026-02-03,258,-42.0,L,44
ORD_00895,2,2026-01-05,258,-162.0,M,44
ORD_00898,2,2026-01-06,258,-162.0,M,44
ORD_00957,2,2026-01-15,258,-186.0,H,44
ORD_00972,2,2026-01-17,258,-90.0,M,44
ORD_00010,3,2026-01-29,258,-234.0,H,40
ORD_00048,3,2026-01-09,258,-162.0,M,40
ORD_00055,3,2026-01-06,258,-234.0,H,40
ORD_00100,3,2026-01-18,258,-138.0,M,40
ORD_00160,3,2026-01-25,258,-42.0,L,40
ORD_00226,3,2026-01-04,258,-234.0,H,40
ORD_00285,3,2026-01-30,258,-138.0,M,40
ORD_00296,3,2026-01-28,258,-138.0,M,40
ORD_00297,3,2026-02-12,258,78.0,L,40
ORD_00377,3,2026-01-27,258,-234.0,H,40
ORD_00417,3,2026-02-08,258,6.0,L,40
ORD_00433,3,2026-01-28,258,-234.0,H,40
ORD_00434,3,2026-01-29,258,-90.0,M,40
ORD_00517,3,2026-02-09,258,30.0,L,40
ORD_00550,3,2026-02-02,258,-138.0,M,40
ORD_00571,3,2026-01-30,258,6.0,L,40
ORD_00623,3,2026-01-17,258,-90.0,M,40
ORD_00803,3,2026-02-06,258,6.0,L,40
ORD_00833,3,2026-01-21,258,-114.0,M,40
ORD_00844,3,2026-01-21,258,-186.0,H,40
ORD_00851,3,2026-01-24,258,30.0,L,40
ORD_00876,3,2026-02-03,258,-42.0,L,40
ORD_00895,3,2026-01-05,258,-162.0,M,40
ORD_00898,3,2026-01-06,258,-162.0,M,40
ORD_00957,3,2026-01-15,258,-186.0,H,40
ORD_00972,3,2026-01-17,258,-90.0,M,40
ORD_00010,4,2026-01-29,258,-234.0,H,38
ORD_00048,4,2026-01-09,258,-162.0,M,38
ORD_00055,4,2026-01-06,258,-234.0,H,38
ORD_00100,4,2026-01-18,258,-138.0,M,38
ORD_00160,4,2026-01-25,258,-42.0,L,38
ORD_00226,4,2026-01-04,258,-234.0,H,38
ORD_00285,4,2026-01-30,258,-138.0,M,38
ORD_00296,4,2026-01-28,258,-138.0,M,38
ORD_00297,4,2026-02-12,258,78.0,L,38
ORD_00377,4,2026-01-27,258,-234.0,H,38
ORD_00417,4,2026-02-08,258,6.0,L,38
ORD_00433,4,2026-01-28,258,-234.0,H,38
ORD_00434,4,2026-01-29,258,-90.0,M,38
ORD_00517,4,2026-02-09,258,30.0,L,38
ORD_00550,4,2026-02-02,258,-138.0,M,38
ORD_00571,4,2026-01-30,258,6.0,L,38
ORD_00623,4,2026-01-17,258,-90.0,M,38
ORD_00803,4,2026-02-06,258,6.0,L,38
ORD_00833,4,2026-01-21,258,-114.0,M,38
ORD_00844,4,2026-01-21,258,-186.0,H,38
ORD_00851,4,2026-01-24,258,30.0,L,38
ORD_00876,4,2026-02-03,258,-42.0,L,38
ORD_00895,4,2026-01-05,258,-162.0,M,38
ORD_00898,4,2026-01-06,258,-162.0,M,38
ORD_00957,4,2026-01-15,258,-186.0,H,38
ORD_00972,4,2026-01-17,258,-90.0,M,38
ORD_00010,5,2026-01-29,258,-234.0,H,67
ORD_00048,5,2026-01-09,258,-162.0,M,67
ORD_00055,5,2026-01-06,258,-234.0,H,67
ORD_00100,5,2026-01-18,258,-138.0,M,67
ORD_00160,5,2026-01-25,258,-42.0,L,67
ORD_00226,5,2026-01-04,258,-234.0,H,67
ORD_00285,5,2026-01-30,258,-138.0,M,67
ORD_00296,5,2026-01-28,258,-138.0,M,67
ORD_00297,5,2026-02-12,258,78.0,L,67
ORD_00377,5,2026-01-27,258,-234.0,H,67
ORD_00417,5,2026-02-08,258,6.0,L,67
ORD_00433,5,2026-01-28,258,-234.0,H,67
ORD_00434,5,2026-01-29,258,-90.0,M,67
ORD_00517,5,2026-02-09,258,30.0,L,67
ORD_00550,5,2026-02-02,258,-138.0,M,67
ORD_00571,5,2026-01-30,258,6.0,L,67
ORD_00623,5,2026-01-17,258,-90.0,M,67
ORD_00803,5,2026-02-06,258,6.0,L,67
ORD_00833,5,2026-01-21,258,-114.0,M,67
ORD_00844,5,2026-01-21,258,-186.0,H,67
ORD_00851,5,2026-01-24,258,30.0,L,67
ORD_00876,5,2026-02-03,258,-42.0,L,67
ORD_00895,5,2026-01-05,258,-162.0,M,67
ORD_00898,5,2026-01-06,258,-162.0,M,67
ORD_00957,5,2026-01-15,258,-186.0,H,67
ORD_00972,5,2026-01-17,258,-90.0,M,67
ORD_00010,6,2026-01-29,258,-234.0,H,27
ORD_00048,6,2026-01-09,258,-162.0,M,27
ORD_00055,6,2026-01-06,258,-234.0,H,27
ORD_00100,6,2026-01-18,258,-138.0,M,27
ORD_00160,6,2026-01-25,258,-42.0,L,27
ORD_00226,6,2026-01-04,258,-234.0,H,27
ORD_00285,6,2026-01-30,258,-138.0,M,27
ORD_00296,6,2026-01-28,258,-138.0,M,27
ORD_00297,6,2026-02-12,258,78.0,L,27
ORD_00377,6,2026-01-27,258,-234.0,H,27
ORD_00417,6,2026-02-08,258,6.0,L,27
ORD_00433,6,2026-01-28,258,-234.0,H,27
ORD_00434,6,2026-01-29,258,-90.0,M,27
ORD_00517,6,2026-02-09,258,30.0,L,27
ORD_00550,6,2026-02-02,258,-138.0,M,27
ORD_00571,6,2026-01-30,258,6.0,L,27
ORD_00623,6,2026-01-17,258,-90.0,M,27
ORD_00803,6,2026-02-06,258,6.0,L,27
ORD_00833,6,2026-01-21,258,-114.0,M,27
ORD_00844,6,2026-01-21,258,-186.0,H,27
ORD_00851,6,2026-01-24,258,30.0,L,27
ORD_00876,6,2026-02-03,258,-42.0,L,27
ORD_00895,6,2026-01-05,258,-162.0,M,27
ORD_00898,6,2026-01-06,258,-162.0,M,27
ORD_00957,6,2026-01-15,258,-186.0,H,27
ORD_00972,6,2026-01-17,258,-90.0,M,27
ORD_00010,7,2026-01-29,258,-234.0,H,30
ORD_00048,7,2026-01-09,258,-162.0,M,30
ORD_00055,7,2026-01-06,258,-234.0,H,30
ORD_00100,7,2026-01-18,258,-138.0,M,30
ORD_00160,7,2026-01-25,258,-42.0,L,30
ORD_00226,7,2026-01-04,258,-234.0,H,30
ORD_00285,7,2026-01-30,258,-138.0,M,30
ORD_00296,7,2026-01-28,258,-138.0,M,30
ORD_00297,7,2026-02-12,258,78.0,L,30
ORD_00377,7,2026-01-27,258,-234.0,H,30
ORD_00417,7,2026-02-08,258,6.0,L,30
ORD_00433,7,2026-01-28,258,-234.0,H,30
ORD_00434,7,2026-01-29,258,-90.0,M,30
ORD_00517,7,2026-02-09,258,30.0,L,30
ORD_00550,7,2026-02-02,258,-138.0,M,30
ORD_00571,7,2026-01-30,258,6.0,L,30
ORD_00623,7,2026-01-17,258,-90.0,M,30
ORD_00803,7,2026-02-06,258,6.0,L,30
ORD_00833,7,2026-01-21,258,-114.0,M,30
ORD_00844,7,2026-01-21,258,-186.0,H,30
ORD_00851,7,2026-01-24,258,30.0,L,30
ORD_00876,7,2026-02-03,258,-42.0,L,30
ORD_00895,7,2026-01-05,258,-162.0,M,30
ORD_00898,7,2026-01-06,258,-162.0,M,30
ORD_00957,7,2026-01-15,258,-186.0,H,30
ORD_00972,7,2026-01-17,258,-90.0,M,30
ORD_00127,1,2026-01-25,246,-126.0,M,18
ORD_00247,1,2026-01-19,246,-198.0,H,18
ORD_00127,2,2026-01-25,246,-126.0,M,17
ORD_00247,2,2026-01-19,246,-198.0,H,17
ORD_00127,3,2026-01-25,246,-126.0,M,20
ORD_00247,3,2026-01-19,246,-198.0,H,20
ORD_00127,4,2026-01-25,246,-126.0,M,34
ORD_00247,4,2026-01-19,246,-198.0,H,34
ORD_00127,5,2026-01-25,246,-126.0,M,46
ORD_00247,5,2026-01-19,246,-198.0,H,46
ORD_00127,6,2026-01-25,246,-126.0,M,68
ORD_00247,6,2026-01-19,246,-198.0,H,68
ORD_00127,7,2026-01-25,246,-126.0,M,24
ORD_00247,7,2026-01-19,246,-198.0,H,24
ORD_00127,8,2026-01-25,246,-126.0,M,19
ORD_00247,8,2026-01-19,246,-198.0,H,19
ORD_00419,1,2026-01-15,255,-87.0,M,18
ORD_00443,1,2026-02-04,255,-111.0,M,18
ORD_00644,1,2026-01-26,255,-231.0,H,18
ORD_00681,1,2026-01-29,255,-111.0,M,18
ORD_00419,2,2026-01-15,255,-87.0,M,29
ORD_00443,2,2026-02-04,255,-111.0,M,29
ORD_00644,2,2026-01-26,255,-231.0,H,29
ORD_00681,2,2026-01-29,255,-111.0,M,29
ORD_00419,3,2026-01-15,255,-87.0,M,34
ORD_00443,3,2026-02-04,255,-111.0,M,34
ORD_00644,3,2026-01-26,255,-231.0,H,34
ORD_00681,3,2026-01-29,255,-111.0,M,34
ORD_00419,4,2026-01-15,255,-87.0,M,48
ORD_00443,4,2026-02-04,255,-111.0,M,48
ORD_00644,4,2026-01-26,255,-231.0,H,48
ORD_00681,4,2026-01-29,255,-111.0,M,48
ORD_00419,5,2026-01-15,255,-87.0,M,87
ORD_00443,5,2026-02-04,255,-111.0,M,87
ORD_00644,5,2026-01-26,255,-231.0,H,87
ORD_00681,5,2026-01-29,255,-111.0,M,87
ORD_00419,6,2026-01-15,255,-87.0,M,29
ORD_00443,6,2026-02-04,255,-111.0,M,29
ORD_00644,6,2026-01-26,255,-231.0,H,29
ORD_00681,6,2026-01-29,255,-111.0,M,29
ORD_00419,7,2026-01-15,255,-87.0,M,10
ORD_00443,7,2026-02-04,255,-111.0,M,10
ORD_00644,7,2026-01-26,255,-231.0,H,10
ORD_00681,7,2026-01-29,255,-111.0,M,10
ORD_00200,1,2026-01-29,249,-177.0,H,17
ORD_00878,1,2026-01-14,249,-153.0,M,17
ORD_00200,2,2026-01-29,249,-177.0,H,39
ORD_00878,2,2026-01-14,249,-153.0,M,39
ORD_00200,3,2026-01-29,249,-177.0,H,33
ORD_00878,3,2026-01-14,249,-153.0,M,33
ORD_00200,4,2026-01-29,249,-177.0,H,44
ORD_00878,4,2026-01-14,249,-153.0,M,44
ORD_00200,5,2026-01-29,249,-177.0,H,70
ORD_00878,5,2026-01-14,249,-153.0,M,70
ORD_00200,6,2026-01-29,249,-177.0,H,18
ORD_00878,6,2026-01-14,249,-153.0,M,18
ORD_00200,7,2026-01-29,249,-177.0,H,28
ORD_00878,7,2026-01-14,249,-153.0,M,28
ORD_00852,1,2026-01-05,193,-145.0,H,19
ORD_00858,1,2026-02-03,193,-73.0,M,19
ORD_00852,2,2026-01-05,193,-145.0,H,41
ORD_00858,2,2026-02-03,193,-73.0,M,41
ORD_00852,3,2026-01-05,193,-145.0,H,16
ORD_00858,3,2026-02-03,193,-73.0,M,16
ORD_00852,4,2026-01-05,193,-145.0,H,22
ORD_00858,4,2026-02-03,193,-73.0,M,22
ORD_00852,5,2026-01-05,193,-145.0,H,56
ORD_00858,5,2026-02-03,193,-73.0,M,56
ORD_00852,6,2026-01-05,193,-145.0,H,13
ORD_00858,6,2026-02-03,193,-73.0,M,13
ORD_00852,7,2026-01-05,193,-145.0,H,26
ORD_00858,7,2026-02-03,193,-73.0,M,26
ORD_00533,1,2026-02-02,255,-183.0,H,27
ORD_00576,1,2026-01-15,255,-135.0,M,27
ORD_00533,2,2026-02-02,255,-183.0,H,28
ORD_00576,2,2026-01-15,255,-135.0,M,28
ORD_00533,3,2026-02-02,255,-183.0,H,21
ORD_00576,3,2026-01-15,255,-135.0,M,21
ORD_00533,4,2026-02-02,255,-183.0,H,26
ORD_00576,4,2026-01-15,255,-135.0,M,26
ORD_00533,5,2026-02-02,255,-183.0,H,44
ORD_00576,5,2026-01-15,255,-135.0,M,44
ORD_00533,6,2026-02-02,255,-183.0,H,80
ORD_00576,6,2026-01-15,255,-135.0,M,80
ORD_00533,7,2026-02-02,255,-183.0,H,11
ORD_00576,7,2026-01-15,255,-135.0,M,11
ORD_00533,8,2026-02-02,255,-183.0,H,18
ORD_00576,8,2026-01-15,255,-135.0,M,18
ORD_00574,1,2026-02-01,234,-162.0,H,19
ORD_00574,2,2026-02-01,234,-162.0,H,43
ORD_00574,3,2026-02-01,234,-162.0,H,18
ORD_00574,4,2026-02-01,234,-162.0,H,40
ORD_00574,5,2026-02-01,234,-162.0,H,85
ORD_00574,6,2026-02-01,234,-162.0,H,19
ORD_00574,7,2026-02-01,234,-162.0,H,10
ORD_00625,1,2026-01-28,350,-206.0,M,12
ORD_00625,2,2026-01-28,350,-206.0,M,41
ORD_00625,3,2026-01-28,350,-206.0,M,29
ORD_00625,4,2026-01-28,350,-206.0,M,35
ORD_00625,5,2026-01-28,350,-206.0,M,30
ORD_00625,6,2026-01-28,350,-206.0,M,29
ORD_00625,7,2026-01-28,350,-206.0,M,66
ORD_00625,8,2026-01-28,350,-206.0,M,70
ORD_00625,9,2026-01-28,350,-206.0,M,24
ORD_00625,10,2026-01-28,350,-206.0,M,14
ORD_00273,1,2026-01-26,245,-125.0,M,16
ORD_00563,1,2026-01-11,245,-125.0,M,16
ORD_00679,1,2026-01-13,245,-5.0,L,16
ORD_00768,1,2026-01-27,245,-77.0,M,16
ORD_00961,1,2026-01-21,245,-197.0,H,16
ORD_00273,2,2026-01-26,245,-125.0,M,42
ORD_00563,2,2026-01-11,245,-125.0,M,42
ORD_00679,2,2026-01-13,245,-5.0,L,42
ORD_00768,2,2026-01-27,245,-77.0,M,42
ORD_00961,2,2026-01-21,245,-197.0,H,42
ORD_00273,3,2026-01-26,245,-125.0,M,23
ORD_00563,3,2026-01-11,245,-125.0,M,23
ORD_00679,3,2026-01-13,245,-5.0,L,23
ORD_00768,3,2026-01-27,245,-77.0,M,23
ORD_00961,3,2026-01-21,245,-197.0,H,23
ORD_00273,4,2026-01-26,245,-125.0,M,25
ORD_00563,4,2026-01-11,245,-125.0,M,25
ORD_00679,4,2026-01-13,245,-5.0,L,25
ORD_00768,4,2026-01-27,245,-77.0,M,25
ORD_00961,4,2026-01-21,245,-197.0,H,25
ORD_00273,5,2026-01-26,245,-125.0,M,28
ORD_00563,5,2026-01-11,245,-125.0,M,28
ORD_00679,5,2026-01-13,245,-5.0,L,28
ORD_00768,5,2026-01-27,245,-77.0,M,28
ORD_00961,5,2026-01-21,245,-197.0,H,28
ORD_00273,6,2026-01-26,245,-125.0,M,58
ORD_00563,6,2026-01-11,245,-125.0,M,58
ORD_00679,6,2026-01-13,245,-5.0,L,58
ORD_00768,6,2026-01-27,245,-77.0,M,58
ORD_00961,6,2026-01-21,245,-197.0,H,58
ORD_00273,7,2026-01-26,245,-125.0,M,28
ORD_00563,7,2026-01-11,245,-125.0,M,28
ORD_00679,7,2026-01-13,245,-5.0,L,28
ORD_00768,7,2026-01-27,245,-77.0,M,28
ORD_00961,7,2026-01-21,245,-197.0,H,28
ORD_00273,8,2026-01-26,245,-125.0,M,25
ORD_00563,8,2026-01-11,245,-125.0,M,25
ORD_00679,8,2026-01-13,245,-5.0,L,25
ORD_00768,8,2026-01-27,245,-77.0,M,25
ORD_00961,8,2026-01-21,245,-197.0,H,25
ORD_00589,1,2026-01-18,213,-93.0,M,24
ORD_00719,1,2026-01-21,213,-69.0,M,24
ORD_00760,1,2026-01-08,213,-93.0,M,24
ORD_00589,2,2026-01-18,213,-93.0,M,26
ORD_00719,2,2026-01-21,213,-69.0,M,26
ORD_00760,2,2026-01-08,213,-93.0,M,26
ORD_00589,3,2026-01-18,213,-93.0,M,32
ORD_00719,3,2026-01-21,213,-69.0,M,32
ORD_00760,3,2026-01-08,213,-93.0,M,32
ORD_00589,4,2026-01-18,213,-93.0,M,32
ORD_00719,4,2026-01-21,213,-69.0,M,32
ORD_00760,4,2026-01-08,213,-93.0,M,32
ORD_00589,5,2026-01-18,213,-93.0,M,60
ORD_00719,5,2026-01-21,213,-69.0,M,60
ORD_00760,5,2026-01-08,213,-93.0,M,60
ORD_00589,6,2026-01-18,213,-93.0,M,17
ORD_00719,6,2026-01-21,213,-69.0,M,17
ORD_00760,6,2026-01-08,213,-93.0,M,17
ORD_00589,7,2026-01-18,213,-93.0,M,22
ORD_00719,7,2026-01-21,213,-69.0,M,22
ORD_00760,7,2026-01-08,213,-93.0,M,22
ORD_00243,1,2026-01-31,230,-86.0,M,23
ORD_00916,1,2026-02-05,230,-62.0,M,23
ORD_00243,2,2026-01-31,230,-86.0,M,25
ORD_00916,2,2026-02-05,230,-62.0,M,25
ORD_00243,3,2026-01-31,230,-86.0,M,37
ORD_00916,3,2026-02-05,230,-62.0,M,37
ORD_00243,4,2026-01-31,230,-86.0,M,32
ORD_00916,4,2026-02-05,230,-62.0,M,32
ORD_00243,5,2026-01-31,230,-86.0,M,71
ORD_00916,5,2026-02-05,230,-62.0,M,71
ORD_00243,6,2026-01-31,230,-86.0,M,14
ORD_00916,6,2026-02-05,230,-62.0,M,14
ORD_00243,7,2026-01-31,230,-86.0,M,28
ORD_00916,7,2026-02-05,230,-62.0,M,28
ORD_00028,1,2026-01-06,225,-129.0,M,13
ORD_00771,1,2026-01-10,225,-81.0,M,13
ORD_00028,2,2026-01-06,225,-129.0,M,18
ORD_00771,2,2026-01-10,225,-81.0,M,18
ORD_00028,3,2026-01-06,225,-129.0,M,44
ORD_00771,3,2026-01-10,225,-81.0,M,44
ORD_00028,4,2026-01-06,225,-129.0,M,15
ORD_00771,4,2026-01-10,225,-81.0,M,15
ORD_00028,5,2026-01-06,225,-129.0,M,24
ORD_00771,5,2026-01-10,225,-81.0,M,24
ORD_00028,6,2026-01-06,225,-129.0,M,81
ORD_00771,6,2026-01-10,225,-81.0,M,81
ORD_00028,7,2026-01-06,225,-129.0,M,12
ORD_00771,7,2026-01-10,225,-81.0,M,12
ORD_00028,8,2026-01-06,225,-129.0,M,18
ORD_00771,8,2026-01-10,225,-81.0,M,18
ORD_00185,1,2026-01-18,311,-167.0,M,29
ORD_00185,2,2026-01-18,311,-167.0,M,35
ORD_00185,3,2026-01-18,311,-167.0,M,42
ORD_00185,4,2026-01-18,311,-167.0,M,42
ORD_00185,5,2026-01-18,311,-167.0,M,47
ORD_00185,6,2026-01-18,311,-167.0,M,60
ORD_00185,7,2026-01-18,311,-167.0,M,27
ORD_00185,8,2026-01-18,311,-167.0,M,29
ORD_00036,1,2026-01-27,246,-126.0,M,17
ORD_00120,1,2026-02-01,246,-150.0,M,17
ORD_00400,1,2026-01-18,246,-174.0,H,17
ORD_00460,1,2026-01-17,246,-150.0,M,17
ORD_00036,2,2026-01-27,246,-126.0,M,22
ORD_00120,2,2026-02-01,246,-150.0,M,22
ORD_00400,2,2026-01-18,246,-174.0,H,22
ORD_00460,2,2026-01-17,246,-150.0,M,22
ORD_00036,3,2026-01-27,246,-126.0,M,28
ORD_00120,3,2026-02-01,246,-150.0,M,28
ORD_00400,3,2026-01-18,246,-174.0,H,28
ORD_00460,3,2026-01-17,246,-150.0,M,28
ORD_00036,4,2026-01-27,246,-126.0,M,39
ORD_00120,4,2026-02-01,246,-150.0,M,39
ORD_00400,4,2026-01-18,246,-174.0,H,39
ORD_00460,4,2026-01-17,246,-150.0,M,39
ORD_00036,5,2026-01-27,246,-126.0,M,42
ORD_00120,5,2026-02-01,246,-150.0,M,42
ORD_00400,5,2026-01-18,246,-174.0,H,42
ORD_00460,5,2026-01-17,246,-150.0,M,42
ORD_00036,6,2026-01-27,246,-126.0,M,68
ORD_00120,6,2026-02-01,246,-150.0,M,68
ORD_00400,6,2026-01-18,246,-174.0,H,68
ORD_00460,6,2026-01-17,246,-150.0,M,68
ORD_00036,7,2026-01-27,246,-126.0,M,19
ORD_00120,7,2026-02-01,246,-150.0,M,19
ORD_00400,7,2026-01-18,246,-174.0,H,19
ORD_00460,7,2026-01-17,246,-150.0,M,19
ORD_00036,8,2026-01-27,246,-126.0,M,11
ORD_00120,8,2026-02-01,246,-150.0,M,11
ORD_00400,8,2026-01-18,246,-174.0,H,11
ORD_00460,8,2026-01-17,246,-150.0,M,11
ORD_00017,1,2026-01-06,204,-84.0,M,11
ORD_00165,1,2026-02-05,204,12.0,L,11
ORD_00362,1,2026-01-10,204,-132.0,H,11
ORD_00017,2,2026-01-06,204,-84.0,M,26
ORD_00165,2,2026-02-05,204,12.0,L,26
ORD_00362,2,2026-01-10,204,-132.0,H,26
ORD_00017,3,2026-01-06,204,-84.0,M,28
ORD_00165,3,2026-02-05,204,12.0,L,28
ORD_00362,3,2026-01-10,204,-132.0,H,28
ORD_00017,4,2026-01-06,204,-84.0,M,22
ORD_00165,4,2026-02-05,204,12.0,L,22
ORD_00362,4,2026-01-10,204,-132.0,H,22
ORD_00017,5,2026-01-06,204,-84.0,M,33
ORD_00165,5,2026-02-05,204,12.0,L,33
ORD_00362,5,2026-01-10,204,-132.0,H,33
ORD_00017,6,2026-01-06,204,-84.0,M,50
ORD_00165,6,2026-02-05,204,12.0,L,50
ORD_00362,6,2026-01-10,204,-132.0,H,50
ORD_00017,7,2026-01-06,204,-84.0,M,12
ORD_00165,7,2026-02-05,204,12.0,L,12
ORD_00362,7,2026-01-10,204,-132.0,H,12
ORD_00017,8,2026-01-06,204,-84.0,M,22
ORD_00165,8,2026-02-05,204,12.0,L,22
ORD_00362,8,2026-01-10,204,-132.0,H,22
ORD_00261,1,2026-01-17,249,-57.0,L,25
ORD_00428,1,2026-02-08,249,15.0,L,25
ORD_00485,1,2026-01-22,249,-105.0,M,25
ORD_00920,1,2026-01-11,249,-153.0,M,25
ORD_00261,2,2026-01-17,249,-57.0,L,22
ORD_00428,2,2026-02-08,249,15.0,L,22
ORD_00485,2,2026-01-22,249,-105.0,M,22
ORD_00920,2,2026-01-11,249,-153.0,M,22
ORD_00261,3,2026-01-17,249,-57.0,L,35
ORD_00428,3,2026-02-08,249,15.0,L,35
ORD_00485,3,2026-01-22,249,-105.0,M,35
ORD_00920,3,2026-01-11,249,-153.0,M,35
ORD_00261,4,2026-01-17,249,-57.0,L,34
ORD_00428,4,2026-02-08,249,15.0,L,34
ORD_00485,4,2026-01-22,249,-105.0,M,34
ORD_00920,4,2026-01-11,249,-153.0,M,34
ORD_00261,5,2026-01-17,249,-57.0,L,82
ORD_00428,5,2026-02-08,249,15.0,L,82
ORD_00485,5,2026-01-22,249,-105.0,M,82
ORD_00920,5,2026-01-11,249,-153.0,M,82
ORD_00261,6,2026-01-17,249,-57.0,L,24
ORD_00428,6,2026-02-08,249,15.0,L,24
ORD_00485,6,2026-01-22,249,-105.0,M,24
ORD_00920,6,2026-01-11,249,-153.0,M,24
ORD_00261,7,2026-01-17,249,-57.0,L,27
ORD_00428,7,2026-02-08,249,15.0,L,27
ORD_00485,7,2026-01-22,249,-105.0,M,27
ORD_00920,7,2026-01-11,249,-153.0,M,27
ORD_00032,1,2026-01-31,288,-144.0,M,10
ORD_00041,1,2026-01-23,288,-216.0,H,10
ORD_00071,1,2026-01-20,288,-48.0,L,10
ORD_00113,1,2026-01-23,288,-120.0,M,10
ORD_00163,1,2026-01-24,288,-120.0,M,10
ORD_00174,1,2026-01-30,288,-264.0,H,10
ORD_00195,1,2026-01-25,288,-240.0,H,10
ORD_00271,1,2026-01-22,288,-120.0,M,10
ORD_00290,1,2026-01-31,288,-168.0,M,10
ORD_00333,1,2026-01-29,288,-192.0,M,10
ORD_00413,1,2026-01-15,288,-120.0,M,10
ORD_00425,1,2026-02-02,288,-120.0,M,10
ORD_00438,1,2026-01-31,288,-48.0,L,10
ORD_00519,1,2026-01-11,288,-192.0,M,10
ORD_00561,1,2026-01-24,288,-192.0,M,10
ORD_00570,1,2026-01-16,288,-144.0,M,10
ORD_00581,1,2026-01-31,288,-216.0,H,10
ORD_00585,1,2026-01-04,288,-240.0,H,10
ORD_00682,1,2026-01-23,288,-72.0,L,10
ORD_00693,1,2026-02-01,288,-120.0,M,10
ORD_00748,1,2026-02-03,288,-24.0,L,10
ORD_00807,1,2026-02-06,288,-120.0,M,10
ORD_00857,1,2026-02-04,288,-120.0,M,10
ORD_00942,1,2026-01-11,288,-168.0,M,10
ORD_00032,2,2026-01-31,288,-144.0,M,44
ORD_00041,2,2026-01-23,288,-216.0,H,44
ORD_00071,2,2026-01-20,288,-48.0,L,44
ORD_00113,2,2026-01-23,288,-120.0,M,44
ORD_00163,2,2026-01-24,288,-120.0,M,44
ORD_00174,2,2026-01-30,288,-264.0,H,44
ORD_00195,2,2026-01-25,288,-240.0,H,44
ORD_00271,2,2026-01-22,288,-120.0,M,44
ORD_00290,2,2026-01-31,288,-168.0,M,44
ORD_00333,2,2026-01-29,288,-192.0,M,44
ORD_00413,2,2026-01-15,288,-120.0,M,44
ORD_00425,2,2026-02-02,288,-120.0,M,44
ORD_00438,2,2026-01-31,288,-48.0,L,44
ORD_00519,2,2026-01-11,288,-192.0,M,44
ORD_00561,2,2026-01-24,288,-192.0,M,44
ORD_00570,2,2026-01-16,288,-144.0,M,44
ORD_00581,2,2026-01-31,288,-216.0,H,44
ORD_00585,2,2026-01-04,288,-240.0,H,44
ORD_00682,2,2026-01-23,288,-72.0,L,44
ORD_00693,2,2026-02-01,288,-120.0,M,44
ORD_00748,2,2026-02-03,288,-24.0,L,44
ORD_00807,2,2026-02-06,288,-120.0,M,44
ORD_00857,2,2026-02-04,288,-120.0,M,44
ORD_00942,2,2026-01-11,288,-168.0,M,44
ORD_00032,3,2026-01-31,288,-144.0,M,38
ORD_00041,3,2026-01-23,288,-216.0,H,38
ORD_00071,3,2026-01-20,288,-48.0,L,38
ORD_00113,3,2026-01-23,288,-120.0,M,38
ORD_00163,3,2026-01-24,288,-120.0,M,38
ORD_00174,3,2026-01-30,288,-264.0,H,38
ORD_00195,3,2026-01-25,288,-240.0,H,38
ORD_00271,3,2026-01-22,288,-120.0,M,38
ORD_00290,3,2026-01-31,288,-168.0,M,38
ORD_00333,3,2026-01-29,288,-192.0,M,38
ORD_00413,3,2026-01-15,288,-120.0,M,38
ORD_00425,3,2026-02-02,288,-120.0,M,38
ORD_00438,3,2026-01-31,288,-48.0,L,38
ORD_00519,3,2026-01-11,288,-192.0,M,38
ORD_00561,3,2026-01-24,288,-192.0,M,38
ORD_00570,3,2026-01-16,288,-144.0,M,38
ORD_00581,3,2026-01-31,288,-216.0,H,38
ORD_00585,3,2026-01-04,288,-240.0,H,38
ORD_00682,3,2026-01-23,288,-72.0,L,38
ORD_00693,3,2026-02-01,288,-120.0,M,38
ORD_00748,3,2026-02-03,288,-24.0,L,38
ORD_00807,3,2026-02-06,288,-120.0,M,38
ORD_00857,3,2026-02-04,288,-120.0,M,38
ORD_00942,3,2026-01-11,288,-168.0,M,38
ORD_00032,4,2026-01-31,288,-144.0,M,41
ORD_00041,4,2026-01-23,288,-216.0,H,41
ORD_00071,4,2026-01-20,288,-48.0,L,41
ORD_00113,4,2026-01-23,288,-120.0,M,41
ORD_00163,4,2026-01-24,288,-120.0,M,41
ORD_00174,4,2026-01-30,288,-264.0,H,41
ORD_00195,4,2026-01-25,288,-240.0,H,41
ORD_00271,4,2026-01-22,288,-120.0,M,41
ORD_00290,4,2026-01-31,288,-168.0,M,41
ORD_00333,4,2026-01-29,288,-192.0,M,41
ORD_00413,4,2026-01-15,288,-120.0,M,41
ORD_00425,4,2026-02-02,288,-120.0,M,41
ORD_00438,4,2026-01-31,288,-48.0,L,41
ORD_00519,4,2026-01-11,288,-192.0,M,41
ORD_00561,4,2026-01-24,288,-192.0,M,41
ORD_00570,4,2026-01-16,288,-144.0,M,41
ORD_00581,4,2026-01-31,288,-216.0,H,41
ORD_00585,4,2026-01-04,288,-240.0,H,41
ORD_00682,4,2026-01-23,288,-72.0,L,41
ORD_00693,4,2026-02-01,288,-120.0,M,41
ORD_00748,4,2026-02-03,288,-24.0,L,41
ORD_00807,4,2026-02-06,288,-120.0,M,41
ORD_00857,4,2026-02-04,288,-120.0,M,41
ORD_00942,4,2026-01-11,288,-168.0,M,41
ORD_00032,5,2026-01-31,288,-144.0,M,44
ORD_00041,5,2026-01-23,288,-216.0,H,44
ORD_00071,5,2026-01-20,288,-48.0,L,44
ORD_00113,5,2026-01-23,288,-120.0,M,44
ORD_00163,5,2026-01-24,288,-120.0,M,44
ORD_00174,5,2026-01-30,288,-264.0,H,44
ORD_00195,5,2026-01-25,288,-240.0,H,44
ORD_00271,5,2026-01-22,288,-120.0,M,44
ORD_00290,5,2026-01-31,288,-168.0,M,44
ORD_00333,5,2026-01-29,288,-192.0,M,44
ORD_00413,5,2026-01-15,288,-120.0,M,44
ORD_00425,5,2026-02-02,288,-120.0,M,44
ORD_00438,5,2026-01-31,288,-48.0,L,44
ORD_00519,5,2026-01-11,288,-192.0,M,44
ORD_00561,5,2026-01-24,288,-192.0,M,44
ORD_00570,5,2026-01-16,288,-144.0,M,44
ORD_00581,5,2026-01-31,288,-216.0,H,44
ORD_00585,5,2026-01-04,288,-240.0,H,44
ORD_00682,5,2026-01-23,288,-72.0,L,44
ORD_00693,5,2026-02-01,288,-120.0,M,44
ORD_00748,5,2026-02-03,288,-24.0,L,44
ORD_00807,5,2026-02-06,288,-120.0,M,44
ORD_00857,5,2026-02-04,288,-120.0,M,44
ORD_00942,5,2026-01-11,288,-168.0,M,44
ORD_00032,6,2026-01-31,288,-144.0,M,78
ORD_00041,6,2026-01-23,288,-216.0,H,78
ORD_00071,6,2026-01-20,288,-48.0,L,78
ORD_00113,6,2026-01-23,288,-120.0,M,78
ORD_00163,6,2026-01-24,288,-120.0,M,78
ORD_00174,6,2026-01-30,288,-264.0,H,78
ORD_00195,6,2026-01-25,288,-240.0,H,78
ORD_00271,6,2026-01-22,288,-120.0,M,78
ORD_00290,6,2026-01-31,288,-168.0,M,78
ORD_00333,6,2026-01-29,288,-192.0,M,78
ORD_00413,6,2026-01-15,288,-120.0,M,78
ORD_00425,6,2026-02-02,288,-120.0,M,78
ORD_00438,6,2026-01-31,288,-48.0,L,78
ORD_00519,6,2026-01-11,288,-192.0,M,78
ORD_00561,6,2026-01-24,288,-192.0,M,78
ORD_00570,6,2026-01-16,288,-144.0,M,78
ORD_00581,6,2026-01-31,288,-216.0,H,78
ORD_00585,6,2026-01-04,288,-240.0,H,78
ORD_00682,6,2026-01-23,288,-72.0,L,78
ORD_00693,6,2026-02-01,288,-120.0,M,78
ORD_00748,6,2026-02-03,288,-24.0,L,78
ORD_00807,6,2026-02-06,288,-120.0,M,78
ORD_00857,6,2026-02-04,288,-120.0,M,78
ORD_00942,6,2026-01-11,288,-168.0,M,78
ORD_00032,7,2026-01-31,288,-144.0,M,17
ORD_00041,7,2026-01-23,288,-216.0,H,17
ORD_00071,7,2026-01-20,288,-48.0,L,17
ORD_00113,7,2026-01-23,288,-120.0,M,17
ORD_00163,7,2026-01-24,288,-120.0,M,17
ORD_00174,7,2026-01-30,288,-264.0,H,17
ORD_00195,7,2026-01-25,288,-240.0,H,17
ORD_00271,7,2026-01-22,288,-120.0,M,17
ORD_00290,7,2026-01-31,288,-168.0,M,17
ORD_00333,7,2026-01-29,288,-192.0,M,17
ORD_00413,7,2026-01-15,288,-120.0,M,17
ORD_00425,7,2026-02-02,288,-120.0,M,17
ORD_00438,7,2026-01-31,288,-48.0,L,17
ORD_00519,7,2026-01-11,288,-192.0,M,17
ORD_00561,7,2026-01-24,288,-192.0,M,17
ORD_00570,7,2026-01-16,288,-144.0,M,17
ORD_00581,7,2026-01-31,288,-216.0,H,17
ORD_00585,7,2026-01-04,288,-240.0,H,17
ORD_00682,7,2026-01-23,288,-72.0,L,17
ORD_00693,7,2026-02-01,288,-120.0,M,17
ORD_00748,7,2026-02-03,288,-24.0,L,17
ORD_00807,7,2026-02-06,288,-120.0,M,17
ORD_00857,7,2026-02-04,288,-120.0,M,17
ORD_00942,7,2026-01-11,288,-168.0,M,17
ORD_00032,8,2026-01-31,288,-144.0,M,16
ORD_00041,8,2026-01-23,288,-216.0,H,16
ORD_00071,8,2026-01-20,288,-48.0,L,16
ORD_00113,8,2026-01-23,288,-120.0,M,16
ORD_00163,8,2026-01-24,288,-120.0,M,16
ORD_00174,8,2026-01-30,288,-264.0,H,16
ORD_00195,8,2026-01-25,288,-240.0,H,16
ORD_00271,8,2026-01-22,288,-120.0,M,16
ORD_00290,8,2026-01-31,288,-168.0,M,16
ORD_00333,8,2026-01-29,288,-192.0,M,16
ORD_00413,8,2026-01-15,288,-120.0,M,16
ORD_00425,8,2026-02-02,288,-120.0,M,16
ORD_00438,8,2026-01-31,288,-48.0,L,16
ORD_00519,8,2026-01-11,288,-192.0,M,16
ORD_00561,8,2026-01-24,288,-192.0,M,16
ORD_00570,8,2026-01-16,288,-144.0,M,16
ORD_00581,8,2026-01-31,288,-216.0,H,16
ORD_00585,8,2026-01-04,288,-240.0,H,16
ORD_00682,8,2026-01-23,288,-72.0,L,16
ORD_00693,8,2026-02-01,288,-120.0,M,16
ORD_00748,8,2026-02-03,288,-24.0,L,16
ORD_00807,8,2026-02-06,288,-120.0,M,16
ORD_00857,8,2026-02-04,288,-120.0,M,16
ORD_00942,8,2026-01-11,288,-168.0,M,16
ORD_00003,1,2026-01-26,216,-144.0,H,14
ORD_00018,1,2026-01-14,216,-72.0,M,14
ORD_00240,1,2026-01-27,216,-120.0,M,14
ORD_00294,1,2026-01-08,216,-144.0,H,14
ORD_00727,1,2026-02-02,216,120.0,L,14
ORD_00982,1,2026-01-15,216,-144.0,H,14
ORD_00003,2,2026-01-26,216,-144.0,H,43
ORD_00018,2,2026-01-14,216,-72.0,M,43
ORD_00240,2,2026-01-27,216,-120.0,M,43
ORD_00294,2,2026-01-08,216,-144.0,H,43
ORD_00727,2,2026-02-02,216,120.0,L,43
ORD_00982,2,2026-01-15,216,-144.0,H,43
ORD_00003,3,2026-01-26,216,-144.0,H,24
ORD_00018,3,2026-01-14,216,-72.0,M,24
ORD_00240,3,2026-01-27,216,-120.0,M,24
ORD_00294,3,2026-01-08,216,-144.0,H,24
ORD_00727,3,2026-02-02,216,120.0,L,24
ORD_00982,3,2026-01-15,216,-144.0,H,24
ORD_00003,4,2026-01-26,216,-144.0,H,16
ORD_00018,4,2026-01-14,216,-72.0,M,16
ORD_00240,4,2026-01-27,216,-120.0,M,16
ORD_00294,4,2026-01-08,216,-144.0,H,16
ORD_00727,4,2026-02-02,216,120.0,L,16
ORD_00982,4,2026-01-15,216,-144.0,H,16
ORD_00003,5,2026-01-26,216,-144.0,H,31
ORD_00018,5,2026-01-14,216,-72.0,M,31
ORD_00240,5,2026-01-27,216,-120.0,M,31
ORD_00294,5,2026-01-08,216,-144.0,H,31
ORD_00727,5,2026-02-02,216,120.0,L,31
ORD_00982,5,2026-01-15,216,-144.0,H,31
ORD_00003,6,2026-01-26,216,-144.0,H,45
ORD_00018,6,2026-01-14,216,-72.0,M,45
ORD_00240,6,2026-01-27,216,-120.0,M,45
ORD_00294,6,2026-01-08,216,-144.0,H,45
ORD_00727,6,2026-02-02,216,120.0,L,45
ORD_00982,6,2026-01-15,216,-144.0,H,45
ORD_00003,7,2026-01-26,216,-144.0,H,20
ORD_00018,7,2026-01-14,216,-72.0,M,20
ORD_00240,7,2026-01-27,216,-120.0,M,20
ORD_00294,7,2026-01-08,216,-144.0,H,20
ORD_00727,7,2026-02-02,216,120.0,L,20
ORD_00982,7,2026-01-15,216,-144.0,H,20
ORD_00003,8,2026-01-26,216,-144.0,H,23
ORD_00018,8,2026-01-14,216,-72.0,M,23
ORD_00240,8,2026-01-27,216,-120.0,M,23
ORD_00294,8,2026-01-08,216,-144.0,H,23
ORD_00727,8,2026-02-02,216,120.0,L,23
ORD_00982,8,2026-01-15,216,-144.0,H,23
ORD_00442,1,2026-01-23,230,-62.0,M,16
ORD_00471,1,2026-01-25,230,-134.0,M,16
ORD_00960,1,2026-02-02,230,-86.0,M,16
ORD_00442,2,2026-01-23,230,-62.0,M,40
ORD_00471,2,2026-01-25,230,-134.0,M,40
ORD_00960,2,2026-02-02,230,-86.0,M,40
ORD_00442,3,2026-01-23,230,-62.0,M,43
ORD_00471,3,2026-01-25,230,-134.0,M,43
ORD_00960,3,2026-02-02,230,-86.0,M,43
ORD_00442,4,2026-01-23,230,-62.0,M,36
ORD_00471,4,2026-01-25,230,-134.0,M,36
ORD_00960,4,2026-02-02,230,-86.0,M,36
ORD_00442,5,2026-01-23,230,-62.0,M,50
ORD_00471,5,2026-01-25,230,-134.0,M,50
ORD_00960,5,2026-02-02,230,-86.0,M,50
ORD_00442,6,2026-01-23,230,-62.0,M,25
ORD_00471,6,2026-01-25,230,-134.0,M,25
ORD_00960,6,2026-02-02,230,-86.0,M,25
ORD_00442,7,2026-01-23,230,-62.0,M,20
ORD_00471,7,2026-01-25,230,-134.0,M,20
ORD_00960,7,2026-02-02,230,-86.0,M,20
ORD_00192,1,2026-01-23,225,-129.0,M,24
ORD_00256,1,2026-01-25,225,-81.0,M,24
ORD_00262,1,2026-01-22,225,-153.0,H,24
ORD_00613,1,2026-02-13,225,135.0,L,24
ORD_00813,1,2026-01-05,225,-129.0,M,24
ORD_00930,1,2026-01-27,225,-129.0,M,24
ORD_00192,2,2026-01-23,225,-129.0,M,19
ORD_00256,2,2026-01-25,225,-81.0,M,19
ORD_00262,2,2026-01-22,225,-153.0,H,19
ORD_00613,2,2026-02-13,225,135.0,L,19
ORD_00813,2,2026-01-05,225,-129.0,M,19
ORD_00930,2,2026-01-27,225,-129.0,M,19
ORD_00192,3,2026-01-23,225,-129.0,M,42
ORD_00256,3,2026-01-25,225,-81.0,M,42
ORD_00262,3,2026-01-22,225,-153.0,H,42
ORD_00613,3,2026-02-13,225,135.0,L,42
ORD_00813,3,2026-01-05,225,-129.0,M,42
ORD_00930,3,2026-01-27,225,-129.0,M,42
ORD_00192,4,2026-01-23,225,-129.0,M,43
ORD_00256,4,2026-01-25,225,-81.0,M,43
ORD_00262,4,2026-01-22,225,-153.0,H,43
ORD_00613,4,2026-02-13,225,135.0,L,43
ORD_00813,4,2026-01-05,225,-129.0,M,43
ORD_00930,4,2026-01-27,225,-129.0,M,43
ORD_00192,5,2026-01-23,225,-129.0,M,75
ORD_00256,5,2026-01-25,225,-81.0,M,75
ORD_00262,5,2026-01-22,225,-153.0,H,75
ORD_00613,5,2026-02-13,225,135.0,L,75
ORD_00813,5,2026-01-05,225,-129.0,M,75
ORD_00930,5,2026-01-27,225,-129.0,M,75
ORD_00192,6,2026-01-23,225,-129.0,M,12
ORD_00256,6,2026-01-25,225,-81.0,M,12
ORD_00262,6,2026-01-22,225,-153.0,H,12
ORD_00613,6,2026-02-13,225,135.0,L,12
ORD_00813,6,2026-01-05,225,-129.0,M,12
ORD_00930,6,2026-01-27,225,-129.0,M,12
ORD_00192,7,2026-01-23,225,-129.0,M,10
ORD_00256,7,2026-01-25,225,-81.0,M,10
ORD_00262,7,2026-01-22,225,-153.0,H,10
ORD_00613,7,2026-02-13,225,135.0,L,10
ORD_00813,7,2026-01-05,225,-129.0,M,10
ORD_00930,7,2026-01-27,225,-129.0,M,10
ORD_00114,1,2026-01-24,253,-133.0,M,27
ORD_00270,1,2026-01-28,253,-205.0,H,27
ORD_00430,1,2026-01-12,253,-85.0,M,27
ORD_00468,1,2026-01-20,253,-133.0,M,27
ORD_00983,1,2026-02-01,253,-109.0,M,27
ORD_00114,2,2026-01-24,253,-133.0,M,29
ORD_00270,2,2026-01-28,253,-205.0,H,29
ORD_00430,2,2026-01-12,253,-85.0,M,29
ORD_00468,2,2026-01-20,253,-133.0,M,29
ORD_00983,2,2026-02-01,253,-109.0,M,29
ORD_00114,3,2026-01-24,253,-133.0,M,36
ORD_00270,3,2026-01-28,253,-205.0,H,36
ORD_00430,3,2026-01-12,253,-85.0,M,36
ORD_00468,3,2026-01-20,253,-133.0,M,36
ORD_00983,3,2026-02-01,253,-109.0,M,36
ORD_00114,4,2026-01-24,253,-133.0,M,41
ORD_00270,4,2026-01-28,253,-205.0,H,41
ORD_00430,4,2026-01-12,253,-85.0,M,41
ORD_00468,4,2026-01-20,253,-133.0,M,41
ORD_00983,4,2026-02-01,253,-109.0,M,41
ORD_00114,5,2026-01-24,253,-133.0,M,77
ORD_00270,5,2026-01-28,253,-205.0,H,77
ORD_00430,5,2026-01-12,253,-85.0,M,77
ORD_00468,5,2026-01-20,253,-133.0,M,77
ORD_00983,5,2026-02-01,253,-109.0,M,77
ORD_00114,6,2026-01-24,253,-133.0,M,30
ORD_00270,6,2026-01-28,253,-205.0,H,30
ORD_00430,6,2026-01-12,253,-85.0,M,30
ORD_00468,6,2026-01-20,253,-133.0,M,30
ORD_00983,6,2026-02-01,253,-109.0,M,30
ORD_00114,7,2026-01-24,253,-133.0,M,13
ORD_00270,7,2026-01-28,253,-205.0,H,13
ORD_00430,7,2026-01-12,253,-85.0,M,13
ORD_00468,7,2026-01-20,253,-133.0,M,13
ORD_00983,7,2026-02-01,253,-109.0,M,13
ORD_00007,1,2026-01-30,233,-113.0,M,25
ORD_00033,1,2026-02-02,233,-65.0,M,25
ORD_00037,1,2026-02-09,233,103.0,L,25
ORD_00146,1,2026-01-11,233,-65.0,M,25
ORD_00189,1,2026-01-21,233,-65.0,M,25
ORD_00190,1,2026-01-06,233,-137.0,M,25
ORD_00213,1,2026-01-14,233,-161.0,H,25
ORD_00216,1,2026-01-05,233,-209.0,H,25
ORD_00269,1,2026-01-24,233,-113.0,M,25
ORD_00335,1,2026-01-11,233,-65.0,M,25
ORD_00373,1,2026-01-05,233,-137.0,M,25
ORD_00381,1,2026-02-05,233,-65.0,M,25
ORD_00391,1,2026-01-10,233,-65.0,M,25
ORD_00492,1,2026-01-16,233,7.0,L,25
ORD_00504,1,2026-01-20,233,-89.0,M,25
ORD_00523,1,2026-01-27,233,-113.0,M,25
ORD_00545,1,2026-01-08,233,-89.0,M,25
ORD_00553,1,2026-01-19,233,-209.0,H,25
ORD_00599,1,2026-01-29,233,-89.0,M,25
ORD_00615,1,2026-02-05,233,-65.0,M,25
ORD_00654,1,2026-01-09,233,-113.0,M,25
ORD_00686,1,2026-01-20,233,-65.0,M,25
ORD_00699,1,2026-01-27,233,-185.0,H,25
ORD_00777,1,2026-01-29,233,-113.0,M,25
ORD_00837,1,2026-01-06,233,-161.0,H,25
ORD_00883,1,2026-01-12,233,-113.0,M,25
ORD_00007,2,2026-01-30,233,-113.0,M,34
ORD_00033,2,2026-02-02,233,-65.0,M,34
ORD_00037,2,2026-02-09,233,103.0,L,34
ORD_00146,2,2026-01-11,233,-65.0,M,34
ORD_00189,2,2026-01-21,233,-65.0,M,34
ORD_00190,2,2026-01-06,233,-137.0,M,34
ORD_00213,2,2026-01-14,233,-161.0,H,34
ORD_00216,2,2026-01-05,233,-209.0,H,34
ORD_00269,2,2026-01-24,233,-113.0,M,34
ORD_00335,2,2026-01-11,233,-65.0,M,34
ORD_00373,2,2026-01-05,233,-137.0,M,34
ORD_00381,2,2026-02-05,233,-65.0,M,34
ORD_00391,2,2026-01-10,233,-65.0,M,34
ORD_00492,2,2026-01-16,233,7.0,L,34
ORD_00504,2,2026-01-20,233,-89.0,M,34
ORD_00523,2,2026-01-27,233,-113.0,M,34
ORD_00545,2,2026-01-08,233,-89.0,M,34
ORD_00553,2,2026-01-19,233,-209.0,H,34
ORD_00599,2,2026-01-29,233,-89.0,M,34
ORD_00615,2,2026-02-05,233,-65.0,M,34
ORD_00654,2,2026-01-09,233,-113.0,M,34
ORD_00686,2,2026-01-20,233,-65.0,M,34
ORD_00699,2,2026-01-27,233,-185.0,H,34
ORD_00777,2,2026-01-29,233,-113.0,M,34
ORD_00837,2,2026-01-06,233,-161.0,H,34
ORD_00883,2,2026-01-12,233,-113.0,M,34
ORD_00007,3,2026-01-30,233,-113.0,M,25
ORD_00033,3,2026-02-02,233,-65.0,M,25
ORD_00037,3,2026-02-09,233,103.0,L,25
ORD_00146,3,2026-01-11,233,-65.0,M,25
ORD_00189,3,2026-01-21,233,-65.0,M,25
ORD_00190,3,2026-01-06,233,-137.0,M,25
ORD_00213,3,2026-01-14,233,-161.0,H,25
ORD_00216,3,2026-01-05,233,-209.0,H,25
ORD_00269,3,2026-01-24,233,-113.0,M,25
ORD_00335,3,2026-01-11,233,-65.0,M,25
ORD_00373,3,2026-01-05,233,-137.0,M,25
ORD_00381,3,2026-02-05,233,-65.0,M,25
ORD_00391,3,2026-01-10,233,-65.0,M,25
ORD_00492,3,2026-01-16,233,7.0,L,25
ORD_00504,3,2026-01-20,233,-89.0,M,25
ORD_00523,3,2026-01-27,233,-113.0,M,25
ORD_00545,3,2026-01-08,233,-89.0,M,25
ORD_00553,3,2026-01-19,233,-209.0,H,25
ORD_00599,3,2026-01-29,233,-89.0,M,25
ORD_00615,3,2026-02-05,233,-65.0,M,25
ORD_00654,3,2026-01-09,233,-113.0,M,25
ORD_00686,3,2026-01-20,233,-65.0,M,25
ORD_00699,3,2026-01-27,233,-185.0,H,25
ORD_00777,3,2026-01-29,233,-113.0,M,25
ORD_00837,3,2026-01-06,233,-161.0,H,25
ORD_00883,3,2026-01-12,233,-113.0,M,25
ORD_00007,4,2026-01-30,233,-113.0,M,27
ORD_00033,4,2026-02-02,233,-65.0,M,27
ORD_00037,4,2026-02-09,233,103.0,L,27
ORD_00146,4,2026-01-11,233,-65.0,M,27
ORD_00189,4,2026-01-21,233,-65.0,M,27
ORD_00190,4,2026-01-06,233,-137.0,M,27
ORD_00213,4,2026-01-14,233,-161.0,H,27
ORD_00216,4,2026-01-05,233,-209.0,H,27
ORD_00269,4,2026-01-24,233,-113.0,M,27
ORD_00335,4,2026-01-11,233,-65.0,M,27
ORD_00373,4,2026-01-05,233,-137.0,M,27
ORD_00381,4,2026-02-05,233,-65.0,M,27
ORD_00391,4,2026-01-10,233,-65.0,M,27
ORD_00492,4,2026-01-16,233,7.0,L,27
ORD_00504,4,2026-01-20,233,-89.0,M,27
ORD_00523,4,2026-01-27,233,-113.0,M,27
ORD_00545,4,2026-01-08,233,-89.0,M,27
ORD_00553,4,2026-01-19,233,-209.0,H,27
ORD_00599,4,2026-01-29,233,-89.0,M,27
ORD_00615,4,2026-02-05,233,-65.0,M,27
ORD_00654,4,2026-01-09,233,-113.0,M,27
ORD_00686,4,2026-01-20,233,-65.0,M,27
ORD_00699,4,2026-01-27,233,-185.0,H,27
ORD_00777,4,2026-01-29,233,-113.0,M,27
ORD_00837,4,2026-01-06,233,-161.0,H,27
ORD_00883,4,2026-01-12,233,-113.0,M,27
ORD_00007,5,2026-01-30,233,-113.0,M,80
ORD_00033,5,2026-02-02,233,-65.0,M,80
ORD_00037,5,2026-02-09,233,103.0,L,80
ORD_00146,5,2026-01-11,233,-65.0,M,80
ORD_00189,5,2026-01-21,233,-65.0,M,80
ORD_00190,5,2026-01-06,233,-137.0,M,80
ORD_00213,5,2026-01-14,233,-161.0,H,80
ORD_00216,5,2026-01-05,233,-209.0,H,80
ORD_00269,5,2026-01-24,233,-113.0,M,80
ORD_00335,5,2026-01-11,233,-65.0,M,80
ORD_00373,5,2026-01-05,233,-137.0,M,80
ORD_00381,5,2026-02-05,233,-65.0,M,80
ORD_00391,5,2026-01-10,233,-65.0,M,80
ORD_00492,5,2026-01-16,233,7.0,L,80
ORD_00504,5,2026-01-20,233,-89.0,M,80
ORD_00523,5,2026-01-27,233,-113.0,M,80
ORD_00545,5,2026-01-08,233,-89.0,M,80
ORD_00553,5,2026-01-19,233,-209.0,H,80
ORD_00599,5,2026-01-29,233,-89.0,M,80
ORD_00615,5,2026-02-05,233,-65.0,M,80
ORD_00654,5,2026-01-09,233,-113.0,M,80
ORD_00686,5,2026-01-20,233,-65.0,M,80
ORD_00699,5,2026-01-27,233,-185.0,H,80
ORD_00777,5,2026-01-29,233,-113.0,M,80
ORD_00837,5,2026-01-06,233,-161.0,H,80
ORD_00883,5,2026-01-12,233,-113.0,M,80
ORD_00007,6,2026-01-30,233,-113.0,M,19
ORD_00033,6,2026-02-02,233,-65.0,M,19
ORD_00037,6,2026-02-09,233,103.0,L,19
ORD_00146,6,2026-01-11,233,-65.0,M,19
ORD_00189,6,2026-01-21,233,-65.0,M,19
ORD_00190,6,2026-01-06,233,-137.0,M,19
ORD_00213,6,2026-01-14,233,-161.0,H,19
ORD_00216,6,2026-01-05,233,-209.0,H,19
ORD_00269,6,2026-01-24,233,-113.0,M,19
ORD_00335,6,2026-01-11,233,-65.0,M,19
ORD_00373,6,2026-01-05,233,-137.0,M,19
ORD_00381,6,2026-02-05,233,-65.0,M,19
ORD_00391,6,2026-01-10,233,-65.0,M,19
ORD_00492,6,2026-01-16,233,7.0,L,19
ORD_00504,6,2026-01-20,233,-89.0,M,19
ORD_00523,6,2026-01-27,233,-113.0,M,19
ORD_00545,6,2026-01-08,233,-89.0,M,19
ORD_00553,6,2026-01-19,233,-209.0,H,19
ORD_00599,6,2026-01-29,233,-89.0,M,19
ORD_00615,6,2026-02-05,233,-65.0,M,19
ORD_00654,6,2026-01-09,233,-113.0,M,19
ORD_00686,6,2026-01-20,233,-65.0,M,19
ORD_00699,6,2026-01-27,233,-185.0,H,19
ORD_00777,6,2026-01-29,233,-113.0,M,19
ORD_00837,6,2026-01-06,233,-161.0,H,19
ORD_00883,6,2026-01-12,233,-113.0,M,19
ORD_00007,7,2026-01-30,233,-113.0,M,23
ORD_00033,7,2026-02-02,233,-65.0,M,23
ORD_00037,7,2026-02-09,233,103.0,L,23
ORD_00146,7,2026-01-11,233,-65.0,M,23
ORD_00189,7,2026-01-21,233,-65.0,M,23
ORD_00190,7,2026-01-06,233,-137.0,M,23
ORD_00213,7,2026-01-14,233,-161.0,H,23
ORD_00216,7,2026-01-05,233,-209.0,H,23
ORD_00269,7,2026-01-24,233,-113.0,M,23
ORD_00335,7,2026-01-11,233,-65.0,M,23
ORD_00373,7,2026-01-05,233,-137.0,M,23
ORD_00381,7,2026-02-05,233,-65.0,M,23
ORD_00391,7,2026-01-10,233,-65.0,M,23
ORD_00492,7,2026-01-16,233,7.0,L,23
ORD_00504,7,2026-01-20,233,-89.0,M,23
ORD_00523,7,2026-01-27,233,-113.0,M,23
ORD_00545,7,2026-01-08,233,-89.0,M,23
ORD_00553,7,2026-01-19,233,-209.0,H,23
ORD_00599,7,2026-01-29,233,-89.0,M,23
ORD_00615,7,2026-02-05,233,-65.0,M,23
ORD_00654,7,2026-01-09,233,-113.0,M,23
ORD_00686,7,2026-01-20,233,-65.0,M,23
ORD_00699,7,2026-01-27,233,-185.0,H,23
ORD_00777,7,2026-01-29,233,-113.0,M,23
ORD_00837,7,2026-01-06,233,-161.0,H,23
ORD_00883,7,2026-01-12,233,-113.0,M,23
ORD_00004,1,2026-02-02,240,-72.0,M,14
ORD_00005,1,2026-01-16,240,72.0,L,14
ORD_00008,1,2026-01-27,240,-168.0,H,14
ORD_00092,1,2026-01-07,240,-96.0,M,14
ORD_00246,1,2026-02-10,240,24.0,L,14
ORD_00316,1,2026-01-19,240,-216.0,H,14
ORD_00364,1,2026-01-15,240,48.0,L,14
ORD_00426,1,2026-02-01,240,-144.0,M,14
ORD_00542,1,2026-01-09,240,-144.0,M,14
ORD_00639,1,2026-02-01,240,-120.0,M,14
ORD_00660,1,2026-01-21,240,-216.0,H,14
ORD_00683,1,2026-01-14,240,-168.0,H,14
ORD_00805,1,2026-01-14,240,-48.0,L,14
ORD_00882,1,2026-01-19,240,24.0,L,14
ORD_00899,1,2026-01-21,240,-72.0,M,14
ORD_00915,1,2026-01-16,240,-216.0,H,14
ORD_00919,1,2026-02-03,240,-144.0,M,14
ORD_00990,1,2026-01-19,240,-144.0,M,14
ORD_00004,2,2026-02-02,240,-72.0,M,45
ORD_00005,2,2026-01-16,240,72.0,L,45
ORD_00008,2,2026-01-27,240,-168.0,H,45
ORD_00092,2,2026-01-07,240,-96.0,M,45
ORD_00246,2,2026-02-10,240,24.0,L,45
ORD_00316,2,2026-01-19,240,-216.0,H,45
ORD_00364,2,2026-01-15,240,48.0,L,45
ORD_00426,2,2026-02-01,240,-144.0,M,45
ORD_00542,2,2026-01-09,240,-144.0,M,45
ORD_00639,2,2026-02-01,240,-120.0,M,45
ORD_00660,2,2026-01-21,240,-216.0,H,45
ORD_00683,2,2026-01-14,240,-168.0,H,45
ORD_00805,2,2026-01-14,240,-48.0,L,45
ORD_00882,2,2026-01-19,240,24.0,L,45
ORD_00899,2,2026-01-21,240,-72.0,M,45
ORD_00915,2,2026-01-16,240,-216.0,H,45
ORD_00919,2,2026-02-03,240,-144.0,M,45
ORD_00990,2,2026-01-19,240,-144.0,M,45
ORD_00004,3,2026-02-02,240,-72.0,M,24
ORD_00005,3,2026-01-16,240,72.0,L,24
ORD_00008,3,2026-01-27,240,-168.0,H,24
ORD_00092,3,2026-01-07,240,-96.0,M,24
ORD_00246,3,2026-02-10,240,24.0,L,24
ORD_00316,3,2026-01-19,240,-216.0,H,24
ORD_00364,3,2026-01-15,240,48.0,L,24
ORD_00426,3,2026-02-01,240,-144.0,M,24
ORD_00542,3,2026-01-09,240,-144.0,M,24
ORD_00639,3,2026-02-01,240,-120.0,M,24
ORD_00660,3,2026-01-21,240,-216.0,H,24
ORD_00683,3,2026-01-14,240,-168.0,H,24
ORD_00805,3,2026-01-14,240,-48.0,L,24
ORD_00882,3,2026-01-19,240,24.0,L,24
ORD_00899,3,2026-01-21,240,-72.0,M,24
ORD_00915,3,2026-01-16,240,-216.0,H,24
ORD_00919,3,2026-02-03,240,-144.0,M,24
ORD_00990,3,2026-01-19,240,-144.0,M,24
ORD_00004,4,2026-02-02,240,-72.0,M,18
ORD_00005,4,2026-01-16,240,72.0,L,18
ORD_00008,4,2026-01-27,240,-168.0,H,18
ORD_00092,4,2026-01-07,240,-96.0,M,18
ORD_00246,4,2026-02-10,240,24.0,L,18
ORD_00316,4,2026-01-19,240,-216.0,H,18
ORD_00364,4,2026-01-15,240,48.0,L,18
ORD_00426,4,2026-02-01,240,-144.0,M,18
ORD_00542,4,2026-01-09,240,-144.0,M,18
ORD_00639,4,2026-02-01,240,-120.0,M,18
ORD_00660,4,2026-01-21,240,-216.0,H,18
ORD_00683,4,2026-01-14,240,-168.0,H,18
ORD_00805,4,2026-01-14,240,-48.0,L,18
ORD_00882,4,2026-01-19,240,24.0,L,18
ORD_00899,4,2026-01-21,240,-72.0,M,18
ORD_00915,4,2026-01-16,240,-216.0,H,18
ORD_00919,4,2026-02-03,240,-144.0,M,18
ORD_00990,4,2026-01-19,240,-144.0,M,18
ORD_00004,5,2026-02-02,240,-72.0,M,27
ORD_00005,5,2026-01-16,240,72.0,L,27
ORD_00008,5,2026-01-27,240,-168.0,H,27
ORD_00092,5,2026-01-07,240,-96.0,M,27
ORD_00246,5,2026-02-10,240,24.0,L,27
ORD_00316,5,2026-01-19,240,-216.0,H,27
ORD_00364,5,2026-01-15,240,48.0,L,27
ORD_00426,5,2026-02-01,240,-144.0,M,27
ORD_00542,5,2026-01-09,240,-144.0,M,27
ORD_00639,5,2026-02-01,240,-120.0,M,27
ORD_00660,5,2026-01-21,240,-216.0,H,27
ORD_00683,5,2026-01-14,240,-168.0,H,27
ORD_00805,5,2026-01-14,240,-48.0,L,27
ORD_00882,5,2026-01-19,240,24.0,L,27
ORD_00899,5,2026-01-21,240,-72.0,M,27
ORD_00915,5,2026-01-16,240,-216.0,H,27
ORD_00919,5,2026-02-03,240,-144.0,M,27
ORD_00990,5,2026-01-19,240,-144.0,M,27
ORD_00004,6,2026-02-02,240,-72.0,M,64
ORD_00005,6,2026-01-16,240,72.0,L,64
ORD_00008,6,2026-01-27,240,-168.0,H,64
ORD_00092,6,2026-01-07,240,-96.0,M,64
ORD_00246,6,2026-02-10,240,24.0,L,64
ORD_00316,6,2026-01-19,240,-216.0,H,64
ORD_00364,6,2026-01-15,240,48.0,L,64
ORD_00426,6,2026-02-01,240,-144.0,M,64
ORD_00542,6,2026-01-09,240,-144.0,M,64
ORD_00639,6,2026-02-01,240,-120.0,M,64
ORD_00660,6,2026-01-21,240,-216.0,H,64
ORD_00683,6,2026-01-14,240,-168.0,H,64
ORD_00805,6,2026-01-14,240,-48.0,L,64
ORD_00882,6,2026-01-19,240,24.0,L,64
ORD_00899,6,2026-01-21,240,-72.0,M,64
ORD_00915,6,2026-01-16,240,-216.0,H,64
ORD_00919,6,2026-02-03,240,-144.0,M,64
ORD_00990,6,2026-01-19,240,-144.0,M,64
ORD_00004,7,2026-02-02,240,-72.0,M,21
ORD_00005,7,2026-01-16,240,72.0,L,21
ORD_00008,7,2026-01-27,240,-168.0,H,21
ORD_00092,7,2026-01-07,240,-96.0,M,21
ORD_00246,7,2026-02-10,240,24.0,L,21
ORD_00316,7,2026-01-19,240,-216.0,H,21
ORD_00364,7,2026-01-15,240,48.0,L,21
ORD_00426,7,2026-02-01,240,-144.0,M,21
ORD_00542,7,2026-01-09,240,-144.0,M,21
ORD_00639,7,2026-02-01,240,-120.0,M,21
ORD_00660,7,2026-01-21,240,-216.0,H,21
ORD_00683,7,2026-01-14,240,-168.0,H,21
ORD_00805,7,2026-01-14,240,-48.0,L,21
ORD_00882,7,2026-01-19,240,24.0,L,21
ORD_00899,7,2026-01-21,240,-72.0,M,21
ORD_00915,7,2026-01-16,240,-216.0,H,21
ORD_00919,7,2026-02-03,240,-144.0,M,21
ORD_00990,7,2026-01-19,240,-144.0,M,21
ORD_00004,8,2026-02-02,240,-72.0,M,27
ORD_00005,8,2026-01-16,240,72.0,L,27
ORD_00008,8,2026-01-27,240,-168.0,H,27
ORD_00092,8,2026-01-07,240,-96.0,M,27
ORD_00246,8,2026-02-10,240,24.0,L,27
ORD_00316,8,2026-01-19,240,-216.0,H,27
ORD_00364,8,2026-01-15,240,48.0,L,27
ORD_00426,8,2026-02-01,240,-144.0,M,27
ORD_00542,8,2026-01-09,240,-144.0,M,27
ORD_00639,8,2026-02-01,240,-120.0,M,27
ORD_00660,8,2026-01-21,240,-216.0,H,27
ORD_00683,8,2026-01-14,240,-168.0,H,27
ORD_00805,8,2026-01-14,240,-48.0,L,27
ORD_00882,8,2026-01-19,240,24.0,L,27
ORD_00899,8,2026-01-21,240,-72.0,M,27
ORD_00915,8,2026-01-16,240,-216.0,H,27
ORD_00919,8,2026-02-03,240,-144.0,M,27
ORD_00990,8,2026-01-19,240,-144.0,M,27
ORD_00366,1,2026-02-02,288,-168.0,M,28
ORD_00376,1,2026-01-13,288,-120.0,M,28
ORD_00429,1,2026-02-01,288,-192.0,M,28
ORD_00366,2,2026-02-02,288,-168.0,M,43
ORD_00376,2,2026-01-13,288,-120.0,M,43
ORD_00429,2,2026-02-01,288,-192.0,M,43
ORD_00366,3,2026-02-02,288,-168.0,M,35
ORD_00376,3,2026-01-13,288,-120.0,M,35
ORD_00429,3,2026-02-01,288,-192.0,M,35
ORD_00366,4,2026-02-02,288,-168.0,M,41
ORD_00376,4,2026-01-13,288,-120.0,M,41
ORD_00429,4,2026-02-01,288,-192.0,M,41
ORD_00366,5,2026-02-02,288,-168.0,M,39
ORD_00376,5,2026-01-13,288,-120.0,M,39
ORD_00429,5,2026-02-01,288,-192.0,M,39
ORD_00366,6,2026-02-02,288,-168.0,M,57
ORD_00376,6,2026-01-13,288,-120.0,M,57
ORD_00429,6,2026-02-01,288,-192.0,M,57
ORD_00366,7,2026-02-02,288,-168.0,M,21
ORD_00376,7,2026-01-13,288,-120.0,M,21
ORD_00429,7,2026-02-01,288,-192.0,M,21
ORD_00366,8,2026-02-02,288,-168.0,M,24
ORD_00376,8,2026-01-13,288,-120.0,M,24
ORD_00429,8,2026-02-01,288,-192.0,M,24
ORD_00521,1,2026-02-02,186,-18.0,M,17
ORD_00829,1,2026-01-17,186,6.0,L,17
ORD_00521,2,2026-02-02,186,-18.0,M,18
ORD_00829,2,2026-01-17,186,6.0,L,18
ORD_00521,3,2026-02-02,186,-18.0,M,32
ORD_00829,3,2026-01-17,186,6.0,L,32
ORD_00521,4,2026-02-02,186,-18.0,M,16
ORD_00829,4,2026-01-17,186,6.0,L,16
ORD_00521,5,2026-02-02,186,-18.0,M,28
ORD_00829,5,2026-01-17,186,6.0,L,28
ORD_00521,6,2026-02-02,186,-18.0,M,47
ORD_00829,6,2026-01-17,186,6.0,L,47
ORD_00521,7,2026-02-02,186,-18.0,M,12
ORD_00829,7,2026-01-17,186,6.0,L,12
ORD_00521,8,2026-02-02,186,-18.0,M,16
ORD_00829,8,2026-01-17,186,6.0,L,16
ORD_00182,1,2026-01-22,232,104.0,L,11
ORD_00212,1,2026-01-26,232,80.0,L,11
ORD_00305,1,2026-01-30,232,-136.0,M,11
ORD_00357,1,2026-01-25,232,-112.0,M,11
ORD_00182,2,2026-01-22,232,104.0,L,22
ORD_00212,2,2026-01-26,232,80.0,L,22
ORD_00305,2,2026-01-30,232,-136.0,M,22
ORD_00357,2,2026-01-25,232,-112.0,M,22
ORD_00182,3,2026-01-22,232,104.0,L,40
ORD_00212,3,2026-01-26,232,80.0,L,40
ORD_00305,3,2026-01-30,232,-136.0,M,40
ORD_00357,3,2026-01-25,232,-112.0,M,40
ORD_00182,4,2026-01-22,232,104.0,L,26
ORD_00212,4,2026-01-26,232,80.0,L,26
ORD_00305,4,2026-01-30,232,-136.0,M,26
ORD_00357,4,2026-01-25,232,-112.0,M,26
ORD_00182,5,2026-01-22,232,104.0,L,88
ORD_00212,5,2026-01-26,232,80.0,L,88
ORD_00305,5,2026-01-30,232,-136.0,M,88
ORD_00357,5,2026-01-25,232,-112.0,M,88
ORD_00182,6,2026-01-22,232,104.0,L,28
ORD_00212,6,2026-01-26,232,80.0,L,28
ORD_00305,6,2026-01-30,232,-136.0,M,28
ORD_00357,6,2026-01-25,232,-112.0,M,28
ORD_00182,7,2026-01-22,232,104.0,L,17
ORD_00212,7,2026-01-26,232,80.0,L,17
ORD_00305,7,2026-01-30,232,-136.0,M,17
ORD_00357,7,2026-01-25,232,-112.0,M,17
ORD_00053,1,2026-01-16,166,-70.0,M,14
ORD_00118,1,2026-02-13,166,194.0,L,14
ORD_00140,1,2026-01-09,166,-70.0,M,14
ORD_00145,1,2026-01-08,166,-94.0,H,14
ORD_00154,1,2026-01-28,166,-70.0,M,14
ORD_00183,1,2026-01-15,166,-46.0,M,14
ORD_00277,1,2026-01-29,166,-70.0,M,14
ORD_00283,1,2026-01-28,166,-46.0,M,14
ORD_00307,1,2026-01-29,166,122.0,L,14
ORD_00356,1,2026-02-07,166,122.0,L,14
ORD_00367,1,2026-02-05,166,-22.0,M,14
ORD_00436,1,2026-01-11,166,-118.0,H,14
ORD_00494,1,2026-01-25,166,-70.0,M,14
ORD_00500,1,2026-01-17,166,2.0,M,14
ORD_00525,1,2026-01-07,166,-70.0,M,14
ORD_00540,1,2026-01-30,166,2.0,M,14
ORD_00617,1,2026-01-21,166,-118.0,H,14
ORD_00632,1,2026-01-27,166,-142.0,H,14
ORD_00642,1,2026-01-29,166,-70.0,M,14
ORD_00685,1,2026-02-01,166,-70.0,M,14
ORD_00692,1,2026-01-20,166,-46.0,M,14
ORD_00704,1,2026-02-01,166,-118.0,H,14
ORD_00717,1,2026-01-20,166,-46.0,M,14
ORD_00778,1,2026-01-08,166,-118.0,H,14
ORD_00848,1,2026-01-15,166,-70.0,M,14
ORD_00855,1,2026-01-13,166,-46.0,M,14
ORD_00869,1,2026-01-08,166,-94.0,H,14
ORD_00901,1,2026-01-15,166,2.0,M,14
ORD_00938,1,2026-02-01,166,-46.0,M,14
ORD_00945,1,2026-01-08,166,-70.0,M,14
ORD_00988,1,2026-02-06,166,122.0,L,14
ORD_00053,2,2026-01-16,166,-70.0,M,23
ORD_00118,2,2026-02-13,166,194.0,L,23
ORD_00140,2,2026-01-09,166,-70.0,M,23
ORD_00145,2,2026-01-08,166,-94.0,H,23
ORD_00154,2,2026-01-28,166,-70.0,M,23
ORD_00183,2,2026-01-15,166,-46.0,M,23
ORD_00277,2,2026-01-29,166,-70.0,M,23
ORD_00283,2,2026-01-28,166,-46.0,M,23
ORD_00307,2,2026-01-29,166,122.0,L,23
ORD_00356,2,2026-02-07,166,122.0,L,23
ORD_00367,2,2026-02-05,166,-22.0,M,23
ORD_00436,2,2026-01-11,166,-118.0,H,23
ORD_00494,2,2026-01-25,166,-70.0,M,23
ORD_00500,2,2026-01-17,166,2.0,M,23
ORD_00525,2,2026-01-07,166,-70.0,M,23
ORD_00540,2,2026-01-30,166,2.0,M,23
ORD_00617,2,2026-01-21,166,-118.0,H,23
ORD_00632,2,2026-01-27,166,-142.0,H,23
ORD_00642,2,2026-01-29,166,-70.0,M,23
ORD_00685,2,2026-02-01,166,-70.0,M,23
ORD_00692,2,2026-01-20,166,-46.0,M,23
ORD_00704,2,2026-02-01,166,-118.0,H,23
ORD_00717,2,2026-01-20,166,-46.0,M,23
ORD_00778,2,2026-01-08,166,-118.0,H,23
ORD_00848,2,2026-01-15,166,-70.0,M,23
ORD_00855,2,2026-01-13,166,-46.0,M,23
ORD_00869,2,2026-01-08,166,-94.0,H,23
ORD_00901,2,2026-01-15,166,2.0,M,23
ORD_00938,2,2026-02-01,166,-46.0,M,23
ORD_00945,2,2026-01-08,166,-70.0,M,23
ORD_00988,2,2026-02-06,166,122.0,L,23
ORD_00053,3,2026-01-16,166,-70.0,M,19
ORD_00118,3,2026-02-13,166,194.0,L,19
ORD_00140,3,2026-01-09,166,-70.0,M,19
ORD_00145,3,2026-01-08,166,-94.0,H,19
ORD_00154,3,2026-01-28,166,-70.0,M,19
ORD_00183,3,2026-01-15,166,-46.0,M,19
ORD_00277,3,2026-01-29,166,-70.0,M,19
ORD_00283,3,2026-01-28,166,-46.0,M,19
ORD_00307,3,2026-01-29,166,122.0,L,19
ORD_00356,3,2026-02-07,166,122.0,L,19
ORD_00367,3,2026-02-05,166,-22.0,M,19
ORD_00436,3,2026-01-11,166,-118.0,H,19
ORD_00494,3,2026-01-25,166,-70.0,M,19
ORD_00500,3,2026-01-17,166,2.0,M,19
ORD_00525,3,2026-01-07,166,-70.0,M,19
ORD_00540,3,2026-01-30,166,2.0,M,19
ORD_00617,3,2026-01-21,166,-118.0,H,19
ORD_00632,3,2026-01-27,166,-142.0,H,19
ORD_00642,3,2026-01-29,166,-70.0,M,19
ORD_00685,3,2026-02-01,166,-70.0,M,19
ORD_00692,3,2026-01-20,166,-46.0,M,19
ORD_00704,3,2026-02-01,166,-118.0,H,19
ORD_00717,3,2026-01-20,166,-46.0,M,19
ORD_00778,3,2026-01-08,166,-118.0,H,19
ORD_00848,3,2026-01-15,166,-70.0,M,19
ORD_00855,3,2026-01-13,166,-46.0,M,19
ORD_00869,3,2026-01-08,166,-94.0,H,19
ORD_00901,3,2026-01-15,166,2.0,M,19
ORD_00938,3,2026-02-01,166,-46.0,M,19
ORD_00945,3,2026-01-08,166,-70.0,M,19
ORD_00988,3,2026-02-06,166,122.0,L,19
ORD_00053,4,2026-01-16,166,-70.0,M,28
ORD_00118,4,2026-02-13,166,194.0,L,28
ORD_00140,4,2026-01-09,166,-70.0,M,28
ORD_00145,4,2026-01-08,166,-94.0,H,28
ORD_00154,4,2026-01-28,166,-70.0,M,28
ORD_00183,4,2026-01-15,166,-46.0,M,28
ORD_00277,4,2026-01-29,166,-70.0,M,28
ORD_00283,4,2026-01-28,166,-46.0,M,28
ORD_00307,4,2026-01-29,166,122.0,L,28
ORD_00356,4,2026-02-07,166,122.0,L,28
ORD_00367,4,2026-02-05,166,-22.0,M,28
ORD_00436,4,2026-01-11,166,-118.0,H,28
ORD_00494,4,2026-01-25,166,-70.0,M,28
ORD_00500,4,2026-01-17,166,2.0,M,28
ORD_00525,4,2026-01-07,166,-70.0,M,28
ORD_00540,4,2026-01-30,166,2.0,M,28
ORD_00617,4,2026-01-21,166,-118.0,H,28
ORD_00632,4,2026-01-27,166,-142.0,H,28
ORD_00642,4,2026-01-29,166,-70.0,M,28
ORD_00685,4,2026-02-01,166,-70.0,M,28
ORD_00692,4,2026-01-20,166,-46.0,M,28
ORD_00704,4,2026-02-01,166,-118.0,H,28
ORD_00717,4,2026-01-20,166,-46.0,M,28
ORD_00778,4,2026-01-08,166,-118.0,H,28
ORD_00848,4,2026-01-15,166,-70.0,M,28
ORD_00855,4,2026-01-13,166,-46.0,M,28
ORD_00869,4,2026-01-08,166,-94.0,H,28
ORD_00901,4,2026-01-15,166,2.0,M,28
ORD_00938,4,2026-02-01,166,-46.0,M,28
ORD_00945,4,2026-01-08,166,-70.0,M,28
ORD_00988,4,2026-02-06,166,122.0,L,28
ORD_00053,5,2026-01-16,166,-70.0,M,47
ORD_00118,5,2026-02-13,166,194.0,L,47
ORD_00140,5,2026-01-09,166,-70.0,M,47
ORD_00145,5,2026-01-08,166,-94.0,H,47
ORD_00154,5,2026-01-28,166,-70.0,M,47
ORD_00183,5,2026-01-15,166,-46.0,M,47
ORD_00277,5,2026-01-29,166,-70.0,M,47
ORD_00283,5,2026-01-28,166,-46.0,M,47
ORD_00307,5,2026-01-29,166,122.0,L,47
ORD_00356,5,2026-02-07,166,122.0,L,47
ORD_00367,5,2026-02-05,166,-22.0,M,47
ORD_00436,5,2026-01-11,166,-118.0,H,47
ORD_00494,5,2026-01-25,166,-70.0,M,47
ORD_00500,5,2026-01-17,166,2.0,M,47
ORD_00525,5,2026-01-07,166,-70.0,M,47
ORD_00540,5,2026-01-30,166,2.0,M,47
ORD_00617,5,2026-01-21,166,-118.0,H,47
ORD_00632,5,2026-01-27,166,-142.0,H,47
ORD_00642,5,2026-01-29,166,-70.0,M,47
ORD_00685,5,2026-02-01,166,-70.0,M,47
ORD_00692,5,2026-01-20,166,-46.0,M,47
ORD_00704,5,2026-02-01,166,-118.0,H,47
ORD_00717,5,2026-01-20,166,-46.0,M,47
ORD_00778,5,2026-01-08,166,-118.0,H,47
ORD_00848,5,2026-01-15,166,-70.0,M,47
ORD_00855,5,2026-01-13,166,-46.0,M,47
ORD_00869,5,2026-01-08,166,-94.0,H,47
ORD_00901,5,2026-01-15,166,2.0,M,47
ORD_00938,5,2026-02-01,166,-46.0,M,47
ORD_00945,5,2026-01-08,166,-70.0,M,47
ORD_00988,5,2026-02-06,166,122.0,L,47
ORD_00053,6,2026-01-16,166,-70.0,M,14
ORD_00118,6,2026-02-13,166,194.0,L,14
ORD_00140,6,2026-01-09,166,-70.0,M,14
ORD_00145,6,2026-01-08,166,-94.0,H,14
ORD_00154,6,2026-01-28,166,-70.0,M,14
ORD_00183,6,2026-01-15,166,-46.0,M,14
ORD_00277,6,2026-01-29,166,-70.0,M,14
ORD_00283,6,2026-01-28,166,-46.0,M,14
ORD_00307,6,2026-01-29,166,122.0,L,14
ORD_00356,6,2026-02-07,166,122.0,L,14
ORD_00367,6,2026-02-05,166,-22.0,M,14
ORD_00436,6,2026-01-11,166,-118.0,H,14
ORD_00494,6,2026-01-25,166,-70.0,M,14
ORD_00500,6,2026-01-17,166,2.0,M,14
ORD_00525,6,2026-01-07,166,-70.0,M,14
ORD_00540,6,2026-01-30,166,2.0,M,14
ORD_00617,6,2026-01-21,166,-118.0,H,14
ORD_00632,6,2026-01-27,166,-142.0,H,14
ORD_00642,6,2026-01-29,166,-70.0,M,14
ORD_00685,6,2026-02-01,166,-70.0,M,14
ORD_00692,6,2026-01-20,166,-46.0,M,14
ORD_00704,6,2026-02-01,166,-118.0,H,14
ORD_00717,6,2026-01-20,166,-46.0,M,14
ORD_00778,6,2026-01-08,166,-118.0,H,14
ORD_00848,6,2026-01-15,166,-70.0,M,14
ORD_00855,6,2026-01-13,166,-46.0,M,14
ORD_00869,6,2026-01-08,166,-94.0,H,14
ORD_00901,6,2026-01-15,166,2.0,M,14
ORD_00938,6,2026-02-01,166,-46.0,M,14
ORD_00945,6,2026-01-08,166,-70.0,M,14
ORD_00988,6,2026-02-06,166,122.0,L,14
ORD_00053,7,2026-01-16,166,-70.0,M,21
ORD_00118,7,2026-02-13,166,194.0,L,21
ORD_00140,7,2026-01-09,166,-70.0,M,21
ORD_00145,7,2026-01-08,166,-94.0,H,21
ORD_00154,7,2026-01-28,166,-70.0,M,21
ORD_00183,7,2026-01-15,166,-46.0,M,21
ORD_00277,7,2026-01-29,166,-70.0,M,21
ORD_00283,7,2026-01-28,166,-46.0,M,21
ORD_00307,7,2026-01-29,166,122.0,L,21
ORD_00356,7,2026-02-07,166,122.0,L,21
ORD_00367,7,2026-02-05,166,-22.0,M,21
ORD_00436,7,2026-01-11,166,-118.0,H,21
ORD_00494,7,2026-01-25,166,-70.0,M,21
ORD_00500,7,2026-01-17,166,2.0,M,21
ORD_00525,7,2026-01-07,166,-70.0,M,21
ORD_00540,7,2026-01-30,166,2.0,M,21
ORD_00617,7,2026-01-21,166,-118.0,H,21
ORD_00632,7,2026-01-27,166,-142.0,H,21
ORD_00642,7,2026-01-29,166,-70.0,M,21
ORD_00685,7,2026-02-01,166,-70.0,M,21
ORD_00692,7,2026-01-20,166,-46.0,M,21
ORD_00704,7,2026-02-01,166,-118.0,H,21
ORD_00717,7,2026-01-20,166,-46.0,M,21
ORD_00778,7,2026-01-08,166,-118.0,H,21
ORD_00848,7,2026-01-15,166,-70.0,M,21
ORD_00855,7,2026-01-13,166,-46.0,M,21
ORD_00869,7,2026-01-08,166,-94.0,H,21
ORD_00901,7,2026-01-15,166,2.0,M,21
ORD_00938,7,2026-02-01,166,-46.0,M,21
ORD_00945,7,2026-01-08,166,-70.0,M,21
ORD_00988,7,2026-02-06,166,122.0,L,21
ORD_00193,1,2026-02-01,251,85.0,L,28
ORD_00278,1,2026-01-27,251,-83.0,M,28
ORD_00295,1,2026-01-08,251,-131.0,M,28
ORD_00484,1,2026-01-30,251,-35.0,L,28
ORD_00577,1,2026-01-25,251,-227.0,H,28
ORD_00193,2,2026-02-01,251,85.0,L,15
ORD_00278,2,2026-01-27,251,-83.0,M,15
ORD_00295,2,2026-01-08,251,-131.0,M,15
ORD_00484,2,2026-01-30,251,-35.0,L,15
ORD_00577,2,2026-01-25,251,-227.0,H,15
ORD_00193,3,2026-02-01,251,85.0,L,23
ORD_00278,3,2026-01-27,251,-83.0,M,23
ORD_00295,3,2026-01-08,251,-131.0,M,23
ORD_00484,3,2026-01-30,251,-35.0,L,23
ORD_00577,3,2026-01-25,251,-227.0,H,23
ORD_00193,4,2026-02-01,251,85.0,L,19
ORD_00278,4,2026-01-27,251,-83.0,M,19
ORD_00295,4,2026-01-08,251,-131.0,M,19
ORD_00484,4,2026-01-30,251,-35.0,L,19
ORD_00577,4,2026-01-25,251,-227.0,H,19
ORD_00193,5,2026-02-01,251,85.0,L,33
ORD_00278,5,2026-01-27,251,-83.0,M,33
ORD_00295,5,2026-01-08,251,-131.0,M,33
ORD_00484,5,2026-01-30,251,-35.0,L,33
ORD_00577,5,2026-01-25,251,-227.0,H,33
ORD_00193,6,2026-02-01,251,85.0,L,87
ORD_00278,6,2026-01-27,251,-83.0,M,87
ORD_00295,6,2026-01-08,251,-131.0,M,87
ORD_00484,6,2026-01-30,251,-35.0,L,87
ORD_00577,6,2026-01-25,251,-227.0,H,87
ORD_00193,7,2026-02-01,251,85.0,L,25
ORD_00278,7,2026-01-27,251,-83.0,M,25
ORD_00295,7,2026-01-08,251,-131.0,M,25
ORD_00484,7,2026-01-30,251,-35.0,L,25
ORD_00577,7,2026-01-25,251,-227.0,H,25
ORD_00193,8,2026-02-01,251,85.0,L,21
ORD_00278,8,2026-01-27,251,-83.0,M,21
ORD_00295,8,2026-01-08,251,-131.0,M,21
ORD_00484,8,2026-01-30,251,-35.0,L,21
ORD_00577,8,2026-01-25,251,-227.0,H,21
ORD_00605,1,2026-01-11,227,-59.0,M,24
ORD_00711,1,2026-01-12,227,-35.0,L,24
ORD_00765,1,2026-02-02,227,-11.0,L,24
ORD_00605,2,2026-01-11,227,-59.0,M,45
ORD_00711,2,2026-01-12,227,-35.0,L,45
ORD_00765,2,2026-02-02,227,-11.0,L,45
ORD_00605,3,2026-01-11,227,-59.0,M,16
ORD_00711,3,2026-01-12,227,-35.0,L,16
ORD_00765,3,2026-02-02,227,-11.0,L,16
ORD_00605,4,2026-01-11,227,-59.0,M,24
ORD_00711,4,2026-01-12,227,-35.0,L,24
ORD_00765,4,2026-02-02,227,-11.0,L,24
ORD_00605,5,2026-01-11,227,-59.0,M,40
ORD_00711,5,2026-01-12,227,-35.0,L,40
ORD_00765,5,2026-02-02,227,-11.0,L,40
ORD_00605,6,2026-01-11,227,-59.0,M,43
ORD_00711,6,2026-01-12,227,-35.0,L,43
ORD_00765,6,2026-02-02,227,-11.0,L,43
ORD_00605,7,2026-01-11,227,-59.0,M,22
ORD_00711,7,2026-01-12,227,-35.0,L,22
ORD_00765,7,2026-02-02,227,-11.0,L,22
ORD_00605,8,2026-01-11,227,-59.0,M,13
ORD_00711,8,2026-01-12,227,-35.0,L,13
ORD_00765,8,2026-02-02,227,-11.0,L,13
ORD_00291,1,2026-01-20,221,91.0,L,24
ORD_00509,1,2026-01-19,221,-77.0,M,24
ORD_00955,1,2026-01-24,221,-5.0,L,24
ORD_00291,2,2026-01-20,221,91.0,L,43
ORD_00509,2,2026-01-19,221,-77.0,M,43
ORD_00955,2,2026-01-24,221,-5.0,L,43
ORD_00291,3,2026-01-20,221,91.0,L,25
ORD_00509,3,2026-01-19,221,-77.0,M,25
ORD_00955,3,2026-01-24,221,-5.0,L,25
ORD_00291,4,2026-01-20,221,91.0,L,24
ORD_00509,4,2026-01-19,221,-77.0,M,24
ORD_00955,4,2026-01-24,221,-5.0,L,24
ORD_00291,5,2026-01-20,221,91.0,L,48
ORD_00509,5,2026-01-19,221,-77.0,M,48
ORD_00955,5,2026-01-24,221,-5.0,L,48
ORD_00291,6,2026-01-20,221,91.0,L,29
ORD_00509,6,2026-01-19,221,-77.0,M,29
ORD_00955,6,2026-01-24,221,-5.0,L,29
ORD_00291,7,2026-01-20,221,91.0,L,28
ORD_00509,7,2026-01-19,221,-77.0,M,28
ORD_00955,7,2026-01-24,221,-5.0,L,28
ORD_00459,1,2026-02-01,230,-110.0,M,22
ORD_00951,1,2026-02-02,230,-134.0,M,22
ORD_00459,2,2026-02-01,230,-110.0,M,29
ORD_00951,2,2026-02-02,230,-134.0,M,29
ORD_00459,3,2026-02-01,230,-110.0,M,34
ORD_00951,3,2026-02-02,230,-134.0,M,34
ORD_00459,4,2026-02-01,230,-110.0,M,18
ORD_00951,4,2026-02-02,230,-134.0,M,18
ORD_00459,5,2026-02-01,230,-110.0,M,23
ORD_00951,5,2026-02-02,230,-134.0,M,23
ORD_00459,6,2026-02-01,230,-110.0,M,67
ORD_00951,6,2026-02-02,230,-134.0,M,67
ORD_00459,7,2026-02-01,230,-110.0,M,17
ORD_00951,7,2026-02-02,230,-134.0,M,17
ORD_00459,8,2026-02-01,230,-110.0,M,20
ORD_00951,8,2026-02-02,230,-134.0,M,20
ORD_00046,1,2026-01-18,215,-47.0,M,22
ORD_00790,1,2026-01-11,215,-71.0,M,22
ORD_00046,2,2026-01-18,215,-47.0,M,38
ORD_00790,2,2026-01-11,215,-71.0,M,38
ORD_00046,3,2026-01-18,215,-47.0,M,25
ORD_00790,3,2026-01-11,215,-71.0,M,25
ORD_00046,4,2026-01-18,215,-47.0,M,30
ORD_00790,4,2026-01-11,215,-71.0,M,30
ORD_00046,5,2026-01-18,215,-47.0,M,63
ORD_00790,5,2026-01-11,215,-71.0,M,63
ORD_00046,6,2026-01-18,215,-47.0,M,25
ORD_00790,6,2026-01-11,215,-71.0,M,25
ORD_00046,7,2026-01-18,215,-47.0,M,12
ORD_00790,7,2026-01-11,215,-71.0,M,12
ORD_00058,1,2026-01-11,218,-98.0,M,12
ORD_00058,2,2026-01-11,218,-98.0,M,18
ORD_00058,3,2026-01-11,218,-98.0,M,40
ORD_00058,4,2026-01-11,218,-98.0,M,37
ORD_00058,5,2026-01-11,218,-98.0,M,77
ORD_00058,6,2026-01-11,218,-98.0,M,13
ORD_00058,7,2026-01-11,218,-98.0,M,21
ORD_00457,1,2026-02-05,196,-52.0,M,11
ORD_00824,1,2026-01-12,196,-100.0,M,11
ORD_00457,2,2026-02-05,196,-52.0,M,34
ORD_00824,2,2026-01-12,196,-100.0,M,34
ORD_00457,3,2026-02-05,196,-52.0,M,26
ORD_00824,3,2026-01-12,196,-100.0,M,26
ORD_00457,4,2026-02-05,196,-52.0,M,38
ORD_00824,4,2026-01-12,196,-100.0,M,38
ORD_00457,5,2026-02-05,196,-52.0,M,49
ORD_00824,5,2026-01-12,196,-100.0,M,49
ORD_00457,6,2026-02-05,196,-52.0,M,17
ORD_00824,6,2026-01-12,196,-100.0,M,17
ORD_00457,7,2026-02-05,196,-52.0,M,21
ORD_00824,7,2026-01-12,196,-100.0,M,21
ORD_00712,1,2026-01-17,239,-71.0,M,13
ORD_00712,2,2026-01-17,239,-71.0,M,33
ORD_00712,3,2026-01-17,239,-71.0,M,40
ORD_00712,4,2026-01-17,239,-71.0,M,47
ORD_00712,5,2026-01-17,239,-71.0,M,78
ORD_00712,6,2026-01-17,239,-71.0,M,10
ORD_00712,7,2026-01-17,239,-71.0,M,18
ORD_00812,1,2026-01-06,215,-143.0,H,22
ORD_00812,2,2026-01-06,215,-143.0,H,29
ORD_00812,3,2026-01-06,215,-143.0,H,20
ORD_00812,4,2026-01-06,215,-143.0,H,29
ORD_00812,5,2026-01-06,215,-143.0,H,89
ORD_00812,6,2026-01-06,215,-143.0,H,11
ORD_00812,7,2026-01-06,215,-143.0,H,15
ORD_00117,1,2026-02-07,250,62.0,L,12
ORD_00158,1,2026-01-19,250,-178.0,H,12
ORD_00222,1,2026-01-17,250,-82.0,M,12
ORD_00263,1,2026-01-18,250,-106.0,M,12
ORD_00292,1,2026-01-20,250,-106.0,M,12
ORD_00117,2,2026-02-07,250,62.0,L,29
ORD_00158,2,2026-01-19,250,-178.0,H,29
ORD_00222,2,2026-01-17,250,-82.0,M,29
ORD_00263,2,2026-01-18,250,-106.0,M,29
ORD_00292,2,2026-01-20,250,-106.0,M,29
ORD_00117,3,2026-02-07,250,62.0,L,30
ORD_00158,3,2026-01-19,250,-178.0,H,30
ORD_00222,3,2026-01-17,250,-82.0,M,30
ORD_00263,3,2026-01-18,250,-106.0,M,30
ORD_00292,3,2026-01-20,250,-106.0,M,30
ORD_00117,4,2026-02-07,250,62.0,L,29
ORD_00158,4,2026-01-19,250,-178.0,H,29
ORD_00222,4,2026-01-17,250,-82.0,M,29
ORD_00263,4,2026-01-18,250,-106.0,M,29
ORD_00292,4,2026-01-20,250,-106.0,M,29
ORD_00117,5,2026-02-07,250,62.0,L,28
ORD_00158,5,2026-01-19,250,-178.0,H,28
ORD_00222,5,2026-01-17,250,-82.0,M,28
ORD_00263,5,2026-01-18,250,-106.0,M,28
ORD_00292,5,2026-01-20,250,-106.0,M,28
ORD_00117,6,2026-02-07,250,62.0,L,88
ORD_00158,6,2026-01-19,250,-178.0,H,88
ORD_00222,6,2026-01-17,250,-82.0,M,88
ORD_00263,6,2026-01-18,250,-106.0,M,88
ORD_00292,6,2026-01-20,250,-106.0,M,88
ORD_00117,7,2026-02-07,250,62.0,L,21
ORD_00158,7,2026-01-19,250,-178.0,H,21
ORD_00222,7,2026-01-17,250,-82.0,M,21
ORD_00263,7,2026-01-18,250,-106.0,M,21
ORD_00292,7,2026-01-20,250,-106.0,M,21
ORD_00117,8,2026-02-07,250,62.0,L,13
ORD_00158,8,2026-01-19,250,-178.0,H,13
ORD_00222,8,2026-01-17,250,-82.0,M,13
ORD_00263,8,2026-01-18,250,-106.0,M,13
ORD_00292,8,2026-01-20,250,-106.0,M,13
ORD_00016,1,2026-01-26,180,-36.0,M,28
ORD_00062,1,2026-01-21,180,-36.0,M,28
ORD_00075,1,2026-01-29,180,-60.0,M,28
ORD_00116,1,2026-02-04,180,132.0,L,28
ORD_00175,1,2026-01-24,180,-60.0,M,28
ORD_00203,1,2026-02-06,180,-12.0,M,28
ORD_00217,1,2026-01-29,180,-84.0,M,28
ORD_00250,1,2026-01-24,180,-84.0,M,28
ORD_00384,1,2026-01-22,180,-36.0,M,28
ORD_00501,1,2026-01-26,180,-12.0,M,28
ORD_00511,1,2026-01-14,180,60.0,L,28
ORD_00551,1,2026-01-07,180,-60.0,M,28
ORD_00678,1,2026-01-13,180,-36.0,M,28
ORD_00690,1,2026-01-06,180,-108.0,H,28
ORD_00811,1,2026-01-14,180,-108.0,H,28
ORD_00931,1,2026-01-06,180,-60.0,M,28
ORD_00016,2,2026-01-26,180,-36.0,M,31
ORD_00062,2,2026-01-21,180,-36.0,M,31
ORD_00075,2,2026-01-29,180,-60.0,M,31
ORD_00116,2,2026-02-04,180,132.0,L,31
ORD_00175,2,2026-01-24,180,-60.0,M,31
ORD_00203,2,2026-02-06,180,-12.0,M,31
ORD_00217,2,2026-01-29,180,-84.0,M,31
ORD_00250,2,2026-01-24,180,-84.0,M,31
ORD_00384,2,2026-01-22,180,-36.0,M,31
ORD_00501,2,2026-01-26,180,-12.0,M,31
ORD_00511,2,2026-01-14,180,60.0,L,31
ORD_00551,2,2026-01-07,180,-60.0,M,31
ORD_00678,2,2026-01-13,180,-36.0,M,31
ORD_00690,2,2026-01-06,180,-108.0,H,31
ORD_00811,2,2026-01-14,180,-108.0,H,31
ORD_00931,2,2026-01-06,180,-60.0,M,31
ORD_00016,3,2026-01-26,180,-36.0,M,16
ORD_00062,3,2026-01-21,180,-36.0,M,16
ORD_00075,3,2026-01-29,180,-60.0,M,16
ORD_00116,3,2026-02-04,180,132.0,L,16
ORD_00175,3,2026-01-24,180,-60.0,M,16
ORD_00203,3,2026-02-06,180,-12.0,M,16
ORD_00217,3,2026-01-29,180,-84.0,M,16
ORD_00250,3,2026-01-24,180,-84.0,M,16
ORD_00384,3,2026-01-22,180,-36.0,M,16
ORD_00501,3,2026-01-26,180,-12.0,M,16
ORD_00511,3,2026-01-14,180,60.0,L,16
ORD_00551,3,2026-01-07,180,-60.0,M,16
ORD_00678,3,2026-01-13,180,-36.0,M,16
ORD_00690,3,2026-01-06,180,-108.0,H,16
ORD_00811,3,2026-01-14,180,-108.0,H,16
ORD_00931,3,2026-01-06,180,-60.0,M,16
ORD_00016,4,2026-01-26,180,-36.0,M,32
ORD_00062,4,2026-01-21,180,-36.0,M,32
ORD_00075,4,2026-01-29,180,-60.0,M,32
ORD_00116,4,2026-02-04,180,132.0,L,32
ORD_00175,4,2026-01-24,180,-60.0,M,32
ORD_00203,4,2026-02-06,180,-12.0,M,32
ORD_00217,4,2026-01-29,180,-84.0,M,32
ORD_00250,4,2026-01-24,180,-84.0,M,32
ORD_00384,4,2026-01-22,180,-36.0,M,32
ORD_00501,4,2026-01-26,180,-12.0,M,32
ORD_00511,4,2026-01-14,180,60.0,L,32
ORD_00551,4,2026-01-07,180,-60.0,M,32
ORD_00678,4,2026-01-13,180,-36.0,M,32
ORD_00690,4,2026-01-06,180,-108.0,H,32
ORD_00811,4,2026-01-14,180,-108.0,H,32
ORD_00931,4,2026-01-06,180,-60.0,M,32
ORD_00016,5,2026-01-26,180,-36.0,M,40
ORD_00062,5,2026-01-21,180,-36.0,M,40
ORD_00075,5,2026-01-29,180,-60.0,M,40
ORD_00116,5,2026-02-04,180,132.0,L,40
ORD_00175,5,2026-01-24,180,-60.0,M,40
ORD_00203,5,2026-02-06,180,-12.0,M,40
ORD_00217,5,2026-01-29,180,-84.0,M,40
ORD_00250,5,2026-01-24,180,-84.0,M,40
ORD_00384,5,2026-01-22,180,-36.0,M,40
ORD_00501,5,2026-01-26,180,-12.0,M,40
ORD_00511,5,2026-01-14,180,60.0,L,40
ORD_00551,5,2026-01-07,180,-60.0,M,40
ORD_00678,5,2026-01-13,180,-36.0,M,40
ORD_00690,5,2026-01-06,180,-108.0,H,40
ORD_00811,5,2026-01-14,180,-108.0,H,40
ORD_00931,5,2026-01-06,180,-60.0,M,40
ORD_00016,6,2026-01-26,180,-36.0,M,19
ORD_00062,6,2026-01-21,180,-36.0,M,19
ORD_00075,6,2026-01-29,180,-60.0,M,19
ORD_00116,6,2026-02-04,180,132.0,L,19
ORD_00175,6,2026-01-24,180,-60.0,M,19
ORD_00203,6,2026-02-06,180,-12.0,M,19
ORD_00217,6,2026-01-29,180,-84.0,M,19
ORD_00250,6,2026-01-24,180,-84.0,M,19
ORD_00384,6,2026-01-22,180,-36.0,M,19
ORD_00501,6,2026-01-26,180,-12.0,M,19
ORD_00511,6,2026-01-14,180,60.0,L,19
ORD_00551,6,2026-01-07,180,-60.0,M,19
ORD_00678,6,2026-01-13,180,-36.0,M,19
ORD_00690,6,2026-01-06,180,-108.0,H,19
ORD_00811,6,2026-01-14,180,-108.0,H,19
ORD_00931,6,2026-01-06,180,-60.0,M,19
ORD_00016,7,2026-01-26,180,-36.0,M,14
ORD_00062,7,2026-01-21,180,-36.0,M,14
ORD_00075,7,2026-01-29,180,-60.0,M,14
ORD_00116,7,2026-02-04,180,132.0,L,14
ORD_00175,7,2026-01-24,180,-60.0,M,14
ORD_00203,7,2026-02-06,180,-12.0,M,14
ORD_00217,7,2026-01-29,180,-84.0,M,14
ORD_00250,7,2026-01-24,180,-84.0,M,14
ORD_00384,7,2026-01-22,180,-36.0,M,14
ORD_00501,7,2026-01-26,180,-12.0,M,14
ORD_00511,7,2026-01-14,180,60.0,L,14
ORD_00551,7,2026-01-07,180,-60.0,M,14
ORD_00678,7,2026-01-13,180,-36.0,M,14
ORD_00690,7,2026-01-06,180,-108.0,H,14
ORD_00811,7,2026-01-14,180,-108.0,H,14
ORD_00931,7,2026-01-06,180,-60.0,M,14
ORD_00363,1,2026-01-06,192,-72.0,M,19
ORD_00389,1,2026-01-06,192,-168.0,H,19
ORD_00830,1,2026-01-29,192,96.0,L,19
ORD_00363,2,2026-01-06,192,-72.0,M,18
ORD_00389,2,2026-01-06,192,-168.0,H,18
ORD_00830,2,2026-01-29,192,96.0,L,18
ORD_00363,3,2026-01-06,192,-72.0,M,30
ORD_00389,3,2026-01-06,192,-168.0,H,30
ORD_00830,3,2026-01-29,192,96.0,L,30
ORD_00363,4,2026-01-06,192,-72.0,M,33
ORD_00389,4,2026-01-06,192,-168.0,H,33
ORD_00830,4,2026-01-29,192,96.0,L,33
ORD_00363,5,2026-01-06,192,-72.0,M,48
ORD_00389,5,2026-01-06,192,-168.0,H,48
ORD_00830,5,2026-01-29,192,96.0,L,48
ORD_00363,6,2026-01-06,192,-72.0,M,27
ORD_00389,6,2026-01-06,192,-168.0,H,27
ORD_00830,6,2026-01-29,192,96.0,L,27
ORD_00363,7,2026-01-06,192,-72.0,M,17
ORD_00389,7,2026-01-06,192,-168.0,H,17
ORD_00830,7,2026-01-29,192,96.0,L,17
ORD_00095,1,2026-02-02,219,-147.0,H,20
ORD_00210,1,2026-01-28,219,-51.0,M,20
ORD_00735,1,2026-02-01,219,-99.0,M,20
ORD_00095,2,2026-02-02,219,-147.0,H,40
ORD_00210,2,2026-01-28,219,-51.0,M,40
ORD_00735,2,2026-02-01,219,-99.0,M,40
ORD_00095,3,2026-02-02,219,-147.0,H,29
ORD_00210,3,2026-01-28,219,-51.0,M,29
ORD_00735,3,2026-02-01,219,-99.0,M,29
ORD_00095,4,2026-02-02,219,-147.0,H,49
ORD_00210,4,2026-01-28,219,-51.0,M,49
ORD_00735,4,2026-02-01,219,-99.0,M,49
ORD_00095,5,2026-02-02,219,-147.0,H,45
ORD_00210,5,2026-01-28,219,-51.0,M,45
ORD_00735,5,2026-02-01,219,-99.0,M,45
ORD_00095,6,2026-02-02,219,-147.0,H,13
ORD_00210,6,2026-01-28,219,-51.0,M,13
ORD_00735,6,2026-02-01,219,-99.0,M,13
ORD_00095,7,2026-02-02,219,-147.0,H,23
ORD_00210,7,2026-01-28,219,-51.0,M,23
ORD_00735,7,2026-02-01,219,-99.0,M,23
ORD_00006,1,2026-01-22,249,-153.0,M,26
ORD_00089,1,2026-01-08,249,-81.0,M,26
ORD_00173,1,2026-01-08,249,-81.0,M,26
ORD_00191,1,2026-02-04,249,-105.0,M,26
ORD_00260,1,2026-02-07,249,-33.0,L,26
ORD_00321,1,2026-02-03,249,-129.0,M,26
ORD_00361,1,2026-01-15,249,-105.0,M,26
ORD_00423,1,2026-01-27,249,-225.0,H,26
ORD_00452,1,2026-01-20,249,-129.0,M,26
ORD_00462,1,2026-01-26,249,-177.0,H,26
ORD_00480,1,2026-01-07,249,-129.0,M,26
ORD_00560,1,2026-01-08,249,-105.0,M,26
ORD_00604,1,2026-01-15,249,-81.0,M,26
ORD_00669,1,2026-01-20,249,-105.0,M,26
ORD_00776,1,2026-02-05,249,-105.0,M,26
ORD_00801,1,2026-01-18,249,-177.0,H,26
ORD_00879,1,2026-01-31,249,-105.0,M,26
ORD_00912,1,2026-01-12,249,-201.0,H,26
ORD_00935,1,2026-01-07,249,-129.0,M,26
ORD_00943,1,2026-01-21,249,-57.0,L,26
ORD_00953,1,2026-01-10,249,-129.0,M,26
ORD_00994,1,2026-01-24,249,39.0,L,26
ORD_00006,2,2026-01-22,249,-153.0,M,27
ORD_00089,2,2026-01-08,249,-81.0,M,27
ORD_00173,2,2026-01-08,249,-81.0,M,27
ORD_00191,2,2026-02-04,249,-105.0,M,27
ORD_00260,2,2026-02-07,249,-33.0,L,27
ORD_00321,2,2026-02-03,249,-129.0,M,27
ORD_00361,2,2026-01-15,249,-105.0,M,27
ORD_00423,2,2026-01-27,249,-225.0,H,27
ORD_00452,2,2026-01-20,249,-129.0,M,27
ORD_00462,2,2026-01-26,249,-177.0,H,27
ORD_00480,2,2026-01-07,249,-129.0,M,27
ORD_00560,2,2026-01-08,249,-105.0,M,27
ORD_00604,2,2026-01-15,249,-81.0,M,27
ORD_00669,2,2026-01-20,249,-105.0,M,27
ORD_00776,2,2026-02-05,249,-105.0,M,27
ORD_00801,2,2026-01-18,249,-177.0,H,27
ORD_00879,2,2026-01-31,249,-105.0,M,27
ORD_00912,2,2026-01-12,249,-201.0,H,27
ORD_00935,2,2026-01-07,249,-129.0,M,27
ORD_00943,2,2026-01-21,249,-57.0,L,27
ORD_00953,2,2026-01-10,249,-129.0,M,27
ORD_00994,2,2026-01-24,249,39.0,L,27
ORD_00006,3,2026-01-22,249,-153.0,M,38
ORD_00089,3,2026-01-08,249,-81.0,M,38
ORD_00173,3,2026-01-08,249,-81.0,M,38
ORD_00191,3,2026-02-04,249,-105.0,M,38
ORD_00260,3,2026-02-07,249,-33.0,L,38
ORD_00321,3,2026-02-03,249,-129.0,M,38
ORD_00361,3,2026-01-15,249,-105.0,M,38
ORD_00423,3,2026-01-27,249,-225.0,H,38
ORD_00452,3,2026-01-20,249,-129.0,M,38
ORD_00462,3,2026-01-26,249,-177.0,H,38
ORD_00480,3,2026-01-07,249,-129.0,M,38
ORD_00560,3,2026-01-08,249,-105.0,M,38
ORD_00604,3,2026-01-15,249,-81.0,M,38
ORD_00669,3,2026-01-20,249,-105.0,M,38
ORD_00776,3,2026-02-05,249,-105.0,M,38
ORD_00801,3,2026-01-18,249,-177.0,H,38
ORD_00879,3,2026-01-31,249,-105.0,M,38
ORD_00912,3,2026-01-12,249,-201.0,H,38
ORD_00935,3,2026-01-07,249,-129.0,M,38
ORD_00943,3,2026-01-21,249,-57.0,L,38
ORD_00953,3,2026-01-10,249,-129.0,M,38
ORD_00994,3,2026-01-24,249,39.0,L,38
ORD_00006,4,2026-01-22,249,-153.0,M,27
ORD_00089,4,2026-01-08,249,-81.0,M,27
ORD_00173,4,2026-01-08,249,-81.0,M,27
ORD_00191,4,2026-02-04,249,-105.0,M,27
ORD_00260,4,2026-02-07,249,-33.0,L,27
ORD_00321,4,2026-02-03,249,-129.0,M,27
ORD_00361,4,2026-01-15,249,-105.0,M,27
ORD_00423,4,2026-01-27,249,-225.0,H,27
ORD_00452,4,2026-01-20,249,-129.0,M,27
ORD_00462,4,2026-01-26,249,-177.0,H,27
ORD_00480,4,2026-01-07,249,-129.0,M,27
ORD_00560,4,2026-01-08,249,-105.0,M,27
ORD_00604,4,2026-01-15,249,-81.0,M,27
ORD_00669,4,2026-01-20,249,-105.0,M,27
ORD_00776,4,2026-02-05,249,-105.0,M,27
ORD_00801,4,2026-01-18,249,-177.0,H,27
ORD_00879,4,2026-01-31,249,-105.0,M,27
ORD_00912,4,2026-01-12,249,-201.0,H,27
ORD_00935,4,2026-01-07,249,-129.0,M,27
ORD_00943,4,2026-01-21,249,-57.0,L,27
ORD_00953,4,2026-01-10,249,-129.0,M,27
ORD_00994,4,2026-01-24,249,39.0,L,27
ORD_00006,5,2026-01-22,249,-153.0,M,89
ORD_00089,5,2026-01-08,249,-81.0,M,89
ORD_00173,5,2026-01-08,249,-81.0,M,89
ORD_00191,5,2026-02-04,249,-105.0,M,89
ORD_00260,5,2026-02-07,249,-33.0,L,89
ORD_00321,5,2026-02-03,249,-129.0,M,89
ORD_00361,5,2026-01-15,249,-105.0,M,89
ORD_00423,5,2026-01-27,249,-225.0,H,89
ORD_00452,5,2026-01-20,249,-129.0,M,89
ORD_00462,5,2026-01-26,249,-177.0,H,89
ORD_00480,5,2026-01-07,249,-129.0,M,89
ORD_00560,5,2026-01-08,249,-105.0,M,89
ORD_00604,5,2026-01-15,249,-81.0,M,89
ORD_00669,5,2026-01-20,249,-105.0,M,89
ORD_00776,5,2026-02-05,249,-105.0,M,89
ORD_00801,5,2026-01-18,249,-177.0,H,89
ORD_00879,5,2026-01-31,249,-105.0,M,89
ORD_00912,5,2026-01-12,249,-201.0,H,89
ORD_00935,5,2026-01-07,249,-129.0,M,89
ORD_00943,5,2026-01-21,249,-57.0,L,89
ORD_00953,5,2026-01-10,249,-129.0,M,89
ORD_00994,5,2026-01-24,249,39.0,L,89
ORD_00006,6,2026-01-22,249,-153.0,M,12
ORD_00089,6,2026-01-08,249,-81.0,M,12
ORD_00173,6,2026-01-08,249,-81.0,M,12
ORD_00191,6,2026-02-04,249,-105.0,M,12
ORD_00260,6,2026-02-07,249,-33.0,L,12
ORD_00321,6,2026-02-03,249,-129.0,M,12
ORD_00361,6,2026-01-15,249,-105.0,M,12
ORD_00423,6,2026-01-27,249,-225.0,H,12
ORD_00452,6,2026-01-20,249,-129.0,M,12
ORD_00462,6,2026-01-26,249,-177.0,H,12
ORD_00480,6,2026-01-07,249,-129.0,M,12
ORD_00560,6,2026-01-08,249,-105.0,M,12
ORD_00604,6,2026-01-15,249,-81.0,M,12
ORD_00669,6,2026-01-20,249,-105.0,M,12
ORD_00776,6,2026-02-05,249,-105.0,M,12
ORD_00801,6,2026-01-18,249,-177.0,H,12
ORD_00879,6,2026-01-31,249,-105.0,M,12
ORD_00912,6,2026-01-12,249,-201.0,H,12
ORD_00935,6,2026-01-07,249,-129.0,M,12
ORD_00943,6,2026-01-21,249,-57.0,L,12
ORD_00953,6,2026-01-10,249,-129.0,M,12
ORD_00994,6,2026-01-24,249,39.0,L,12
ORD_00006,7,2026-01-22,249,-153.0,M,30
ORD_00089,7,2026-01-08,249,-81.0,M,30
ORD_00173,7,2026-01-08,249,-81.0,M,30
ORD_00191,7,2026-02-04,249,-105.0,M,30
ORD_00260,7,2026-02-07,249,-33.0,L,30
ORD_00321,7,2026-02-03,249,-129.0,M,30
ORD_00361,7,2026-01-15,249,-105.0,M,30
ORD_00423,7,2026-01-27,249,-225.0,H,30
ORD_00452,7,2026-01-20,249,-129.0,M,30
ORD_00462,7,2026-01-26,249,-177.0,H,30
ORD_00480,7,2026-01-07,249,-129.0,M,30
ORD_00560,7,2026-01-08,249,-105.0,M,30
ORD_00604,7,2026-01-15,249,-81.0,M,30
ORD_00669,7,2026-01-20,249,-105.0,M,30
ORD_00776,7,2026-02-05,249,-105.0,M,30
ORD_00801,7,2026-01-18,249,-177.0,H,30
ORD_00879,7,2026-01-31,249,-105.0,M,30
ORD_00912,7,2026-01-12,249,-201.0,H,30
ORD_00935,7,2026-01-07,249,-129.0,M,30
ORD_00943,7,2026-01-21,249,-57.0,L,30
ORD_00953,7,2026-01-10,249,-129.0,M,30
ORD_00994,7,2026-01-24,249,39.0,L,30
ORD_00057,1,2026-01-11,252,-84.0,M,26
ORD_00064,1,2026-01-27,252,-156.0,M,26
ORD_00239,1,2026-01-22,252,-132.0,M,26
ORD_00371,1,2026-01-31,252,-108.0,M,26
ORD_00850,1,2026-01-08,252,-108.0,M,26
ORD_00057,2,2026-01-11,252,-84.0,M,43
ORD_00064,2,2026-01-27,252,-156.0,M,43
ORD_00239,2,2026-01-22,252,-132.0,M,43
ORD_00371,2,2026-01-31,252,-108.0,M,43
ORD_00850,2,2026-01-08,252,-108.0,M,43
ORD_00057,3,2026-01-11,252,-84.0,M,26
ORD_00064,3,2026-01-27,252,-156.0,M,26
ORD_00239,3,2026-01-22,252,-132.0,M,26
ORD_00371,3,2026-01-31,252,-108.0,M,26
ORD_00850,3,2026-01-08,252,-108.0,M,26
ORD_00057,4,2026-01-11,252,-84.0,M,22
ORD_00064,4,2026-01-27,252,-156.0,M,22
ORD_00239,4,2026-01-22,252,-132.0,M,22
ORD_00371,4,2026-01-31,252,-108.0,M,22
ORD_00850,4,2026-01-08,252,-108.0,M,22
ORD_00057,5,2026-01-11,252,-84.0,M,24
ORD_00064,5,2026-01-27,252,-156.0,M,24
ORD_00239,5,2026-01-22,252,-132.0,M,24
ORD_00371,5,2026-01-31,252,-108.0,M,24
ORD_00850,5,2026-01-08,252,-108.0,M,24
ORD_00057,6,2026-01-11,252,-84.0,M,52
ORD_00064,6,2026-01-27,252,-156.0,M,52
ORD_00239,6,2026-01-22,252,-132.0,M,52
ORD_00371,6,2026-01-31,252,-108.0,M,52
ORD_00850,6,2026-01-08,252,-108.0,M,52
ORD_00057,7,2026-01-11,252,-84.0,M,29
ORD_00064,7,2026-01-27,252,-156.0,M,29
ORD_00239,7,2026-01-22,252,-132.0,M,29
ORD_00371,7,2026-01-31,252,-108.0,M,29
ORD_00850,7,2026-01-08,252,-108.0,M,29
ORD_00057,8,2026-01-11,252,-84.0,M,30
ORD_00064,8,2026-01-27,252,-156.0,M,30
ORD_00239,8,2026-01-22,252,-132.0,M,30
ORD_00371,8,2026-01-31,252,-108.0,M,30
ORD_00850,8,2026-01-08,252,-108.0,M,30
ORD_00009,1,2026-01-18,223,-103.0,M,15
ORD_00030,1,2026-01-23,223,-199.0,H,15
ORD_00079,1,2026-01-25,223,-175.0,H,15
ORD_00102,1,2026-01-08,223,-55.0,M,15
ORD_00137,1,2026-01-07,223,-79.0,M,15
ORD_00142,1,2026-01-30,223,-127.0,M,15
ORD_00172,1,2026-01-08,223,-55.0,M,15
ORD_00207,1,2026-01-12,223,-103.0,M,15
ORD_00219,1,2026-02-04,223,-79.0,M,15
ORD_00230,1,2026-01-09,223,-103.0,M,15
ORD_00267,1,2026-01-18,223,-127.0,M,15
ORD_00329,1,2026-01-28,223,-79.0,M,15
ORD_00339,1,2026-01-25,223,-79.0,M,15
ORD_00346,1,2026-01-30,223,-127.0,M,15
ORD_00393,1,2026-01-23,223,-151.0,H,15
ORD_00477,1,2026-01-24,223,-55.0,M,15
ORD_00486,1,2026-01-30,223,-55.0,M,15
ORD_00547,1,2026-01-25,223,-79.0,M,15
ORD_00634,1,2026-01-09,223,-55.0,M,15
ORD_00653,1,2026-02-01,223,-79.0,M,15
ORD_00659,1,2026-02-08,223,17.0,L,15
ORD_00698,1,2026-01-12,223,-103.0,M,15
ORD_00781,1,2026-02-01,223,-55.0,M,15
ORD_00819,1,2026-01-30,223,-55.0,M,15
ORD_00839,1,2026-01-24,223,-55.0,M,15
ORD_00840,1,2026-01-11,223,-79.0,M,15
ORD_00862,1,2026-01-11,223,-79.0,M,15
ORD_00907,1,2026-01-08,223,-175.0,H,15
ORD_00909,1,2026-01-21,223,113.0,L,15
ORD_00995,1,2026-01-19,223,-55.0,M,15
ORD_00009,2,2026-01-18,223,-103.0,M,29
ORD_00030,2,2026-01-23,223,-199.0,H,29
ORD_00079,2,2026-01-25,223,-175.0,H,29
ORD_00102,2,2026-01-08,223,-55.0,M,29
ORD_00137,2,2026-01-07,223,-79.0,M,29
ORD_00142,2,2026-01-30,223,-127.0,M,29
ORD_00172,2,2026-01-08,223,-55.0,M,29
ORD_00207,2,2026-01-12,223,-103.0,M,29
ORD_00219,2,2026-02-04,223,-79.0,M,29
ORD_00230,2,2026-01-09,223,-103.0,M,29
ORD_00267,2,2026-01-18,223,-127.0,M,29
ORD_00329,2,2026-01-28,223,-79.0,M,29
ORD_00339,2,2026-01-25,223,-79.0,M,29
ORD_00346,2,2026-01-30,223,-127.0,M,29
ORD_00393,2,2026-01-23,223,-151.0,H,29
ORD_00477,2,2026-01-24,223,-55.0,M,29
ORD_00486,2,2026-01-30,223,-55.0,M,29
ORD_00547,2,2026-01-25,223,-79.0,M,29
ORD_00634,2,2026-01-09,223,-55.0,M,29
ORD_00653,2,2026-02-01,223,-79.0,M,29
ORD_00659,2,2026-02-08,223,17.0,L,29
ORD_00698,2,2026-01-12,223,-103.0,M,29
ORD_00781,2,2026-02-01,223,-55.0,M,29
ORD_00819,2,2026-01-30,223,-55.0,M,29
ORD_00839,2,2026-01-24,223,-55.0,M,29
ORD_00840,2,2026-01-11,223,-79.0,M,29
ORD_00862,2,2026-01-11,223,-79.0,M,29
ORD_00907,2,2026-01-08,223,-175.0,H,29
ORD_00909,2,2026-01-21,223,113.0,L,29
ORD_00995,2,2026-01-19,223,-55.0,M,29
ORD_00009,3,2026-01-18,223,-103.0,M,39
ORD_00030,3,2026-01-23,223,-199.0,H,39
ORD_00079,3,2026-01-25,223,-175.0,H,39
ORD_00102,3,2026-01-08,223,-55.0,M,39
ORD_00137,3,2026-01-07,223,-79.0,M,39
ORD_00142,3,2026-01-30,223,-127.0,M,39
ORD_00172,3,2026-01-08,223,-55.0,M,39
ORD_00207,3,2026-01-12,223,-103.0,M,39
ORD_00219,3,2026-02-04,223,-79.0,M,39
ORD_00230,3,2026-01-09,223,-103.0,M,39
ORD_00267,3,2026-01-18,223,-127.0,M,39
ORD_00329,3,2026-01-28,223,-79.0,M,39
ORD_00339,3,2026-01-25,223,-79.0,M,39
ORD_00346,3,2026-01-30,223,-127.0,M,39
ORD_00393,3,2026-01-23,223,-151.0,H,39
ORD_00477,3,2026-01-24,223,-55.0,M,39
ORD_00486,3,2026-01-30,223,-55.0,M,39
ORD_00547,3,2026-01-25,223,-79.0,M,39
ORD_00634,3,2026-01-09,223,-55.0,M,39
ORD_00653,3,2026-02-01,223,-79.0,M,39
ORD_00659,3,2026-02-08,223,17.0,L,39
ORD_00698,3,2026-01-12,223,-103.0,M,39
ORD_00781,3,2026-02-01,223,-55.0,M,39
ORD_00819,3,2026-01-30,223,-55.0,M,39
ORD_00839,3,2026-01-24,223,-55.0,M,39
ORD_00840,3,2026-01-11,223,-79.0,M,39
ORD_00862,3,2026-01-11,223,-79.0,M,39
ORD_00907,3,2026-01-08,223,-175.0,H,39
ORD_00909,3,2026-01-21,223,113.0,L,39
ORD_00995,3,2026-01-19,223,-55.0,M,39
ORD_00009,4,2026-01-18,223,-103.0,M,34
ORD_00030,4,2026-01-23,223,-199.0,H,34
ORD_00079,4,2026-01-25,223,-175.0,H,34
ORD_00102,4,2026-01-08,223,-55.0,M,34
ORD_00137,4,2026-01-07,223,-79.0,M,34
ORD_00142,4,2026-01-30,223,-127.0,M,34
ORD_00172,4,2026-01-08,223,-55.0,M,34
ORD_00207,4,2026-01-12,223,-103.0,M,34
ORD_00219,4,2026-02-04,223,-79.0,M,34
ORD_00230,4,2026-01-09,223,-103.0,M,34
ORD_00267,4,2026-01-18,223,-127.0,M,34
ORD_00329,4,2026-01-28,223,-79.0,M,34
ORD_00339,4,2026-01-25,223,-79.0,M,34
ORD_00346,4,2026-01-30,223,-127.0,M,34
ORD_00393,4,2026-01-23,223,-151.0,H,34
ORD_00477,4,2026-01-24,223,-55.0,M,34
ORD_00486,4,2026-01-30,223,-55.0,M,34
ORD_00547,4,2026-01-25,223,-79.0,M,34
ORD_00634,4,2026-01-09,223,-55.0,M,34
ORD_00653,4,2026-02-01,223,-79.0,M,34
ORD_00659,4,2026-02-08,223,17.0,L,34
ORD_00698,4,2026-01-12,223,-103.0,M,34
ORD_00781,4,2026-02-01,223,-55.0,M,34
ORD_00819,4,2026-01-30,223,-55.0,M,34
ORD_00839,4,2026-01-24,223,-55.0,M,34
ORD_00840,4,2026-01-11,223,-79.0,M,34
ORD_00862,4,2026-01-11,223,-79.0,M,34
ORD_00907,4,2026-01-08,223,-175.0,H,34
ORD_00909,4,2026-01-21,223,113.0,L,34
ORD_00995,4,2026-01-19,223,-55.0,M,34
ORD_00009,5,2026-01-18,223,-103.0,M,80
ORD_00030,5,2026-01-23,223,-199.0,H,80
ORD_00079,5,2026-01-25,223,-175.0,H,80
ORD_00102,5,2026-01-08,223,-55.0,M,80
ORD_00137,5,2026-01-07,223,-79.0,M,80
ORD_00142,5,2026-01-30,223,-127.0,M,80
ORD_00172,5,2026-01-08,223,-55.0,M,80
ORD_00207,5,2026-01-12,223,-103.0,M,80
ORD_00219,5,2026-02-04,223,-79.0,M,80
ORD_00230,5,2026-01-09,223,-103.0,M,80
ORD_00267,5,2026-01-18,223,-127.0,M,80
ORD_00329,5,2026-01-28,223,-79.0,M,80
ORD_00339,5,2026-01-25,223,-79.0,M,80
ORD_00346,5,2026-01-30,223,-127.0,M,80
ORD_00393,5,2026-01-23,223,-151.0,H,80
ORD_00477,5,2026-01-24,223,-55.0,M,80
ORD_00486,5,2026-01-30,223,-55.0,M,80
ORD_00547,5,2026-01-25,223,-79.0,M,80
ORD_00634,5,2026-01-09,223,-55.0,M,80
ORD_00653,5,2026-02-01,223,-79.0,M,80
ORD_00659,5,2026-02-08,223,17.0,L,80
ORD_00698,5,2026-01-12,223,-103.0,M,80
ORD_00781,5,2026-02-01,223,-55.0,M,80
ORD_00819,5,2026-01-30,223,-55.0,M,80
ORD_00839,5,2026-01-24,223,-55.0,M,80
ORD_00840,5,2026-01-11,223,-79.0,M,80
ORD_00862,5,2026-01-11,223,-79.0,M,80
ORD_00907,5,2026-01-08,223,-175.0,H,80
ORD_00909,5,2026-01-21,223,113.0,L,80
ORD_00995,5,2026-01-19,223,-55.0,M,80
ORD_00009,6,2026-01-18,223,-103.0,M,14
ORD_00030,6,2026-01-23,223,-199.0,H,14
ORD_00079,6,2026-01-25,223,-175.0,H,14
ORD_00102,6,2026-01-08,223,-55.0,M,14
ORD_00137,6,2026-01-07,223,-79.0,M,14
ORD_00142,6,2026-01-30,223,-127.0,M,14
ORD_00172,6,2026-01-08,223,-55.0,M,14
ORD_00207,6,2026-01-12,223,-103.0,M,14
ORD_00219,6,2026-02-04,223,-79.0,M,14
ORD_00230,6,2026-01-09,223,-103.0,M,14
ORD_00267,6,2026-01-18,223,-127.0,M,14
ORD_00329,6,2026-01-28,223,-79.0,M,14
ORD_00339,6,2026-01-25,223,-79.0,M,14
ORD_00346,6,2026-01-30,223,-127.0,M,14
ORD_00393,6,2026-01-23,223,-151.0,H,14
ORD_00477,6,2026-01-24,223,-55.0,M,14
ORD_00486,6,2026-01-30,223,-55.0,M,14
ORD_00547,6,2026-01-25,223,-79.0,M,14
ORD_00634,6,2026-01-09,223,-55.0,M,14
ORD_00653,6,2026-02-01,223,-79.0,M,14
ORD_00659,6,2026-02-08,223,17.0,L,14
ORD_00698,6,2026-01-12,223,-103.0,M,14
ORD_00781,6,2026-02-01,223,-55.0,M,14
ORD_00819,6,2026-01-30,223,-55.0,M,14
ORD_00839,6,2026-01-24,223,-55.0,M,14
ORD_00840,6,2026-01-11,223,-79.0,M,14
ORD_00862,6,2026-01-11,223,-79.0,M,14
ORD_00907,6,2026-01-08,223,-175.0,H,14
ORD_00909,6,2026-01-21,223,113.0,L,14
ORD_00995,6,2026-01-19,223,-55.0,M,14
ORD_00009,7,2026-01-18,223,-103.0,M,12
ORD_00030,7,2026-01-23,223,-199.0,H,12
ORD_00079,7,2026-01-25,223,-175.0,H,12
ORD_00102,7,2026-01-08,223,-55.0,M,12
ORD_00137,7,2026-01-07,223,-79.0,M,12
ORD_00142,7,2026-01-30,223,-127.0,M,12
ORD_00172,7,2026-01-08,223,-55.0,M,12
ORD_00207,7,2026-01-12,223,-103.0,M,12
ORD_00219,7,2026-02-04,223,-79.0,M,12
ORD_00230,7,2026-01-09,223,-103.0,M,12
ORD_00267,7,2026-01-18,223,-127.0,M,12
ORD_00329,7,2026-01-28,223,-79.0,M,12
ORD_00339,7,2026-01-25,223,-79.0,M,12
ORD_00346,7,2026-01-30,223,-127.0,M,12
ORD_00393,7,2026-01-23,223,-151.0,H,12
ORD_00477,7,2026-01-24,223,-55.0,M,12
ORD_00486,7,2026-01-30,223,-55.0,M,12
ORD_00547,7,2026-01-25,223,-79.0,M,12
ORD_00634,7,2026-01-09,223,-55.0,M,12
ORD_00653,7,2026-02-01,223,-79.0,M,12
ORD_00659,7,2026-02-08,223,17.0,L,12
ORD_00698,7,2026-01-12,223,-103.0,M,12
ORD_00781,7,2026-02-01,223,-55.0,M,12
ORD_00819,7,2026-01-30,223,-55.0,M,12
ORD_00839,7,2026-01-24,223,-55.0,M,12
ORD_00840,7,2026-01-11,223,-79.0,M,12
ORD_00862,7,2026-01-11,223,-79.0,M,12
ORD_00907,7,2026-01-08,223,-175.0,H,12
ORD_00909,7,2026-01-21,223,113.0,L,12
ORD_00995,7,2026-01-19,223,-55.0,M,12
ORD_00035,1,2026-02-03,222,-102.0,M,24
ORD_00124,1,2026-02-06,222,-54.0,M,24
ORD_00149,1,2026-01-15,222,-102.0,M,24
ORD_00244,1,2026-01-04,222,-198.0,H,24
ORD_00348,1,2026-01-11,222,-126.0,M,24
ORD_00463,1,2026-01-29,222,-102.0,M,24
ORD_00481,1,2026-01-16,222,-54.0,M,24
ORD_00516,1,2026-01-10,222,-30.0,L,24
ORD_00557,1,2026-01-18,222,-150.0,H,24
ORD_00740,1,2026-01-13,222,-30.0,L,24
ORD_00775,1,2026-01-21,222,-126.0,M,24
ORD_00822,1,2026-01-06,222,-126.0,M,24
ORD_00861,1,2026-01-14,222,-102.0,M,24
ORD_00863,1,2026-01-20,222,-78.0,M,24
ORD_00949,1,2026-02-01,222,-30.0,L,24
ORD_00969,1,2026-01-24,222,-126.0,M,24
ORD_00980,1,2026-01-19,222,-102.0,M,24
ORD_00035,2,2026-02-03,222,-102.0,M,40
ORD_00124,2,2026-02-06,222,-54.0,M,40
ORD_00149,2,2026-01-15,222,-102.0,M,40
ORD_00244,2,2026-01-04,222,-198.0,H,40
ORD_00348,2,2026-01-11,222,-126.0,M,40
ORD_00463,2,2026-01-29,222,-102.0,M,40
ORD_00481,2,2026-01-16,222,-54.0,M,40
ORD_00516,2,2026-01-10,222,-30.0,L,40
ORD_00557,2,2026-01-18,222,-150.0,H,40
ORD_00740,2,2026-01-13,222,-30.0,L,40
ORD_00775,2,2026-01-21,222,-126.0,M,40
ORD_00822,2,2026-01-06,222,-126.0,M,40
ORD_00861,2,2026-01-14,222,-102.0,M,40
ORD_00863,2,2026-01-20,222,-78.0,M,40
ORD_00949,2,2026-02-01,222,-30.0,L,40
ORD_00969,2,2026-01-24,222,-126.0,M,40
ORD_00980,2,2026-01-19,222,-102.0,M,40
ORD_00035,3,2026-02-03,222,-102.0,M,33
ORD_00124,3,2026-02-06,222,-54.0,M,33
ORD_00149,3,2026-01-15,222,-102.0,M,33
ORD_00244,3,2026-01-04,222,-198.0,H,33
ORD_00348,3,2026-01-11,222,-126.0,M,33
ORD_00463,3,2026-01-29,222,-102.0,M,33
ORD_00481,3,2026-01-16,222,-54.0,M,33
ORD_00516,3,2026-01-10,222,-30.0,L,33
ORD_00557,3,2026-01-18,222,-150.0,H,33
ORD_00740,3,2026-01-13,222,-30.0,L,33
ORD_00775,3,2026-01-21,222,-126.0,M,33
ORD_00822,3,2026-01-06,222,-126.0,M,33
ORD_00861,3,2026-01-14,222,-102.0,M,33
ORD_00863,3,2026-01-20,222,-78.0,M,33
ORD_00949,3,2026-02-01,222,-30.0,L,33
ORD_00969,3,2026-01-24,222,-126.0,M,33
ORD_00980,3,2026-01-19,222,-102.0,M,33
ORD_00035,4,2026-02-03,222,-102.0,M,31
ORD_00124,4,2026-02-06,222,-54.0,M,31
ORD_00149,4,2026-01-15,222,-102.0,M,31
ORD_00244,4,2026-01-04,222,-198.0,H,31
ORD_00348,4,2026-01-11,222,-126.0,M,31
ORD_00463,4,2026-01-29,222,-102.0,M,31
ORD_00481,4,2026-01-16,222,-54.0,M,31
ORD_00516,4,2026-01-10,222,-30.0,L,31
ORD_00557,4,2026-01-18,222,-150.0,H,31
ORD_00740,4,2026-01-13,222,-30.0,L,31
ORD_00775,4,2026-01-21,222,-126.0,M,31
ORD_00822,4,2026-01-06,222,-126.0,M,31
ORD_00861,4,2026-01-14,222,-102.0,M,31
ORD_00863,4,2026-01-20,222,-78.0,M,31
ORD_00949,4,2026-02-01,222,-30.0,L,31
ORD_00969,4,2026-01-24,222,-126.0,M,31
ORD_00980,4,2026-01-19,222,-102.0,M,31
ORD_00035,5,2026-02-03,222,-102.0,M,59
ORD_00124,5,2026-02-06,222,-54.0,M,59
ORD_00149,5,2026-01-15,222,-102.0,M,59
ORD_00244,5,2026-01-04,222,-198.0,H,59
ORD_00348,5,2026-01-11,222,-126.0,M,59
ORD_00463,5,2026-01-29,222,-102.0,M,59
ORD_00481,5,2026-01-16,222,-54.0,M,59
ORD_00516,5,2026-01-10,222,-30.0,L,59
ORD_00557,5,2026-01-18,222,-150.0,H,59
ORD_00740,5,2026-01-13,222,-30.0,L,59
ORD_00775,5,2026-01-21,222,-126.0,M,59
ORD_00822,5,2026-01-06,222,-126.0,M,59
ORD_00861,5,2026-01-14,222,-102.0,M,59
ORD_00863,5,2026-01-20,222,-78.0,M,59
ORD_00949,5,2026-02-01,222,-30.0,L,59
ORD_00969,5,2026-01-24,222,-126.0,M,59
ORD_00980,5,2026-01-19,222,-102.0,M,59
ORD_00035,6,2026-02-03,222,-102.0,M,24
ORD_00124,6,2026-02-06,222,-54.0,M,24
ORD_00149,6,2026-01-15,222,-102.0,M,24
ORD_00244,6,2026-01-04,222,-198.0,H,24
ORD_00348,6,2026-01-11,222,-126.0,M,24
ORD_00463,6,2026-01-29,222,-102.0,M,24
ORD_00481,6,2026-01-16,222,-54.0,M,24
ORD_00516,6,2026-01-10,222,-30.0,L,24
ORD_00557,6,2026-01-18,222,-150.0,H,24
ORD_00740,6,2026-01-13,222,-30.0,L,24
ORD_00775,6,2026-01-21,222,-126.0,M,24
ORD_00822,6,2026-01-06,222,-126.0,M,24
ORD_00861,6,2026-01-14,222,-102.0,M,24
ORD_00863,6,2026-01-20,222,-78.0,M,24
ORD_00949,6,2026-02-01,222,-30.0,L,24
ORD_00969,6,2026-01-24,222,-126.0,M,24
ORD_00980,6,2026-01-19,222,-102.0,M,24
ORD_00035,7,2026-02-03,222,-102.0,M,11
ORD_00124,7,2026-02-06,222,-54.0,M,11
ORD_00149,7,2026-01-15,222,-102.0,M,11
ORD_00244,7,2026-01-04,222,-198.0,H,11
ORD_00348,7,2026-01-11,222,-126.0,M,11
ORD_00463,7,2026-01-29,222,-102.0,M,11
ORD_00481,7,2026-01-16,222,-54.0,M,11
ORD_00516,7,2026-01-10,222,-30.0,L,11
ORD_00557,7,2026-01-18,222,-150.0,H,11
ORD_00740,7,2026-01-13,222,-30.0,L,11
ORD_00775,7,2026-01-21,222,-126.0,M,11
ORD_00822,7,2026-01-06,222,-126.0,M,11
ORD_00861,7,2026-01-14,222,-102.0,M,11
ORD_00863,7,2026-01-20,222,-78.0,M,11
ORD_00949,7,2026-02-01,222,-30.0,L,11
ORD_00969,7,2026-01-24,222,-126.0,M,11
ORD_00980,7,2026-01-19,222,-102.0,M,11
ORD_00147,1,2026-01-03,247,-223.0,H,19
ORD_00147,2,2026-01-03,247,-223.0,H,35
ORD_00147,3,2026-01-03,247,-223.0,H,34
ORD_00147,4,2026-01-03,247,-223.0,H,36
ORD_00147,5,2026-01-03,247,-223.0,H,69
ORD_00147,6,2026-01-03,247,-223.0,H,24
ORD_00147,7,2026-01-03,247,-223.0,H,30
ORD_00088,1,2026-01-22,385,-361.0,H,17
ORD_00107,1,2026-01-28,385,-241.0,M,17
ORD_00126,1,2026-02-03,385,-289.0,M,17
ORD_00159,1,2026-01-29,385,-265.0,M,17
ORD_00179,1,2026-01-06,385,-313.0,H,17
ORD_00198,1,2026-01-13,385,-265.0,M,17
ORD_00232,1,2026-01-21,385,-289.0,M,17
ORD_00276,1,2026-01-15,385,-313.0,H,17
ORD_00304,1,2026-01-24,385,-49.0,L,17
ORD_00375,1,2026-01-22,385,-361.0,H,17
ORD_00416,1,2026-01-26,385,-337.0,H,17
ORD_00532,1,2026-01-10,385,-265.0,M,17
ORD_00588,1,2026-01-08,385,-241.0,M,17
ORD_00621,1,2026-01-23,385,-265.0,M,17
ORD_00697,1,2026-01-14,385,-289.0,M,17
ORD_00941,1,2026-01-27,385,-265.0,M,17
ORD_00971,1,2026-02-05,385,-241.0,M,17
ORD_00088,2,2026-01-22,385,-361.0,H,29
ORD_00107,2,2026-01-28,385,-241.0,M,29
ORD_00126,2,2026-02-03,385,-289.0,M,29
ORD_00159,2,2026-01-29,385,-265.0,M,29
ORD_00179,2,2026-01-06,385,-313.0,H,29
ORD_00198,2,2026-01-13,385,-265.0,M,29
ORD_00232,2,2026-01-21,385,-289.0,M,29
ORD_00276,2,2026-01-15,385,-313.0,H,29
ORD_00304,2,2026-01-24,385,-49.0,L,29
ORD_00375,2,2026-01-22,385,-361.0,H,29
ORD_00416,2,2026-01-26,385,-337.0,H,29
ORD_00532,2,2026-01-10,385,-265.0,M,29
ORD_00588,2,2026-01-08,385,-241.0,M,29
ORD_00621,2,2026-01-23,385,-265.0,M,29
ORD_00697,2,2026-01-14,385,-289.0,M,29
ORD_00941,2,2026-01-27,385,-265.0,M,29
ORD_00971,2,2026-02-05,385,-241.0,M,29
ORD_00088,3,2026-01-22,385,-361.0,H,26
ORD_00107,3,2026-01-28,385,-241.0,M,26
ORD_00126,3,2026-02-03,385,-289.0,M,26
ORD_00159,3,2026-01-29,385,-265.0,M,26
ORD_00179,3,2026-01-06,385,-313.0,H,26
ORD_00198,3,2026-01-13,385,-265.0,M,26
ORD_00232,3,2026-01-21,385,-289.0,M,26
ORD_00276,3,2026-01-15,385,-313.0,H,26
ORD_00304,3,2026-01-24,385,-49.0,L,26
ORD_00375,3,2026-01-22,385,-361.0,H,26
ORD_00416,3,2026-01-26,385,-337.0,H,26
ORD_00532,3,2026-01-10,385,-265.0,M,26
ORD_00588,3,2026-01-08,385,-241.0,M,26
ORD_00621,3,2026-01-23,385,-265.0,M,26
ORD_00697,3,2026-01-14,385,-289.0,M,26
ORD_00941,3,2026-01-27,385,-265.0,M,26
ORD_00971,3,2026-02-05,385,-241.0,M,26
ORD_00088,4,2026-01-22,385,-361.0,H,44
ORD_00107,4,2026-01-28,385,-241.0,M,44
ORD_00126,4,2026-02-03,385,-289.0,M,44
ORD_00159,4,2026-01-29,385,-265.0,M,44
ORD_00179,4,2026-01-06,385,-313.0,H,44
ORD_00198,4,2026-01-13,385,-265.0,M,44
ORD_00232,4,2026-01-21,385,-289.0,M,44
ORD_00276,4,2026-01-15,385,-313.0,H,44
ORD_00304,4,2026-01-24,385,-49.0,L,44
ORD_00375,4,2026-01-22,385,-361.0,H,44
ORD_00416,4,2026-01-26,385,-337.0,H,44
ORD_00532,4,2026-01-10,385,-265.0,M,44
ORD_00588,4,2026-01-08,385,-241.0,M,44
ORD_00621,4,2026-01-23,385,-265.0,M,44
ORD_00697,4,2026-01-14,385,-289.0,M,44
ORD_00941,4,2026-01-27,385,-265.0,M,44
ORD_00971,4,2026-02-05,385,-241.0,M,44
ORD_00088,5,2026-01-22,385,-361.0,H,27
ORD_00107,5,2026-01-28,385,-241.0,M,27
ORD_00126,5,2026-02-03,385,-289.0,M,27
ORD_00159,5,2026-01-29,385,-265.0,M,27
ORD_00179,5,2026-01-06,385,-313.0,H,27
ORD_00198,5,2026-01-13,385,-265.0,M,27
ORD_00232,5,2026-01-21,385,-289.0,M,27
ORD_00276,5,2026-01-15,385,-313.0,H,27
ORD_00304,5,2026-01-24,385,-49.0,L,27
ORD_00375,5,2026-01-22,385,-361.0,H,27
ORD_00416,5,2026-01-26,385,-337.0,H,27
ORD_00532,5,2026-01-10,385,-265.0,M,27
ORD_00588,5,2026-01-08,385,-241.0,M,27
ORD_00621,5,2026-01-23,385,-265.0,M,27
ORD_00697,5,2026-01-14,385,-289.0,M,27
ORD_00941,5,2026-01-27,385,-265.0,M,27
ORD_00971,5,2026-02-05,385,-241.0,M,27
ORD_00088,6,2026-01-22,385,-361.0,H,44
ORD_00107,6,2026-01-28,385,-241.0,M,44
ORD_00126,6,2026-02-03,385,-289.0,M,44
ORD_00159,6,2026-01-29,385,-265.0,M,44
ORD_00179,6,2026-01-06,385,-313.0,H,44
ORD_00198,6,2026-01-13,385,-265.0,M,44
ORD_00232,6,2026-01-21,385,-289.0,M,44
ORD_00276,6,2026-01-15,385,-313.0,H,44
ORD_00304,6,2026-01-24,385,-49.0,L,44
ORD_00375,6,2026-01-22,385,-361.0,H,44
ORD_00416,6,2026-01-26,385,-337.0,H,44
ORD_00532,6,2026-01-10,385,-265.0,M,44
ORD_00588,6,2026-01-08,385,-241.0,M,44
ORD_00621,6,2026-01-23,385,-265.0,M,44
ORD_00697,6,2026-01-14,385,-289.0,M,44
ORD_00941,6,2026-01-27,385,-265.0,M,44
ORD_00971,6,2026-02-05,385,-241.0,M,44
ORD_00088,7,2026-01-22,385,-361.0,H,83
ORD_00107,7,2026-01-28,385,-241.0,M,83
ORD_00126,7,2026-02-03,385,-289.0,M,83
ORD_00159,7,2026-01-29,385,-265.0,M,83
ORD_00179,7,2026-01-06,385,-313.0,H,83
ORD_00198,7,2026-01-13,385,-265.0,M,83
ORD_00232,7,2026-01-21,385,-289.0,M,83
ORD_00276,7,2026-01-15,385,-313.0,H,83
ORD_00304,7,2026-01-24,385,-49.0,L,83
ORD_00375,7,2026-01-22,385,-361.0,H,83
ORD_00416,7,2026-01-26,385,-337.0,H,83
ORD_00532,7,2026-01-10,385,-265.0,M,83
ORD_00588,7,2026-01-08,385,-241.0,M,83
ORD_00621,7,2026-01-23,385,-265.0,M,83
ORD_00697,7,2026-01-14,385,-289.0,M,83
ORD_00941,7,2026-01-27,385,-265.0,M,83
ORD_00971,7,2026-02-05,385,-241.0,M,83
ORD_00088,8,2026-01-22,385,-361.0,H,90
ORD_00107,8,2026-01-28,385,-241.0,M,90
ORD_00126,8,2026-02-03,385,-289.0,M,90
ORD_00159,8,2026-01-29,385,-265.0,M,90
ORD_00179,8,2026-01-06,385,-313.0,H,90
ORD_00198,8,2026-01-13,385,-265.0,M,90
ORD_00232,8,2026-01-21,385,-289.0,M,90
ORD_00276,8,2026-01-15,385,-313.0,H,90
ORD_00304,8,2026-01-24,385,-49.0,L,90
ORD_00375,8,2026-01-22,385,-361.0,H,90
ORD_00416,8,2026-01-26,385,-337.0,H,90
ORD_00532,8,2026-01-10,385,-265.0,M,90
ORD_00588,8,2026-01-08,385,-241.0,M,90
ORD_00621,8,2026-01-23,385,-265.0,M,90
ORD_00697,8,2026-01-14,385,-289.0,M,90
ORD_00941,8,2026-01-27,385,-265.0,M,90
ORD_00971,8,2026-02-05,385,-241.0,M,90
ORD_00088,9,2026-01-22,385,-361.0,H,12
ORD_00107,9,2026-01-28,385,-241.0,M,12
ORD_00126,9,2026-02-03,385,-289.0,M,12
ORD_00159,9,2026-01-29,385,-265.0,M,12
ORD_00179,9,2026-01-06,385,-313.0,H,12
ORD_00198,9,2026-01-13,385,-265.0,M,12
ORD_00232,9,2026-01-21,385,-289.0,M,12
ORD_00276,9,2026-01-15,385,-313.0,H,12
ORD_00304,9,2026-01-24,385,-49.0,L,12
ORD_00375,9,2026-01-22,385,-361.0,H,12
ORD_00416,9,2026-01-26,385,-337.0,H,12
ORD_00532,9,2026-01-10,385,-265.0,M,12
ORD_00588,9,2026-01-08,385,-241.0,M,12
ORD_00621,9,2026-01-23,385,-265.0,M,12
ORD_00697,9,2026-01-14,385,-289.0,M,12
ORD_00941,9,2026-01-27,385,-265.0,M,12
ORD_00971,9,2026-02-05,385,-241.0,M,12
ORD_00088,10,2026-01-22,385,-361.0,H,13
ORD_00107,10,2026-01-28,385,-241.0,M,13
ORD_00126,10,2026-02-03,385,-289.0,M,13
ORD_00159,10,2026-01-29,385,-265.0,M,13
ORD_00179,10,2026-01-06,385,-313.0,H,13
ORD_00198,10,2026-01-13,385,-265.0,M,13
ORD_00232,10,2026-01-21,385,-289.0,M,13
ORD_00276,10,2026-01-15,385,-313.0,H,13
ORD_00304,10,2026-01-24,385,-49.0,L,13
ORD_00375,10,2026-01-22,385,-361.0,H,13
ORD_00416,10,2026-01-26,385,-337.0,H,13
ORD_00532,10,2026-01-10,385,-265.0,M,13
ORD_00588,10,2026-01-08,385,-241.0,M,13
ORD_00621,10,2026-01-23,385,-265.0,M,13
ORD_00697,10,2026-01-14,385,-289.0,M,13
ORD_00941,10,2026-01-27,385,-265.0,M,13
ORD_00971,10,2026-02-05,385,-241.0,M,13
ORD_00051,1,2026-02-05,276,84.0,L,19
ORD_00110,1,2026-01-09,276,-132.0,M,19
ORD_00130,1,2026-01-21,276,-156.0,M,19
ORD_00205,1,2026-01-23,276,-180.0,M,19
ORD_00224,1,2026-01-14,276,-156.0,M,19
ORD_00309,1,2026-01-10,276,-180.0,M,19
ORD_00555,1,2026-01-25,276,-108.0,M,19
ORD_00569,1,2026-01-28,276,-156.0,M,19
ORD_00624,1,2026-02-03,276,-156.0,M,19
ORD_00626,1,2026-01-23,276,-228.0,H,19
ORD_00700,1,2026-01-24,276,-108.0,M,19
ORD_00759,1,2026-01-27,276,-180.0,M,19
ORD_00792,1,2026-02-02,276,-108.0,M,19
ORD_00806,1,2026-01-10,276,-156.0,M,19
ORD_00809,1,2026-01-19,276,84.0,L,19
ORD_00880,1,2026-01-22,276,-180.0,M,19
ORD_00946,1,2026-01-17,276,-180.0,M,19
ORD_00948,1,2026-01-23,276,-204.0,H,19
ORD_00966,1,2026-01-13,276,-228.0,H,19
ORD_00987,1,2026-01-23,276,-156.0,M,19
ORD_00051,2,2026-02-05,276,84.0,L,38
ORD_00110,2,2026-01-09,276,-132.0,M,38
ORD_00130,2,2026-01-21,276,-156.0,M,38
ORD_00205,2,2026-01-23,276,-180.0,M,38
ORD_00224,2,2026-01-14,276,-156.0,M,38
ORD_00309,2,2026-01-10,276,-180.0,M,38
ORD_00555,2,2026-01-25,276,-108.0,M,38
ORD_00569,2,2026-01-28,276,-156.0,M,38
ORD_00624,2,2026-02-03,276,-156.0,M,38
ORD_00626,2,2026-01-23,276,-228.0,H,38
ORD_00700,2,2026-01-24,276,-108.0,M,38
ORD_00759,2,2026-01-27,276,-180.0,M,38
ORD_00792,2,2026-02-02,276,-108.0,M,38
ORD_00806,2,2026-01-10,276,-156.0,M,38
ORD_00809,2,2026-01-19,276,84.0,L,38
ORD_00880,2,2026-01-22,276,-180.0,M,38
ORD_00946,2,2026-01-17,276,-180.0,M,38
ORD_00948,2,2026-01-23,276,-204.0,H,38
ORD_00966,2,2026-01-13,276,-228.0,H,38
ORD_00987,2,2026-01-23,276,-156.0,M,38
ORD_00051,3,2026-02-05,276,84.0,L,42
ORD_00110,3,2026-01-09,276,-132.0,M,42
ORD_00130,3,2026-01-21,276,-156.0,M,42
ORD_00205,3,2026-01-23,276,-180.0,M,42
ORD_00224,3,2026-01-14,276,-156.0,M,42
ORD_00309,3,2026-01-10,276,-180.0,M,42
ORD_00555,3,2026-01-25,276,-108.0,M,42
ORD_00569,3,2026-01-28,276,-156.0,M,42
ORD_00624,3,2026-02-03,276,-156.0,M,42
ORD_00626,3,2026-01-23,276,-228.0,H,42
ORD_00700,3,2026-01-24,276,-108.0,M,42
ORD_00759,3,2026-01-27,276,-180.0,M,42
ORD_00792,3,2026-02-02,276,-108.0,M,42
ORD_00806,3,2026-01-10,276,-156.0,M,42
ORD_00809,3,2026-01-19,276,84.0,L,42
ORD_00880,3,2026-01-22,276,-180.0,M,42
ORD_00946,3,2026-01-17,276,-180.0,M,42
ORD_00948,3,2026-01-23,276,-204.0,H,42
ORD_00966,3,2026-01-13,276,-228.0,H,42
ORD_00987,3,2026-01-23,276,-156.0,M,42
ORD_00051,4,2026-02-05,276,84.0,L,25
ORD_00110,4,2026-01-09,276,-132.0,M,25
ORD_00130,4,2026-01-21,276,-156.0,M,25
ORD_00205,4,2026-01-23,276,-180.0,M,25
ORD_00224,4,2026-01-14,276,-156.0,M,25
ORD_00309,4,2026-01-10,276,-180.0,M,25
ORD_00555,4,2026-01-25,276,-108.0,M,25
ORD_00569,4,2026-01-28,276,-156.0,M,25
ORD_00624,4,2026-02-03,276,-156.0,M,25
ORD_00626,4,2026-01-23,276,-228.0,H,25
ORD_00700,4,2026-01-24,276,-108.0,M,25
ORD_00759,4,2026-01-27,276,-180.0,M,25
ORD_00792,4,2026-02-02,276,-108.0,M,25
ORD_00806,4,2026-01-10,276,-156.0,M,25
ORD_00809,4,2026-01-19,276,84.0,L,25
ORD_00880,4,2026-01-22,276,-180.0,M,25
ORD_00946,4,2026-01-17,276,-180.0,M,25
ORD_00948,4,2026-01-23,276,-204.0,H,25
ORD_00966,4,2026-01-13,276,-228.0,H,25
ORD_00987,4,2026-01-23,276,-156.0,M,25
ORD_00051,5,2026-02-05,276,84.0,L,38
ORD_00110,5,2026-01-09,276,-132.0,M,38
ORD_00130,5,2026-01-21,276,-156.0,M,38
ORD_00205,5,2026-01-23,276,-180.0,M,38
ORD_00224,5,2026-01-14,276,-156.0,M,38
ORD_00309,5,2026-01-10,276,-180.0,M,38
ORD_00555,5,2026-01-25,276,-108.0,M,38
ORD_00569,5,2026-01-28,276,-156.0,M,38
ORD_00624,5,2026-02-03,276,-156.0,M,38
ORD_00626,5,2026-01-23,276,-228.0,H,38
ORD_00700,5,2026-01-24,276,-108.0,M,38
ORD_00759,5,2026-01-27,276,-180.0,M,38
ORD_00792,5,2026-02-02,276,-108.0,M,38
ORD_00806,5,2026-01-10,276,-156.0,M,38
ORD_00809,5,2026-01-19,276,84.0,L,38
ORD_00880,5,2026-01-22,276,-180.0,M,38
ORD_00946,5,2026-01-17,276,-180.0,M,38
ORD_00948,5,2026-01-23,276,-204.0,H,38
ORD_00966,5,2026-01-13,276,-228.0,H,38
ORD_00987,5,2026-01-23,276,-156.0,M,38
ORD_00051,6,2026-02-05,276,84.0,L,62
ORD_00110,6,2026-01-09,276,-132.0,M,62
ORD_00130,6,2026-01-21,276,-156.0,M,62
ORD_00205,6,2026-01-23,276,-180.0,M,62
ORD_00224,6,2026-01-14,276,-156.0,M,62
ORD_00309,6,2026-01-10,276,-180.0,M,62
ORD_00555,6,2026-01-25,276,-108.0,M,62
ORD_00569,6,2026-01-28,276,-156.0,M,62
ORD_00624,6,2026-02-03,276,-156.0,M,62
ORD_00626,6,2026-01-23,276,-228.0,H,62
ORD_00700,6,2026-01-24,276,-108.0,M,62
ORD_00759,6,2026-01-27,276,-180.0,M,62
ORD_00792,6,2026-02-02,276,-108.0,M,62
ORD_00806,6,2026-01-10,276,-156.0,M,62
ORD_00809,6,2026-01-19,276,84.0,L,62
ORD_00880,6,2026-01-22,276,-180.0,M,62
ORD_00946,6,2026-01-17,276,-180.0,M,62
ORD_00948,6,2026-01-23,276,-204.0,H,62
ORD_00966,6,2026-01-13,276,-228.0,H,62
ORD_00987,6,2026-01-23,276,-156.0,M,62
ORD_00051,7,2026-02-05,276,84.0,L,30
ORD_00110,7,2026-01-09,276,-132.0,M,30
ORD_00130,7,2026-01-21,276,-156.0,M,30
ORD_00205,7,2026-01-23,276,-180.0,M,30
ORD_00224,7,2026-01-14,276,-156.0,M,30
ORD_00309,7,2026-01-10,276,-180.0,M,30
ORD_00555,7,2026-01-25,276,-108.0,M,30
ORD_00569,7,2026-01-28,276,-156.0,M,30
ORD_00624,7,2026-02-03,276,-156.0,M,30
ORD_00626,7,2026-01-23,276,-228.0,H,30
ORD_00700,7,2026-01-24,276,-108.0,M,30
ORD_00759,7,2026-01-27,276,-180.0,M,30
ORD_00792,7,2026-02-02,276,-108.0,M,30
ORD_00806,7,2026-01-10,276,-156.0,M,30
ORD_00809,7,2026-01-19,276,84.0,L,30
ORD_00880,7,2026-01-22,276,-180.0,M,30
ORD_00946,7,2026-01-17,276,-180.0,M,30
ORD_00948,7,2026-01-23,276,-204.0,H,30
ORD_00966,7,2026-01-13,276,-228.0,H,30
ORD_00987,7,2026-01-23,276,-156.0,M,30
ORD_00051,8,2026-02-05,276,84.0,L,22
ORD_00110,8,2026-01-09,276,-132.0,M,22
ORD_00130,8,2026-01-21,276,-156.0,M,22
ORD_00205,8,2026-01-23,276,-180.0,M,22
ORD_00224,8,2026-01-14,276,-156.0,M,22
ORD_00309,8,2026-01-10,276,-180.0,M,22
ORD_00555,8,2026-01-25,276,-108.0,M,22
ORD_00569,8,2026-01-28,276,-156.0,M,22
ORD_00624,8,2026-02-03,276,-156.0,M,22
ORD_00626,8,2026-01-23,276,-228.0,H,22
ORD_00700,8,2026-01-24,276,-108.0,M,22
ORD_00759,8,2026-01-27,276,-180.0,M,22
ORD_00792,8,2026-02-02,276,-108.0,M,22
ORD_00806,8,2026-01-10,276,-156.0,M,22
ORD_00809,8,2026-01-19,276,84.0,L,22
ORD_00880,8,2026-01-22,276,-180.0,M,22
ORD_00946,8,2026-01-17,276,-180.0,M,22
ORD_00948,8,2026-01-23,276,-204.0,H,22
ORD_00966,8,2026-01-13,276,-228.0,H,22
ORD_00987,8,2026-01-23,276,-156.0,M,22
ORD_00327,1,2026-01-14,279,-255.0,H,29
ORD_00470,1,2026-01-16,279,-159.0,M,29
ORD_00473,1,2026-01-31,279,-135.0,M,29
ORD_00676,1,2026-02-01,279,-87.0,L,29
ORD_00691,1,2026-01-23,279,-183.0,M,29
ORD_00755,1,2026-02-04,279,-159.0,M,29
ORD_00866,1,2026-01-09,279,-135.0,M,29
ORD_00886,1,2026-01-21,279,-231.0,H,29
ORD_00327,2,2026-01-14,279,-255.0,H,24
ORD_00470,2,2026-01-16,279,-159.0,M,24
ORD_00473,2,2026-01-31,279,-135.0,M,24
ORD_00676,2,2026-02-01,279,-87.0,L,24
ORD_00691,2,2026-01-23,279,-183.0,M,24
ORD_00755,2,2026-02-04,279,-159.0,M,24
ORD_00866,2,2026-01-09,279,-135.0,M,24
ORD_00886,2,2026-01-21,279,-231.0,H,24
ORD_00327,3,2026-01-14,279,-255.0,H,27
ORD_00470,3,2026-01-16,279,-159.0,M,27
ORD_00473,3,2026-01-31,279,-135.0,M,27
ORD_00676,3,2026-02-01,279,-87.0,L,27
ORD_00691,3,2026-01-23,279,-183.0,M,27
ORD_00755,3,2026-02-04,279,-159.0,M,27
ORD_00866,3,2026-01-09,279,-135.0,M,27
ORD_00886,3,2026-01-21,279,-231.0,H,27
ORD_00327,4,2026-01-14,279,-255.0,H,41
ORD_00470,4,2026-01-16,279,-159.0,M,41
ORD_00473,4,2026-01-31,279,-135.0,M,41
ORD_00676,4,2026-02-01,279,-87.0,L,41
ORD_00691,4,2026-01-23,279,-183.0,M,41
ORD_00755,4,2026-02-04,279,-159.0,M,41
ORD_00866,4,2026-01-09,279,-135.0,M,41
ORD_00886,4,2026-01-21,279,-231.0,H,41
ORD_00327,5,2026-01-14,279,-255.0,H,41
ORD_00470,5,2026-01-16,279,-159.0,M,41
ORD_00473,5,2026-01-31,279,-135.0,M,41
ORD_00676,5,2026-02-01,279,-87.0,L,41
ORD_00691,5,2026-01-23,279,-183.0,M,41
ORD_00755,5,2026-02-04,279,-159.0,M,41
ORD_00866,5,2026-01-09,279,-135.0,M,41
ORD_00886,5,2026-01-21,279,-231.0,H,41
ORD_00327,6,2026-01-14,279,-255.0,H,81
ORD_00470,6,2026-01-16,279,-159.0,M,81
ORD_00473,6,2026-01-31,279,-135.0,M,81
ORD_00676,6,2026-02-01,279,-87.0,L,81
ORD_00691,6,2026-01-23,279,-183.0,M,81
ORD_00755,6,2026-02-04,279,-159.0,M,81
ORD_00866,6,2026-01-09,279,-135.0,M,81
ORD_00886,6,2026-01-21,279,-231.0,H,81
ORD_00327,7,2026-01-14,279,-255.0,H,26
ORD_00470,7,2026-01-16,279,-159.0,M,26
ORD_00473,7,2026-01-31,279,-135.0,M,26
ORD_00676,7,2026-02-01,279,-87.0,L,26
ORD_00691,7,2026-01-23,279,-183.0,M,26
ORD_00755,7,2026-02-04,279,-159.0,M,26
ORD_00866,7,2026-01-09,279,-135.0,M,26
ORD_00886,7,2026-01-21,279,-231.0,H,26
ORD_00327,8,2026-01-14,279,-255.0,H,10
ORD_00470,8,2026-01-16,279,-159.0,M,10
ORD_00473,8,2026-01-31,279,-135.0,M,10
ORD_00676,8,2026-02-01,279,-87.0,L,10
ORD_00691,8,2026-01-23,279,-183.0,M,10
ORD_00755,8,2026-02-04,279,-159.0,M,10
ORD_00866,8,2026-01-09,279,-135.0,M,10
ORD_00886,8,2026-01-21,279,-231.0,H,10
ORD_00431,1,2026-01-12,218,-146.0,H,19
ORD_00826,1,2026-01-27,218,-50.0,M,19
ORD_00431,2,2026-01-12,218,-146.0,H,45
ORD_00826,2,2026-01-27,218,-50.0,M,45
ORD_00431,3,2026-01-12,218,-146.0,H,25
ORD_00826,3,2026-01-27,218,-50.0,M,25
ORD_00431,4,2026-01-12,218,-146.0,H,21
ORD_00826,4,2026-01-27,218,-50.0,M,21
ORD_00431,5,2026-01-12,218,-146.0,H,24
ORD_00826,5,2026-01-27,218,-50.0,M,24
ORD_00431,6,2026-01-12,218,-146.0,H,44
ORD_00826,6,2026-01-27,218,-50.0,M,44
ORD_00431,7,2026-01-12,218,-146.0,H,13
ORD_00826,7,2026-01-27,218,-50.0,M,13
ORD_00431,8,2026-01-12,218,-146.0,H,27
ORD_00826,8,2026-01-27,218,-50.0,M,27
ORD_00001,1,2026-02-01,255,-183.0,H,20
ORD_00024,1,2026-01-28,255,-135.0,M,20
ORD_00106,1,2026-01-10,255,-135.0,M,20
ORD_00111,1,2026-01-14,255,-207.0,H,20
ORD_00180,1,2026-01-07,255,-111.0,M,20
ORD_00234,1,2026-01-29,255,-135.0,M,20
ORD_00254,1,2026-01-18,255,-135.0,M,20
ORD_00287,1,2026-01-18,255,-135.0,M,20
ORD_00314,1,2026-01-17,255,-87.0,M,20
ORD_00320,1,2026-01-12,255,-87.0,M,20
ORD_00323,1,2026-01-20,255,81.0,L,20
ORD_00347,1,2026-01-30,255,9.0,L,20
ORD_00352,1,2026-01-16,255,-183.0,H,20
ORD_00382,1,2026-01-21,255,-111.0,M,20
ORD_00386,1,2026-01-27,255,-111.0,M,20
ORD_00427,1,2026-01-22,255,-159.0,M,20
ORD_00515,1,2026-01-14,255,-111.0,M,20
ORD_00558,1,2026-02-01,255,-135.0,M,20
ORD_00559,1,2026-01-23,255,-159.0,M,20
ORD_00636,1,2026-01-17,255,-183.0,H,20
ORD_00689,1,2026-01-11,255,-135.0,M,20
ORD_00718,1,2026-01-11,255,-87.0,M,20
ORD_00738,1,2026-01-20,255,-87.0,M,20
ORD_00752,1,2026-01-17,255,-111.0,M,20
ORD_00761,1,2026-01-23,255,-159.0,M,20
ORD_00853,1,2026-01-09,255,-111.0,M,20
ORD_00875,1,2026-01-15,255,9.0,L,20
ORD_00881,1,2026-01-14,255,-111.0,M,20
ORD_00900,1,2026-01-25,255,-159.0,M,20
ORD_00927,1,2026-02-08,255,-15.0,L,20
ORD_00001,2,2026-02-01,255,-183.0,H,34
ORD_00024,2,2026-01-28,255,-135.0,M,34
ORD_00106,2,2026-01-10,255,-135.0,M,34
ORD_00111,2,2026-01-14,255,-207.0,H,34
ORD_00180,2,2026-01-07,255,-111.0,M,34
ORD_00234,2,2026-01-29,255,-135.0,M,34
ORD_00254,2,2026-01-18,255,-135.0,M,34
ORD_00287,2,2026-01-18,255,-135.0,M,34
ORD_00314,2,2026-01-17,255,-87.0,M,34
ORD_00320,2,2026-01-12,255,-87.0,M,34
ORD_00323,2,2026-01-20,255,81.0,L,34
ORD_00347,2,2026-01-30,255,9.0,L,34
ORD_00352,2,2026-01-16,255,-183.0,H,34
ORD_00382,2,2026-01-21,255,-111.0,M,34
ORD_00386,2,2026-01-27,255,-111.0,M,34
ORD_00427,2,2026-01-22,255,-159.0,M,34
ORD_00515,2,2026-01-14,255,-111.0,M,34
ORD_00558,2,2026-02-01,255,-135.0,M,34
ORD_00559,2,2026-01-23,255,-159.0,M,34
ORD_00636,2,2026-01-17,255,-183.0,H,34
ORD_00689,2,2026-01-11,255,-135.0,M,34
ORD_00718,2,2026-01-11,255,-87.0,M,34
ORD_00738,2,2026-01-20,255,-87.0,M,34
ORD_00752,2,2026-01-17,255,-111.0,M,34
ORD_00761,2,2026-01-23,255,-159.0,M,34
ORD_00853,2,2026-01-09,255,-111.0,M,34
ORD_00875,2,2026-01-15,255,9.0,L,34
ORD_00881,2,2026-01-14,255,-111.0,M,34
ORD_00900,2,2026-01-25,255,-159.0,M,34
ORD_00927,2,2026-02-08,255,-15.0,L,34
ORD_00001,3,2026-02-01,255,-183.0,H,19
ORD_00024,3,2026-01-28,255,-135.0,M,19
ORD_00106,3,2026-01-10,255,-135.0,M,19
ORD_00111,3,2026-01-14,255,-207.0,H,19
ORD_00180,3,2026-01-07,255,-111.0,M,19
ORD_00234,3,2026-01-29,255,-135.0,M,19
ORD_00254,3,2026-01-18,255,-135.0,M,19
ORD_00287,3,2026-01-18,255,-135.0,M,19
ORD_00314,3,2026-01-17,255,-87.0,M,19
ORD_00320,3,2026-01-12,255,-87.0,M,19
ORD_00323,3,2026-01-20,255,81.0,L,19
ORD_00347,3,2026-01-30,255,9.0,L,19
ORD_00352,3,2026-01-16,255,-183.0,H,19
ORD_00382,3,2026-01-21,255,-111.0,M,19
ORD_00386,3,2026-01-27,255,-111.0,M,19
ORD_00427,3,2026-01-22,255,-159.0,M,19
ORD_00515,3,2026-01-14,255,-111.0,M,19
ORD_00558,3,2026-02-01,255,-135.0,M,19
ORD_00559,3,2026-01-23,255,-159.0,M,19
ORD_00636,3,2026-01-17,255,-183.0,H,19
ORD_00689,3,2026-01-11,255,-135.0,M,19
ORD_00718,3,2026-01-11,255,-87.0,M,19
ORD_00738,3,2026-01-20,255,-87.0,M,19
ORD_00752,3,2026-01-17,255,-111.0,M,19
ORD_00761,3,2026-01-23,255,-159.0,M,19
ORD_00853,3,2026-01-09,255,-111.0,M,19
ORD_00875,3,2026-01-15,255,9.0,L,19
ORD_00881,3,2026-01-14,255,-111.0,M,19
ORD_00900,3,2026-01-25,255,-159.0,M,19
ORD_00927,3,2026-02-08,255,-15.0,L,19
ORD_00001,4,2026-02-01,255,-183.0,H,20
ORD_00024,4,2026-01-28,255,-135.0,M,20
ORD_00106,4,2026-01-10,255,-135.0,M,20
ORD_00111,4,2026-01-14,255,-207.0,H,20
ORD_00180,4,2026-01-07,255,-111.0,M,20
ORD_00234,4,2026-01-29,255,-135.0,M,20
ORD_00254,4,2026-01-18,255,-135.0,M,20
ORD_00287,4,2026-01-18,255,-135.0,M,20
ORD_00314,4,2026-01-17,255,-87.0,M,20
ORD_00320,4,2026-01-12,255,-87.0,M,20
ORD_00323,4,2026-01-20,255,81.0,L,20
ORD_00347,4,2026-01-30,255,9.0,L,20
ORD_00352,4,2026-01-16,255,-183.0,H,20
ORD_00382,4,2026-01-21,255,-111.0,M,20
ORD_00386,4,2026-01-27,255,-111.0,M,20
ORD_00427,4,2026-01-22,255,-159.0,M,20
ORD_00515,4,2026-01-14,255,-111.0,M,20
ORD_00558,4,2026-02-01,255,-135.0,M,20
ORD_00559,4,2026-01-23,255,-159.0,M,20
ORD_00636,4,2026-01-17,255,-183.0,H,20
ORD_00689,4,2026-01-11,255,-135.0,M,20
ORD_00718,4,2026-01-11,255,-87.0,M,20
ORD_00738,4,2026-01-20,255,-87.0,M,20
ORD_00752,4,2026-01-17,255,-111.0,M,20
ORD_00761,4,2026-01-23,255,-159.0,M,20
ORD_00853,4,2026-01-09,255,-111.0,M,20
ORD_00875,4,2026-01-15,255,9.0,L,20
ORD_00881,4,2026-01-14,255,-111.0,M,20
ORD_00900,4,2026-01-25,255,-159.0,M,20
ORD_00927,4,2026-02-08,255,-15.0,L,20
ORD_00001,5,2026-02-01,255,-183.0,H,44
ORD_00024,5,2026-01-28,255,-135.0,M,44
ORD_00106,5,2026-01-10,255,-135.0,M,44
ORD_00111,5,2026-01-14,255,-207.0,H,44
ORD_00180,5,2026-01-07,255,-111.0,M,44
ORD_00234,5,2026-01-29,255,-135.0,M,44
ORD_00254,5,2026-01-18,255,-135.0,M,44
ORD_00287,5,2026-01-18,255,-135.0,M,44
ORD_00314,5,2026-01-17,255,-87.0,M,44
ORD_00320,5,2026-01-12,255,-87.0,M,44
ORD_00323,5,2026-01-20,255,81.0,L,44
ORD_00347,5,2026-01-30,255,9.0,L,44
ORD_00352,5,2026-01-16,255,-183.0,H,44
ORD_00382,5,2026-01-21,255,-111.0,M,44
ORD_00386,5,2026-01-27,255,-111.0,M,44
ORD_00427,5,2026-01-22,255,-159.0,M,44
ORD_00515,5,2026-01-14,255,-111.0,M,44
ORD_00558,5,2026-02-01,255,-135.0,M,44
ORD_00559,5,2026-01-23,255,-159.0,M,44
ORD_00636,5,2026-01-17,255,-183.0,H,44
ORD_00689,5,2026-01-11,255,-135.0,M,44
ORD_00718,5,2026-01-11,255,-87.0,M,44
ORD_00738,5,2026-01-20,255,-87.0,M,44
ORD_00752,5,2026-01-17,255,-111.0,M,44
ORD_00761,5,2026-01-23,255,-159.0,M,44
ORD_00853,5,2026-01-09,255,-111.0,M,44
ORD_00875,5,2026-01-15,255,9.0,L,44
ORD_00881,5,2026-01-14,255,-111.0,M,44
ORD_00900,5,2026-01-25,255,-159.0,M,44
ORD_00927,5,2026-02-08,255,-15.0,L,44
ORD_00001,6,2026-02-01,255,-183.0,H,86
ORD_00024,6,2026-01-28,255,-135.0,M,86
ORD_00106,6,2026-01-10,255,-135.0,M,86
ORD_00111,6,2026-01-14,255,-207.0,H,86
ORD_00180,6,2026-01-07,255,-111.0,M,86
ORD_00234,6,2026-01-29,255,-135.0,M,86
ORD_00254,6,2026-01-18,255,-135.0,M,86
ORD_00287,6,2026-01-18,255,-135.0,M,86
ORD_00314,6,2026-01-17,255,-87.0,M,86
ORD_00320,6,2026-01-12,255,-87.0,M,86
ORD_00323,6,2026-01-20,255,81.0,L,86
ORD_00347,6,2026-01-30,255,9.0,L,86
ORD_00352,6,2026-01-16,255,-183.0,H,86
ORD_00382,6,2026-01-21,255,-111.0,M,86
ORD_00386,6,2026-01-27,255,-111.0,M,86
ORD_00427,6,2026-01-22,255,-159.0,M,86
ORD_00515,6,2026-01-14,255,-111.0,M,86
ORD_00558,6,2026-02-01,255,-135.0,M,86
ORD_00559,6,2026-01-23,255,-159.0,M,86
ORD_00636,6,2026-01-17,255,-183.0,H,86
ORD_00689,6,2026-01-11,255,-135.0,M,86
ORD_00718,6,2026-01-11,255,-87.0,M,86
ORD_00738,6,2026-01-20,255,-87.0,M,86
ORD_00752,6,2026-01-17,255,-111.0,M,86
ORD_00761,6,2026-01-23,255,-159.0,M,86
ORD_00853,6,2026-01-09,255,-111.0,M,86
ORD_00875,6,2026-01-15,255,9.0,L,86
ORD_00881,6,2026-01-14,255,-111.0,M,86
ORD_00900,6,2026-01-25,255,-159.0,M,86
ORD_00927,6,2026-02-08,255,-15.0,L,86
ORD_00001,7,2026-02-01,255,-183.0,H,11
ORD_00024,7,2026-01-28,255,-135.0,M,11
ORD_00106,7,2026-01-10,255,-135.0,M,11
ORD_00111,7,2026-01-14,255,-207.0,H,11
ORD_00180,7,2026-01-07,255,-111.0,M,11
ORD_00234,7,2026-01-29,255,-135.0,M,11
ORD_00254,7,2026-01-18,255,-135.0,M,11
ORD_00287,7,2026-01-18,255,-135.0,M,11
ORD_00314,7,2026-01-17,255,-87.0,M,11
ORD_00320,7,2026-01-12,255,-87.0,M,11
ORD_00323,7,2026-01-20,255,81.0,L,11
ORD_00347,7,2026-01-30,255,9.0,L,11
ORD_00352,7,2026-01-16,255,-183.0,H,11
ORD_00382,7,2026-01-21,255,-111.0,M,11
ORD_00386,7,2026-01-27,255,-111.0,M,11
ORD_00427,7,2026-01-22,255,-159.0,M,11
ORD_00515,7,2026-01-14,255,-111.0,M,11
ORD_00558,7,2026-02-01,255,-135.0,M,11
ORD_00559,7,2026-01-23,255,-159.0,M,11
ORD_00636,7,2026-01-17,255,-183.0,H,11
ORD_00689,7,2026-01-11,255,-135.0,M,11
ORD_00718,7,2026-01-11,255,-87.0,M,11
ORD_00738,7,2026-01-20,255,-87.0,M,11
ORD_00752,7,2026-01-17,255,-111.0,M,11
ORD_00761,7,2026-01-23,255,-159.0,M,11
ORD_00853,7,2026-01-09,255,-111.0,M,11
ORD_00875,7,2026-01-15,255,9.0,L,11
ORD_00881,7,2026-01-14,255,-111.0,M,11
ORD_00900,7,2026-01-25,255,-159.0,M,11
ORD_00927,7,2026-02-08,255,-15.0,L,11
ORD_00001,8,2026-02-01,255,-183.0,H,21
ORD_00024,8,2026-01-28,255,-135.0,M,21
ORD_00106,8,2026-01-10,255,-135.0,M,21
ORD_00111,8,2026-01-14,255,-207.0,H,21
ORD_00180,8,2026-01-07,255,-111.0,M,21
ORD_00234,8,2026-01-29,255,-135.0,M,21
ORD_00254,8,2026-01-18,255,-135.0,M,21
ORD_00287,8,2026-01-18,255,-135.0,M,21
ORD_00314,8,2026-01-17,255,-87.0,M,21
ORD_00320,8,2026-01-12,255,-87.0,M,21
ORD_00323,8,2026-01-20,255,81.0,L,21
ORD_00347,8,2026-01-30,255,9.0,L,21
ORD_00352,8,2026-01-16,255,-183.0,H,21
ORD_00382,8,2026-01-21,255,-111.0,M,21
ORD_00386,8,2026-01-27,255,-111.0,M,21
ORD_00427,8,2026-01-22,255,-159.0,M,21
ORD_00515,8,2026-01-14,255,-111.0,M,21
ORD_00558,8,2026-02-01,255,-135.0,M,21
ORD_00559,8,2026-01-23,255,-159.0,M,21
ORD_00636,8,2026-01-17,255,-183.0,H,21
ORD_00689,8,2026-01-11,255,-135.0,M,21
ORD_00718,8,2026-01-11,255,-87.0,M,21
ORD_00738,8,2026-01-20,255,-87.0,M,21
ORD_00752,8,2026-01-17,255,-111.0,M,21
ORD_00761,8,2026-01-23,255,-159.0,M,21
ORD_00853,8,2026-01-09,255,-111.0,M,21
ORD_00875,8,2026-01-15,255,9.0,L,21
ORD_00881,8,2026-01-14,255,-111.0,M,21
ORD_00900,8,2026-01-25,255,-159.0,M,21
ORD_00927,8,2026-02-08,255,-15.0,L,21
ORD_00568,1,2026-02-03,246,-150.0,M,24
ORD_00965,1,2026-01-28,246,-198.0,H,24
ORD_00568,2,2026-02-03,246,-150.0,M,39
ORD_00965,2,2026-01-28,246,-198.0,H,39
ORD_00568,3,2026-02-03,246,-150.0,M,22
ORD_00965,3,2026-01-28,246,-198.0,H,22
ORD_00568,4,2026-02-03,246,-150.0,M,27
ORD_00965,4,2026-01-28,246,-198.0,H,27
ORD_00568,5,2026-02-03,246,-150.0,M,90
ORD_00965,5,2026-01-28,246,-198.0,H,90
ORD_00568,6,2026-02-03,246,-150.0,M,16
ORD_00965,6,2026-01-28,246,-198.0,H,16
ORD_00568,7,2026-02-03,246,-150.0,M,28
ORD_00965,7,2026-01-28,246,-198.0,H,28
ORD_00050,1,2026-01-13,294,-174.0,M,24
ORD_00052,1,2026-02-01,294,-198.0,M,24
ORD_00061,1,2026-02-06,294,-126.0,M,24
ORD_00086,1,2026-01-24,294,66.0,L,24
ORD_00241,1,2026-01-17,294,-198.0,M,24
ORD_00242,1,2026-02-06,294,42.0,L,24
ORD_00326,1,2026-01-26,294,-54.0,L,24
ORD_00358,1,2026-02-11,294,42.0,L,24
ORD_00359,1,2026-01-21,294,18.0,L,24
ORD_00440,1,2026-01-18,294,-174.0,M,24
ORD_00474,1,2026-01-23,294,-270.0,H,24
ORD_00510,1,2026-01-15,294,-246.0,H,24
ORD_00556,1,2026-02-03,294,-198.0,M,24
ORD_00600,1,2026-01-23,294,-126.0,M,24
ORD_00694,1,2026-01-28,294,-174.0,M,24
ORD_00751,1,2026-02-04,294,-174.0,M,24
ORD_00773,1,2026-01-13,294,-126.0,M,24
ORD_00783,1,2026-01-22,294,-126.0,M,24
ORD_00784,1,2026-01-17,294,-150.0,M,24
ORD_00842,1,2026-02-03,294,-150.0,M,24
ORD_00846,1,2026-01-30,294,-78.0,L,24
ORD_00859,1,2026-01-21,294,18.0,L,24
ORD_00865,1,2026-02-07,294,-102.0,L,24
ORD_00873,1,2026-01-28,294,-246.0,H,24
ORD_00962,1,2026-01-23,294,-198.0,M,24
ORD_00050,2,2026-01-13,294,-174.0,M,39
ORD_00052,2,2026-02-01,294,-198.0,M,39
ORD_00061,2,2026-02-06,294,-126.0,M,39
ORD_00086,2,2026-01-24,294,66.0,L,39
ORD_00241,2,2026-01-17,294,-198.0,M,39
ORD_00242,2,2026-02-06,294,42.0,L,39
ORD_00326,2,2026-01-26,294,-54.0,L,39
ORD_00358,2,2026-02-11,294,42.0,L,39
ORD_00359,2,2026-01-21,294,18.0,L,39
ORD_00440,2,2026-01-18,294,-174.0,M,39
ORD_00474,2,2026-01-23,294,-270.0,H,39
ORD_00510,2,2026-01-15,294,-246.0,H,39
ORD_00556,2,2026-02-03,294,-198.0,M,39
ORD_00600,2,2026-01-23,294,-126.0,M,39
ORD_00694,2,2026-01-28,294,-174.0,M,39
ORD_00751,2,2026-02-04,294,-174.0,M,39
ORD_00773,2,2026-01-13,294,-126.0,M,39
ORD_00783,2,2026-01-22,294,-126.0,M,39
ORD_00784,2,2026-01-17,294,-150.0,M,39
ORD_00842,2,2026-02-03,294,-150.0,M,39
ORD_00846,2,2026-01-30,294,-78.0,L,39
ORD_00859,2,2026-01-21,294,18.0,L,39
ORD_00865,2,2026-02-07,294,-102.0,L,39
ORD_00873,2,2026-01-28,294,-246.0,H,39
ORD_00962,2,2026-01-23,294,-198.0,M,39
ORD_00050,3,2026-01-13,294,-174.0,M,31
ORD_00052,3,2026-02-01,294,-198.0,M,31
ORD_00061,3,2026-02-06,294,-126.0,M,31
ORD_00086,3,2026-01-24,294,66.0,L,31
ORD_00241,3,2026-01-17,294,-198.0,M,31
ORD_00242,3,2026-02-06,294,42.0,L,31
ORD_00326,3,2026-01-26,294,-54.0,L,31
ORD_00358,3,2026-02-11,294,42.0,L,31
ORD_00359,3,2026-01-21,294,18.0,L,31
ORD_00440,3,2026-01-18,294,-174.0,M,31
ORD_00474,3,2026-01-23,294,-270.0,H,31
ORD_00510,3,2026-01-15,294,-246.0,H,31
ORD_00556,3,2026-02-03,294,-198.0,M,31
ORD_00600,3,2026-01-23,294,-126.0,M,31
ORD_00694,3,2026-01-28,294,-174.0,M,31
ORD_00751,3,2026-02-04,294,-174.0,M,31
ORD_00773,3,2026-01-13,294,-126.0,M,31
ORD_00783,3,2026-01-22,294,-126.0,M,31
ORD_00784,3,2026-01-17,294,-150.0,M,31
ORD_00842,3,2026-02-03,294,-150.0,M,31
ORD_00846,3,2026-01-30,294,-78.0,L,31
ORD_00859,3,2026-01-21,294,18.0,L,31
ORD_00865,3,2026-02-07,294,-102.0,L,31
ORD_00873,3,2026-01-28,294,-246.0,H,31
ORD_00962,3,2026-01-23,294,-198.0,M,31
ORD_00050,4,2026-01-13,294,-174.0,M,28
ORD_00052,4,2026-02-01,294,-198.0,M,28
ORD_00061,4,2026-02-06,294,-126.0,M,28
ORD_00086,4,2026-01-24,294,66.0,L,28
ORD_00241,4,2026-01-17,294,-198.0,M,28
ORD_00242,4,2026-02-06,294,42.0,L,28
ORD_00326,4,2026-01-26,294,-54.0,L,28
ORD_00358,4,2026-02-11,294,42.0,L,28
ORD_00359,4,2026-01-21,294,18.0,L,28
ORD_00440,4,2026-01-18,294,-174.0,M,28
ORD_00474,4,2026-01-23,294,-270.0,H,28
ORD_00510,4,2026-01-15,294,-246.0,H,28
ORD_00556,4,2026-02-03,294,-198.0,M,28
ORD_00600,4,2026-01-23,294,-126.0,M,28
ORD_00694,4,2026-01-28,294,-174.0,M,28
ORD_00751,4,2026-02-04,294,-174.0,M,28
ORD_00773,4,2026-01-13,294,-126.0,M,28
ORD_00783,4,2026-01-22,294,-126.0,M,28
ORD_00784,4,2026-01-17,294,-150.0,M,28
ORD_00842,4,2026-02-03,294,-150.0,M,28
ORD_00846,4,2026-01-30,294,-78.0,L,28
ORD_00859,4,2026-01-21,294,18.0,L,28
ORD_00865,4,2026-02-07,294,-102.0,L,28
ORD_00873,4,2026-01-28,294,-246.0,H,28
ORD_00962,4,2026-01-23,294,-198.0,M,28
ORD_00050,5,2026-01-13,294,-174.0,M,46
ORD_00052,5,2026-02-01,294,-198.0,M,46
ORD_00061,5,2026-02-06,294,-126.0,M,46
ORD_00086,5,2026-01-24,294,66.0,L,46
ORD_00241,5,2026-01-17,294,-198.0,M,46
ORD_00242,5,2026-02-06,294,42.0,L,46
ORD_00326,5,2026-01-26,294,-54.0,L,46
ORD_00358,5,2026-02-11,294,42.0,L,46
ORD_00359,5,2026-01-21,294,18.0,L,46
ORD_00440,5,2026-01-18,294,-174.0,M,46
ORD_00474,5,2026-01-23,294,-270.0,H,46
ORD_00510,5,2026-01-15,294,-246.0,H,46
ORD_00556,5,2026-02-03,294,-198.0,M,46
ORD_00600,5,2026-01-23,294,-126.0,M,46
ORD_00694,5,2026-01-28,294,-174.0,M,46
ORD_00751,5,2026-02-04,294,-174.0,M,46
ORD_00773,5,2026-01-13,294,-126.0,M,46
ORD_00783,5,2026-01-22,294,-126.0,M,46
ORD_00784,5,2026-01-17,294,-150.0,M,46
ORD_00842,5,2026-02-03,294,-150.0,M,46
ORD_00846,5,2026-01-30,294,-78.0,L,46
ORD_00859,5,2026-01-21,294,18.0,L,46
ORD_00865,5,2026-02-07,294,-102.0,L,46
ORD_00873,5,2026-01-28,294,-246.0,H,46
ORD_00962,5,2026-01-23,294,-198.0,M,46
ORD_00050,6,2026-01-13,294,-174.0,M,78
ORD_00052,6,2026-02-01,294,-198.0,M,78
ORD_00061,6,2026-02-06,294,-126.0,M,78
ORD_00086,6,2026-01-24,294,66.0,L,78
ORD_00241,6,2026-01-17,294,-198.0,M,78
ORD_00242,6,2026-02-06,294,42.0,L,78
ORD_00326,6,2026-01-26,294,-54.0,L,78
ORD_00358,6,2026-02-11,294,42.0,L,78
ORD_00359,6,2026-01-21,294,18.0,L,78
ORD_00440,6,2026-01-18,294,-174.0,M,78
ORD_00474,6,2026-01-23,294,-270.0,H,78
ORD_00510,6,2026-01-15,294,-246.0,H,78
ORD_00556,6,2026-02-03,294,-198.0,M,78
ORD_00600,6,2026-01-23,294,-126.0,M,78
ORD_00694,6,2026-01-28,294,-174.0,M,78
ORD_00751,6,2026-02-04,294,-174.0,M,78
ORD_00773,6,2026-01-13,294,-126.0,M,78
ORD_00783,6,2026-01-22,294,-126.0,M,78
ORD_00784,6,2026-01-17,294,-150.0,M,78
ORD_00842,6,2026-02-03,294,-150.0,M,78
ORD_00846,6,2026-01-30,294,-78.0,L,78
ORD_00859,6,2026-01-21,294,18.0,L,78
ORD_00865,6,2026-02-07,294,-102.0,L,78
ORD_00873,6,2026-01-28,294,-246.0,H,78
ORD_00962,6,2026-01-23,294,-198.0,M,78
ORD_00050,7,2026-01-13,294,-174.0,M,18
ORD_00052,7,2026-02-01,294,-198.0,M,18
ORD_00061,7,2026-02-06,294,-126.0,M,18
ORD_00086,7,2026-01-24,294,66.0,L,18
ORD_00241,7,2026-01-17,294,-198.0,M,18
ORD_00242,7,2026-02-06,294,42.0,L,18
ORD_00326,7,2026-01-26,294,-54.0,L,18
ORD_00358,7,2026-02-11,294,42.0,L,18
ORD_00359,7,2026-01-21,294,18.0,L,18
ORD_00440,7,2026-01-18,294,-174.0,M,18
ORD_00474,7,2026-01-23,294,-270.0,H,18
ORD_00510,7,2026-01-15,294,-246.0,H,18
ORD_00556,7,2026-02-03,294,-198.0,M,18
ORD_00600,7,2026-01-23,294,-126.0,M,18
ORD_00694,7,2026-01-28,294,-174.0,M,18
ORD_00751,7,2026-02-04,294,-174.0,M,18
ORD_00773,7,2026-01-13,294,-126.0,M,18
ORD_00783,7,2026-01-22,294,-126.0,M,18
ORD_00784,7,2026-01-17,294,-150.0,M,18
ORD_00842,7,2026-02-03,294,-150.0,M,18
ORD_00846,7,2026-01-30,294,-78.0,L,18
ORD_00859,7,2026-01-21,294,18.0,L,18
ORD_00865,7,2026-02-07,294,-102.0,L,18
ORD_00873,7,2026-01-28,294,-246.0,H,18
ORD_00962,7,2026-01-23,294,-198.0,M,18
ORD_00050,8,2026-01-13,294,-174.0,M,30
ORD_00052,8,2026-02-01,294,-198.0,M,30
ORD_00061,8,2026-02-06,294,-126.0,M,30
ORD_00086,8,2026-01-24,294,66.0,L,30
ORD_00241,8,2026-01-17,294,-198.0,M,30
ORD_00242,8,2026-02-06,294,42.0,L,30
ORD_00326,8,2026-01-26,294,-54.0,L,30
ORD_00358,8,2026-02-11,294,42.0,L,30
ORD_00359,8,2026-01-21,294,18.0,L,30
ORD_00440,8,2026-01-18,294,-174.0,M,30
ORD_00474,8,2026-01-23,294,-270.0,H,30
ORD_00510,8,2026-01-15,294,-246.0,H,30
ORD_00556,8,2026-02-03,294,-198.0,M,30
ORD_00600,8,2026-01-23,294,-126.0,M,30
ORD_00694,8,2026-01-28,294,-174.0,M,30
ORD_00751,8,2026-02-04,294,-174.0,M,30
ORD_00773,8,2026-01-13,294,-126.0,M,30
ORD_00783,8,2026-01-22,294,-126.0,M,30
ORD_00784,8,2026-01-17,294,-150.0,M,30
ORD_00842,8,2026-02-03,294,-150.0,M,30
ORD_00846,8,2026-01-30,294,-78.0,L,30
ORD_00859,8,2026-01-21,294,18.0,L,30
ORD_00865,8,2026-02-07,294,-102.0,L,30
ORD_00873,8,2026-01-28,294,-246.0,H,30
ORD_00962,8,2026-01-23,294,-198.0,M,30
ORD_00034,1,2026-02-03,261,-165.0,M,21
ORD_00060,1,2026-01-28,261,-69.0,L,21
ORD_00099,1,2026-01-14,261,-117.0,M,21
ORD_00148,1,2026-01-25,261,-141.0,M,21
ORD_00151,1,2026-01-21,261,-213.0,H,21
ORD_00153,1,2026-01-07,261,-117.0,M,21
ORD_00338,1,2026-02-03,261,-117.0,M,21
ORD_00341,1,2026-01-18,261,-117.0,M,21
ORD_00365,1,2026-01-16,261,-189.0,H,21
ORD_00409,1,2026-01-13,261,-213.0,H,21
ORD_00412,1,2026-01-17,261,-237.0,H,21
ORD_00439,1,2026-01-22,261,-213.0,H,21
ORD_00441,1,2026-02-06,261,-45.0,L,21
ORD_00458,1,2026-01-25,261,-93.0,M,21
ORD_00472,1,2026-02-01,261,-117.0,M,21
ORD_00491,1,2026-01-18,261,51.0,L,21
ORD_00541,1,2026-01-24,261,-45.0,L,21
ORD_00611,1,2026-01-08,261,-141.0,M,21
ORD_00638,1,2026-01-16,261,-189.0,H,21
ORD_00667,1,2026-02-04,261,-93.0,M,21
ORD_00674,1,2026-01-19,261,-141.0,M,21
ORD_00696,1,2026-02-02,261,-141.0,M,21
ORD_00726,1,2026-01-14,261,-213.0,H,21
ORD_00728,1,2026-01-22,261,27.0,L,21
ORD_00780,1,2026-02-03,261,-165.0,M,21
ORD_00847,1,2026-01-28,261,-165.0,M,21
ORD_00034,2,2026-02-03,261,-165.0,M,37
ORD_00060,2,2026-01-28,261,-69.0,L,37
ORD_00099,2,2026-01-14,261,-117.0,M,37
ORD_00148,2,2026-01-25,261,-141.0,M,37
ORD_00151,2,2026-01-21,261,-213.0,H,37
ORD_00153,2,2026-01-07,261,-117.0,M,37
ORD_00338,2,2026-02-03,261,-117.0,M,37
ORD_00341,2,2026-01-18,261,-117.0,M,37
ORD_00365,2,2026-01-16,261,-189.0,H,37
ORD_00409,2,2026-01-13,261,-213.0,H,37
ORD_00412,2,2026-01-17,261,-237.0,H,37
ORD_00439,2,2026-01-22,261,-213.0,H,37
ORD_00441,2,2026-02-06,261,-45.0,L,37
ORD_00458,2,2026-01-25,261,-93.0,M,37
ORD_00472,2,2026-02-01,261,-117.0,M,37
ORD_00491,2,2026-01-18,261,51.0,L,37
ORD_00541,2,2026-01-24,261,-45.0,L,37
ORD_00611,2,2026-01-08,261,-141.0,M,37
ORD_00638,2,2026-01-16,261,-189.0,H,37
ORD_00667,2,2026-02-04,261,-93.0,M,37
ORD_00674,2,2026-01-19,261,-141.0,M,37
ORD_00696,2,2026-02-02,261,-141.0,M,37
ORD_00726,2,2026-01-14,261,-213.0,H,37
ORD_00728,2,2026-01-22,261,27.0,L,37
ORD_00780,2,2026-02-03,261,-165.0,M,37
ORD_00847,2,2026-01-28,261,-165.0,M,37
ORD_00034,3,2026-02-03,261,-165.0,M,42
ORD_00060,3,2026-01-28,261,-69.0,L,42
ORD_00099,3,2026-01-14,261,-117.0,M,42
ORD_00148,3,2026-01-25,261,-141.0,M,42
ORD_00151,3,2026-01-21,261,-213.0,H,42
ORD_00153,3,2026-01-07,261,-117.0,M,42
ORD_00338,3,2026-02-03,261,-117.0,M,42
ORD_00341,3,2026-01-18,261,-117.0,M,42
ORD_00365,3,2026-01-16,261,-189.0,H,42
ORD_00409,3,2026-01-13,261,-213.0,H,42
ORD_00412,3,2026-01-17,261,-237.0,H,42
ORD_00439,3,2026-01-22,261,-213.0,H,42
ORD_00441,3,2026-02-06,261,-45.0,L,42
ORD_00458,3,2026-01-25,261,-93.0,M,42
ORD_00472,3,2026-02-01,261,-117.0,M,42
ORD_00491,3,2026-01-18,261,51.0,L,42
ORD_00541,3,2026-01-24,261,-45.0,L,42
ORD_00611,3,2026-01-08,261,-141.0,M,42
ORD_00638,3,2026-01-16,261,-189.0,H,42
ORD_00667,3,2026-02-04,261,-93.0,M,42
ORD_00674,3,2026-01-19,261,-141.0,M,42
ORD_00696,3,2026-02-02,261,-141.0,M,42
ORD_00726,3,2026-01-14,261,-213.0,H,42
ORD_00728,3,2026-01-22,261,27.0,L,42
ORD_00780,3,2026-02-03,261,-165.0,M,42
ORD_00847,3,2026-01-28,261,-165.0,M,42
ORD_00034,4,2026-02-03,261,-165.0,M,29
ORD_00060,4,2026-01-28,261,-69.0,L,29
ORD_00099,4,2026-01-14,261,-117.0,M,29
ORD_00148,4,2026-01-25,261,-141.0,M,29
ORD_00151,4,2026-01-21,261,-213.0,H,29
ORD_00153,4,2026-01-07,261,-117.0,M,29
ORD_00338,4,2026-02-03,261,-117.0,M,29
ORD_00341,4,2026-01-18,261,-117.0,M,29
ORD_00365,4,2026-01-16,261,-189.0,H,29
ORD_00409,4,2026-01-13,261,-213.0,H,29
ORD_00412,4,2026-01-17,261,-237.0,H,29
ORD_00439,4,2026-01-22,261,-213.0,H,29
ORD_00441,4,2026-02-06,261,-45.0,L,29
ORD_00458,4,2026-01-25,261,-93.0,M,29
ORD_00472,4,2026-02-01,261,-117.0,M,29
ORD_00491,4,2026-01-18,261,51.0,L,29
ORD_00541,4,2026-01-24,261,-45.0,L,29
ORD_00611,4,2026-01-08,261,-141.0,M,29
ORD_00638,4,2026-01-16,261,-189.0,H,29
ORD_00667,4,2026-02-04,261,-93.0,M,29
ORD_00674,4,2026-01-19,261,-141.0,M,29
ORD_00696,4,2026-02-02,261,-141.0,M,29
ORD_00726,4,2026-01-14,261,-213.0,H,29
ORD_00728,4,2026-01-22,261,27.0,L,29
ORD_00780,4,2026-02-03,261,-165.0,M,29
ORD_00847,4,2026-01-28,261,-165.0,M,29
ORD_00034,5,2026-02-03,261,-165.0,M,88
ORD_00060,5,2026-01-28,261,-69.0,L,88
ORD_00099,5,2026-01-14,261,-117.0,M,88
ORD_00148,5,2026-01-25,261,-141.0,M,88
ORD_00151,5,2026-01-21,261,-213.0,H,88
ORD_00153,5,2026-01-07,261,-117.0,M,88
ORD_00338,5,2026-02-03,261,-117.0,M,88
ORD_00341,5,2026-01-18,261,-117.0,M,88
ORD_00365,5,2026-01-16,261,-189.0,H,88
ORD_00409,5,2026-01-13,261,-213.0,H,88
ORD_00412,5,2026-01-17,261,-237.0,H,88
ORD_00439,5,2026-01-22,261,-213.0,H,88
ORD_00441,5,2026-02-06,261,-45.0,L,88
ORD_00458,5,2026-01-25,261,-93.0,M,88
ORD_00472,5,2026-02-01,261,-117.0,M,88
ORD_00491,5,2026-01-18,261,51.0,L,88
ORD_00541,5,2026-01-24,261,-45.0,L,88
ORD_00611,5,2026-01-08,261,-141.0,M,88
ORD_00638,5,2026-01-16,261,-189.0,H,88
ORD_00667,5,2026-02-04,261,-93.0,M,88
ORD_00674,5,2026-01-19,261,-141.0,M,88
ORD_00696,5,2026-02-02,261,-141.0,M,88
ORD_00726,5,2026-01-14,261,-213.0,H,88
ORD_00728,5,2026-01-22,261,27.0,L,88
ORD_00780,5,2026-02-03,261,-165.0,M,88
ORD_00847,5,2026-01-28,261,-165.0,M,88
ORD_00034,6,2026-02-03,261,-165.0,M,18
ORD_00060,6,2026-01-28,261,-69.0,L,18
ORD_00099,6,2026-01-14,261,-117.0,M,18
ORD_00148,6,2026-01-25,261,-141.0,M,18
ORD_00151,6,2026-01-21,261,-213.0,H,18
ORD_00153,6,2026-01-07,261,-117.0,M,18
ORD_00338,6,2026-02-03,261,-117.0,M,18
ORD_00341,6,2026-01-18,261,-117.0,M,18
ORD_00365,6,2026-01-16,261,-189.0,H,18
ORD_00409,6,2026-01-13,261,-213.0,H,18
ORD_00412,6,2026-01-17,261,-237.0,H,18
ORD_00439,6,2026-01-22,261,-213.0,H,18
ORD_00441,6,2026-02-06,261,-45.0,L,18
ORD_00458,6,2026-01-25,261,-93.0,M,18
ORD_00472,6,2026-02-01,261,-117.0,M,18
ORD_00491,6,2026-01-18,261,51.0,L,18
ORD_00541,6,2026-01-24,261,-45.0,L,18
ORD_00611,6,2026-01-08,261,-141.0,M,18
ORD_00638,6,2026-01-16,261,-189.0,H,18
ORD_00667,6,2026-02-04,261,-93.0,M,18
ORD_00674,6,2026-01-19,261,-141.0,M,18
ORD_00696,6,2026-02-02,261,-141.0,M,18
ORD_00726,6,2026-01-14,261,-213.0,H,18
ORD_00728,6,2026-01-22,261,27.0,L,18
ORD_00780,6,2026-02-03,261,-165.0,M,18
ORD_00847,6,2026-01-28,261,-165.0,M,18
ORD_00034,7,2026-02-03,261,-165.0,M,26
ORD_00060,7,2026-01-28,261,-69.0,L,26
ORD_00099,7,2026-01-14,261,-117.0,M,26
ORD_00148,7,2026-01-25,261,-141.0,M,26
ORD_00151,7,2026-01-21,261,-213.0,H,26
ORD_00153,7,2026-01-07,261,-117.0,M,26
ORD_00338,7,2026-02-03,261,-117.0,M,26
ORD_00341,7,2026-01-18,261,-117.0,M,26
ORD_00365,7,2026-01-16,261,-189.0,H,26
ORD_00409,7,2026-01-13,261,-213.0,H,26
ORD_00412,7,2026-01-17,261,-237.0,H,26
ORD_00439,7,2026-01-22,261,-213.0,H,26
ORD_00441,7,2026-02-06,261,-45.0,L,26
ORD_00458,7,2026-01-25,261,-93.0,M,26
ORD_00472,7,2026-02-01,261,-117.0,M,26
ORD_00491,7,2026-01-18,261,51.0,L,26
ORD_00541,7,2026-01-24,261,-45.0,L,26
ORD_00611,7,2026-01-08,261,-141.0,M,26
ORD_00638,7,2026-01-16,261,-189.0,H,26
ORD_00667,7,2026-02-04,261,-93.0,M,26
ORD_00674,7,2026-01-19,261,-141.0,M,26
ORD_00696,7,2026-02-02,261,-141.0,M,26
ORD_00726,7,2026-01-14,261,-213.0,H,26
ORD_00728,7,2026-01-22,261,27.0,L,26
ORD_00780,7,2026-02-03,261,-165.0,M,26
ORD_00847,7,2026-01-28,261,-165.0,M,26
ORD_00013,1,2026-02-01,310,-142.0,M,23
ORD_00022,1,2026-01-24,310,-22.0,L,23
ORD_00056,1,2026-01-09,310,-262.0,H,23
ORD_00084,1,2026-02-04,310,-190.0,M,23
ORD_00087,1,2026-01-18,310,-166.0,M,23
ORD_00152,1,2026-02-01,310,-166.0,M,23
ORD_00220,1,2026-02-03,310,-94.0,L,23
ORD_00257,1,2026-01-20,310,-238.0,H,23
ORD_00281,1,2026-01-09,310,-190.0,M,23
ORD_00302,1,2026-01-16,310,-214.0,M,23
ORD_00379,1,2026-01-18,310,-190.0,M,23
ORD_00399,1,2026-01-19,310,-190.0,M,23
ORD_00435,1,2026-01-19,310,-262.0,H,23
ORD_00496,1,2026-01-12,310,-142.0,M,23
ORD_00535,1,2026-02-03,310,-142.0,M,23
ORD_00548,1,2026-01-14,310,-142.0,M,23
ORD_00622,1,2026-02-04,310,-142.0,M,23
ORD_00637,1,2026-02-01,310,-166.0,M,23
ORD_00695,1,2026-01-10,310,-190.0,M,23
ORD_00705,1,2026-01-17,310,-190.0,M,23
ORD_00709,1,2026-01-26,310,-166.0,M,23
ORD_00734,1,2026-01-09,310,-142.0,M,23
ORD_00769,1,2026-02-01,310,-214.0,M,23
ORD_00785,1,2026-01-14,310,-166.0,M,23
ORD_00802,1,2026-01-07,310,-166.0,M,23
ORD_00827,1,2026-01-07,310,-166.0,M,23
ORD_00013,2,2026-02-01,310,-142.0,M,45
ORD_00022,2,2026-01-24,310,-22.0,L,45
ORD_00056,2,2026-01-09,310,-262.0,H,45
ORD_00084,2,2026-02-04,310,-190.0,M,45
ORD_00087,2,2026-01-18,310,-166.0,M,45
ORD_00152,2,2026-02-01,310,-166.0,M,45
ORD_00220,2,2026-02-03,310,-94.0,L,45
ORD_00257,2,2026-01-20,310,-238.0,H,45
ORD_00281,2,2026-01-09,310,-190.0,M,45
ORD_00302,2,2026-01-16,310,-214.0,M,45
ORD_00379,2,2026-01-18,310,-190.0,M,45
ORD_00399,2,2026-01-19,310,-190.0,M,45
ORD_00435,2,2026-01-19,310,-262.0,H,45
ORD_00496,2,2026-01-12,310,-142.0,M,45
ORD_00535,2,2026-02-03,310,-142.0,M,45
ORD_00548,2,2026-01-14,310,-142.0,M,45
ORD_00622,2,2026-02-04,310,-142.0,M,45
ORD_00637,2,2026-02-01,310,-166.0,M,45
ORD_00695,2,2026-01-10,310,-190.0,M,45
ORD_00705,2,2026-01-17,310,-190.0,M,45
ORD_00709,2,2026-01-26,310,-166.0,M,45
ORD_00734,2,2026-01-09,310,-142.0,M,45
ORD_00769,2,2026-02-01,310,-214.0,M,45
ORD_00785,2,2026-01-14,310,-166.0,M,45
ORD_00802,2,2026-01-07,310,-166.0,M,45
ORD_00827,2,2026-01-07,310,-166.0,M,45
ORD_00013,3,2026-02-01,310,-142.0,M,41
ORD_00022,3,2026-01-24,310,-22.0,L,41
ORD_00056,3,2026-01-09,310,-262.0,H,41
ORD_00084,3,2026-02-04,310,-190.0,M,41
ORD_00087,3,2026-01-18,310,-166.0,M,41
ORD_00152,3,2026-02-01,310,-166.0,M,41
ORD_00220,3,2026-02-03,310,-94.0,L,41
ORD_00257,3,2026-01-20,310,-238.0,H,41
ORD_00281,3,2026-01-09,310,-190.0,M,41
ORD_00302,3,2026-01-16,310,-214.0,M,41
ORD_00379,3,2026-01-18,310,-190.0,M,41
ORD_00399,3,2026-01-19,310,-190.0,M,41
ORD_00435,3,2026-01-19,310,-262.0,H,41
ORD_00496,3,2026-01-12,310,-142.0,M,41
ORD_00535,3,2026-02-03,310,-142.0,M,41
ORD_00548,3,2026-01-14,310,-142.0,M,41
ORD_00622,3,2026-02-04,310,-142.0,M,41
ORD_00637,3,2026-02-01,310,-166.0,M,41
ORD_00695,3,2026-01-10,310,-190.0,M,41
ORD_00705,3,2026-01-17,310,-190.0,M,41
ORD_00709,3,2026-01-26,310,-166.0,M,41
ORD_00734,3,2026-01-09,310,-142.0,M,41
ORD_00769,3,2026-02-01,310,-214.0,M,41
ORD_00785,3,2026-01-14,310,-166.0,M,41
ORD_00802,3,2026-01-07,310,-166.0,M,41
ORD_00827,3,2026-01-07,310,-166.0,M,41
ORD_00013,4,2026-02-01,310,-142.0,M,43
ORD_00022,4,2026-01-24,310,-22.0,L,43
ORD_00056,4,2026-01-09,310,-262.0,H,43
ORD_00084,4,2026-02-04,310,-190.0,M,43
ORD_00087,4,2026-01-18,310,-166.0,M,43
ORD_00152,4,2026-02-01,310,-166.0,M,43
ORD_00220,4,2026-02-03,310,-94.0,L,43
ORD_00257,4,2026-01-20,310,-238.0,H,43
ORD_00281,4,2026-01-09,310,-190.0,M,43
ORD_00302,4,2026-01-16,310,-214.0,M,43
ORD_00379,4,2026-01-18,310,-190.0,M,43
ORD_00399,4,2026-01-19,310,-190.0,M,43
ORD_00435,4,2026-01-19,310,-262.0,H,43
ORD_00496,4,2026-01-12,310,-142.0,M,43
ORD_00535,4,2026-02-03,310,-142.0,M,43
ORD_00548,4,2026-01-14,310,-142.0,M,43
ORD_00622,4,2026-02-04,310,-142.0,M,43
ORD_00637,4,2026-02-01,310,-166.0,M,43
ORD_00695,4,2026-01-10,310,-190.0,M,43
ORD_00705,4,2026-01-17,310,-190.0,M,43
ORD_00709,4,2026-01-26,310,-166.0,M,43
ORD_00734,4,2026-01-09,310,-142.0,M,43
ORD_00769,4,2026-02-01,310,-214.0,M,43
ORD_00785,4,2026-01-14,310,-166.0,M,43
ORD_00802,4,2026-01-07,310,-166.0,M,43
ORD_00827,4,2026-01-07,310,-166.0,M,43
ORD_00013,5,2026-02-01,310,-142.0,M,49
ORD_00022,5,2026-01-24,310,-22.0,L,49
ORD_00056,5,2026-01-09,310,-262.0,H,49
ORD_00084,5,2026-02-04,310,-190.0,M,49
ORD_00087,5,2026-01-18,310,-166.0,M,49
ORD_00152,5,2026-02-01,310,-166.0,M,49
ORD_00220,5,2026-02-03,310,-94.0,L,49
ORD_00257,5,2026-01-20,310,-238.0,H,49
ORD_00281,5,2026-01-09,310,-190.0,M,49
ORD_00302,5,2026-01-16,310,-214.0,M,49
ORD_00379,5,2026-01-18,310,-190.0,M,49
ORD_00399,5,2026-01-19,310,-190.0,M,49
ORD_00435,5,2026-01-19,310,-262.0,H,49
ORD_00496,5,2026-01-12,310,-142.0,M,49
ORD_00535,5,2026-02-03,310,-142.0,M,49
ORD_00548,5,2026-01-14,310,-142.0,M,49
ORD_00622,5,2026-02-04,310,-142.0,M,49
ORD_00637,5,2026-02-01,310,-166.0,M,49
ORD_00695,5,2026-01-10,310,-190.0,M,49
ORD_00705,5,2026-01-17,310,-190.0,M,49
ORD_00709,5,2026-01-26,310,-166.0,M,49
ORD_00734,5,2026-01-09,310,-142.0,M,49
ORD_00769,5,2026-02-01,310,-214.0,M,49
ORD_00785,5,2026-01-14,310,-166.0,M,49
ORD_00802,5,2026-01-07,310,-166.0,M,49
ORD_00827,5,2026-01-07,310,-166.0,M,49
ORD_00013,6,2026-02-01,310,-142.0,M,66
ORD_00022,6,2026-01-24,310,-22.0,L,66
ORD_00056,6,2026-01-09,310,-262.0,H,66
ORD_00084,6,2026-02-04,310,-190.0,M,66
ORD_00087,6,2026-01-18,310,-166.0,M,66
ORD_00152,6,2026-02-01,310,-166.0,M,66
ORD_00220,6,2026-02-03,310,-94.0,L,66
ORD_00257,6,2026-01-20,310,-238.0,H,66
ORD_00281,6,2026-01-09,310,-190.0,M,66
ORD_00302,6,2026-01-16,310,-214.0,M,66
ORD_00379,6,2026-01-18,310,-190.0,M,66
ORD_00399,6,2026-01-19,310,-190.0,M,66
ORD_00435,6,2026-01-19,310,-262.0,H,66
ORD_00496,6,2026-01-12,310,-142.0,M,66
ORD_00535,6,2026-02-03,310,-142.0,M,66
ORD_00548,6,2026-01-14,310,-142.0,M,66
ORD_00622,6,2026-02-04,310,-142.0,M,66
ORD_00637,6,2026-02-01,310,-166.0,M,66
ORD_00695,6,2026-01-10,310,-190.0,M,66
ORD_00705,6,2026-01-17,310,-190.0,M,66
ORD_00709,6,2026-01-26,310,-166.0,M,66
ORD_00734,6,2026-01-09,310,-142.0,M,66
ORD_00769,6,2026-02-01,310,-214.0,M,66
ORD_00785,6,2026-01-14,310,-166.0,M,66
ORD_00802,6,2026-01-07,310,-166.0,M,66
ORD_00827,6,2026-01-07,310,-166.0,M,66
ORD_00013,7,2026-02-01,310,-142.0,M,22
ORD_00022,7,2026-01-24,310,-22.0,L,22
ORD_00056,7,2026-01-09,310,-262.0,H,22
ORD_00084,7,2026-02-04,310,-190.0,M,22
ORD_00087,7,2026-01-18,310,-166.0,M,22
ORD_00152,7,2026-02-01,310,-166.0,M,22
ORD_00220,7,2026-02-03,310,-94.0,L,22
ORD_00257,7,2026-01-20,310,-238.0,H,22
ORD_00281,7,2026-01-09,310,-190.0,M,22
ORD_00302,7,2026-01-16,310,-214.0,M,22
ORD_00379,7,2026-01-18,310,-190.0,M,22
ORD_00399,7,2026-01-19,310,-190.0,M,22
ORD_00435,7,2026-01-19,310,-262.0,H,22
ORD_00496,7,2026-01-12,310,-142.0,M,22
ORD_00535,7,2026-02-03,310,-142.0,M,22
ORD_00548,7,2026-01-14,310,-142.0,M,22
ORD_00622,7,2026-02-04,310,-142.0,M,22
ORD_00637,7,2026-02-01,310,-166.0,M,22
ORD_00695,7,2026-01-10,310,-190.0,M,22
ORD_00705,7,2026-01-17,310,-190.0,M,22
ORD_00709,7,2026-01-26,310,-166.0,M,22
ORD_00734,7,2026-01-09,310,-142.0,M,22
ORD_00769,7,2026-02-01,310,-214.0,M,22
ORD_00785,7,2026-01-14,310,-166.0,M,22
ORD_00802,7,2026-01-07,310,-166.0,M,22
ORD_00827,7,2026-01-07,310,-166.0,M,22
ORD_00013,8,2026-02-01,310,-142.0,M,21
ORD_00022,8,2026-01-24,310,-22.0,L,21
ORD_00056,8,2026-01-09,310,-262.0,H,21
ORD_00084,8,2026-02-04,310,-190.0,M,21
ORD_00087,8,2026-01-18,310,-166.0,M,21
ORD_00152,8,2026-02-01,310,-166.0,M,21
ORD_00220,8,2026-02-03,310,-94.0,L,21
ORD_00257,8,2026-01-20,310,-238.0,H,21
ORD_00281,8,2026-01-09,310,-190.0,M,21
ORD_00302,8,2026-01-16,310,-214.0,M,21
ORD_00379,8,2026-01-18,310,-190.0,M,21
ORD_00399,8,2026-01-19,310,-190.0,M,21
ORD_00435,8,2026-01-19,310,-262.0,H,21
ORD_00496,8,2026-01-12,310,-142.0,M,21
ORD_00535,8,2026-02-03,310,-142.0,M,21
ORD_00548,8,2026-01-14,310,-142.0,M,21
ORD_00622,8,2026-02-04,310,-142.0,M,21
ORD_00637,8,2026-02-01,310,-166.0,M,21
ORD_00695,8,2026-01-10,310,-190.0,M,21
ORD_00705,8,2026-01-17,310,-190.0,M,21
ORD_00709,8,2026-01-26,310,-166.0,M,21
ORD_00734,8,2026-01-09,310,-142.0,M,21
ORD_00769,8,2026-02-01,310,-214.0,M,21
ORD_00785,8,2026-01-14,310,-166.0,M,21
ORD_00802,8,2026-01-07,310,-166.0,M,21
ORD_00827,8,2026-01-07,310,-166.0,M,21
ORD_00324,1,2026-01-24,276,-156.0,M,22
ORD_00350,1,2026-01-09,276,-132.0,M,22
ORD_00643,1,2026-01-20,276,-156.0,M,22
ORD_00924,1,2026-01-11,276,-156.0,M,22
ORD_00324,2,2026-01-24,276,-156.0,M,26
ORD_00350,2,2026-01-09,276,-132.0,M,26
ORD_00643,2,2026-01-20,276,-156.0,M,26
ORD_00924,2,2026-01-11,276,-156.0,M,26
ORD_00324,3,2026-01-24,276,-156.0,M,15
ORD_00350,3,2026-01-09,276,-132.0,M,15
ORD_00643,3,2026-01-20,276,-156.0,M,15
ORD_00924,3,2026-01-11,276,-156.0,M,15
ORD_00324,4,2026-01-24,276,-156.0,M,44
ORD_00350,4,2026-01-09,276,-132.0,M,44
ORD_00643,4,2026-01-20,276,-156.0,M,44
ORD_00924,4,2026-01-11,276,-156.0,M,44
ORD_00324,5,2026-01-24,276,-156.0,M,46
ORD_00350,5,2026-01-09,276,-132.0,M,46
ORD_00643,5,2026-01-20,276,-156.0,M,46
ORD_00924,5,2026-01-11,276,-156.0,M,46
ORD_00324,6,2026-01-24,276,-156.0,M,90
ORD_00350,6,2026-01-09,276,-132.0,M,90
ORD_00643,6,2026-01-20,276,-156.0,M,90
ORD_00924,6,2026-01-11,276,-156.0,M,90
ORD_00324,7,2026-01-24,276,-156.0,M,14
ORD_00350,7,2026-01-09,276,-132.0,M,14
ORD_00643,7,2026-01-20,276,-156.0,M,14
ORD_00924,7,2026-01-11,276,-156.0,M,14
ORD_00324,8,2026-01-24,276,-156.0,M,19
ORD_00350,8,2026-01-09,276,-132.0,M,19
ORD_00643,8,2026-01-20,276,-156.0,M,19
ORD_00924,8,2026-01-11,276,-156.0,M,19
ORD_00143,1,2026-01-17,187,-19.0,M,14
ORD_00411,1,2026-01-15,187,-67.0,M,14
ORD_00526,1,2026-02-01,187,-67.0,M,14
ORD_00985,1,2026-01-18,187,53.0,L,14
ORD_00143,2,2026-01-17,187,-19.0,M,29
ORD_00411,2,2026-01-15,187,-67.0,M,29
ORD_00526,2,2026-02-01,187,-67.0,M,29
ORD_00985,2,2026-01-18,187,53.0,L,29
ORD_00143,3,2026-01-17,187,-19.0,M,15
ORD_00411,3,2026-01-15,187,-67.0,M,15
ORD_00526,3,2026-02-01,187,-67.0,M,15
ORD_00985,3,2026-01-18,187,53.0,L,15
ORD_00143,4,2026-01-17,187,-19.0,M,20
ORD_00411,4,2026-01-15,187,-67.0,M,20
ORD_00526,4,2026-02-01,187,-67.0,M,20
ORD_00985,4,2026-01-18,187,53.0,L,20
ORD_00143,5,2026-01-17,187,-19.0,M,53
ORD_00411,5,2026-01-15,187,-67.0,M,53
ORD_00526,5,2026-02-01,187,-67.0,M,53
ORD_00985,5,2026-01-18,187,53.0,L,53
ORD_00143,6,2026-01-17,187,-19.0,M,27
ORD_00411,6,2026-01-15,187,-67.0,M,27
ORD_00526,6,2026-02-01,187,-67.0,M,27
ORD_00985,6,2026-01-18,187,53.0,L,27
ORD_00143,7,2026-01-17,187,-19.0,M,29
ORD_00411,7,2026-01-15,187,-67.0,M,29
ORD_00526,7,2026-02-01,187,-67.0,M,29
ORD_00985,7,2026-01-18,187,53.0,L,29
ORD_00150,1,2026-01-28,197,-149.0,H,13
ORD_00401,1,2026-01-05,197,-101.0,M,13
ORD_00891,1,2026-01-18,197,-125.0,H,13
ORD_00150,2,2026-01-28,197,-149.0,H,22
ORD_00401,2,2026-01-05,197,-101.0,M,22
ORD_00891,2,2026-01-18,197,-125.0,H,22
ORD_00150,3,2026-01-28,197,-149.0,H,18
ORD_00401,3,2026-01-05,197,-101.0,M,18
ORD_00891,3,2026-01-18,197,-125.0,H,18
ORD_00150,4,2026-01-28,197,-149.0,H,27
ORD_00401,4,2026-01-05,197,-101.0,M,27
ORD_00891,4,2026-01-18,197,-125.0,H,27
ORD_00150,5,2026-01-28,197,-149.0,H,80
ORD_00401,5,2026-01-05,197,-101.0,M,80
ORD_00891,5,2026-01-18,197,-125.0,H,80
ORD_00150,6,2026-01-28,197,-149.0,H,12
ORD_00401,6,2026-01-05,197,-101.0,M,12
ORD_00891,6,2026-01-18,197,-125.0,H,12
ORD_00150,7,2026-01-28,197,-149.0,H,25
ORD_00401,7,2026-01-05,197,-101.0,M,25
ORD_00891,7,2026-01-18,197,-125.0,H,25
ORD_00090,1,2026-01-31,193,-73.0,M,30
ORD_00188,1,2026-01-26,193,143.0,L,30
ORD_00204,1,2026-01-16,193,143.0,L,30
ORD_00284,1,2026-01-29,193,119.0,L,30
ORD_00312,1,2026-01-18,193,-73.0,M,30
ORD_00408,1,2026-02-01,193,-25.0,M,30
ORD_00464,1,2026-01-07,193,-49.0,M,30
ORD_00479,1,2026-01-02,193,-169.0,H,30
ORD_00579,1,2026-01-16,193,-49.0,M,30
ORD_00584,1,2026-01-09,193,-97.0,M,30
ORD_00603,1,2026-01-22,193,-49.0,M,30
ORD_00631,1,2026-01-19,193,-25.0,M,30
ORD_00647,1,2026-02-06,193,119.0,L,30
ORD_00658,1,2026-01-06,193,-121.0,H,30
ORD_00673,1,2026-02-09,193,143.0,L,30
ORD_00737,1,2026-02-07,193,71.0,L,30
ORD_00749,1,2026-01-21,193,-73.0,M,30
ORD_00793,1,2026-02-03,193,95.0,L,30
ORD_00800,1,2026-01-16,193,-97.0,M,30
ORD_00808,1,2026-01-20,193,23.0,L,30
ORD_00820,1,2026-01-15,193,-73.0,M,30
ORD_00888,1,2026-01-14,193,-1.0,L,30
ORD_00893,1,2026-01-27,193,-145.0,H,30
ORD_00896,1,2026-01-18,193,-121.0,H,30
ORD_00926,1,2026-01-08,193,-25.0,M,30
ORD_00928,1,2026-01-09,193,-97.0,M,30
ORD_00958,1,2026-01-17,193,-97.0,M,30
ORD_00090,2,2026-01-31,193,-73.0,M,37
ORD_00188,2,2026-01-26,193,143.0,L,37
ORD_00204,2,2026-01-16,193,143.0,L,37
ORD_00284,2,2026-01-29,193,119.0,L,37
ORD_00312,2,2026-01-18,193,-73.0,M,37
ORD_00408,2,2026-02-01,193,-25.0,M,37
ORD_00464,2,2026-01-07,193,-49.0,M,37
ORD_00479,2,2026-01-02,193,-169.0,H,37
ORD_00579,2,2026-01-16,193,-49.0,M,37
ORD_00584,2,2026-01-09,193,-97.0,M,37
ORD_00603,2,2026-01-22,193,-49.0,M,37
ORD_00631,2,2026-01-19,193,-25.0,M,37
ORD_00647,2,2026-02-06,193,119.0,L,37
ORD_00658,2,2026-01-06,193,-121.0,H,37
ORD_00673,2,2026-02-09,193,143.0,L,37
ORD_00737,2,2026-02-07,193,71.0,L,37
ORD_00749,2,2026-01-21,193,-73.0,M,37
ORD_00793,2,2026-02-03,193,95.0,L,37
ORD_00800,2,2026-01-16,193,-97.0,M,37
ORD_00808,2,2026-01-20,193,23.0,L,37
ORD_00820,2,2026-01-15,193,-73.0,M,37
ORD_00888,2,2026-01-14,193,-1.0,L,37
ORD_00893,2,2026-01-27,193,-145.0,H,37
ORD_00896,2,2026-01-18,193,-121.0,H,37
ORD_00926,2,2026-01-08,193,-25.0,M,37
ORD_00928,2,2026-01-09,193,-97.0,M,37
ORD_00958,2,2026-01-17,193,-97.0,M,37
ORD_00090,3,2026-01-31,193,-73.0,M,24
ORD_00188,3,2026-01-26,193,143.0,L,24
ORD_00204,3,2026-01-16,193,143.0,L,24
ORD_00284,3,2026-01-29,193,119.0,L,24
ORD_00312,3,2026-01-18,193,-73.0,M,24
ORD_00408,3,2026-02-01,193,-25.0,M,24
ORD_00464,3,2026-01-07,193,-49.0,M,24
ORD_00479,3,2026-01-02,193,-169.0,H,24
ORD_00579,3,2026-01-16,193,-49.0,M,24
ORD_00584,3,2026-01-09,193,-97.0,M,24
ORD_00603,3,2026-01-22,193,-49.0,M,24
ORD_00631,3,2026-01-19,193,-25.0,M,24
ORD_00647,3,2026-02-06,193,119.0,L,24
ORD_00658,3,2026-01-06,193,-121.0,H,24
ORD_00673,3,2026-02-09,193,143.0,L,24
ORD_00737,3,2026-02-07,193,71.0,L,24
ORD_00749,3,2026-01-21,193,-73.0,M,24
ORD_00793,3,2026-02-03,193,95.0,L,24
ORD_00800,3,2026-01-16,193,-97.0,M,24
ORD_00808,3,2026-01-20,193,23.0,L,24
ORD_00820,3,2026-01-15,193,-73.0,M,24
ORD_00888,3,2026-01-14,193,-1.0,L,24
ORD_00893,3,2026-01-27,193,-145.0,H,24
ORD_00896,3,2026-01-18,193,-121.0,H,24
ORD_00926,3,2026-01-08,193,-25.0,M,24
ORD_00928,3,2026-01-09,193,-97.0,M,24
ORD_00958,3,2026-01-17,193,-97.0,M,24
ORD_00090,4,2026-01-31,193,-73.0,M,20
ORD_00188,4,2026-01-26,193,143.0,L,20
ORD_00204,4,2026-01-16,193,143.0,L,20
ORD_00284,4,2026-01-29,193,119.0,L,20
ORD_00312,4,2026-01-18,193,-73.0,M,20
ORD_00408,4,2026-02-01,193,-25.0,M,20
ORD_00464,4,2026-01-07,193,-49.0,M,20
ORD_00479,4,2026-01-02,193,-169.0,H,20
ORD_00579,4,2026-01-16,193,-49.0,M,20
ORD_00584,4,2026-01-09,193,-97.0,M,20
ORD_00603,4,2026-01-22,193,-49.0,M,20
ORD_00631,4,2026-01-19,193,-25.0,M,20
ORD_00647,4,2026-02-06,193,119.0,L,20
ORD_00658,4,2026-01-06,193,-121.0,H,20
ORD_00673,4,2026-02-09,193,143.0,L,20
ORD_00737,4,2026-02-07,193,71.0,L,20
ORD_00749,4,2026-01-21,193,-73.0,M,20
ORD_00793,4,2026-02-03,193,95.0,L,20
ORD_00800,4,2026-01-16,193,-97.0,M,20
ORD_00808,4,2026-01-20,193,23.0,L,20
ORD_00820,4,2026-01-15,193,-73.0,M,20
ORD_00888,4,2026-01-14,193,-1.0,L,20
ORD_00893,4,2026-01-27,193,-145.0,H,20
ORD_00896,4,2026-01-18,193,-121.0,H,20
ORD_00926,4,2026-01-08,193,-25.0,M,20
ORD_00928,4,2026-01-09,193,-97.0,M,20
ORD_00958,4,2026-01-17,193,-97.0,M,20
ORD_00090,5,2026-01-31,193,-73.0,M,55
ORD_00188,5,2026-01-26,193,143.0,L,55
ORD_00204,5,2026-01-16,193,143.0,L,55
ORD_00284,5,2026-01-29,193,119.0,L,55
ORD_00312,5,2026-01-18,193,-73.0,M,55
ORD_00408,5,2026-02-01,193,-25.0,M,55
ORD_00464,5,2026-01-07,193,-49.0,M,55
ORD_00479,5,2026-01-02,193,-169.0,H,55
ORD_00579,5,2026-01-16,193,-49.0,M,55
ORD_00584,5,2026-01-09,193,-97.0,M,55
ORD_00603,5,2026-01-22,193,-49.0,M,55
ORD_00631,5,2026-01-19,193,-25.0,M,55
ORD_00647,5,2026-02-06,193,119.0,L,55
ORD_00658,5,2026-01-06,193,-121.0,H,55
ORD_00673,5,2026-02-09,193,143.0,L,55
ORD_00737,5,2026-02-07,193,71.0,L,55
ORD_00749,5,2026-01-21,193,-73.0,M,55
ORD_00793,5,2026-02-03,193,95.0,L,55
ORD_00800,5,2026-01-16,193,-97.0,M,55
ORD_00808,5,2026-01-20,193,23.0,L,55
ORD_00820,5,2026-01-15,193,-73.0,M,55
ORD_00888,5,2026-01-14,193,-1.0,L,55
ORD_00893,5,2026-01-27,193,-145.0,H,55
ORD_00896,5,2026-01-18,193,-121.0,H,55
ORD_00926,5,2026-01-08,193,-25.0,M,55
ORD_00928,5,2026-01-09,193,-97.0,M,55
ORD_00958,5,2026-01-17,193,-97.0,M,55
ORD_00090,6,2026-01-31,193,-73.0,M,15
ORD_00188,6,2026-01-26,193,143.0,L,15
ORD_00204,6,2026-01-16,193,143.0,L,15
ORD_00284,6,2026-01-29,193,119.0,L,15
ORD_00312,6,2026-01-18,193,-73.0,M,15
ORD_00408,6,2026-02-01,193,-25.0,M,15
ORD_00464,6,2026-01-07,193,-49.0,M,15
ORD_00479,6,2026-01-02,193,-169.0,H,15
ORD_00579,6,2026-01-16,193,-49.0,M,15
ORD_00584,6,2026-01-09,193,-97.0,M,15
ORD_00603,6,2026-01-22,193,-49.0,M,15
ORD_00631,6,2026-01-19,193,-25.0,M,15
ORD_00647,6,2026-02-06,193,119.0,L,15
ORD_00658,6,2026-01-06,193,-121.0,H,15
ORD_00673,6,2026-02-09,193,143.0,L,15
ORD_00737,6,2026-02-07,193,71.0,L,15
ORD_00749,6,2026-01-21,193,-73.0,M,15
ORD_00793,6,2026-02-03,193,95.0,L,15
ORD_00800,6,2026-01-16,193,-97.0,M,15
ORD_00808,6,2026-01-20,193,23.0,L,15
ORD_00820,6,2026-01-15,193,-73.0,M,15
ORD_00888,6,2026-01-14,193,-1.0,L,15
ORD_00893,6,2026-01-27,193,-145.0,H,15
ORD_00896,6,2026-01-18,193,-121.0,H,15
ORD_00926,6,2026-01-08,193,-25.0,M,15
ORD_00928,6,2026-01-09,193,-97.0,M,15
ORD_00958,6,2026-01-17,193,-97.0,M,15
ORD_00090,7,2026-01-31,193,-73.0,M,12
ORD_00188,7,2026-01-26,193,143.0,L,12
ORD_00204,7,2026-01-16,193,143.0,L,12
ORD_00284,7,2026-01-29,193,119.0,L,12
ORD_00312,7,2026-01-18,193,-73.0,M,12
ORD_00408,7,2026-02-01,193,-25.0,M,12
ORD_00464,7,2026-01-07,193,-49.0,M,12
ORD_00479,7,2026-01-02,193,-169.0,H,12
ORD_00579,7,2026-01-16,193,-49.0,M,12
ORD_00584,7,2026-01-09,193,-97.0,M,12
ORD_00603,7,2026-01-22,193,-49.0,M,12
ORD_00631,7,2026-01-19,193,-25.0,M,12
ORD_00647,7,2026-02-06,193,119.0,L,12
ORD_00658,7,2026-01-06,193,-121.0,H,12
ORD_00673,7,2026-02-09,193,143.0,L,12
ORD_00737,7,2026-02-07,193,71.0,L,12
ORD_00749,7,2026-01-21,193,-73.0,M,12
ORD_00793,7,2026-02-03,193,95.0,L,12
ORD_00800,7,2026-01-16,193,-97.0,M,12
ORD_00808,7,2026-01-20,193,23.0,L,12
ORD_00820,7,2026-01-15,193,-73.0,M,12
ORD_00888,7,2026-01-14,193,-1.0,L,12
ORD_00893,7,2026-01-27,193,-145.0,H,12
ORD_00896,7,2026-01-18,193,-121.0,H,12
ORD_00926,7,2026-01-08,193,-25.0,M,12
ORD_00928,7,2026-01-09,193,-97.0,M,12
ORD_00958,7,2026-01-17,193,-97.0,M,12
ORD_00136,1,2026-01-15,185,79.0,L,12
ORD_00380,1,2026-01-17,185,-89.0,M,12
ORD_00388,1,2026-02-02,185,-65.0,M,12
ORD_00889,1,2026-01-08,185,-17.0,M,12
ORD_00136,2,2026-01-15,185,79.0,L,27
ORD_00380,2,2026-01-17,185,-89.0,M,27
ORD_00388,2,2026-02-02,185,-65.0,M,27
ORD_00889,2,2026-01-08,185,-17.0,M,27
ORD_00136,3,2026-01-15,185,79.0,L,16
ORD_00380,3,2026-01-17,185,-89.0,M,16
ORD_00388,3,2026-02-02,185,-65.0,M,16
ORD_00889,3,2026-01-08,185,-17.0,M,16
ORD_00136,4,2026-01-15,185,79.0,L,32
ORD_00380,4,2026-01-17,185,-89.0,M,32
ORD_00388,4,2026-02-02,185,-65.0,M,32
ORD_00889,4,2026-01-08,185,-17.0,M,32
ORD_00136,5,2026-01-15,185,79.0,L,56
ORD_00380,5,2026-01-17,185,-89.0,M,56
ORD_00388,5,2026-02-02,185,-65.0,M,56
ORD_00889,5,2026-01-08,185,-17.0,M,56
ORD_00136,6,2026-01-15,185,79.0,L,21
ORD_00380,6,2026-01-17,185,-89.0,M,21
ORD_00388,6,2026-02-02,185,-65.0,M,21
ORD_00889,6,2026-01-08,185,-17.0,M,21
ORD_00136,7,2026-01-15,185,79.0,L,21
ORD_00380,7,2026-01-17,185,-89.0,M,21
ORD_00388,7,2026-02-02,185,-65.0,M,21
ORD_00889,7,2026-01-08,185,-17.0,M,21
ORD_00011,1,2026-01-31,287,-167.0,M,30
ORD_00045,1,2026-01-29,287,-119.0,M,30
ORD_00096,1,2026-01-25,287,-215.0,H,30
ORD_00128,1,2026-01-11,287,-143.0,M,30
ORD_00167,1,2026-01-31,287,-119.0,M,30
ORD_00238,1,2026-01-13,287,-263.0,H,30
ORD_00253,1,2026-01-29,287,-119.0,M,30
ORD_00286,1,2026-01-12,287,-167.0,M,30
ORD_00369,1,2026-02-02,287,-167.0,M,30
ORD_00397,1,2026-01-13,287,-191.0,M,30
ORD_00444,1,2026-01-16,287,-215.0,H,30
ORD_00487,1,2026-01-12,287,-143.0,M,30
ORD_00528,1,2026-01-16,287,-191.0,M,30
ORD_00546,1,2026-01-17,287,-143.0,M,30
ORD_00578,1,2026-01-21,287,-191.0,M,30
ORD_00610,1,2026-01-05,287,-239.0,H,30
ORD_00618,1,2026-01-23,287,-191.0,M,30
ORD_00628,1,2026-01-04,287,-215.0,H,30
ORD_00646,1,2026-01-19,287,-191.0,M,30
ORD_00721,1,2026-01-08,287,-143.0,M,30
ORD_00745,1,2026-01-28,287,-119.0,M,30
ORD_00786,1,2026-01-30,287,-191.0,M,30
ORD_00825,1,2026-01-10,287,-95.0,L,30
ORD_00835,1,2026-01-08,287,-239.0,H,30
ORD_00917,1,2026-01-08,287,-119.0,M,30
ORD_00934,1,2026-01-27,287,-167.0,M,30
ORD_00950,1,2026-01-29,287,49.0,L,30
ORD_00973,1,2026-01-20,287,1.0,L,30
ORD_00991,1,2026-01-15,287,-119.0,M,30
ORD_00011,2,2026-01-31,287,-167.0,M,39
ORD_00045,2,2026-01-29,287,-119.0,M,39
ORD_00096,2,2026-01-25,287,-215.0,H,39
ORD_00128,2,2026-01-11,287,-143.0,M,39
ORD_00167,2,2026-01-31,287,-119.0,M,39
ORD_00238,2,2026-01-13,287,-263.0,H,39
ORD_00253,2,2026-01-29,287,-119.0,M,39
ORD_00286,2,2026-01-12,287,-167.0,M,39
ORD_00369,2,2026-02-02,287,-167.0,M,39
ORD_00397,2,2026-01-13,287,-191.0,M,39
ORD_00444,2,2026-01-16,287,-215.0,H,39
ORD_00487,2,2026-01-12,287,-143.0,M,39
ORD_00528,2,2026-01-16,287,-191.0,M,39
ORD_00546,2,2026-01-17,287,-143.0,M,39
ORD_00578,2,2026-01-21,287,-191.0,M,39
ORD_00610,2,2026-01-05,287,-239.0,H,39
ORD_00618,2,2026-01-23,287,-191.0,M,39
ORD_00628,2,2026-01-04,287,-215.0,H,39
ORD_00646,2,2026-01-19,287,-191.0,M,39
ORD_00721,2,2026-01-08,287,-143.0,M,39
ORD_00745,2,2026-01-28,287,-119.0,M,39
ORD_00786,2,2026-01-30,287,-191.0,M,39
ORD_00825,2,2026-01-10,287,-95.0,L,39
ORD_00835,2,2026-01-08,287,-239.0,H,39
ORD_00917,2,2026-01-08,287,-119.0,M,39
ORD_00934,2,2026-01-27,287,-167.0,M,39
ORD_00950,2,2026-01-29,287,49.0,L,39
ORD_00973,2,2026-01-20,287,1.0,L,39
ORD_00991,2,2026-01-15,287,-119.0,M,39
ORD_00011,3,2026-01-31,287,-167.0,M,38
ORD_00045,3,2026-01-29,287,-119.0,M,38
ORD_00096,3,2026-01-25,287,-215.0,H,38
ORD_00128,3,2026-01-11,287,-143.0,M,38
ORD_00167,3,2026-01-31,287,-119.0,M,38
ORD_00238,3,2026-01-13,287,-263.0,H,38
ORD_00253,3,2026-01-29,287,-119.0,M,38
ORD_00286,3,2026-01-12,287,-167.0,M,38
ORD_00369,3,2026-02-02,287,-167.0,M,38
ORD_00397,3,2026-01-13,287,-191.0,M,38
ORD_00444,3,2026-01-16,287,-215.0,H,38
ORD_00487,3,2026-01-12,287,-143.0,M,38
ORD_00528,3,2026-01-16,287,-191.0,M,38
ORD_00546,3,2026-01-17,287,-143.0,M,38
ORD_00578,3,2026-01-21,287,-191.0,M,38
ORD_00610,3,2026-01-05,287,-239.0,H,38
ORD_00618,3,2026-01-23,287,-191.0,M,38
ORD_00628,3,2026-01-04,287,-215.0,H,38
ORD_00646,3,2026-01-19,287,-191.0,M,38
ORD_00721,3,2026-01-08,287,-143.0,M,38
ORD_00745,3,2026-01-28,287,-119.0,M,38
ORD_00786,3,2026-01-30,287,-191.0,M,38
ORD_00825,3,2026-01-10,287,-95.0,L,38
ORD_00835,3,2026-01-08,287,-239.0,H,38
ORD_00917,3,2026-01-08,287,-119.0,M,38
ORD_00934,3,2026-01-27,287,-167.0,M,38
ORD_00950,3,2026-01-29,287,49.0,L,38
ORD_00973,3,2026-01-20,287,1.0,L,38
ORD_00991,3,2026-01-15,287,-119.0,M,38
ORD_00011,4,2026-01-31,287,-167.0,M,19
ORD_00045,4,2026-01-29,287,-119.0,M,19
ORD_00096,4,2026-01-25,287,-215.0,H,19
ORD_00128,4,2026-01-11,287,-143.0,M,19
ORD_00167,4,2026-01-31,287,-119.0,M,19
ORD_00238,4,2026-01-13,287,-263.0,H,19
ORD_00253,4,2026-01-29,287,-119.0,M,19
ORD_00286,4,2026-01-12,287,-167.0,M,19
ORD_00369,4,2026-02-02,287,-167.0,M,19
ORD_00397,4,2026-01-13,287,-191.0,M,19
ORD_00444,4,2026-01-16,287,-215.0,H,19
ORD_00487,4,2026-01-12,287,-143.0,M,19
ORD_00528,4,2026-01-16,287,-191.0,M,19
ORD_00546,4,2026-01-17,287,-143.0,M,19
ORD_00578,4,2026-01-21,287,-191.0,M,19
ORD_00610,4,2026-01-05,287,-239.0,H,19
ORD_00618,4,2026-01-23,287,-191.0,M,19
ORD_00628,4,2026-01-04,287,-215.0,H,19
ORD_00646,4,2026-01-19,287,-191.0,M,19
ORD_00721,4,2026-01-08,287,-143.0,M,19
ORD_00745,4,2026-01-28,287,-119.0,M,19
ORD_00786,4,2026-01-30,287,-191.0,M,19
ORD_00825,4,2026-01-10,287,-95.0,L,19
ORD_00835,4,2026-01-08,287,-239.0,H,19
ORD_00917,4,2026-01-08,287,-119.0,M,19
ORD_00934,4,2026-01-27,287,-167.0,M,19
ORD_00950,4,2026-01-29,287,49.0,L,19
ORD_00973,4,2026-01-20,287,1.0,L,19
ORD_00991,4,2026-01-15,287,-119.0,M,19
ORD_00011,5,2026-01-31,287,-167.0,M,31
ORD_00045,5,2026-01-29,287,-119.0,M,31
ORD_00096,5,2026-01-25,287,-215.0,H,31
ORD_00128,5,2026-01-11,287,-143.0,M,31
ORD_00167,5,2026-01-31,287,-119.0,M,31
ORD_00238,5,2026-01-13,287,-263.0,H,31
ORD_00253,5,2026-01-29,287,-119.0,M,31
ORD_00286,5,2026-01-12,287,-167.0,M,31
ORD_00369,5,2026-02-02,287,-167.0,M,31
ORD_00397,5,2026-01-13,287,-191.0,M,31
ORD_00444,5,2026-01-16,287,-215.0,H,31
ORD_00487,5,2026-01-12,287,-143.0,M,31
ORD_00528,5,2026-01-16,287,-191.0,M,31
ORD_00546,5,2026-01-17,287,-143.0,M,31
ORD_00578,5,2026-01-21,287,-191.0,M,31
ORD_00610,5,2026-01-05,287,-239.0,H,31
ORD_00618,5,2026-01-23,287,-191.0,M,31
ORD_00628,5,2026-01-04,287,-215.0,H,31
ORD_00646,5,2026-01-19,287,-191.0,M,31
ORD_00721,5,2026-01-08,287,-143.0,M,31
ORD_00745,5,2026-01-28,287,-119.0,M,31
ORD_00786,5,2026-01-30,287,-191.0,M,31
ORD_00825,5,2026-01-10,287,-95.0,L,31
ORD_00835,5,2026-01-08,287,-239.0,H,31
ORD_00917,5,2026-01-08,287,-119.0,M,31
ORD_00934,5,2026-01-27,287,-167.0,M,31
ORD_00950,5,2026-01-29,287,49.0,L,31
ORD_00973,5,2026-01-20,287,1.0,L,31
ORD_00991,5,2026-01-15,287,-119.0,M,31
ORD_00011,6,2026-01-31,287,-167.0,M,81
ORD_00045,6,2026-01-29,287,-119.0,M,81
ORD_00096,6,2026-01-25,287,-215.0,H,81
ORD_00128,6,2026-01-11,287,-143.0,M,81
ORD_00167,6,2026-01-31,287,-119.0,M,81
ORD_00238,6,2026-01-13,287,-263.0,H,81
ORD_00253,6,2026-01-29,287,-119.0,M,81
ORD_00286,6,2026-01-12,287,-167.0,M,81
ORD_00369,6,2026-02-02,287,-167.0,M,81
ORD_00397,6,2026-01-13,287,-191.0,M,81
ORD_00444,6,2026-01-16,287,-215.0,H,81
ORD_00487,6,2026-01-12,287,-143.0,M,81
ORD_00528,6,2026-01-16,287,-191.0,M,81
ORD_00546,6,2026-01-17,287,-143.0,M,81
ORD_00578,6,2026-01-21,287,-191.0,M,81
ORD_00610,6,2026-01-05,287,-239.0,H,81
ORD_00618,6,2026-01-23,287,-191.0,M,81
ORD_00628,6,2026-01-04,287,-215.0,H,81
ORD_00646,6,2026-01-19,287,-191.0,M,81
ORD_00721,6,2026-01-08,287,-143.0,M,81
ORD_00745,6,2026-01-28,287,-119.0,M,81
ORD_00786,6,2026-01-30,287,-191.0,M,81
ORD_00825,6,2026-01-10,287,-95.0,L,81
ORD_00835,6,2026-01-08,287,-239.0,H,81
ORD_00917,6,2026-01-08,287,-119.0,M,81
ORD_00934,6,2026-01-27,287,-167.0,M,81
ORD_00950,6,2026-01-29,287,49.0,L,81
ORD_00973,6,2026-01-20,287,1.0,L,81
ORD_00991,6,2026-01-15,287,-119.0,M,81
ORD_00011,7,2026-01-31,287,-167.0,M,24
ORD_00045,7,2026-01-29,287,-119.0,M,24
ORD_00096,7,2026-01-25,287,-215.0,H,24
ORD_00128,7,2026-01-11,287,-143.0,M,24
ORD_00167,7,2026-01-31,287,-119.0,M,24
ORD_00238,7,2026-01-13,287,-263.0,H,24
ORD_00253,7,2026-01-29,287,-119.0,M,24
ORD_00286,7,2026-01-12,287,-167.0,M,24
ORD_00369,7,2026-02-02,287,-167.0,M,24
ORD_00397,7,2026-01-13,287,-191.0,M,24
ORD_00444,7,2026-01-16,287,-215.0,H,24
ORD_00487,7,2026-01-12,287,-143.0,M,24
ORD_00528,7,2026-01-16,287,-191.0,M,24
ORD_00546,7,2026-01-17,287,-143.0,M,24
ORD_00578,7,2026-01-21,287,-191.0,M,24
ORD_00610,7,2026-01-05,287,-239.0,H,24
ORD_00618,7,2026-01-23,287,-191.0,M,24
ORD_00628,7,2026-01-04,287,-215.0,H,24
ORD_00646,7,2026-01-19,287,-191.0,M,24
ORD_00721,7,2026-01-08,287,-143.0,M,24
ORD_00745,7,2026-01-28,287,-119.0,M,24
ORD_00786,7,2026-01-30,287,-191.0,M,24
ORD_00825,7,2026-01-10,287,-95.0,L,24
ORD_00835,7,2026-01-08,287,-239.0,H,24
ORD_00917,7,2026-01-08,287,-119.0,M,24
ORD_00934,7,2026-01-27,287,-167.0,M,24
ORD_00950,7,2026-01-29,287,49.0,L,24
ORD_00973,7,2026-01-20,287,1.0,L,24
ORD_00991,7,2026-01-15,287,-119.0,M,24
ORD_00011,8,2026-01-31,287,-167.0,M,25
ORD_00045,8,2026-01-29,287,-119.0,M,25
ORD_00096,8,2026-01-25,287,-215.0,H,25
ORD_00128,8,2026-01-11,287,-143.0,M,25
ORD_00167,8,2026-01-31,287,-119.0,M,25
ORD_00238,8,2026-01-13,287,-263.0,H,25
ORD_00253,8,2026-01-29,287,-119.0,M,25
ORD_00286,8,2026-01-12,287,-167.0,M,25
ORD_00369,8,2026-02-02,287,-167.0,M,25
ORD_00397,8,2026-01-13,287,-191.0,M,25
ORD_00444,8,2026-01-16,287,-215.0,H,25
ORD_00487,8,2026-01-12,287,-143.0,M,25
ORD_00528,8,2026-01-16,287,-191.0,M,25
ORD_00546,8,2026-01-17,287,-143.0,M,25
ORD_00578,8,2026-01-21,287,-191.0,M,25
ORD_00610,8,2026-01-05,287,-239.0,H,25
ORD_00618,8,2026-01-23,287,-191.0,M,25
ORD_00628,8,2026-01-04,287,-215.0,H,25
ORD_00646,8,2026-01-19,287,-191.0,M,25
ORD_00721,8,2026-01-08,287,-143.0,M,25
ORD_00745,8,2026-01-28,287,-119.0,M,25
ORD_00786,8,2026-01-30,287,-191.0,M,25
ORD_00825,8,2026-01-10,287,-95.0,L,25
ORD_00835,8,2026-01-08,287,-239.0,H,25
ORD_00917,8,2026-01-08,287,-119.0,M,25
ORD_00934,8,2026-01-27,287,-167.0,M,25
ORD_00950,8,2026-01-29,287,49.0,L,25
ORD_00973,8,2026-01-20,287,1.0,L,25
ORD_00991,8,2026-01-15,287,-119.0,M,25
ORD_00967,1,2026-01-28,216,-192.0,H,14
ORD_00967,2,2026-01-28,216,-192.0,H,37
ORD_00967,3,2026-01-28,216,-192.0,H,16
ORD_00967,4,2026-01-28,216,-192.0,H,21
ORD_00967,5,2026-01-28,216,-192.0,H,45
ORD_00967,6,2026-01-28,216,-192.0,H,42
ORD_00967,7,2026-01-28,216,-192.0,H,19
ORD_00967,8,2026-01-28,216,-192.0,H,22
ORD_00115,1,2026-01-11,248,-104.0,M,18
ORD_00279,1,2026-02-02,248,-104.0,M,18
ORD_00374,1,2026-01-09,248,-176.0,H,18
ORD_00115,2,2026-01-11,248,-104.0,M,39
ORD_00279,2,2026-02-02,248,-104.0,M,39
ORD_00374,2,2026-01-09,248,-176.0,H,39
ORD_00115,3,2026-01-11,248,-104.0,M,24
ORD_00279,3,2026-02-02,248,-104.0,M,24
ORD_00374,3,2026-01-09,248,-176.0,H,24
ORD_00115,4,2026-01-11,248,-104.0,M,47
ORD_00279,4,2026-02-02,248,-104.0,M,47
ORD_00374,4,2026-01-09,248,-176.0,H,47
ORD_00115,5,2026-01-11,248,-104.0,M,81
ORD_00279,5,2026-02-02,248,-104.0,M,81
ORD_00374,5,2026-01-09,248,-176.0,H,81
ORD_00115,6,2026-01-11,248,-104.0,M,18
ORD_00279,6,2026-02-02,248,-104.0,M,18
ORD_00374,6,2026-01-09,248,-176.0,H,18
ORD_00115,7,2026-01-11,248,-104.0,M,21
ORD_00279,7,2026-02-02,248,-104.0,M,21
ORD_00374,7,2026-01-09,248,-176.0,H,21
ORD_00049,1,2026-01-06,223,-103.0,M,22
ORD_00944,1,2026-01-18,223,-151.0,H,22
ORD_00049,2,2026-01-06,223,-103.0,M,43
ORD_00944,2,2026-01-18,223,-151.0,H,43
ORD_00049,3,2026-01-06,223,-103.0,M,25
ORD_00944,3,2026-01-18,223,-151.0,H,25
ORD_00049,4,2026-01-06,223,-103.0,M,35
ORD_00944,4,2026-01-18,223,-151.0,H,35
ORD_00049,5,2026-01-06,223,-103.0,M,63
ORD_00944,5,2026-01-18,223,-151.0,H,63
ORD_00049,6,2026-01-06,223,-103.0,M,12
ORD_00944,6,2026-01-18,223,-151.0,H,12
ORD_00049,7,2026-01-06,223,-103.0,M,23
ORD_00944,7,2026-01-18,223,-151.0,H,23
ORD_00403,1,2026-01-25,232,-160.0,H,23
ORD_00403,2,2026-01-25,232,-160.0,H,32
ORD_00403,3,2026-01-25,232,-160.0,H,25
ORD_00403,4,2026-01-25,232,-160.0,H,22
ORD_00403,5,2026-01-25,232,-160.0,H,82
ORD_00403,6,2026-01-25,232,-160.0,H,19
ORD_00403,7,2026-01-25,232,-160.0,H,29
ORD_00445,1,2026-01-20,212,-68.0,M,15
ORD_00461,1,2026-01-06,212,-188.0,H,15
ORD_00566,1,2026-01-27,212,76.0,L,15
ORD_00445,2,2026-01-20,212,-68.0,M,26
ORD_00461,2,2026-01-06,212,-188.0,H,26
ORD_00566,2,2026-01-27,212,76.0,L,26
ORD_00445,3,2026-01-20,212,-68.0,M,16
ORD_00461,3,2026-01-06,212,-188.0,H,16
ORD_00566,3,2026-01-27,212,76.0,L,16
ORD_00445,4,2026-01-20,212,-68.0,M,47
ORD_00461,4,2026-01-06,212,-188.0,H,47
ORD_00566,4,2026-01-27,212,76.0,L,47
ORD_00445,5,2026-01-20,212,-68.0,M,79
ORD_00461,5,2026-01-06,212,-188.0,H,79
ORD_00566,5,2026-01-27,212,76.0,L,79
ORD_00445,6,2026-01-20,212,-68.0,M,18
ORD_00461,6,2026-01-06,212,-188.0,H,18
ORD_00566,6,2026-01-27,212,76.0,L,18
ORD_00445,7,2026-01-20,212,-68.0,M,11
ORD_00461,7,2026-01-06,212,-188.0,H,11
ORD_00566,7,2026-01-27,212,76.0,L,11
ORD_00002,1,2026-01-15,231,-111.0,M,30
ORD_00343,1,2026-01-15,231,-39.0,L,30
ORD_00418,1,2026-01-25,231,-135.0,M,30
ORD_00593,1,2026-01-22,231,-87.0,M,30
ORD_00002,2,2026-01-15,231,-111.0,M,26
ORD_00343,2,2026-01-15,231,-39.0,L,26
ORD_00418,2,2026-01-25,231,-135.0,M,26
ORD_00593,2,2026-01-22,231,-87.0,M,26
ORD_00002,3,2026-01-15,231,-111.0,M,40
ORD_00343,3,2026-01-15,231,-39.0,L,40
ORD_00418,3,2026-01-25,231,-135.0,M,40
ORD_00593,3,2026-01-22,231,-87.0,M,40
ORD_00002,4,2026-01-15,231,-111.0,M,41
ORD_00343,4,2026-01-15,231,-39.0,L,41
ORD_00418,4,2026-01-25,231,-135.0,M,41
ORD_00593,4,2026-01-22,231,-87.0,M,41
ORD_00002,5,2026-01-15,231,-111.0,M,41
ORD_00343,5,2026-01-15,231,-39.0,L,41
ORD_00418,5,2026-01-25,231,-135.0,M,41
ORD_00593,5,2026-01-22,231,-87.0,M,41
ORD_00002,6,2026-01-15,231,-111.0,M,29
ORD_00343,6,2026-01-15,231,-39.0,L,29
ORD_00418,6,2026-01-25,231,-135.0,M,29
ORD_00593,6,2026-01-22,231,-87.0,M,29
ORD_00002,7,2026-01-15,231,-111.0,M,24
ORD_00343,7,2026-01-15,231,-39.0,L,24
ORD_00418,7,2026-01-25,231,-135.0,M,24
ORD_00593,7,2026-01-22,231,-87.0,M,24
ORD_00070,1,2026-02-03,235,-91.0,M,14
ORD_00332,1,2026-01-11,235,-139.0,M,14
ORD_00796,1,2026-01-22,235,-187.0,H,14
ORD_00070,2,2026-02-03,235,-91.0,M,22
ORD_00332,2,2026-01-11,235,-139.0,M,22
ORD_00796,2,2026-01-22,235,-187.0,H,22
ORD_00070,3,2026-02-03,235,-91.0,M,26
ORD_00332,3,2026-01-11,235,-139.0,M,26
ORD_00796,3,2026-01-22,235,-187.0,H,26
ORD_00070,4,2026-02-03,235,-91.0,M,50
ORD_00332,4,2026-01-11,235,-139.0,M,50
ORD_00796,4,2026-01-22,235,-187.0,H,50
ORD_00070,5,2026-02-03,235,-91.0,M,78
ORD_00332,5,2026-01-11,235,-139.0,M,78
ORD_00796,5,2026-01-22,235,-187.0,H,78
ORD_00070,6,2026-02-03,235,-91.0,M,24
ORD_00332,6,2026-01-11,235,-139.0,M,24
ORD_00796,6,2026-01-22,235,-187.0,H,24
ORD_00070,7,2026-02-03,235,-91.0,M,21
ORD_00332,7,2026-01-11,235,-139.0,M,21
ORD_00796,7,2026-01-22,235,-187.0,H,21
ORD_00073,1,2026-01-26,335,-167.0,M,12
ORD_00101,1,2026-01-22,335,-311.0,H,12
ORD_00345,1,2026-01-18,335,-143.0,L,12
ORD_00387,1,2026-01-16,335,-215.0,M,12
ORD_00609,1,2026-01-29,335,-239.0,M,12
ORD_00724,1,2026-01-22,335,1.0,L,12
ORD_00997,1,2026-01-25,335,-119.0,L,12
ORD_00073,2,2026-01-26,335,-167.0,M,31
ORD_00101,2,2026-01-22,335,-311.0,H,31
ORD_00345,2,2026-01-18,335,-143.0,L,31
ORD_00387,2,2026-01-16,335,-215.0,M,31
ORD_00609,2,2026-01-29,335,-239.0,M,31
ORD_00724,2,2026-01-22,335,1.0,L,31
ORD_00997,2,2026-01-25,335,-119.0,L,31
ORD_00073,3,2026-01-26,335,-167.0,M,27
ORD_00101,3,2026-01-22,335,-311.0,H,27
ORD_00345,3,2026-01-18,335,-143.0,L,27
ORD_00387,3,2026-01-16,335,-215.0,M,27
ORD_00609,3,2026-01-29,335,-239.0,M,27
ORD_00724,3,2026-01-22,335,1.0,L,27
ORD_00997,3,2026-01-25,335,-119.0,L,27
ORD_00073,4,2026-01-26,335,-167.0,M,35
ORD_00101,4,2026-01-22,335,-311.0,H,35
ORD_00345,4,2026-01-18,335,-143.0,L,35
ORD_00387,4,2026-01-16,335,-215.0,M,35
ORD_00609,4,2026-01-29,335,-239.0,M,35
ORD_00724,4,2026-01-22,335,1.0,L,35
ORD_00997,4,2026-01-25,335,-119.0,L,35
ORD_00073,5,2026-01-26,335,-167.0,M,22
ORD_00101,5,2026-01-22,335,-311.0,H,22
ORD_00345,5,2026-01-18,335,-143.0,L,22
ORD_00387,5,2026-01-16,335,-215.0,M,22
ORD_00609,5,2026-01-29,335,-239.0,M,22
ORD_00724,5,2026-01-22,335,1.0,L,22
ORD_00997,5,2026-01-25,335,-119.0,L,22
ORD_00073,6,2026-01-26,335,-167.0,M,20
ORD_00101,6,2026-01-22,335,-311.0,H,20
ORD_00345,6,2026-01-18,335,-143.0,L,20
ORD_00387,6,2026-01-16,335,-215.0,M,20
ORD_00609,6,2026-01-29,335,-239.0,M,20
ORD_00724,6,2026-01-22,335,1.0,L,20
ORD_00997,6,2026-01-25,335,-119.0,L,20
ORD_00073,7,2026-01-26,335,-167.0,M,71
ORD_00101,7,2026-01-22,335,-311.0,H,71
ORD_00345,7,2026-01-18,335,-143.0,L,71
ORD_00387,7,2026-01-16,335,-215.0,M,71
ORD_00609,7,2026-01-29,335,-239.0,M,71
ORD_00724,7,2026-01-22,335,1.0,L,71
ORD_00997,7,2026-01-25,335,-119.0,L,71
ORD_00073,8,2026-01-26,335,-167.0,M,75
ORD_00101,8,2026-01-22,335,-311.0,H,75
ORD_00345,8,2026-01-18,335,-143.0,L,75
ORD_00387,8,2026-01-16,335,-215.0,M,75
ORD_00609,8,2026-01-29,335,-239.0,M,75
ORD_00724,8,2026-01-22,335,1.0,L,75
ORD_00997,8,2026-01-25,335,-119.0,L,75
ORD_00073,9,2026-01-26,335,-167.0,M,18
ORD_00101,9,2026-01-22,335,-311.0,H,18
ORD_00345,9,2026-01-18,335,-143.0,L,18
ORD_00387,9,2026-01-16,335,-215.0,M,18
ORD_00609,9,2026-01-29,335,-239.0,M,18
ORD_00724,9,2026-01-22,335,1.0,L,18
ORD_00997,9,2026-01-25,335,-119.0,L,18
ORD_00073,10,2026-01-26,335,-167.0,M,24
ORD_00101,10,2026-01-22,335,-311.0,H,24
ORD_00345,10,2026-01-18,335,-143.0,L,24
ORD_00387,10,2026-01-16,335,-215.0,M,24
ORD_00609,10,2026-01-29,335,-239.0,M,24
ORD_00724,10,2026-01-22,335,1.0,L,24
ORD_00997,10,2026-01-25,335,-119.0,L,24
ORD_00038,1,2026-01-31,223,-103.0,M,29
ORD_00074,1,2026-01-20,223,-151.0,H,29
ORD_00077,1,2026-02-02,223,-103.0,M,29
ORD_00103,1,2026-01-21,223,-103.0,M,29
ORD_00119,1,2026-01-21,223,-55.0,M,29
ORD_00121,1,2026-01-10,223,-103.0,M,29
ORD_00135,1,2026-01-19,223,65.0,L,29
ORD_00157,1,2026-01-09,223,-103.0,M,29
ORD_00168,1,2026-01-19,223,-55.0,M,29
ORD_00201,1,2026-01-15,223,-103.0,M,29
ORD_00225,1,2026-01-28,223,-127.0,M,29
ORD_00318,1,2026-02-01,223,-79.0,M,29
ORD_00319,1,2026-01-04,223,-175.0,H,29
ORD_00325,1,2026-01-16,223,-31.0,L,29
ORD_00336,1,2026-01-07,223,-151.0,H,29
ORD_00383,1,2026-01-24,223,-151.0,H,29
ORD_00385,1,2026-01-28,223,-79.0,M,29
ORD_00394,1,2026-01-27,223,-175.0,H,29
ORD_00410,1,2026-01-24,223,65.0,L,29
ORD_00424,1,2026-01-17,223,-7.0,L,29
ORD_00456,1,2026-01-30,223,-79.0,M,29
ORD_00467,1,2026-01-19,223,-199.0,H,29
ORD_00490,1,2026-01-09,223,-127.0,M,29
ORD_00552,1,2026-01-10,223,-127.0,M,29
ORD_00567,1,2026-02-02,223,-103.0,M,29
ORD_00591,1,2026-01-14,223,-151.0,H,29
ORD_00661,1,2026-01-21,223,-79.0,M,29
ORD_00675,1,2026-02-02,223,-79.0,M,29
ORD_00716,1,2026-01-22,223,-127.0,M,29
ORD_00741,1,2026-02-02,223,-31.0,L,29
ORD_00743,1,2026-02-02,223,65.0,L,29
ORD_00747,1,2026-01-13,223,-55.0,M,29
ORD_00770,1,2026-01-26,223,137.0,L,29
ORD_00817,1,2026-01-15,223,-103.0,M,29
ORD_00823,1,2026-01-14,223,-199.0,H,29
ORD_00834,1,2026-01-29,223,-103.0,M,29
ORD_00038,2,2026-01-31,223,-103.0,M,37
ORD_00074,2,2026-01-20,223,-151.0,H,37
ORD_00077,2,2026-02-02,223,-103.0,M,37
ORD_00103,2,2026-01-21,223,-103.0,M,37
ORD_00119,2,2026-01-21,223,-55.0,M,37
ORD_00121,2,2026-01-10,223,-103.0,M,37
ORD_00135,2,2026-01-19,223,65.0,L,37
ORD_00157,2,2026-01-09,223,-103.0,M,37
ORD_00168,2,2026-01-19,223,-55.0,M,37
ORD_00201,2,2026-01-15,223,-103.0,M,37
ORD_00225,2,2026-01-28,223,-127.0,M,37
ORD_00318,2,2026-02-01,223,-79.0,M,37
ORD_00319,2,2026-01-04,223,-175.0,H,37
ORD_00325,2,2026-01-16,223,-31.0,L,37
ORD_00336,2,2026-01-07,223,-151.0,H,37
ORD_00383,2,2026-01-24,223,-151.0,H,37
ORD_00385,2,2026-01-28,223,-79.0,M,37
ORD_00394,2,2026-01-27,223,-175.0,H,37
ORD_00410,2,2026-01-24,223,65.0,L,37
ORD_00424,2,2026-01-17,223,-7.0,L,37
ORD_00456,2,2026-01-30,223,-79.0,M,37
ORD_00467,2,2026-01-19,223,-199.0,H,37
ORD_00490,2,2026-01-09,223,-127.0,M,37
ORD_00552,2,2026-01-10,223,-127.0,M,37
ORD_00567,2,2026-02-02,223,-103.0,M,37
ORD_00591,2,2026-01-14,223,-151.0,H,37
ORD_00661,2,2026-01-21,223,-79.0,M,37
ORD_00675,2,2026-02-02,223,-79.0,M,37
ORD_00716,2,2026-01-22,223,-127.0,M,37
ORD_00741,2,2026-02-02,223,-31.0,L,37
ORD_00743,2,2026-02-02,223,65.0,L,37
ORD_00747,2,2026-01-13,223,-55.0,M,37
ORD_00770,2,2026-01-26,223,137.0,L,37
ORD_00817,2,2026-01-15,223,-103.0,M,37
ORD_00823,2,2026-01-14,223,-199.0,H,37
ORD_00834,2,2026-01-29,223,-103.0,M,37
ORD_00038,3,2026-01-31,223,-103.0,M,21
ORD_00074,3,2026-01-20,223,-151.0,H,21
ORD_00077,3,2026-02-02,223,-103.0,M,21
ORD_00103,3,2026-01-21,223,-103.0,M,21
ORD_00119,3,2026-01-21,223,-55.0,M,21
ORD_00121,3,2026-01-10,223,-103.0,M,21
ORD_00135,3,2026-01-19,223,65.0,L,21
ORD_00157,3,2026-01-09,223,-103.0,M,21
ORD_00168,3,2026-01-19,223,-55.0,M,21
ORD_00201,3,2026-01-15,223,-103.0,M,21
ORD_00225,3,2026-01-28,223,-127.0,M,21
ORD_00318,3,2026-02-01,223,-79.0,M,21
ORD_00319,3,2026-01-04,223,-175.0,H,21
ORD_00325,3,2026-01-16,223,-31.0,L,21
ORD_00336,3,2026-01-07,223,-151.0,H,21
ORD_00383,3,2026-01-24,223,-151.0,H,21
ORD_00385,3,2026-01-28,223,-79.0,M,21
ORD_00394,3,2026-01-27,223,-175.0,H,21
ORD_00410,3,2026-01-24,223,65.0,L,21
ORD_00424,3,2026-01-17,223,-7.0,L,21
ORD_00456,3,2026-01-30,223,-79.0,M,21
ORD_00467,3,2026-01-19,223,-199.0,H,21
ORD_00490,3,2026-01-09,223,-127.0,M,21
ORD_00552,3,2026-01-10,223,-127.0,M,21
ORD_00567,3,2026-02-02,223,-103.0,M,21
ORD_00591,3,2026-01-14,223,-151.0,H,21
ORD_00661,3,2026-01-21,223,-79.0,M,21
ORD_00675,3,2026-02-02,223,-79.0,M,21
ORD_00716,3,2026-01-22,223,-127.0,M,21
ORD_00741,3,2026-02-02,223,-31.0,L,21
ORD_00743,3,2026-02-02,223,65.0,L,21
ORD_00747,3,2026-01-13,223,-55.0,M,21
ORD_00770,3,2026-01-26,223,137.0,L,21
ORD_00817,3,2026-01-15,223,-103.0,M,21
ORD_00823,3,2026-01-14,223,-199.0,H,21
ORD_00834,3,2026-01-29,223,-103.0,M,21
ORD_00038,4,2026-01-31,223,-103.0,M,24
ORD_00074,4,2026-01-20,223,-151.0,H,24
ORD_00077,4,2026-02-02,223,-103.0,M,24
ORD_00103,4,2026-01-21,223,-103.0,M,24
ORD_00119,4,2026-01-21,223,-55.0,M,24
ORD_00121,4,2026-01-10,223,-103.0,M,24
ORD_00135,4,2026-01-19,223,65.0,L,24
ORD_00157,4,2026-01-09,223,-103.0,M,24
ORD_00168,4,2026-01-19,223,-55.0,M,24
ORD_00201,4,2026-01-15,223,-103.0,M,24
ORD_00225,4,2026-01-28,223,-127.0,M,24
ORD_00318,4,2026-02-01,223,-79.0,M,24
ORD_00319,4,2026-01-04,223,-175.0,H,24
ORD_00325,4,2026-01-16,223,-31.0,L,24
ORD_00336,4,2026-01-07,223,-151.0,H,24
ORD_00383,4,2026-01-24,223,-151.0,H,24
ORD_00385,4,2026-01-28,223,-79.0,M,24
ORD_00394,4,2026-01-27,223,-175.0,H,24
ORD_00410,4,2026-01-24,223,65.0,L,24
ORD_00424,4,2026-01-17,223,-7.0,L,24
ORD_00456,4,2026-01-30,223,-79.0,M,24
ORD_00467,4,2026-01-19,223,-199.0,H,24
ORD_00490,4,2026-01-09,223,-127.0,M,24
ORD_00552,4,2026-01-10,223,-127.0,M,24
ORD_00567,4,2026-02-02,223,-103.0,M,24
ORD_00591,4,2026-01-14,223,-151.0,H,24
ORD_00661,4,2026-01-21,223,-79.0,M,24
ORD_00675,4,2026-02-02,223,-79.0,M,24
ORD_00716,4,2026-01-22,223,-127.0,M,24
ORD_00741,4,2026-02-02,223,-31.0,L,24
ORD_00743,4,2026-02-02,223,65.0,L,24
ORD_00747,4,2026-01-13,223,-55.0,M,24
ORD_00770,4,2026-01-26,223,137.0,L,24
ORD_00817,4,2026-01-15,223,-103.0,M,24
ORD_00823,4,2026-01-14,223,-199.0,H,24
ORD_00834,4,2026-01-29,223,-103.0,M,24
ORD_00038,5,2026-01-31,223,-103.0,M,68
ORD_00074,5,2026-01-20,223,-151.0,H,68
ORD_00077,5,2026-02-02,223,-103.0,M,68
ORD_00103,5,2026-01-21,223,-103.0,M,68
ORD_00119,5,2026-01-21,223,-55.0,M,68
ORD_00121,5,2026-01-10,223,-103.0,M,68
ORD_00135,5,2026-01-19,223,65.0,L,68
ORD_00157,5,2026-01-09,223,-103.0,M,68
ORD_00168,5,2026-01-19,223,-55.0,M,68
ORD_00201,5,2026-01-15,223,-103.0,M,68
ORD_00225,5,2026-01-28,223,-127.0,M,68
ORD_00318,5,2026-02-01,223,-79.0,M,68
ORD_00319,5,2026-01-04,223,-175.0,H,68
ORD_00325,5,2026-01-16,223,-31.0,L,68
ORD_00336,5,2026-01-07,223,-151.0,H,68
ORD_00383,5,2026-01-24,223,-151.0,H,68
ORD_00385,5,2026-01-28,223,-79.0,M,68
ORD_00394,5,2026-01-27,223,-175.0,H,68
ORD_00410,5,2026-01-24,223,65.0,L,68
ORD_00424,5,2026-01-17,223,-7.0,L,68
ORD_00456,5,2026-01-30,223,-79.0,M,68
ORD_00467,5,2026-01-19,223,-199.0,H,68
ORD_00490,5,2026-01-09,223,-127.0,M,68
ORD_00552,5,2026-01-10,223,-127.0,M,68
ORD_00567,5,2026-02-02,223,-103.0,M,68
ORD_00591,5,2026-01-14,223,-151.0,H,68
ORD_00661,5,2026-01-21,223,-79.0,M,68
ORD_00675,5,2026-02-02,223,-79.0,M,68
ORD_00716,5,2026-01-22,223,-127.0,M,68
ORD_00741,5,2026-02-02,223,-31.0,L,68
ORD_00743,5,2026-02-02,223,65.0,L,68
ORD_00747,5,2026-01-13,223,-55.0,M,68
ORD_00770,5,2026-01-26,223,137.0,L,68
ORD_00817,5,2026-01-15,223,-103.0,M,68
ORD_00823,5,2026-01-14,223,-199.0,H,68
ORD_00834,5,2026-01-29,223,-103.0,M,68
ORD_00038,6,2026-01-31,223,-103.0,M,24
ORD_00074,6,2026-01-20,223,-151.0,H,24
ORD_00077,6,2026-02-02,223,-103.0,M,24
ORD_00103,6,2026-01-21,223,-103.0,M,24
ORD_00119,6,2026-01-21,223,-55.0,M,24
ORD_00121,6,2026-01-10,223,-103.0,M,24
ORD_00135,6,2026-01-19,223,65.0,L,24
ORD_00157,6,2026-01-09,223,-103.0,M,24
ORD_00168,6,2026-01-19,223,-55.0,M,24
ORD_00201,6,2026-01-15,223,-103.0,M,24
ORD_00225,6,2026-01-28,223,-127.0,M,24
ORD_00318,6,2026-02-01,223,-79.0,M,24
ORD_00319,6,2026-01-04,223,-175.0,H,24
ORD_00325,6,2026-01-16,223,-31.0,L,24
ORD_00336,6,2026-01-07,223,-151.0,H,24
ORD_00383,6,2026-01-24,223,-151.0,H,24
ORD_00385,6,2026-01-28,223,-79.0,M,24
ORD_00394,6,2026-01-27,223,-175.0,H,24
ORD_00410,6,2026-01-24,223,65.0,L,24
ORD_00424,6,2026-01-17,223,-7.0,L,24
ORD_00456,6,2026-01-30,223,-79.0,M,24
ORD_00467,6,2026-01-19,223,-199.0,H,24
ORD_00490,6,2026-01-09,223,-127.0,M,24
ORD_00552,6,2026-01-10,223,-127.0,M,24
ORD_00567,6,2026-02-02,223,-103.0,M,24
ORD_00591,6,2026-01-14,223,-151.0,H,24
ORD_00661,6,2026-01-21,223,-79.0,M,24
ORD_00675,6,2026-02-02,223,-79.0,M,24
ORD_00716,6,2026-01-22,223,-127.0,M,24
ORD_00741,6,2026-02-02,223,-31.0,L,24
ORD_00743,6,2026-02-02,223,65.0,L,24
ORD_00747,6,2026-01-13,223,-55.0,M,24
ORD_00770,6,2026-01-26,223,137.0,L,24
ORD_00817,6,2026-01-15,223,-103.0,M,24
ORD_00823,6,2026-01-14,223,-199.0,H,24
ORD_00834,6,2026-01-29,223,-103.0,M,24
ORD_00038,7,2026-01-31,223,-103.0,M,20
ORD_00074,7,2026-01-20,223,-151.0,H,20
ORD_00077,7,2026-02-02,223,-103.0,M,20
ORD_00103,7,2026-01-21,223,-103.0,M,20
ORD_00119,7,2026-01-21,223,-55.0,M,20
ORD_00121,7,2026-01-10,223,-103.0,M,20
ORD_00135,7,2026-01-19,223,65.0,L,20
ORD_00157,7,2026-01-09,223,-103.0,M,20
ORD_00168,7,2026-01-19,223,-55.0,M,20
ORD_00201,7,2026-01-15,223,-103.0,M,20
ORD_00225,7,2026-01-28,223,-127.0,M,20
ORD_00318,7,2026-02-01,223,-79.0,M,20
ORD_00319,7,2026-01-04,223,-175.0,H,20
ORD_00325,7,2026-01-16,223,-31.0,L,20
ORD_00336,7,2026-01-07,223,-151.0,H,20
ORD_00383,7,2026-01-24,223,-151.0,H,20
ORD_00385,7,2026-01-28,223,-79.0,M,20
ORD_00394,7,2026-01-27,223,-175.0,H,20
ORD_00410,7,2026-01-24,223,65.0,L,20
ORD_00424,7,2026-01-17,223,-7.0,L,20
ORD_00456,7,2026-01-30,223,-79.0,M,20
ORD_00467,7,2026-01-19,223,-199.0,H,20
ORD_00490,7,2026-01-09,223,-127.0,M,20
ORD_00552,7,2026-01-10,223,-127.0,M,20
ORD_00567,7,2026-02-02,223,-103.0,M,20
ORD_00591,7,2026-01-14,223,-151.0,H,20
ORD_00661,7,2026-01-21,223,-79.0,M,20
ORD_00675,7,2026-02-02,223,-79.0,M,20
ORD_00716,7,2026-01-22,223,-127.0,M,20
ORD_00741,7,2026-02-02,223,-31.0,L,20
ORD_00743,7,2026-02-02,223,65.0,L,20
ORD_00747,7,2026-01-13,223,-55.0,M,20
ORD_00770,7,2026-01-26,223,137.0,L,20
ORD_00817,7,2026-01-15,223,-103.0,M,20
ORD_00823,7,2026-01-14,223,-199.0,H,20
ORD_00834,7,2026-01-29,223,-103.0,M,20
ORD_00450,1,2026-01-26,268,-100.0,M,12
ORD_00787,1,2026-02-02,268,68.0,L,12
ORD_00864,1,2026-02-04,268,-100.0,M,12
ORD_00963,1,2026-01-19,268,92.0,L,12
ORD_00450,2,2026-01-26,268,-100.0,M,43
ORD_00787,2,2026-02-02,268,68.0,L,43
ORD_00864,2,2026-02-04,268,-100.0,M,43
ORD_00963,2,2026-01-19,268,92.0,L,43
ORD_00450,3,2026-01-26,268,-100.0,M,42
ORD_00787,3,2026-02-02,268,68.0,L,42
ORD_00864,3,2026-02-04,268,-100.0,M,42
ORD_00963,3,2026-01-19,268,92.0,L,42
ORD_00450,4,2026-01-26,268,-100.0,M,42
ORD_00787,4,2026-02-02,268,68.0,L,42
ORD_00864,4,2026-02-04,268,-100.0,M,42
ORD_00963,4,2026-01-19,268,92.0,L,42
ORD_00450,5,2026-01-26,268,-100.0,M,90
ORD_00787,5,2026-02-02,268,68.0,L,90
ORD_00864,5,2026-02-04,268,-100.0,M,90
ORD_00963,5,2026-01-19,268,92.0,L,90
ORD_00450,6,2026-01-26,268,-100.0,M,26
ORD_00787,6,2026-02-02,268,68.0,L,26
ORD_00864,6,2026-02-04,268,-100.0,M,26
ORD_00963,6,2026-01-19,268,92.0,L,26
ORD_00450,7,2026-01-26,268,-100.0,M,13
ORD_00787,7,2026-02-02,268,68.0,L,13
ORD_00864,7,2026-02-04,268,-100.0,M,13
ORD_00963,7,2026-01-19,268,92.0,L,13
ORD_00475,1,2026-01-31,248,-152.0,M,14
ORD_00656,1,2026-01-19,248,16.0,L,14
ORD_00902,1,2026-01-11,248,-176.0,H,14
ORD_00976,1,2026-01-13,248,-128.0,M,14
ORD_00475,2,2026-01-31,248,-152.0,M,40
ORD_00656,2,2026-01-19,248,16.0,L,40
ORD_00902,2,2026-01-11,248,-176.0,H,40
ORD_00976,2,2026-01-13,248,-128.0,M,40
ORD_00475,3,2026-01-31,248,-152.0,M,15
ORD_00656,3,2026-01-19,248,16.0,L,15
ORD_00902,3,2026-01-11,248,-176.0,H,15
ORD_00976,3,2026-01-13,248,-128.0,M,15
ORD_00475,4,2026-01-31,248,-152.0,M,32
ORD_00656,4,2026-01-19,248,16.0,L,32
ORD_00902,4,2026-01-11,248,-176.0,H,32
ORD_00976,4,2026-01-13,248,-128.0,M,32
ORD_00475,5,2026-01-31,248,-152.0,M,31
ORD_00656,5,2026-01-19,248,16.0,L,31
ORD_00902,5,2026-01-11,248,-176.0,H,31
ORD_00976,5,2026-01-13,248,-128.0,M,31
ORD_00475,6,2026-01-31,248,-152.0,M,75
ORD_00656,6,2026-01-19,248,16.0,L,75
ORD_00902,6,2026-01-11,248,-176.0,H,75
ORD_00976,6,2026-01-13,248,-128.0,M,75
ORD_00475,7,2026-01-31,248,-152.0,M,29
ORD_00656,7,2026-01-19,248,16.0,L,29
ORD_00902,7,2026-01-11,248,-176.0,H,29
ORD_00976,7,2026-01-13,248,-128.0,M,29
ORD_00475,8,2026-01-31,248,-152.0,M,12
ORD_00656,8,2026-01-19,248,16.0,L,12
ORD_00902,8,2026-01-11,248,-176.0,H,12
ORD_00976,8,2026-01-13,248,-128.0,M,12
ORD_00252,1,2026-01-29,240,-144.0,M,22
ORD_00313,1,2026-01-14,240,-96.0,M,22
ORD_00351,1,2026-01-17,240,-144.0,M,22
ORD_00498,1,2026-01-07,240,-192.0,H,22
ORD_00508,1,2026-02-03,240,120.0,L,22
ORD_00522,1,2026-01-03,240,-216.0,H,22
ORD_00538,1,2026-01-30,240,96.0,L,22
ORD_00649,1,2026-01-14,240,-168.0,H,22
ORD_00664,1,2026-01-28,240,-96.0,M,22
ORD_00766,1,2026-01-10,240,-144.0,M,22
ORD_00952,1,2026-01-12,240,-144.0,M,22
ORD_00954,1,2026-02-02,240,-144.0,M,22
ORD_00252,2,2026-01-29,240,-144.0,M,31
ORD_00313,2,2026-01-14,240,-96.0,M,31
ORD_00351,2,2026-01-17,240,-144.0,M,31
ORD_00498,2,2026-01-07,240,-192.0,H,31
ORD_00508,2,2026-02-03,240,120.0,L,31
ORD_00522,2,2026-01-03,240,-216.0,H,31
ORD_00538,2,2026-01-30,240,96.0,L,31
ORD_00649,2,2026-01-14,240,-168.0,H,31
ORD_00664,2,2026-01-28,240,-96.0,M,31
ORD_00766,2,2026-01-10,240,-144.0,M,31
ORD_00952,2,2026-01-12,240,-144.0,M,31
ORD_00954,2,2026-02-02,240,-144.0,M,31
ORD_00252,3,2026-01-29,240,-144.0,M,39
ORD_00313,3,2026-01-14,240,-96.0,M,39
ORD_00351,3,2026-01-17,240,-144.0,M,39
ORD_00498,3,2026-01-07,240,-192.0,H,39
ORD_00508,3,2026-02-03,240,120.0,L,39
ORD_00522,3,2026-01-03,240,-216.0,H,39
ORD_00538,3,2026-01-30,240,96.0,L,39
ORD_00649,3,2026-01-14,240,-168.0,H,39
ORD_00664,3,2026-01-28,240,-96.0,M,39
ORD_00766,3,2026-01-10,240,-144.0,M,39
ORD_00952,3,2026-01-12,240,-144.0,M,39
ORD_00954,3,2026-02-02,240,-144.0,M,39
ORD_00252,4,2026-01-29,240,-144.0,M,46
ORD_00313,4,2026-01-14,240,-96.0,M,46
ORD_00351,4,2026-01-17,240,-144.0,M,46
ORD_00498,4,2026-01-07,240,-192.0,H,46
ORD_00508,4,2026-02-03,240,120.0,L,46
ORD_00522,4,2026-01-03,240,-216.0,H,46
ORD_00538,4,2026-01-30,240,96.0,L,46
ORD_00649,4,2026-01-14,240,-168.0,H,46
ORD_00664,4,2026-01-28,240,-96.0,M,46
ORD_00766,4,2026-01-10,240,-144.0,M,46
ORD_00952,4,2026-01-12,240,-144.0,M,46
ORD_00954,4,2026-02-02,240,-144.0,M,46
ORD_00252,5,2026-01-29,240,-144.0,M,48
ORD_00313,5,2026-01-14,240,-96.0,M,48
ORD_00351,5,2026-01-17,240,-144.0,M,48
ORD_00498,5,2026-01-07,240,-192.0,H,48
ORD_00508,5,2026-02-03,240,120.0,L,48
ORD_00522,5,2026-01-03,240,-216.0,H,48
ORD_00538,5,2026-01-30,240,96.0,L,48
ORD_00649,5,2026-01-14,240,-168.0,H,48
ORD_00664,5,2026-01-28,240,-96.0,M,48
ORD_00766,5,2026-01-10,240,-144.0,M,48
ORD_00952,5,2026-01-12,240,-144.0,M,48
ORD_00954,5,2026-02-02,240,-144.0,M,48
ORD_00252,6,2026-01-29,240,-144.0,M,30
ORD_00313,6,2026-01-14,240,-96.0,M,30
ORD_00351,6,2026-01-17,240,-144.0,M,30
ORD_00498,6,2026-01-07,240,-192.0,H,30
ORD_00508,6,2026-02-03,240,120.0,L,30
ORD_00522,6,2026-01-03,240,-216.0,H,30
ORD_00538,6,2026-01-30,240,96.0,L,30
ORD_00649,6,2026-01-14,240,-168.0,H,30
ORD_00664,6,2026-01-28,240,-96.0,M,30
ORD_00766,6,2026-01-10,240,-144.0,M,30
ORD_00952,6,2026-01-12,240,-144.0,M,30
ORD_00954,6,2026-02-02,240,-144.0,M,30
ORD_00252,7,2026-01-29,240,-144.0,M,24
ORD_00313,7,2026-01-14,240,-96.0,M,24
ORD_00351,7,2026-01-17,240,-144.0,M,24
ORD_00498,7,2026-01-07,240,-192.0,H,24
ORD_00508,7,2026-02-03,240,120.0,L,24
ORD_00522,7,2026-01-03,240,-216.0,H,24
ORD_00538,7,2026-01-30,240,96.0,L,24
ORD_00649,7,2026-01-14,240,-168.0,H,24
ORD_00664,7,2026-01-28,240,-96.0,M,24
ORD_00766,7,2026-01-10,240,-144.0,M,24
ORD_00952,7,2026-01-12,240,-144.0,M,24
ORD_00954,7,2026-02-02,240,-144.0,M,24
ORD_00465,1,2026-01-28,382,-238.0,M,26
ORD_00614,1,2026-01-23,382,-262.0,M,26
ORD_00671,1,2026-01-08,382,-238.0,M,26
ORD_00465,2,2026-01-28,382,-238.0,M,42
ORD_00614,2,2026-01-23,382,-262.0,M,42
ORD_00671,2,2026-01-08,382,-238.0,M,42
ORD_00465,3,2026-01-28,382,-238.0,M,23
ORD_00614,3,2026-01-23,382,-262.0,M,23
ORD_00671,3,2026-01-08,382,-238.0,M,23
ORD_00465,4,2026-01-28,382,-238.0,M,35
ORD_00614,4,2026-01-23,382,-262.0,M,35
ORD_00671,4,2026-01-08,382,-238.0,M,35
ORD_00465,5,2026-01-28,382,-238.0,M,23
ORD_00614,5,2026-01-23,382,-262.0,M,23
ORD_00671,5,2026-01-08,382,-238.0,M,23
ORD_00465,6,2026-01-28,382,-238.0,M,40
ORD_00614,6,2026-01-23,382,-262.0,M,40
ORD_00671,6,2026-01-08,382,-238.0,M,40
ORD_00465,7,2026-01-28,382,-238.0,M,79
ORD_00614,7,2026-01-23,382,-262.0,M,79
ORD_00671,7,2026-01-08,382,-238.0,M,79
ORD_00465,8,2026-01-28,382,-238.0,M,72
ORD_00614,8,2026-01-23,382,-262.0,M,72
ORD_00671,8,2026-01-08,382,-238.0,M,72
ORD_00465,9,2026-01-28,382,-238.0,M,28
ORD_00614,9,2026-01-23,382,-262.0,M,28
ORD_00671,9,2026-01-08,382,-238.0,M,28
ORD_00465,10,2026-01-28,382,-238.0,M,14
ORD_00614,10,2026-01-23,382,-262.0,M,14
ORD_00671,10,2026-01-08,382,-238.0,M,14
ORD_00446,1,2026-01-08,247,-127.0,M,29
ORD_00652,1,2026-01-20,247,-175.0,H,29
ORD_00657,1,2026-01-19,247,-199.0,H,29
ORD_00913,1,2026-01-21,247,-223.0,H,29
ORD_00446,2,2026-01-08,247,-127.0,M,41
ORD_00652,2,2026-01-20,247,-175.0,H,41
ORD_00657,2,2026-01-19,247,-199.0,H,41
ORD_00913,2,2026-01-21,247,-223.0,H,41
ORD_00446,3,2026-01-08,247,-127.0,M,16
ORD_00652,3,2026-01-20,247,-175.0,H,16
ORD_00657,3,2026-01-19,247,-199.0,H,16
ORD_00913,3,2026-01-21,247,-223.0,H,16
ORD_00446,4,2026-01-08,247,-127.0,M,22
ORD_00652,4,2026-01-20,247,-175.0,H,22
ORD_00657,4,2026-01-19,247,-199.0,H,22
ORD_00913,4,2026-01-21,247,-223.0,H,22
ORD_00446,5,2026-01-08,247,-127.0,M,81
ORD_00652,5,2026-01-20,247,-175.0,H,81
ORD_00657,5,2026-01-19,247,-199.0,H,81
ORD_00913,5,2026-01-21,247,-223.0,H,81
ORD_00446,6,2026-01-08,247,-127.0,M,30
ORD_00652,6,2026-01-20,247,-175.0,H,30
ORD_00657,6,2026-01-19,247,-199.0,H,30
ORD_00913,6,2026-01-21,247,-223.0,H,30
ORD_00446,7,2026-01-08,247,-127.0,M,28
ORD_00652,7,2026-01-20,247,-175.0,H,28
ORD_00657,7,2026-01-19,247,-199.0,H,28
ORD_00913,7,2026-01-21,247,-223.0,H,28
ORD_00072,1,2026-02-05,249,-105.0,M,29
ORD_00420,1,2026-02-03,249,-57.0,L,29
ORD_00072,2,2026-02-05,249,-105.0,M,30
ORD_00420,2,2026-02-03,249,-57.0,L,30
ORD_00072,3,2026-02-05,249,-105.0,M,24
ORD_00420,3,2026-02-03,249,-57.0,L,24
ORD_00072,4,2026-02-05,249,-105.0,M,50
ORD_00420,4,2026-02-03,249,-57.0,L,50
ORD_00072,5,2026-02-05,249,-105.0,M,70
ORD_00420,5,2026-02-03,249,-57.0,L,70
ORD_00072,6,2026-02-05,249,-105.0,M,22
ORD_00420,6,2026-02-03,249,-57.0,L,22
ORD_00072,7,2026-02-05,249,-105.0,M,24
ORD_00420,7,2026-02-03,249,-57.0,L,24
ORD_00015,1,2026-01-25,214,74.0,L,11
ORD_00040,1,2026-01-23,214,-70.0,M,11
ORD_00076,1,2026-01-26,214,-46.0,M,11
ORD_00081,1,2026-01-10,214,-94.0,M,11
ORD_00083,1,2026-01-26,214,-94.0,M,11
ORD_00123,1,2026-01-22,214,-94.0,M,11
ORD_00176,1,2026-01-15,214,-118.0,M,11
ORD_00177,1,2026-01-11,214,-70.0,M,11
ORD_00231,1,2026-01-27,214,2.0,L,11
ORD_00235,1,2026-01-26,214,-142.0,H,11
ORD_00414,1,2026-01-10,214,-118.0,M,11
ORD_00507,1,2026-01-05,214,-118.0,M,11
ORD_00514,1,2026-01-21,214,-118.0,M,11
ORD_00580,1,2026-01-29,214,74.0,L,11
ORD_00633,1,2026-01-21,214,-46.0,M,11
ORD_00635,1,2026-01-24,214,-46.0,M,11
ORD_00706,1,2026-02-01,214,-46.0,M,11
ORD_00742,1,2026-01-05,214,-118.0,M,11
ORD_00779,1,2026-01-22,214,-142.0,H,11
ORD_00870,1,2026-01-24,214,-94.0,M,11
ORD_00922,1,2026-01-15,214,50.0,L,11
ORD_00959,1,2026-01-07,214,-94.0,M,11
ORD_00993,1,2026-01-14,214,-142.0,H,11
ORD_00015,2,2026-01-25,214,74.0,L,29
ORD_00040,2,2026-01-23,214,-70.0,M,29
ORD_00076,2,2026-01-26,214,-46.0,M,29
ORD_00081,2,2026-01-10,214,-94.0,M,29
ORD_00083,2,2026-01-26,214,-94.0,M,29
ORD_00123,2,2026-01-22,214,-94.0,M,29
ORD_00176,2,2026-01-15,214,-118.0,M,29
ORD_00177,2,2026-01-11,214,-70.0,M,29
ORD_00231,2,2026-01-27,214,2.0,L,29
ORD_00235,2,2026-01-26,214,-142.0,H,29
ORD_00414,2,2026-01-10,214,-118.0,M,29
ORD_00507,2,2026-01-05,214,-118.0,M,29
ORD_00514,2,2026-01-21,214,-118.0,M,29
ORD_00580,2,2026-01-29,214,74.0,L,29
ORD_00633,2,2026-01-21,214,-46.0,M,29
ORD_00635,2,2026-01-24,214,-46.0,M,29
ORD_00706,2,2026-02-01,214,-46.0,M,29
ORD_00742,2,2026-01-05,214,-118.0,M,29
ORD_00779,2,2026-01-22,214,-142.0,H,29
ORD_00870,2,2026-01-24,214,-94.0,M,29
ORD_00922,2,2026-01-15,214,50.0,L,29
ORD_00959,2,2026-01-07,214,-94.0,M,29
ORD_00993,2,2026-01-14,214,-142.0,H,29
ORD_00015,3,2026-01-25,214,74.0,L,30
ORD_00040,3,2026-01-23,214,-70.0,M,30
ORD_00076,3,2026-01-26,214,-46.0,M,30
ORD_00081,3,2026-01-10,214,-94.0,M,30
ORD_00083,3,2026-01-26,214,-94.0,M,30
ORD_00123,3,2026-01-22,214,-94.0,M,30
ORD_00176,3,2026-01-15,214,-118.0,M,30
ORD_00177,3,2026-01-11,214,-70.0,M,30
ORD_00231,3,2026-01-27,214,2.0,L,30
ORD_00235,3,2026-01-26,214,-142.0,H,30
ORD_00414,3,2026-01-10,214,-118.0,M,30
ORD_00507,3,2026-01-05,214,-118.0,M,30
ORD_00514,3,2026-01-21,214,-118.0,M,30
ORD_00580,3,2026-01-29,214,74.0,L,30
ORD_00633,3,2026-01-21,214,-46.0,M,30
ORD_00635,3,2026-01-24,214,-46.0,M,30
ORD_00706,3,2026-02-01,214,-46.0,M,30
ORD_00742,3,2026-01-05,214,-118.0,M,30
ORD_00779,3,2026-01-22,214,-142.0,H,30
ORD_00870,3,2026-01-24,214,-94.0,M,30
ORD_00922,3,2026-01-15,214,50.0,L,30
ORD_00959,3,2026-01-07,214,-94.0,M,30
ORD_00993,3,2026-01-14,214,-142.0,H,30
ORD_00015,4,2026-01-25,214,74.0,L,26
ORD_00040,4,2026-01-23,214,-70.0,M,26
ORD_00076,4,2026-01-26,214,-46.0,M,26
ORD_00081,4,2026-01-10,214,-94.0,M,26
ORD_00083,4,2026-01-26,214,-94.0,M,26
ORD_00123,4,2026-01-22,214,-94.0,M,26
ORD_00176,4,2026-01-15,214,-118.0,M,26
ORD_00177,4,2026-01-11,214,-70.0,M,26
ORD_00231,4,2026-01-27,214,2.0,L,26
ORD_00235,4,2026-01-26,214,-142.0,H,26
ORD_00414,4,2026-01-10,214,-118.0,M,26
ORD_00507,4,2026-01-05,214,-118.0,M,26
ORD_00514,4,2026-01-21,214,-118.0,M,26
ORD_00580,4,2026-01-29,214,74.0,L,26
ORD_00633,4,2026-01-21,214,-46.0,M,26
ORD_00635,4,2026-01-24,214,-46.0,M,26
ORD_00706,4,2026-02-01,214,-46.0,M,26
ORD_00742,4,2026-01-05,214,-118.0,M,26
ORD_00779,4,2026-01-22,214,-142.0,H,26
ORD_00870,4,2026-01-24,214,-94.0,M,26
ORD_00922,4,2026-01-15,214,50.0,L,26
ORD_00959,4,2026-01-07,214,-94.0,M,26
ORD_00993,4,2026-01-14,214,-142.0,H,26
ORD_00015,5,2026-01-25,214,74.0,L,78
ORD_00040,5,2026-01-23,214,-70.0,M,78
ORD_00076,5,2026-01-26,214,-46.0,M,78
ORD_00081,5,2026-01-10,214,-94.0,M,78
ORD_00083,5,2026-01-26,214,-94.0,M,78
ORD_00123,5,2026-01-22,214,-94.0,M,78
ORD_00176,5,2026-01-15,214,-118.0,M,78
ORD_00177,5,2026-01-11,214,-70.0,M,78
ORD_00231,5,2026-01-27,214,2.0,L,78
ORD_00235,5,2026-01-26,214,-142.0,H,78
ORD_00414,5,2026-01-10,214,-118.0,M,78
ORD_00507,5,2026-01-05,214,-118.0,M,78
ORD_00514,5,2026-01-21,214,-118.0,M,78
ORD_00580,5,2026-01-29,214,74.0,L,78
ORD_00633,5,2026-01-21,214,-46.0,M,78
ORD_00635,5,2026-01-24,214,-46.0,M,78
ORD_00706,5,2026-02-01,214,-46.0,M,78
ORD_00742,5,2026-01-05,214,-118.0,M,78
ORD_00779,5,2026-01-22,214,-142.0,H,78
ORD_00870,5,2026-01-24,214,-94.0,M,78
ORD_00922,5,2026-01-15,214,50.0,L,78
ORD_00959,5,2026-01-07,214,-94.0,M,78
ORD_00993,5,2026-01-14,214,-142.0,H,78
ORD_00015,6,2026-01-25,214,74.0,L,20
ORD_00040,6,2026-01-23,214,-70.0,M,20
ORD_00076,6,2026-01-26,214,-46.0,M,20
ORD_00081,6,2026-01-10,214,-94.0,M,20
ORD_00083,6,2026-01-26,214,-94.0,M,20
ORD_00123,6,2026-01-22,214,-94.0,M,20
ORD_00176,6,2026-01-15,214,-118.0,M,20
ORD_00177,6,2026-01-11,214,-70.0,M,20
ORD_00231,6,2026-01-27,214,2.0,L,20
ORD_00235,6,2026-01-26,214,-142.0,H,20
ORD_00414,6,2026-01-10,214,-118.0,M,20
ORD_00507,6,2026-01-05,214,-118.0,M,20
ORD_00514,6,2026-01-21,214,-118.0,M,20
ORD_00580,6,2026-01-29,214,74.0,L,20
ORD_00633,6,2026-01-21,214,-46.0,M,20
ORD_00635,6,2026-01-24,214,-46.0,M,20
ORD_00706,6,2026-02-01,214,-46.0,M,20
ORD_00742,6,2026-01-05,214,-118.0,M,20
ORD_00779,6,2026-01-22,214,-142.0,H,20
ORD_00870,6,2026-01-24,214,-94.0,M,20
ORD_00922,6,2026-01-15,214,50.0,L,20
ORD_00959,6,2026-01-07,214,-94.0,M,20
ORD_00993,6,2026-01-14,214,-142.0,H,20
ORD_00015,7,2026-01-25,214,74.0,L,20
ORD_00040,7,2026-01-23,214,-70.0,M,20
ORD_00076,7,2026-01-26,214,-46.0,M,20
ORD_00081,7,2026-01-10,214,-94.0,M,20
ORD_00083,7,2026-01-26,214,-94.0,M,20
ORD_00123,7,2026-01-22,214,-94.0,M,20
ORD_00176,7,2026-01-15,214,-118.0,M,20
ORD_00177,7,2026-01-11,214,-70.0,M,20
ORD_00231,7,2026-01-27,214,2.0,L,20
ORD_00235,7,2026-01-26,214,-142.0,H,20
ORD_00414,7,2026-01-10,214,-118.0,M,20
ORD_00507,7,2026-01-05,214,-118.0,M,20
ORD_00514,7,2026-01-21,214,-118.0,M,20
ORD_00580,7,2026-01-29,214,74.0,L,20
ORD_00633,7,2026-01-21,214,-46.0,M,20
ORD_00635,7,2026-01-24,214,-46.0,M,20
ORD_00706,7,2026-02-01,214,-46.0,M,20
ORD_00742,7,2026-01-05,214,-118.0,M,20
ORD_00779,7,2026-01-22,214,-142.0,H,20
ORD_00870,7,2026-01-24,214,-94.0,M,20
ORD_00922,7,2026-01-15,214,50.0,L,20
ORD_00959,7,2026-01-07,214,-94.0,M,20
ORD_00993,7,2026-01-14,214,-142.0,H,20
ORD_00530,1,2026-01-28,207,-63.0,M,22
ORD_00725,1,2026-01-30,207,105.0,L,22
ORD_00530,2,2026-01-28,207,-63.0,M,39
ORD_00725,2,2026-01-30,207,105.0,L,39
ORD_00530,3,2026-01-28,207,-63.0,M,31
ORD_00725,3,2026-01-30,207,105.0,L,31
ORD_00530,4,2026-01-28,207,-63.0,M,23
ORD_00725,4,2026-01-30,207,105.0,L,23
ORD_00530,5,2026-01-28,207,-63.0,M,55
ORD_00725,5,2026-01-30,207,105.0,L,55
ORD_00530,6,2026-01-28,207,-63.0,M,13
ORD_00725,6,2026-01-30,207,105.0,L,13
ORD_00530,7,2026-01-28,207,-63.0,M,24
ORD_00725,7,2026-01-30,207,105.0,L,24
ORD_00067,1,2026-01-20,217,-121.0,M,14
ORD_00093,1,2026-01-19,217,-121.0,M,14
ORD_00184,1,2026-01-16,217,-97.0,M,14
ORD_00265,1,2026-01-14,217,-49.0,M,14
ORD_00275,1,2026-01-07,217,-121.0,M,14
ORD_00392,1,2026-01-23,217,-121.0,M,14
ORD_00469,1,2026-01-25,217,-25.0,L,14
ORD_00489,1,2026-01-18,217,-193.0,H,14
ORD_00495,1,2026-01-26,217,-145.0,H,14
ORD_00518,1,2026-01-15,217,-49.0,M,14
ORD_00543,1,2026-01-26,217,-97.0,M,14
ORD_00549,1,2026-01-12,217,-73.0,M,14
ORD_00565,1,2026-01-26,217,-169.0,H,14
ORD_00582,1,2026-01-22,217,-169.0,H,14
ORD_00594,1,2026-01-19,217,-25.0,L,14
ORD_00597,1,2026-01-31,217,-73.0,M,14
ORD_00616,1,2026-02-01,217,-73.0,M,14
ORD_00650,1,2026-01-21,217,-97.0,M,14
ORD_00722,1,2026-01-18,217,-145.0,H,14
ORD_00831,1,2026-01-17,217,-25.0,L,14
ORD_00843,1,2026-01-18,217,-73.0,M,14
ORD_00979,1,2026-02-01,217,-73.0,M,14
ORD_00989,1,2026-01-10,217,-1.0,L,14
ORD_00999,1,2026-01-10,217,-97.0,M,14
ORD_00067,2,2026-01-20,217,-121.0,M,16
ORD_00093,2,2026-01-19,217,-121.0,M,16
ORD_00184,2,2026-01-16,217,-97.0,M,16
ORD_00265,2,2026-01-14,217,-49.0,M,16
ORD_00275,2,2026-01-07,217,-121.0,M,16
ORD_00392,2,2026-01-23,217,-121.0,M,16
ORD_00469,2,2026-01-25,217,-25.0,L,16
ORD_00489,2,2026-01-18,217,-193.0,H,16
ORD_00495,2,2026-01-26,217,-145.0,H,16
ORD_00518,2,2026-01-15,217,-49.0,M,16
ORD_00543,2,2026-01-26,217,-97.0,M,16
ORD_00549,2,2026-01-12,217,-73.0,M,16
ORD_00565,2,2026-01-26,217,-169.0,H,16
ORD_00582,2,2026-01-22,217,-169.0,H,16
ORD_00594,2,2026-01-19,217,-25.0,L,16
ORD_00597,2,2026-01-31,217,-73.0,M,16
ORD_00616,2,2026-02-01,217,-73.0,M,16
ORD_00650,2,2026-01-21,217,-97.0,M,16
ORD_00722,2,2026-01-18,217,-145.0,H,16
ORD_00831,2,2026-01-17,217,-25.0,L,16
ORD_00843,2,2026-01-18,217,-73.0,M,16
ORD_00979,2,2026-02-01,217,-73.0,M,16
ORD_00989,2,2026-01-10,217,-1.0,L,16
ORD_00999,2,2026-01-10,217,-97.0,M,16
ORD_00067,3,2026-01-20,217,-121.0,M,45
ORD_00093,3,2026-01-19,217,-121.0,M,45
ORD_00184,3,2026-01-16,217,-97.0,M,45
ORD_00265,3,2026-01-14,217,-49.0,M,45
ORD_00275,3,2026-01-07,217,-121.0,M,45
ORD_00392,3,2026-01-23,217,-121.0,M,45
ORD_00469,3,2026-01-25,217,-25.0,L,45
ORD_00489,3,2026-01-18,217,-193.0,H,45
ORD_00495,3,2026-01-26,217,-145.0,H,45
ORD_00518,3,2026-01-15,217,-49.0,M,45
ORD_00543,3,2026-01-26,217,-97.0,M,45
ORD_00549,3,2026-01-12,217,-73.0,M,45
ORD_00565,3,2026-01-26,217,-169.0,H,45
ORD_00582,3,2026-01-22,217,-169.0,H,45
ORD_00594,3,2026-01-19,217,-25.0,L,45
ORD_00597,3,2026-01-31,217,-73.0,M,45
ORD_00616,3,2026-02-01,217,-73.0,M,45
ORD_00650,3,2026-01-21,217,-97.0,M,45
ORD_00722,3,2026-01-18,217,-145.0,H,45
ORD_00831,3,2026-01-17,217,-25.0,L,45
ORD_00843,3,2026-01-18,217,-73.0,M,45
ORD_00979,3,2026-02-01,217,-73.0,M,45
ORD_00989,3,2026-01-10,217,-1.0,L,45
ORD_00999,3,2026-01-10,217,-97.0,M,45
ORD_00067,4,2026-01-20,217,-121.0,M,47
ORD_00093,4,2026-01-19,217,-121.0,M,47
ORD_00184,4,2026-01-16,217,-97.0,M,47
ORD_00265,4,2026-01-14,217,-49.0,M,47
ORD_00275,4,2026-01-07,217,-121.0,M,47
ORD_00392,4,2026-01-23,217,-121.0,M,47
ORD_00469,4,2026-01-25,217,-25.0,L,47
ORD_00489,4,2026-01-18,217,-193.0,H,47
ORD_00495,4,2026-01-26,217,-145.0,H,47
ORD_00518,4,2026-01-15,217,-49.0,M,47
ORD_00543,4,2026-01-26,217,-97.0,M,47
ORD_00549,4,2026-01-12,217,-73.0,M,47
ORD_00565,4,2026-01-26,217,-169.0,H,47
ORD_00582,4,2026-01-22,217,-169.0,H,47
ORD_00594,4,2026-01-19,217,-25.0,L,47
ORD_00597,4,2026-01-31,217,-73.0,M,47
ORD_00616,4,2026-02-01,217,-73.0,M,47
ORD_00650,4,2026-01-21,217,-97.0,M,47
ORD_00722,4,2026-01-18,217,-145.0,H,47
ORD_00831,4,2026-01-17,217,-25.0,L,47
ORD_00843,4,2026-01-18,217,-73.0,M,47
ORD_00979,4,2026-02-01,217,-73.0,M,47
ORD_00989,4,2026-01-10,217,-1.0,L,47
ORD_00999,4,2026-01-10,217,-97.0,M,47
ORD_00067,5,2026-01-20,217,-121.0,M,55
ORD_00093,5,2026-01-19,217,-121.0,M,55
ORD_00184,5,2026-01-16,217,-97.0,M,55
ORD_00265,5,2026-01-14,217,-49.0,M,55
ORD_00275,5,2026-01-07,217,-121.0,M,55
ORD_00392,5,2026-01-23,217,-121.0,M,55
ORD_00469,5,2026-01-25,217,-25.0,L,55
ORD_00489,5,2026-01-18,217,-193.0,H,55
ORD_00495,5,2026-01-26,217,-145.0,H,55
ORD_00518,5,2026-01-15,217,-49.0,M,55
ORD_00543,5,2026-01-26,217,-97.0,M,55
ORD_00549,5,2026-01-12,217,-73.0,M,55
ORD_00565,5,2026-01-26,217,-169.0,H,55
ORD_00582,5,2026-01-22,217,-169.0,H,55
ORD_00594,5,2026-01-19,217,-25.0,L,55
ORD_00597,5,2026-01-31,217,-73.0,M,55
ORD_00616,5,2026-02-01,217,-73.0,M,55
ORD_00650,5,2026-01-21,217,-97.0,M,55
ORD_00722,5,2026-01-18,217,-145.0,H,55
ORD_00831,5,2026-01-17,217,-25.0,L,55
ORD_00843,5,2026-01-18,217,-73.0,M,55
ORD_00979,5,2026-02-01,217,-73.0,M,55
ORD_00989,5,2026-01-10,217,-1.0,L,55
ORD_00999,5,2026-01-10,217,-97.0,M,55
ORD_00067,6,2026-01-20,217,-121.0,M,20
ORD_00093,6,2026-01-19,217,-121.0,M,20
ORD_00184,6,2026-01-16,217,-97.0,M,20
ORD_00265,6,2026-01-14,217,-49.0,M,20
ORD_00275,6,2026-01-07,217,-121.0,M,20
ORD_00392,6,2026-01-23,217,-121.0,M,20
ORD_00469,6,2026-01-25,217,-25.0,L,20
ORD_00489,6,2026-01-18,217,-193.0,H,20
ORD_00495,6,2026-01-26,217,-145.0,H,20
ORD_00518,6,2026-01-15,217,-49.0,M,20
ORD_00543,6,2026-01-26,217,-97.0,M,20
ORD_00549,6,2026-01-12,217,-73.0,M,20
ORD_00565,6,2026-01-26,217,-169.0,H,20
ORD_00582,6,2026-01-22,217,-169.0,H,20
ORD_00594,6,2026-01-19,217,-25.0,L,20
ORD_00597,6,2026-01-31,217,-73.0,M,20
ORD_00616,6,2026-02-01,217,-73.0,M,20
ORD_00650,6,2026-01-21,217,-97.0,M,20
ORD_00722,6,2026-01-18,217,-145.0,H,20
ORD_00831,6,2026-01-17,217,-25.0,L,20
ORD_00843,6,2026-01-18,217,-73.0,M,20
ORD_00979,6,2026-02-01,217,-73.0,M,20
ORD_00989,6,2026-01-10,217,-1.0,L,20
ORD_00999,6,2026-01-10,217,-97.0,M,20
ORD_00067,7,2026-01-20,217,-121.0,M,20
ORD_00093,7,2026-01-19,217,-121.0,M,20
ORD_00184,7,2026-01-16,217,-97.0,M,20
ORD_00265,7,2026-01-14,217,-49.0,M,20
ORD_00275,7,2026-01-07,217,-121.0,M,20
ORD_00392,7,2026-01-23,217,-121.0,M,20
ORD_00469,7,2026-01-25,217,-25.0,L,20
ORD_00489,7,2026-01-18,217,-193.0,H,20
ORD_00495,7,2026-01-26,217,-145.0,H,20
ORD_00518,7,2026-01-15,217,-49.0,M,20
ORD_00543,7,2026-01-26,217,-97.0,M,20
ORD_00549,7,2026-01-12,217,-73.0,M,20
ORD_00565,7,2026-01-26,217,-169.0,H,20
ORD_00582,7,2026-01-22,217,-169.0,H,20
ORD_00594,7,2026-01-19,217,-25.0,L,20
ORD_00597,7,2026-01-31,217,-73.0,M,20
ORD_00616,7,2026-02-01,217,-73.0,M,20
ORD_00650,7,2026-01-21,217,-97.0,M,20
ORD_00722,7,2026-01-18,217,-145.0,H,20
ORD_00831,7,2026-01-17,217,-25.0,L,20
ORD_00843,7,2026-01-18,217,-73.0,M,20
ORD_00979,7,2026-02-01,217,-73.0,M,20
ORD_00989,7,2026-01-10,217,-1.0,L,20
ORD_00999,7,2026-01-10,217,-97.0,M,20
ORD_00764,1,2026-01-09,245,-125.0,M,15
ORD_00984,1,2026-01-20,245,-77.0,M,15
ORD_00764,2,2026-01-09,245,-125.0,M,31
ORD_00984,2,2026-01-20,245,-77.0,M,31
ORD_00764,3,2026-01-09,245,-125.0,M,30
ORD_00984,3,2026-01-20,245,-77.0,M,30
ORD_00764,4,2026-01-09,245,-125.0,M,30
ORD_00984,4,2026-01-20,245,-77.0,M,30
ORD_00764,5,2026-01-09,245,-125.0,M,22
ORD_00984,5,2026-01-20,245,-77.0,M,22
ORD_00764,6,2026-01-09,245,-125.0,M,72
ORD_00984,6,2026-01-20,245,-77.0,M,72
ORD_00764,7,2026-01-09,245,-125.0,M,17
ORD_00984,7,2026-01-20,245,-77.0,M,17
ORD_00764,8,2026-01-09,245,-125.0,M,28
ORD_00984,8,2026-01-20,245,-77.0,M,28
ORD_00233,1,2026-01-14,195,-27.0,M,11
ORD_00306,1,2026-01-17,195,-75.0,M,11
ORD_00564,1,2026-01-02,195,-171.0,H,11
ORD_00762,1,2026-01-20,195,93.0,L,11
ORD_00815,1,2026-01-19,195,-171.0,H,11
ORD_00978,1,2026-01-17,195,-147.0,H,11
ORD_00233,2,2026-01-14,195,-27.0,M,24
ORD_00306,2,2026-01-17,195,-75.0,M,24
ORD_00564,2,2026-01-02,195,-171.0,H,24
ORD_00762,2,2026-01-20,195,93.0,L,24
ORD_00815,2,2026-01-19,195,-171.0,H,24
ORD_00978,2,2026-01-17,195,-147.0,H,24
ORD_00233,3,2026-01-14,195,-27.0,M,34
ORD_00306,3,2026-01-17,195,-75.0,M,34
ORD_00564,3,2026-01-02,195,-171.0,H,34
ORD_00762,3,2026-01-20,195,93.0,L,34
ORD_00815,3,2026-01-19,195,-171.0,H,34
ORD_00978,3,2026-01-17,195,-147.0,H,34
ORD_00233,4,2026-01-14,195,-27.0,M,41
ORD_00306,4,2026-01-17,195,-75.0,M,41
ORD_00564,4,2026-01-02,195,-171.0,H,41
ORD_00762,4,2026-01-20,195,93.0,L,41
ORD_00815,4,2026-01-19,195,-171.0,H,41
ORD_00978,4,2026-01-17,195,-147.0,H,41
ORD_00233,5,2026-01-14,195,-27.0,M,58
ORD_00306,5,2026-01-17,195,-75.0,M,58
ORD_00564,5,2026-01-02,195,-171.0,H,58
ORD_00762,5,2026-01-20,195,93.0,L,58
ORD_00815,5,2026-01-19,195,-171.0,H,58
ORD_00978,5,2026-01-17,195,-147.0,H,58
ORD_00233,6,2026-01-14,195,-27.0,M,13
ORD_00306,6,2026-01-17,195,-75.0,M,13
ORD_00564,6,2026-01-02,195,-171.0,H,13
ORD_00762,6,2026-01-20,195,93.0,L,13
ORD_00815,6,2026-01-19,195,-171.0,H,13
ORD_00978,6,2026-01-17,195,-147.0,H,13
ORD_00233,7,2026-01-14,195,-27.0,M,14
ORD_00306,7,2026-01-17,195,-75.0,M,14
ORD_00564,7,2026-01-02,195,-171.0,H,14
ORD_00762,7,2026-01-20,195,93.0,L,14
ORD_00815,7,2026-01-19,195,-171.0,H,14
ORD_00978,7,2026-01-17,195,-147.0,H,14
ORD_00929,1,2026-02-01,213,-93.0,M,21
ORD_00929,2,2026-02-01,213,-93.0,M,26
ORD_00929,3,2026-02-01,213,-93.0,M,27
ORD_00929,4,2026-02-01,213,-93.0,M,38
ORD_00929,5,2026-02-01,213,-93.0,M,63
ORD_00929,6,2026-02-01,213,-93.0,M,12
ORD_00929,7,2026-02-01,213,-93.0,M,26
ORD_00094,1,2026-01-05,221,-149.0,H,27
ORD_00109,1,2026-01-30,221,-53.0,M,27
ORD_00133,1,2026-01-22,221,-77.0,M,27
ORD_00161,1,2026-01-29,221,-77.0,M,27
ORD_00171,1,2026-02-01,221,-125.0,M,27
ORD_00199,1,2026-02-10,221,67.0,L,27
ORD_00255,1,2026-02-03,221,-53.0,M,27
ORD_00331,1,2026-01-24,221,-53.0,M,27
ORD_00539,1,2026-01-18,221,-149.0,H,27
ORD_00606,1,2026-01-11,221,-149.0,H,27
ORD_00757,1,2026-01-27,221,-125.0,M,27
ORD_00788,1,2026-01-19,221,-77.0,M,27
ORD_00794,1,2026-01-07,221,-149.0,H,27
ORD_00845,1,2026-01-26,221,67.0,L,27
ORD_00856,1,2026-01-26,221,-125.0,M,27
ORD_00868,1,2026-01-11,221,-77.0,M,27
ORD_00094,2,2026-01-05,221,-149.0,H,41
ORD_00109,2,2026-01-30,221,-53.0,M,41
ORD_00133,2,2026-01-22,221,-77.0,M,41
ORD_00161,2,2026-01-29,221,-77.0,M,41
ORD_00171,2,2026-02-01,221,-125.0,M,41
ORD_00199,2,2026-02-10,221,67.0,L,41
ORD_00255,2,2026-02-03,221,-53.0,M,41
ORD_00331,2,2026-01-24,221,-53.0,M,41
ORD_00539,2,2026-01-18,221,-149.0,H,41
ORD_00606,2,2026-01-11,221,-149.0,H,41
ORD_00757,2,2026-01-27,221,-125.0,M,41
ORD_00788,2,2026-01-19,221,-77.0,M,41
ORD_00794,2,2026-01-07,221,-149.0,H,41
ORD_00845,2,2026-01-26,221,67.0,L,41
ORD_00856,2,2026-01-26,221,-125.0,M,41
ORD_00868,2,2026-01-11,221,-77.0,M,41
ORD_00094,3,2026-01-05,221,-149.0,H,36
ORD_00109,3,2026-01-30,221,-53.0,M,36
ORD_00133,3,2026-01-22,221,-77.0,M,36
ORD_00161,3,2026-01-29,221,-77.0,M,36
ORD_00171,3,2026-02-01,221,-125.0,M,36
ORD_00199,3,2026-02-10,221,67.0,L,36
ORD_00255,3,2026-02-03,221,-53.0,M,36
ORD_00331,3,2026-01-24,221,-53.0,M,36
ORD_00539,3,2026-01-18,221,-149.0,H,36
ORD_00606,3,2026-01-11,221,-149.0,H,36
ORD_00757,3,2026-01-27,221,-125.0,M,36
ORD_00788,3,2026-01-19,221,-77.0,M,36
ORD_00794,3,2026-01-07,221,-149.0,H,36
ORD_00845,3,2026-01-26,221,67.0,L,36
ORD_00856,3,2026-01-26,221,-125.0,M,36
ORD_00868,3,2026-01-11,221,-77.0,M,36
ORD_00094,4,2026-01-05,221,-149.0,H,23
ORD_00109,4,2026-01-30,221,-53.0,M,23
ORD_00133,4,2026-01-22,221,-77.0,M,23
ORD_00161,4,2026-01-29,221,-77.0,M,23
ORD_00171,4,2026-02-01,221,-125.0,M,23
ORD_00199,4,2026-02-10,221,67.0,L,23
ORD_00255,4,2026-02-03,221,-53.0,M,23
ORD_00331,4,2026-01-24,221,-53.0,M,23
ORD_00539,4,2026-01-18,221,-149.0,H,23
ORD_00606,4,2026-01-11,221,-149.0,H,23
ORD_00757,4,2026-01-27,221,-125.0,M,23
ORD_00788,4,2026-01-19,221,-77.0,M,23
ORD_00794,4,2026-01-07,221,-149.0,H,23
ORD_00845,4,2026-01-26,221,67.0,L,23
ORD_00856,4,2026-01-26,221,-125.0,M,23
ORD_00868,4,2026-01-11,221,-77.0,M,23
ORD_00094,5,2026-01-05,221,-149.0,H,46
ORD_00109,5,2026-01-30,221,-53.0,M,46
ORD_00133,5,2026-01-22,221,-77.0,M,46
ORD_00161,5,2026-01-29,221,-77.0,M,46
ORD_00171,5,2026-02-01,221,-125.0,M,46
ORD_00199,5,2026-02-10,221,67.0,L,46
ORD_00255,5,2026-02-03,221,-53.0,M,46
ORD_00331,5,2026-01-24,221,-53.0,M,46
ORD_00539,5,2026-01-18,221,-149.0,H,46
ORD_00606,5,2026-01-11,221,-149.0,H,46
ORD_00757,5,2026-01-27,221,-125.0,M,46
ORD_00788,5,2026-01-19,221,-77.0,M,46
ORD_00794,5,2026-01-07,221,-149.0,H,46
ORD_00845,5,2026-01-26,221,67.0,L,46
ORD_00856,5,2026-01-26,221,-125.0,M,46
ORD_00868,5,2026-01-11,221,-77.0,M,46
ORD_00094,6,2026-01-05,221,-149.0,H,21
ORD_00109,6,2026-01-30,221,-53.0,M,21
ORD_00133,6,2026-01-22,221,-77.0,M,21
ORD_00161,6,2026-01-29,221,-77.0,M,21
ORD_00171,6,2026-02-01,221,-125.0,M,21
ORD_00199,6,2026-02-10,221,67.0,L,21
ORD_00255,6,2026-02-03,221,-53.0,M,21
ORD_00331,6,2026-01-24,221,-53.0,M,21
ORD_00539,6,2026-01-18,221,-149.0,H,21
ORD_00606,6,2026-01-11,221,-149.0,H,21
ORD_00757,6,2026-01-27,221,-125.0,M,21
ORD_00788,6,2026-01-19,221,-77.0,M,21
ORD_00794,6,2026-01-07,221,-149.0,H,21
ORD_00845,6,2026-01-26,221,67.0,L,21
ORD_00856,6,2026-01-26,221,-125.0,M,21
ORD_00868,6,2026-01-11,221,-77.0,M,21
ORD_00094,7,2026-01-05,221,-149.0,H,27
ORD_00109,7,2026-01-30,221,-53.0,M,27
ORD_00133,7,2026-01-22,221,-77.0,M,27
ORD_00161,7,2026-01-29,221,-77.0,M,27
ORD_00171,7,2026-02-01,221,-125.0,M,27
ORD_00199,7,2026-02-10,221,67.0,L,27
ORD_00255,7,2026-02-03,221,-53.0,M,27
ORD_00331,7,2026-01-24,221,-53.0,M,27
ORD_00539,7,2026-01-18,221,-149.0,H,27
ORD_00606,7,2026-01-11,221,-149.0,H,27
ORD_00757,7,2026-01-27,221,-125.0,M,27
ORD_00788,7,2026-01-19,221,-77.0,M,27
ORD_00794,7,2026-01-07,221,-149.0,H,27
ORD_00845,7,2026-01-26,221,67.0,L,27
ORD_00856,7,2026-01-26,221,-125.0,M,27
ORD_00868,7,2026-01-11,221,-77.0,M,27
